broker_id,broker_name,experience_years,rating,experience_level,city_avg_rating,city_Ahmedabad,city_Bangalore,city_Bengaluru,city_Bengluru,city_Calcutta,city_Chennai,city_Chennnai,city_Dehli,city_Delhi,city_Gurgaon,city_Gurugram,city_Gurugrm,city_Hyderabad,city_Hyderbad,city_Hydrabad,city_Jaipur,city_Jaypur,city_Kalkata,city_Kolkata,city_Mumbaai,city_Mumbai,city_Mumbay,city_New Delhi,city_Nodia,city_Noida,city_Poona,city_Pune,city_Punna,city_Surat,city_Surrat,agency_Homenest,agency_Prophub,agency_Propsquare,agency_Skyline Realty,agency_Urbankeys
BRK50000,Priya Shah,5.0,4.1,Junior,3.8086956521739133,False,False,False,False,False,False,False,False,False,False,False,False,False,False,False,False,False,False,False,False,False,False,False,True,False,False,False,False,False,False,False,False,True,False,False
BRK50001,Rohan Agarwal,5.0,3.8,Junior,3.9384615384615387,False,False,False,False,False,False,False,False,False,False,False,False,True,False,False,False,False,False,False,False,False,False,False,False,False,False,False,False,False,False,False,False,False,False,False
BRK50002,Kabir Sharma,5.0,4.4,Junior,3.914285714285714,False,False,False,False,False,False,False,False,False,False,False,False,False,False,False,False,False,False,False,False,False,False,True,False,False,False,False,False,False,False,False,True,False,False,False
BRK50003,Sachin Nair,7.0,4.3,Mid,3.78421052631579,False,False,False,False,False,False,False,False,False,False,False,False,False,False,False,False,False,False,False,False,False,False,False,False,False,False,False,False,False,True,False,False,False,False,False
BRK50004,Arjun Shah,3.0,3.5,Junior,3.9761904761904763,False,False,False,False,False,False,False,True,False,False,False,False,False,False,False,False,False,False,False,False,False,False,False,False,False,False,False,False,False,False,True,False,False,False,False
BRK50005,Sneha Mehta,10.0,2.6,Mid,3.65,False,False,False,False,False,False,False,False,False,False,False,False,False,True,False,False,False,False,False,False,False,False,False,False,False,False,False,False,False,False,False,False,False,True,False
BRK50006,Vivaan Mehta,9.0,4.5,Mid,3.905882352941177,False,False,False,False,False,False,False,False,False,False,False,False,False,False,False,False,False,False,False,False,False,False,False,False,False,False,True,False,False,False,False,False,False,False,False
BRK50007,Rohan Kapoor,16.0,4.1,Senior,3.5869565217391304,False,False,False,False,False,False,True,False,False,False,False,False,False,False,False,False,False,False,False,False,False,False,False,False,False,False,False,False,False,False,False,False,True,False,False
BRK50008,Rahul Kapoor,6.0,3.3,Mid,3.5869565217391304,False,False,False,False,False,False,True,False,False,False,False,False,False,False,False,False,False,False,False,False,False,False,False,False,False,False,False,False,False,False,False,False,False,False,True
BRK50009,Vivaan Sharma,13.0,3.4,Senior,3.6260869565217395,False,False,False,False,False,True,False,False,False,False,False,False,False,False,False,False,False,False,False,False,False,False,False,False,False,False,False,False,False,False,False,False,False,False,False
BRK50010,Rohan Singh,4.0,2.9,Junior,3.2125,False,False,False,False,False,False,False,False,False,False,False,False,False,False,False,False,False,False,False,True,False,False,False,False,False,False,False,False,False,False,True,False,False,False,False
BRK50011,Arjun Iyer,2.0,2.9,Beginner,3.5869565217391304,False,False,False,False,False,False,True,False,False,False,False,False,False,False,False,False,False,False,False,False,False,False,False,False,False,False,False,False,False,False,False,False,False,True,False
BRK50012,Rohan Gupta,3.0,4.2,Junior,3.738095238095238,False,False,False,False,False,False,False,False,False,True,False,False,False,False,False,False,False,False,False,False,False,False,False,False,False,False,False,False,False,False,False,True,False,False,False
BRK50013,Mira Das,5.0,3.9,Junior,3.914285714285714,False,False,False,False,False,False,False,False,False,False,False,False,False,False,False,False,False,False,False,False,False,False,True,False,False,False,False,False,False,False,False,False,True,False,False
BRK50014,Kabir Sharma,9.0,4.2,Mid,3.8041666666666667,True,False,False,False,False,False,False,False,False,False,False,False,False,False,False,False,False,False,False,False,False,False,False,False,False,False,False,False,False,False,False,False,False,False,False
BRK50015,Kabir Iyer,6.0,3.6,Mid,3.8086956521739133,False,False,False,False,False,False,False,False,False,False,False,False,False,False,False,False,False,False,False,False,False,False,False,True,False,False,False,False,False,False,False,False,False,False,False
BRK50016,Vihaan Nair,7.0,3.9,Mid,4.014285714285714,False,False,False,False,False,False,False,False,False,False,False,False,False,False,False,False,False,False,False,False,True,False,False,False,False,False,False,False,False,False,True,False,False,False,False
BRK50017,Aditi Das,1.0,4.9,Beginner,4.014285714285714,False,False,False,False,False,False,False,False,False,False,False,False,False,False,False,False,False,False,False,False,True,False,False,False,False,False,False,False,False,False,False,True,False,False,False
BRK50018,Sachin Kulkarni,11.0,4.0,Senior,3.807142857142857,False,False,False,False,False,False,False,False,False,False,False,False,False,False,False,False,False,False,True,False,False,False,False,False,False,False,False,False,False,False,True,False,False,False,False
BRK50019,Priya Iyer,4.0,3.5,Junior,3.6260869565217395,False,False,False,False,False,True,False,False,False,False,False,False,False,False,False,False,False,False,False,False,False,False,False,False,False,False,False,False,False,False,False,False,False,False,True
BRK50020,Diya Reddy,4.0,3.9,Junior,3.6666666666666665,False,False,False,True,False,False,False,False,False,False,False,False,False,False,False,False,False,False,False,False,False,False,False,False,False,False,False,False,False,False,False,False,True,False,False
BRK50021,Vihaan Khan,7.0,4.2,Mid,4.014285714285714,False,False,False,False,False,False,False,False,False,False,False,False,False,False,False,False,False,False,False,False,True,False,False,False,False,False,False,False,False,False,True,False,False,False,False
BRK50022,Arjun Kulkarni,2.0,3.65,Beginner,3.65,False,False,False,False,False,False,False,False,False,False,False,False,False,True,False,False,False,False,False,False,False,False,False,False,False,False,False,False,False,False,False,True,False,False,False
BRK50023,Sachin Agarwal,2.0,3.0,Beginner,3.2125,False,False,False,False,False,False,False,False,False,False,False,False,False,False,False,False,False,False,False,True,False,False,False,False,False,False,False,False,False,False,False,False,True,False,False
BRK50024,Aarav Singh,2.0,3.1,Beginner,3.5869565217391304,False,False,False,False,False,False,True,False,False,False,False,False,False,False,False,False,False,False,False,False,False,False,False,False,False,False,False,False,False,False,True,False,False,False,False
BRK50025,Sachin Chopra,5.0,4.7,Junior,3.629166666666667,False,False,False,False,False,False,False,False,False,False,False,False,False,False,False,False,False,False,False,False,False,False,False,False,False,False,False,False,False,False,False,False,False,True,False
BRK50026,Ishaan Emhta,2.0,3.4842105263157896,Beginner,3.4842105263157896,False,False,False,False,False,False,False,False,False,False,False,False,False,False,False,False,False,False,False,False,False,False,False,False,False,False,False,True,False,False,True,False,False,False,False
BRK50027,Priya Nair,3.0,3.4,Junior,3.65,False,False,False,False,False,False,False,False,False,False,False,False,False,True,False,False,False,False,False,False,False,False,False,False,False,False,False,False,False,False,False,False,True,False,False
BRK50028,Ishaan Iyer,10.0,3.4,Mid,3.5869565217391304,False,False,False,False,False,False,True,False,False,False,False,False,False,False,False,False,False,False,False,False,False,False,False,False,False,False,False,False,False,False,False,False,False,False,True
BRK50029,Aditi Chopra,17.0,3.4,Senior,3.55,False,False,False,False,False,False,False,False,False,False,False,False,False,False,False,False,False,True,False,False,False,False,False,False,False,False,False,False,False,False,False,True,False,False,False
BRK50030,Anaya Iyer,2.0,3.2,Beginner,3.86,False,False,False,False,False,False,False,False,False,False,False,True,False,False,False,False,False,False,False,False,False,False,False,False,False,False,False,False,False,False,True,False,False,False,False
BRK50031,Rahul Singh,12.0,2.9,Senior,3.5458333333333334,False,False,False,False,False,False,False,False,False,False,False,False,False,False,False,True,False,False,False,False,False,False,False,False,False,False,False,False,False,False,False,False,False,False,True
BRK50032,Anita Iyer,6.0,5.0,Mid,3.8041666666666667,True,False,False,False,False,False,False,False,False,False,False,False,False,False,False,False,False,False,False,False,False,False,False,False,False,False,False,False,False,False,False,True,False,False,False
BRK50033,Sneha Kapoor,5.0,2.7,Junior,3.2125,False,False,False,False,False,False,False,False,False,False,False,False,False,False,False,False,False,False,False,True,False,False,False,False,False,False,False,False,False,False,False,False,False,False,True
BRK50034,Vivaan Shah,8.0,4.4,Mid,3.831578947368421,False,False,False,False,False,False,False,False,False,False,False,False,False,False,False,False,False,False,False,False,False,False,False,False,False,False,False,False,True,False,True,False,False,False,False
BRK50035,Mira Reddy,8.0,4.0,Mid,4.185714285714286,False,False,False,False,False,False,False,False,False,False,False,False,False,False,False,False,False,False,False,False,False,True,False,False,False,False,False,False,False,False,False,True,False,False,False
BRK50036,Diya Kulkarni,6.0,2.8,Mid,3.65,False,False,False,False,True,False,False,False,False,False,False,False,False,False,False,False,False,False,False,False,False,False,False,False,False,False,False,False,False,False,False,False,False,False,True
BRK50037,Anita Reddy,7.0,2.8,Mid,3.831578947368421,False,False,False,False,False,False,False,False,False,False,False,False,False,False,False,False,False,False,False,False,False,False,False,False,False,False,False,False,True,False,True,False,False,False,False
BRK50038,Priya Kulkarni,6.0,4.8,Mid,3.831578947368421,False,False,False,False,False,False,False,False,False,False,False,False,False,False,False,False,False,False,False,False,False,False,False,False,False,False,False,False,True,False,False,False,False,True,False
BRK50039,Rohan Patel,3.0,3.5,Junior,3.522222222222222,False,False,False,False,False,False,False,False,False,False,False,False,False,False,False,False,True,False,False,False,False,False,False,False,False,False,False,False,False,False,False,False,True,False,False
BRK50040,Arjun Das,5.0,3.0,Junior,3.522222222222222,False,False,False,False,False,False,False,False,False,False,False,False,False,False,False,False,True,False,False,False,False,False,False,False,False,False,False,False,False,False,False,True,False,False,False
BRK50041,Arjun Sharma,4.0,2.9,Junior,3.6260869565217395,False,False,False,False,False,True,False,False,False,False,False,False,False,False,False,False,False,False,False,False,False,False,False,False,False,False,False,False,False,False,False,False,False,False,False
BRK50042,Rohan Shah,6.0,2.8,Mid,3.4842105263157896,False,False,False,False,False,False,False,False,False,False,False,False,False,False,False,False,False,False,False,False,False,False,False,False,False,False,False,True,False,False,True,False,False,False,False
BRK50043,Aschin Das,1.0,4.3,Beginner,3.6666666666666665,False,False,False,True,False,False,False,False,False,False,False,False,False,False,False,False,False,False,False,False,False,False,False,False,False,False,False,False,False,False,True,False,False,False,False
BRK50044,Diya Shah,9.0,2.7,Mid,3.905882352941177,False,False,False,False,False,False,False,False,False,False,False,False,False,False,False,False,False,False,False,False,False,False,False,False,False,False,True,False,False,False,False,False,True,False,False
BRK50045,Anita Iyer,14.0,4.3,Senior,3.78421052631579,False,False,False,False,False,False,False,False,False,False,False,False,False,False,False,False,False,False,False,False,False,False,False,False,False,False,False,False,False,True,False,False,True,False,False
BRK50046,Rohan Khan,10.0,3.2,Mid,3.75,False,False,False,False,False,False,False,False,False,False,True,False,False,False,False,False,False,False,False,False,False,False,False,False,False,False,False,False,False,False,False,False,True,False,False
BRK50047,Rahul Das,5.0,3.0,Junior,3.738095238095238,False,False,False,False,False,False,False,False,False,True,False,False,False,False,False,False,False,False,False,False,False,False,False,False,False,False,False,False,False,False,False,False,False,False,False
BRK50048,Ishaan Singh,11.0,3.9,Senior,3.4842105263157896,False,False,False,False,False,False,False,False,False,False,False,False,False,False,False,False,False,False,False,False,False,False,False,False,False,False,False,True,False,False,False,False,True,False,False
BRK50049,Rohan Kapoor,6.0,4.4,Mid,3.9761904761904763,False,False,False,False,False,False,False,True,False,False,False,False,False,False,False,False,False,False,False,False,False,False,False,False,False,False,False,False,False,False,False,False,False,False,True
BRK50050,Rahul Nair,3.0,4.2,Junior,3.831578947368421,False,False,False,False,False,False,False,False,False,False,False,False,False,False,False,False,False,False,False,False,False,False,False,False,False,False,False,False,True,False,False,False,False,True,False
BRK50051,Arjun Shah,5.0,2.7,Junior,3.5545454545454547,False,True,False,False,False,False,False,False,False,False,False,False,False,False,False,False,False,False,False,False,False,False,False,False,False,False,False,False,False,False,False,False,False,False,False
BRK50052,Aarav Singh,5.0,3.2,Junior,3.4058823529411764,False,False,False,False,False,False,False,False,False,False,False,False,False,False,False,False,False,False,False,False,False,False,False,False,True,False,False,False,False,False,False,True,False,False,False
BRK50053,Vivaan Kaopor,5.0,2.9,Junior,3.9384615384615387,False,False,False,False,False,False,False,False,False,False,False,False,True,False,False,False,False,False,False,False,False,False,False,False,False,False,False,False,False,False,True,False,False,False,False
BRK50054,Sachin Kulkarni,6.0,3.2,Mid,3.8086956521739133,False,False,False,False,False,False,False,False,False,False,False,False,False,False,False,False,False,False,False,False,False,False,False,True,False,False,False,False,False,False,False,False,False,True,False
BRK50055,Priya Sharma,9.0,3.6,Mid,3.8041666666666667,True,False,False,False,False,False,False,False,False,False,False,False,False,False,False,False,False,False,False,False,False,False,False,False,False,False,False,False,False,False,True,False,False,False,False
BRK50056,Aarav Mehta,3.0,2.8,Junior,3.4058823529411764,False,False,False,False,False,False,False,False,False,False,False,False,False,False,False,False,False,False,False,False,False,False,False,False,True,False,False,False,False,False,False,False,False,False,False
BRK50057,Priya Agarwal,3.0,4.014285714285714,Junior,4.014285714285714,False,False,False,False,False,False,False,False,False,False,False,False,False,False,False,False,False,False,False,False,True,False,False,False,False,False,False,False,False,False,False,False,False,False,False
BRK50058,Diya Sharma,3.0,4.8,Junior,3.738095238095238,False,False,False,False,False,False,False,False,False,True,False,False,False,False,False,False,False,False,False,False,False,False,False,False,False,False,False,False,False,False,True,False,False,False,False
BRK50059,Aarav Khan,1.0,3.3,Beginner,3.4842105263157896,False,False,False,False,False,False,False,False,False,False,False,False,False,False,False,False,False,False,False,False,False,False,False,False,False,False,False,True,False,False,False,False,False,True,False
BRK50060,Rahul Sharma,2.0,5.0,Beginner,3.8086956521739133,False,False,False,False,False,False,False,False,False,False,False,False,False,False,False,False,False,False,False,False,False,False,False,True,False,False,False,False,False,False,True,False,False,False,False
BRK50061,Sneha Agarwal,5.0,3.3,Junior,3.86,False,False,False,False,False,False,False,False,False,False,False,True,False,False,False,False,False,False,False,False,False,False,False,False,False,False,False,False,False,False,False,True,False,False,False
BRK50062,Sachin Mehta,4.0,3.1,Junior,3.6260869565217395,False,False,False,False,False,True,False,False,False,False,False,False,False,False,False,False,False,False,False,False,False,False,False,False,False,False,False,False,False,False,True,False,False,False,False
BRK50063,Sachin Patel,13.0,4.8,Senior,3.8086956521739133,False,False,False,False,False,False,False,False,False,False,False,False,False,False,False,False,False,False,False,False,False,False,False,True,False,False,False,False,False,False,False,False,False,True,False
BRK50064,Anita Nair,7.0,3.3,Mid,3.5545454545454547,False,True,False,False,False,False,False,False,False,False,False,False,False,False,False,False,False,False,False,False,False,False,False,False,False,False,False,False,False,False,False,False,False,True,False
BRK50065,Aarav Reddy,3.0,4.4,Junior,4.014285714285714,False,False,False,False,False,False,False,False,False,False,False,False,False,False,False,False,False,False,False,False,True,False,False,False,False,False,False,False,False,False,False,False,False,False,False
BRK50066,Sachin Chopra,8.0,4.2,Mid,3.629166666666667,False,False,False,False,False,False,False,False,False,False,False,False,False,False,False,False,False,False,False,False,False,False,False,False,False,False,False,False,False,False,False,False,False,False,True
BRK50067,Sneha Kapoor,5.0,3.8086956521739133,Junior,3.8086956521739133,False,False,False,False,False,False,False,False,False,False,False,False,False,False,False,False,False,False,False,False,False,False,False,True,False,False,False,False,False,False,False,True,False,False,False
BRK50068,Aditi Nair,3.0,4.4,Junior,3.9761904761904763,False,False,False,False,False,False,False,True,False,False,False,False,False,False,False,False,False,False,False,False,False,False,False,False,False,False,False,False,False,False,False,False,False,False,True
BRK50069,Arjun Chopra,3.0,3.8,Junior,3.2125,False,False,False,False,False,False,False,False,False,False,False,False,False,False,False,False,False,False,False,True,False,False,False,False,False,False,False,False,False,False,False,False,True,False,False
BRK50070,Aditi Sharma,10.0,4.0,Mid,3.8086956521739133,False,False,False,False,False,False,False,False,False,False,False,False,False,False,False,False,False,False,False,False,False,False,False,True,False,False,False,False,False,False,False,False,False,True,False
BRK50071,Rohan Iyer,2.0,2.8,Beginner,3.477777777777778,False,False,True,False,False,False,False,False,False,False,False,False,False,False,False,False,False,False,False,False,False,False,False,False,False,False,False,False,False,False,False,False,False,False,False
BRK50072,Vivaan Reddy,5.0,2.7,Junior,3.914285714285714,False,False,False,False,False,False,False,False,False,False,False,False,False,False,False,False,False,False,False,False,False,False,True,False,False,False,False,False,False,False,False,False,False,False,False
BRK50073,Priya Gupta,3.0,3.5,Junior,3.65,False,False,False,False,True,False,False,False,False,False,False,False,False,False,False,False,False,False,False,False,False,False,False,False,False,False,False,False,False,False,False,False,False,True,False
BRK50074,Aditi Khan,7.0,4.9,Mid,3.6899999999999995,False,False,False,False,False,False,False,False,True,False,False,False,False,False,False,False,False,False,False,False,False,False,False,False,False,False,False,False,False,False,True,False,False,False,False
BRK50075,Mira Chopra,4.0,3.2,Junior,3.65,False,False,False,False,True,False,False,False,False,False,False,False,False,False,False,False,False,False,False,False,False,False,False,False,False,False,False,False,False,False,True,False,False,False,False
BRK50076,Ishaan Gupta,4.0,3.0,Junior,3.5458333333333334,False,False,False,False,False,False,False,False,False,False,False,False,False,False,False,True,False,False,False,False,False,False,False,False,False,False,False,False,False,False,False,False,False,True,False
BRK50077,Aditi Singh,4.0,4.8,Junior,3.9761904761904763,False,False,False,False,False,False,False,True,False,False,False,False,False,False,False,False,False,False,False,False,False,False,False,False,False,False,False,False,False,False,False,False,True,False,False
BRK50078,Rahul Kulkarni,4.0,2.5,Junior,3.78421052631579,False,False,False,False,False,False,False,False,False,False,False,False,False,False,False,False,False,False,False,False,False,False,False,False,False,False,False,False,False,True,True,False,False,False,False
BRK50079,Anaya Gupta,1.0,4.0,Beginner,3.78421052631579,False,False,False,False,False,False,False,False,False,False,False,False,False,False,False,False,False,False,False,False,False,False,False,False,False,False,False,False,False,True,False,False,False,False,False
BRK50080,Anaya Kulkarni,4.0,2.5,Junior,3.55,False,False,False,False,False,False,False,False,False,False,False,False,False,False,False,False,False,True,False,False,False,False,False,False,False,False,False,False,False,False,False,False,False,False,False
BRK50081,Sachin Singh,5.0,3.1,Junior,3.8086956521739133,False,False,False,False,False,False,False,False,False,False,False,False,False,False,False,False,False,False,False,False,False,False,False,True,False,False,False,False,False,False,False,False,False,False,True
BRK50082,Ishaan Nair,12.0,4.6,Senior,3.4842105263157896,False,False,False,False,False,False,False,False,False,False,False,False,False,False,False,False,False,False,False,False,False,False,False,False,False,False,False,True,False,False,True,False,False,False,False
BRK50083,Mira Reddy,3.0,3.0,Junior,3.905882352941177,False,False,False,False,False,False,False,False,False,False,False,False,False,False,False,False,False,False,False,False,False,False,False,False,False,False,True,False,False,False,False,False,False,False,True
BRK50084,Aditi Khan,4.0,4.7,Junior,3.738095238095238,False,False,False,False,False,False,False,False,False,True,False,False,False,False,False,False,False,False,False,False,False,False,False,False,False,False,False,False,False,False,True,False,False,False,False
BRK50085,Mira Agarwal,0.0,4.3,,3.5458333333333334,False,False,False,False,False,False,False,False,False,False,False,False,False,False,False,True,False,False,False,False,False,False,False,False,False,False,False,False,False,False,True,False,False,False,False
BRK50086,Priya Kapoor,6.0,3.6,Mid,3.75,False,False,False,False,False,False,False,False,False,False,True,False,False,False,False,False,False,False,False,False,False,False,False,False,False,False,False,False,False,False,False,True,False,False,False
BRK50087,Vihaan Nair,3.0,2.7,Junior,3.9333333333333336,False,False,False,False,False,False,False,False,False,False,False,False,False,False,True,False,False,False,False,False,False,False,False,False,False,False,False,False,False,False,False,True,False,False,False
BRK50088,Arjun Shah,5.0,2.7,Junior,3.8086956521739133,False,False,False,False,False,False,False,False,False,False,False,False,False,False,False,False,False,False,False,False,False,False,False,True,False,False,False,False,False,False,False,True,False,False,False
BRK50089,Aditi Singh,2.0,3.5,Beginner,3.4058823529411764,False,False,False,False,False,False,False,False,False,False,False,False,False,False,False,False,False,False,False,False,False,False,False,False,True,False,False,False,False,False,False,False,False,False,False
BRK50090,Aditi Nair,14.0,3.4,Senior,3.914285714285714,False,False,False,False,False,False,False,False,False,False,False,False,False,False,False,False,False,False,False,False,False,False,True,False,False,False,False,False,False,False,False,False,False,False,True
BRK50091,Anaya Kulkarni,13.0,3.7,Senior,3.5869565217391304,False,False,False,False,False,False,True,False,False,False,False,False,False,False,False,False,False,False,False,False,False,False,False,False,False,False,False,False,False,False,False,False,True,False,False
BRK50092,Anaya Kaporo,3.0,3.4,Junior,3.8041666666666667,True,False,False,False,False,False,False,False,False,False,False,False,False,False,False,False,False,False,False,False,False,False,False,False,False,False,False,False,False,False,False,False,False,False,True
BRK50093,Aarav Das,5.0,3.0,Junior,3.86,False,False,False,False,False,False,False,False,False,False,False,True,False,False,False,False,False,False,False,False,False,False,False,False,False,False,False,False,False,False,False,True,False,False,False
BRK50094,Diya Chopra,4.0,2.5,Junior,3.6260869565217395,False,False,False,False,False,True,False,False,False,False,False,False,False,False,False,False,False,False,False,False,False,False,False,False,False,False,False,False,False,False,False,False,False,False,False
BRK50095,Sachin Gupta,4.0,3.4,Junior,3.522222222222222,False,False,False,False,False,False,False,False,False,False,False,False,False,False,False,False,True,False,False,False,False,False,False,False,False,False,False,False,False,False,False,False,False,False,True
BRK50096,Rahul Iyer,3.0,4.7,Junior,3.78421052631579,False,False,False,False,False,False,False,False,False,False,False,False,False,False,False,False,False,False,False,False,False,False,False,False,False,False,False,False,False,True,False,False,False,False,False
BRK50097,Kabir Kapoor,5.0,3.2,Junior,3.5458333333333334,False,False,False,False,False,False,False,False,False,False,False,False,False,False,False,True,False,False,False,False,False,False,False,False,False,False,False,False,False,False,True,False,False,False,False
BRK50098,Anita Khan,6.0,4.8,Mid,3.8041666666666667,True,False,False,False,False,False,False,False,False,False,False,False,False,False,False,False,False,False,False,False,False,False,False,False,False,False,False,False,False,False,False,True,False,False,False
BRK50099,Anita Agarwal,7.0,4.7,Mid,3.9384615384615387,False,False,False,False,False,False,False,False,False,False,False,False,True,False,False,False,False,False,False,False,False,False,False,False,False,False,False,False,False,False,False,False,True,False,False
BRK50100,Sachin Mehta,2.0,4.3,Beginner,3.807142857142857,False,False,False,False,False,False,False,False,False,False,False,False,False,False,False,False,False,False,True,False,False,False,False,False,False,False,False,False,False,False,False,False,True,False,False
BRK50101,Rahul Mehta,3.0,3.6,Junior,3.6899999999999995,False,False,False,False,False,False,False,False,True,False,False,False,False,False,False,False,False,False,False,False,False,False,False,False,False,False,False,False,False,False,False,False,False,False,True
BRK50102,Anaya Shah,8.0,4.0,Mid,3.9761904761904763,False,False,False,False,False,False,False,True,False,False,False,False,False,False,False,False,False,False,False,False,False,False,False,False,False,False,False,False,False,False,True,False,False,False,False
BRK50103,Ishaan Nair,3.0,3.545833333333333,Junior,3.5458333333333334,False,False,False,False,False,False,False,False,False,False,False,False,False,False,False,True,False,False,False,False,False,False,False,False,False,False,False,False,False,False,False,True,False,False,False
BRK50104,Anitaa Garwal,8.0,3.2,Mid,4.014285714285714,False,False,False,False,False,False,False,False,False,False,False,False,False,False,False,False,False,False,False,False,True,False,False,False,False,False,False,False,False,False,False,False,False,True,False
BRK50105,Vihaan Agarwal,1.0,3.3,Beginner,3.6899999999999995,False,False,False,False,False,False,False,False,True,False,False,False,False,False,False,False,False,False,False,False,False,False,False,False,False,False,False,False,False,False,False,False,False,True,False
BRK50106,Vivaan Sharma,6.0,3.1,Mid,4.185714285714286,False,False,False,False,False,False,False,False,False,False,False,False,False,False,False,False,False,False,False,False,False,True,False,False,False,False,False,False,False,False,False,False,True,False,False
BRK50107,Arjun Iyer,4.0,3.0,Junior,4.014285714285714,False,False,False,False,False,False,False,False,False,False,False,False,False,False,False,False,False,False,False,False,True,False,False,False,False,False,False,False,False,False,False,False,False,True,False
BRK50108,Vivaan Chopra,2.0,2.8,Beginner,3.5545454545454547,False,True,False,False,False,False,False,False,False,False,False,False,False,False,False,False,False,False,False,False,False,False,False,False,False,False,False,False,False,False,False,False,True,False,False
BRK50109,Rohan Shah,5.0,3.1,Junior,3.831578947368421,False,False,False,False,False,False,False,False,False,False,False,False,False,False,False,False,False,False,False,False,False,False,False,False,False,False,False,False,True,False,False,False,False,False,True
BRK50110,Vivaan Singh,7.0,3.808333333333333,Mid,3.808333333333333,False,False,False,False,False,False,False,False,False,False,False,False,False,False,False,False,False,False,False,False,False,False,False,False,False,True,False,False,False,False,False,False,False,False,False
BRK50111,Rahul Khan,10.0,4.3,Mid,3.55,False,False,False,False,False,False,False,False,False,False,False,False,False,False,False,False,False,True,False,False,False,False,False,False,False,False,False,False,False,False,False,False,False,True,False
BRK50112,Sachin Sharma,8.0,4.9,Mid,3.6666666666666665,False,False,False,True,False,False,False,False,False,False,False,False,False,False,False,False,False,False,False,False,False,False,False,False,False,False,False,False,False,False,False,False,True,False,False
BRK50113,Diya Singh,2.0,2.6,Beginner,3.629166666666667,False,False,False,False,False,False,False,False,False,False,False,False,False,False,False,False,False,False,False,False,False,False,False,False,False,False,False,False,False,False,False,False,False,True,False
BRK50114,Diya Reddy,2.0,4.2,Beginner,3.831578947368421,False,False,False,False,False,False,False,False,False,False,False,False,False,False,False,False,False,False,False,False,False,False,False,False,False,False,False,False,True,False,False,False,True,False,False
BRK50115,Kabir Nair,4.0,3.3,Junior,3.6666666666666665,False,False,False,True,False,False,False,False,False,False,False,False,False,False,False,False,False,False,False,False,False,False,False,False,False,False,False,False,False,False,False,False,False,True,False
BRK50116,Arjun Chopra,2.0,3.6,Beginner,3.9761904761904763,False,False,False,False,False,False,False,True,False,False,False,False,False,False,False,False,False,False,False,False,False,False,False,False,False,False,False,False,False,False,True,False,False,False,False
BRK50117,Aditi Shah,2.0,5.0,Beginner,3.914285714285714,False,False,False,False,False,False,False,False,False,False,False,False,False,False,False,False,False,False,False,False,False,False,True,False,False,False,False,False,False,False,False,False,True,False,False
BRK50118,Vivaan Nair,3.0,3.6,Junior,3.6666666666666665,False,False,False,True,False,False,False,False,False,False,False,False,False,False,False,False,False,False,False,False,False,False,False,False,False,False,False,False,False,False,False,False,True,False,False
BRK50119,Sneha Gupta,9.0,4.8,Mid,3.6260869565217395,False,False,False,False,False,True,False,False,False,False,False,False,False,False,False,False,False,False,False,False,False,False,False,False,False,False,False,False,False,False,False,False,False,True,False
BRK50120,Mira Nair,3.0,2.5,Junior,3.9761904761904763,False,False,False,False,False,False,False,True,False,False,False,False,False,False,False,False,False,False,False,False,False,False,False,False,False,False,False,False,False,False,False,True,False,False,False
BRK50121,Priya Gupta,3.0,4.4,Junior,3.914285714285714,False,False,False,False,False,False,False,False,False,False,False,False,False,False,False,False,False,False,False,False,False,False,True,False,False,False,False,False,False,False,False,False,True,False,False
BRK50122,Aditi Nair,1.0,3.4,Beginner,3.6666666666666665,False,False,False,True,False,False,False,False,False,False,False,False,False,False,False,False,False,False,False,False,False,False,False,False,False,False,False,False,False,False,True,False,False,False,False
BRK50123,Anita Iyer,4.0,4.1,Junior,3.5869565217391304,False,False,False,False,False,False,True,False,False,False,False,False,False,False,False,False,False,False,False,False,False,False,False,False,False,False,False,False,False,False,False,True,False,False,False
BRK50124,Rahul Sharma,11.0,3.4,Senior,3.5458333333333334,False,False,False,False,False,False,False,False,False,False,False,False,False,False,False,True,False,False,False,False,False,False,False,False,False,False,False,False,False,False,False,True,False,False,False
BRK50125,Priya Agarwal,3.0,3.69,Junior,3.6899999999999995,False,False,False,False,False,False,False,False,True,False,False,False,False,False,False,False,False,False,False,False,False,False,False,False,False,False,False,False,False,False,False,False,False,False,True
BRK50126,Arjun Chopra,4.0,3.2,Junior,3.78421052631579,False,False,False,False,False,False,False,False,False,False,False,False,False,False,False,False,False,False,False,False,False,False,False,False,False,False,False,False,False,True,False,False,False,False,False
BRK50127,Sachin Mehta,8.0,4.6,Mid,3.9384615384615387,False,False,False,False,False,False,False,False,False,False,False,False,True,False,False,False,False,False,False,False,False,False,False,False,False,False,False,False,False,False,False,False,False,False,True
BRK50128,Aarav Nair,3.0,3.9,Junior,3.831578947368421,False,False,False,False,False,False,False,False,False,False,False,False,False,False,False,False,False,False,False,False,False,False,False,False,False,False,False,False,True,False,False,False,False,True,False
BRK50129,Adtii Shah,5.0,4.3,Junior,3.55,False,False,False,False,False,False,False,False,False,False,False,False,False,False,False,False,False,True,False,False,False,False,False,False,False,False,False,False,False,False,False,False,False,False,True
BRK50130,Diya Reddy,5.0,3.1,Junior,3.4842105263157896,False,False,False,False,False,False,False,False,False,False,False,False,False,False,False,False,False,False,False,False,False,False,False,False,False,False,False,True,False,False,False,False,False,True,False
BRK50131,Vivaan Reddy,6.0,4.2,Mid,3.9761904761904763,False,False,False,False,False,False,False,True,False,False,False,False,False,False,False,False,False,False,False,False,False,False,False,False,False,False,False,False,False,False,False,False,False,False,True
BRK50132,Vihaan Nair,5.0,3.522222222222222,Junior,3.522222222222222,False,False,False,False,False,False,False,False,False,False,False,False,False,False,False,False,True,False,False,False,False,False,False,False,False,False,False,False,False,False,False,False,False,False,True
BRK50133,Sneha Gupta,8.0,3.1,Mid,3.5545454545454547,False,True,False,False,False,False,False,False,False,False,False,False,False,False,False,False,False,False,False,False,False,False,False,False,False,False,False,False,False,False,False,False,True,False,False
BRK50134,Vihaan Patel,5.0,3.8,Junior,3.477777777777778,False,False,True,False,False,False,False,False,False,False,False,False,False,False,False,False,False,False,False,False,False,False,False,False,False,False,False,False,False,False,False,False,False,True,False
BRK50135,Rohan Agarwal,6.0,4.5,Mid,3.86,False,False,False,False,False,False,False,False,False,False,False,True,False,False,False,False,False,False,False,False,False,False,False,False,False,False,False,False,False,False,False,False,False,False,False
BRK50136,Vihaan Shah,4.0,4.0,Junior,3.6260869565217395,False,False,False,False,False,True,False,False,False,False,False,False,False,False,False,False,False,False,False,False,False,False,False,False,False,False,False,False,False,False,False,False,False,False,True
BRK50137,Ishaan Khan,6.0,3.5,Mid,3.808333333333333,False,False,False,False,False,False,False,False,False,False,False,False,False,False,False,False,False,False,False,False,False,False,False,False,False,True,False,False,False,False,False,True,False,False,False
BRK50138,Rohan Chopra,9.0,4.6,Mid,3.9333333333333336,False,False,False,False,False,False,False,False,False,False,False,False,False,False,True,False,False,False,False,False,False,False,False,False,False,False,False,False,False,False,False,False,False,True,False
BRK50139,Ishaan Agarwal,7.0,3.2,Mid,3.86,False,False,False,False,False,False,False,False,False,False,False,True,False,False,False,False,False,False,False,False,False,False,False,False,False,False,False,False,False,False,True,False,False,False,False
BRK50140,Sneha Reddy,4.0,3.1,Junior,3.6899999999999995,False,False,False,False,False,False,False,False,True,False,False,False,False,False,False,False,False,False,False,False,False,False,False,False,False,False,False,False,False,False,False,True,False,False,False
BRK50141,Rohan Shamra,5.0,3.1,Junior,3.5869565217391304,False,False,False,False,False,False,True,False,False,False,False,False,False,False,False,False,False,False,False,False,False,False,False,False,False,False,False,False,False,False,False,False,False,False,True
BRK50142,Ishaan Reddy,5.0,4.7,Junior,3.522222222222222,False,False,False,False,False,False,False,False,False,False,False,False,False,False,False,False,True,False,False,False,False,False,False,False,False,False,False,False,False,False,False,False,True,False,False
BRK50143,Rohan Khan,4.0,2.7,Junior,3.905882352941177,False,False,False,False,False,False,False,False,False,False,False,False,False,False,False,False,False,False,False,False,False,False,False,False,False,False,True,False,False,False,False,False,True,False,False
BRK50144,Vihaan Shah,4.0,3.5,Junior,3.522222222222222,False,False,False,False,False,False,False,False,False,False,False,False,False,False,False,False,True,False,False,False,False,False,False,False,False,False,False,False,False,False,False,False,False,True,False
BRK50145,Kabir Gupta,1.0,3.8,Beginner,3.831578947368421,False,False,False,False,False,False,False,False,False,False,False,False,False,False,False,False,False,False,False,False,False,False,False,False,False,False,False,False,True,False,False,False,False,False,False
BRK50146,Aaravd As,1.0,3.4,Beginner,3.629166666666667,False,False,False,False,False,False,False,False,False,False,False,False,False,False,False,False,False,False,False,False,False,False,False,False,False,False,False,False,False,False,False,False,False,False,True
BRK50147,Arjun Khan,3.0,2.9,Junior,3.78421052631579,False,False,False,False,False,False,False,False,False,False,False,False,False,False,False,False,False,False,False,False,False,False,False,False,False,False,False,False,False,True,False,False,False,True,False
BRK50148,Ishaan Mehta,7.0,3.2,Mid,3.5458333333333334,False,False,False,False,False,False,False,False,False,False,False,False,False,False,False,True,False,False,False,False,False,False,False,False,False,False,False,False,False,False,False,False,False,True,False
BRK50149,Arjun Sharma,6.0,3.6,Mid,3.807142857142857,False,False,False,False,False,False,False,False,False,False,False,False,False,False,False,False,False,False,True,False,False,False,False,False,False,False,False,False,False,False,False,False,True,False,False
BRK50150,Aarav Gupta,0.0,3.5,,3.5545454545454547,False,True,False,False,False,False,False,False,False,False,False,False,False,False,False,False,False,False,False,False,False,False,False,False,False,False,False,False,False,False,False,False,False,False,True
BRK50151,Vihaan Kulkarni,5.0,4.6,Junior,3.477777777777778,False,False,True,False,False,False,False,False,False,False,False,False,False,False,False,False,False,False,False,False,False,False,False,False,False,False,False,False,False,False,False,False,False,True,False
BRK50152,Aditi Iyer,5.0,3.3,Junior,3.9761904761904763,False,False,False,False,False,False,False,True,False,False,False,False,False,False,False,False,False,False,False,False,False,False,False,False,False,False,False,False,False,False,True,False,False,False,False
BRK50153,Anaya Das,2.0,3.7,Beginner,3.8086956521739133,False,False,False,False,False,False,False,False,False,False,False,False,False,False,False,False,False,False,False,False,False,False,False,True,False,False,False,False,False,False,False,False,False,False,False
BRK50154,Aditi Iyer,1.0,4.9,Beginner,3.9384615384615387,False,False,False,False,False,False,False,False,False,False,False,False,True,False,False,False,False,False,False,False,False,False,False,False,False,False,False,False,False,False,False,False,False,True,False
BRK50155,Anaya Agarwal,6.0,3.5,Mid,3.831578947368421,False,False,False,False,False,False,False,False,False,False,False,False,False,False,False,False,False,False,False,False,False,False,False,False,False,False,False,False,True,False,False,True,False,False,False
BRK50156,Aditi Kulkarni,8.0,4.3,Mid,3.629166666666667,False,False,False,False,False,False,False,False,False,False,False,False,False,False,False,False,False,False,False,False,False,False,False,False,False,False,False,False,False,False,True,False,False,False,False
BRK50157,Kabri Das,3.0,4.6,Junior,3.6899999999999995,False,False,False,False,False,False,False,False,True,False,False,False,False,False,False,False,False,False,False,False,False,False,False,False,False,False,False,False,False,False,False,False,False,True,False
BRK50158,Arjun Sharma,12.0,2.7,Senior,3.65,False,False,False,False,False,False,False,False,False,False,False,False,False,True,False,False,False,False,False,False,False,False,False,False,False,False,False,False,False,False,False,False,False,False,True
BRK50159,Diya Shah,6.0,3.2,Mid,3.522222222222222,False,False,False,False,False,False,False,False,False,False,False,False,False,False,False,False,True,False,False,False,False,False,False,False,False,False,False,False,False,False,False,False,True,False,False
BRK50160,Sachin Iyer,4.0,4.9,Junior,3.6666666666666665,False,False,False,True,False,False,False,False,False,False,False,False,False,False,False,False,False,False,False,False,False,False,False,False,False,False,False,False,False,False,False,False,True,False,False
BRK50161,Anaya Singh,9.0,3.9,Mid,3.8086956521739133,False,False,False,False,False,False,False,False,False,False,False,False,False,False,False,False,False,False,False,False,False,False,False,True,False,False,False,False,False,False,False,False,False,False,False
BRK50162,Rohan Shah,3.0,2.9,Junior,3.629166666666667,False,False,False,False,False,False,False,False,False,False,False,False,False,False,False,False,False,False,False,False,False,False,False,False,False,False,False,False,False,False,False,False,False,False,True
BRK50163,Sneha Shah,4.0,2.9,Junior,3.738095238095238,False,False,False,False,False,False,False,False,False,True,False,False,False,False,False,False,False,False,False,False,False,False,False,False,False,False,False,False,False,False,False,False,False,False,False
BRK50164,Sachin Singh,1.0,2.9,Beginner,3.8041666666666667,True,False,False,False,False,False,False,False,False,False,False,False,False,False,False,False,False,False,False,False,False,False,False,False,False,False,False,False,False,False,False,False,False,False,True
BRK50165,Diya Sharma,4.0,4.8,Junior,3.9333333333333336,False,False,False,False,False,False,False,False,False,False,False,False,False,False,True,False,False,False,False,False,False,False,False,False,False,False,False,False,False,False,False,False,True,False,False
BRK50166,Aarav Reddy,5.0,2.9,Junior,3.65,False,False,False,False,True,False,False,False,False,False,False,False,False,False,False,False,False,False,False,False,False,False,False,False,False,False,False,False,False,False,False,True,False,False,False
BRK50167,Vihaan Gupta,7.0,4.5,Mid,4.014285714285714,False,False,False,False,False,False,False,False,False,False,False,False,False,False,False,False,False,False,False,False,True,False,False,False,False,False,False,False,False,False,False,False,False,False,False
BRK50168,Anita Reddy,8.0,4.1,Mid,3.831578947368421,False,False,False,False,False,False,False,False,False,False,False,False,False,False,False,False,False,False,False,False,False,False,False,False,False,False,False,False,True,False,False,False,False,True,False
BRK50169,Aditi Agarwal,3.0,4.9,Junior,3.8086956521739133,False,False,False,False,False,False,False,False,False,False,False,False,False,False,False,False,False,False,False,False,False,False,False,True,False,False,False,False,False,False,True,False,False,False,False
BRK50170,Arjun Iyer,5.0,4.2,Junior,3.629166666666667,False,False,False,False,False,False,False,False,False,False,False,False,False,False,False,False,False,False,False,False,False,False,False,False,False,False,False,False,False,False,True,False,False,False,False
BRK50171,Aarav Mehta,7.0,3.4,Mid,3.78421052631579,False,False,False,False,False,False,False,False,False,False,False,False,False,False,False,False,False,False,False,False,False,False,False,False,False,False,False,False,False,True,False,False,False,False,True
BRK50172,Arjun Khan,6.0,2.9,Mid,3.914285714285714,False,False,False,False,False,False,False,False,False,False,False,False,False,False,False,False,False,False,False,False,False,False,True,False,False,False,False,False,False,False,False,False,False,False,True
BRK50173,Aarav Gupta,4.0,4.9,Junior,3.78421052631579,False,False,False,False,False,False,False,False,False,False,False,False,False,False,False,False,False,False,False,False,False,False,False,False,False,False,False,False,False,True,True,False,False,False,False
BRK50174,Kbair Mehta,5.0,3.0,Junior,3.78421052631579,False,False,False,False,False,False,False,False,False,False,False,False,False,False,False,False,False,False,False,False,False,False,False,False,False,False,False,False,False,True,False,False,False,True,False
BRK50175,Anaya Kapoor,5.0,4.2,Junior,3.5458333333333334,False,False,False,False,False,False,False,False,False,False,False,False,False,False,False,True,False,False,False,False,False,False,False,False,False,False,False,False,False,False,False,False,False,False,True
BRK50176,Sneha Niar,1.0,4.6,Beginner,4.185714285714286,False,False,False,False,False,False,False,False,False,False,False,False,False,False,False,False,False,False,False,False,False,True,False,False,False,False,False,False,False,False,False,False,False,False,True
BRK50177,Rohan Reddy,8.0,5.0,Mid,4.014285714285714,False,False,False,False,False,False,False,False,False,False,False,False,False,False,False,False,False,False,False,False,True,False,False,False,False,False,False,False,False,False,False,True,False,False,False
BRK50178,Aarav Reddy,5.0,3.3,Junior,3.8086956521739133,False,False,False,False,False,False,False,False,False,False,False,False,False,False,False,False,False,False,False,False,False,False,False,True,False,False,False,False,False,False,False,False,False,False,True
BRK50179,Priya Das,3.0,3.0,Junior,3.831578947368421,False,False,False,False,False,False,False,False,False,False,False,False,False,False,False,False,False,False,False,False,False,False,False,False,False,False,False,False,True,False,False,False,False,True,False
BRK50180,Mira Mheta,2.0,3.0,Beginner,3.738095238095238,False,False,False,False,False,False,False,False,False,True,False,False,False,False,False,False,False,False,False,False,False,False,False,False,False,False,False,False,False,False,False,False,False,False,True
BRK50181,Vihaan Patel,3.0,3.3,Junior,3.4058823529411764,False,False,False,False,False,False,False,False,False,False,False,False,False,False,False,False,False,False,False,False,False,False,False,False,True,False,False,False,False,False,True,False,False,False,False
BRK50182,Kabir Reddy,5.0,2.6,Junior,3.8086956521739133,False,False,False,False,False,False,False,False,False,False,False,False,False,False,False,False,False,False,False,False,False,False,False,True,False,False,False,False,False,False,False,False,False,True,False
BRK50183,Ishaan Shah,2.0,4.1,Beginner,3.807142857142857,False,False,False,False,False,False,False,False,False,False,False,False,False,False,False,False,False,False,True,False,False,False,False,False,False,False,False,False,False,False,False,True,False,False,False
BRK50184,Vivaan Khan,7.0,4.2,Mid,3.6666666666666665,False,False,False,True,False,False,False,False,False,False,False,False,False,False,False,False,False,False,False,False,False,False,False,False,False,False,False,False,False,False,False,True,False,False,False
BRK50185,Ishaan Kapoor,6.0,3.545833333333333,Mid,3.5458333333333334,False,False,False,False,False,False,False,False,False,False,False,False,False,False,False,True,False,False,False,False,False,False,False,False,False,False,False,False,False,False,False,False,False,False,False
BRK50186,Diya Sharma,5.0,4.3,Junior,3.807142857142857,False,False,False,False,False,False,False,False,False,False,False,False,False,False,False,False,False,False,True,False,False,False,False,False,False,False,False,False,False,False,True,False,False,False,False
BRK50187,Rahul Kapoor,5.0,2.7,Junior,3.8086956521739133,False,False,False,False,False,False,False,False,False,False,False,False,False,False,False,False,False,False,False,False,False,False,False,True,False,False,False,False,False,False,False,False,False,True,False
BRK50188,Anita Nair,3.0,3.4,Junior,3.75,False,False,False,False,False,False,False,False,False,False,True,False,False,False,False,False,False,False,False,False,False,False,False,False,False,False,False,False,False,False,True,False,False,False,False
BRK50189,Kabir Kapoor,2.0,3.4,Beginner,3.738095238095238,False,False,False,False,False,False,False,False,False,True,False,False,False,False,False,False,False,False,False,False,False,False,False,False,False,False,False,False,False,False,True,False,False,False,False
BRK50190,Anaya Singh,7.0,2.7,Mid,3.4842105263157896,False,False,False,False,False,False,False,False,False,False,False,False,False,False,False,False,False,False,False,False,False,False,False,False,False,False,False,True,False,False,False,False,False,False,True
BRK50191,Aditi Chopra,9.0,4.6,Mid,3.914285714285714,False,False,False,False,False,False,False,False,False,False,False,False,False,False,False,False,False,False,False,False,False,False,True,False,False,False,False,False,False,False,False,False,True,False,False
BRK50192,Sachin Kulkarni,2.0,4.2,Beginner,3.8086956521739133,False,False,False,False,False,False,False,False,False,False,False,False,False,False,False,False,False,False,False,False,False,False,False,True,False,False,False,False,False,False,False,True,False,False,False
BRK50193,Sachin Agarwal,4.0,3.1,Junior,3.86,False,False,False,False,False,False,False,False,False,False,False,True,False,False,False,False,False,False,False,False,False,False,False,False,False,False,False,False,False,False,False,True,False,False,False
BRK50194,Rahul Gupta,2.0,3.2,Beginner,3.6260869565217395,False,False,False,False,False,True,False,False,False,False,False,False,False,False,False,False,False,False,False,False,False,False,False,False,False,False,False,False,False,False,True,False,False,False,False
BRK50195,Ishaan Agarwal,2.0,3.5869565217391304,Beginner,3.5869565217391304,False,False,False,False,False,False,True,False,False,False,False,False,False,False,False,False,False,False,False,False,False,False,False,False,False,False,False,False,False,False,False,False,False,True,False
BRK50196,Sneha Chopra,3.0,4.3,Junior,3.905882352941177,False,False,False,False,False,False,False,False,False,False,False,False,False,False,False,False,False,False,False,False,False,False,False,False,False,False,True,False,False,False,True,False,False,False,False
BRK50197,Mira Shah,8.0,2.7,Mid,3.2125,False,False,False,False,False,False,False,False,False,False,False,False,False,False,False,False,False,False,False,True,False,False,False,False,False,False,False,False,False,False,False,False,False,True,False
BRK50198,Sachin Nair,5.0,3.4,Junior,3.807142857142857,False,False,False,False,False,False,False,False,False,False,False,False,False,False,False,False,False,False,True,False,False,False,False,False,False,False,False,False,False,False,False,True,False,False,False
BRK50199,Ishaan Gupta,9.0,2.9,Mid,3.4058823529411764,False,False,False,False,False,False,False,False,False,False,False,False,False,False,False,False,False,False,False,False,False,False,False,False,True,False,False,False,False,False,False,True,False,False,False
BRK50200,Diya Iyer,7.0,3.1,Mid,4.185714285714286,False,False,False,False,False,False,False,False,False,False,False,False,False,False,False,False,False,False,False,False,False,True,False,False,False,False,False,False,False,False,False,False,False,False,False
BRK50201,Vivaan Gupta,4.0,4.3,Junior,3.5545454545454547,False,True,False,False,False,False,False,False,False,False,False,False,False,False,False,False,False,False,False,False,False,False,False,False,False,False,False,False,False,False,False,False,False,False,False
BRK50202,Mira Kulkarni,1.0,3.3,Beginner,3.8041666666666667,True,False,False,False,False,False,False,False,False,False,False,False,False,False,False,False,False,False,False,False,False,False,False,False,False,False,False,False,False,False,False,False,True,False,False
BRK50203,Vivaan Gupta,3.0,4.8,Junior,3.8041666666666667,True,False,False,False,False,False,False,False,False,False,False,False,False,False,False,False,False,False,False,False,False,False,False,False,False,False,False,False,False,False,False,False,False,False,False
BRK50204,Sneha Patel,5.0,2.7,Junior,3.5458333333333334,False,False,False,False,False,False,False,False,False,False,False,False,False,False,False,True,False,False,False,False,False,False,False,False,False,False,False,False,False,False,False,False,False,False,True
BRK50205,Ishaand As,2.0,4.8,Beginner,3.4842105263157896,False,False,False,False,False,False,False,False,False,False,False,False,False,False,False,False,False,False,False,False,False,False,False,False,False,False,False,True,False,False,False,False,False,True,False
BRK50206,Anita Khan,2.0,2.6,Beginner,3.65,False,False,False,False,False,False,False,False,False,False,False,False,False,True,False,False,False,False,False,False,False,False,False,False,False,False,False,False,False,False,True,False,False,False,False
BRK50207,Arjun Gupta,2.0,4.0,Beginner,3.9384615384615387,False,False,False,False,False,False,False,False,False,False,False,False,True,False,False,False,False,False,False,False,False,False,False,False,False,False,False,False,False,False,False,False,False,False,True
BRK50208,Anita Patel,8.0,4.4,Mid,3.905882352941177,False,False,False,False,False,False,False,False,False,False,False,False,False,False,False,False,False,False,False,False,False,False,False,False,False,False,True,False,False,False,True,False,False,False,False
BRK50209,Kabir Patel,9.0,4.4,Mid,3.8086956521739133,False,False,False,False,False,False,False,False,False,False,False,False,False,False,False,False,False,False,False,False,False,False,False,True,False,False,False,False,False,False,False,True,False,False,False
BRK50210,Sachin Gupta,8.0,2.8,Mid,3.8086956521739133,False,False,False,False,False,False,False,False,False,False,False,False,False,False,False,False,False,False,False,False,False,False,False,True,False,False,False,False,False,False,True,False,False,False,False
BRK50211,Anita Kapoor,8.0,4.8,Mid,3.5458333333333334,False,False,False,False,False,False,False,False,False,False,False,False,False,False,False,True,False,False,False,False,False,False,False,False,False,False,False,False,False,False,False,False,False,False,False
BRK50212,Ishaan Singh,9.0,3.2,Mid,3.65,False,False,False,False,False,False,False,False,False,False,False,False,False,True,False,False,False,False,False,False,False,False,False,False,False,False,False,False,False,False,False,False,False,False,True
BRK50213,Arjun Iyer,12.0,3.9,Senior,3.6260869565217395,False,False,False,False,False,True,False,False,False,False,False,False,False,False,False,False,False,False,False,False,False,False,False,False,False,False,False,False,False,False,False,True,False,False,False
BRK50214,Mira Kapoor,9.0,4.7,Mid,3.629166666666667,False,False,False,False,False,False,False,False,False,False,False,False,False,False,False,False,False,False,False,False,False,False,False,False,False,False,False,False,False,False,False,False,False,False,False
BRK50215,Rohan Chopra,11.0,3.86,Senior,3.86,False,False,False,False,False,False,False,False,False,False,False,True,False,False,False,False,False,False,False,False,False,False,False,False,False,False,False,False,False,False,False,False,False,False,True
BRK50216,Mira Khan,10.0,3.4,Mid,3.914285714285714,False,False,False,False,False,False,False,False,False,False,False,False,False,False,False,False,False,False,False,False,False,False,True,False,False,False,False,False,False,False,False,False,True,False,False
BRK50217,Ishaan Shah,2.0,3.5,Beginner,3.6260869565217395,False,False,False,False,False,True,False,False,False,False,False,False,False,False,False,False,False,False,False,False,False,False,False,False,False,False,False,False,False,False,False,False,False,False,False
BRK50218,Sneha Sharma,6.0,4.7,Mid,3.9333333333333336,False,False,False,False,False,False,False,False,False,False,False,False,False,False,True,False,False,False,False,False,False,False,False,False,False,False,False,False,False,False,False,False,False,False,True
BRK50219,Rahul Gupta,1.0,3.3,Beginner,3.55,False,False,False,False,False,False,False,False,False,False,False,False,False,False,False,False,False,True,False,False,False,False,False,False,False,False,False,False,False,False,True,False,False,False,False
BRK50220,Rahul Iyer,5.0,3.9,Junior,3.808333333333333,False,False,False,False,False,False,False,False,False,False,False,False,False,False,False,False,False,False,False,False,False,False,False,False,False,True,False,False,False,False,True,False,False,False,False
BRK50221,Anita Singh,6.0,3.0,Mid,3.629166666666667,False,False,False,False,False,False,False,False,False,False,False,False,False,False,False,False,False,False,False,False,False,False,False,False,False,False,False,False,False,False,False,False,False,True,False
BRK50222,Anita Patel,3.0,3.3,Junior,3.8041666666666667,True,False,False,False,False,False,False,False,False,False,False,False,False,False,False,False,False,False,False,False,False,False,False,False,False,False,False,False,False,False,True,False,False,False,False
BRK50223,Priya Chopra,7.0,2.6,Mid,3.477777777777778,False,False,True,False,False,False,False,False,False,False,False,False,False,False,False,False,False,False,False,False,False,False,False,False,False,False,False,False,False,False,False,False,True,False,False
BRK50224,Sachin Mehta,11.0,4.9,Senior,3.65,False,False,False,False,False,False,False,False,False,False,False,False,False,True,False,False,False,False,False,False,False,False,False,False,False,False,False,False,False,False,False,False,False,False,False
BRK50225,Aarav Chopra,8.0,2.9,Mid,3.522222222222222,False,False,False,False,False,False,False,False,False,False,False,False,False,False,False,False,True,False,False,False,False,False,False,False,False,False,False,False,False,False,False,False,True,False,False
BRK50226,Arjun Khan,4.0,2.9,Junior,3.629166666666667,False,False,False,False,False,False,False,False,False,False,False,False,False,False,False,False,False,False,False,False,False,False,False,False,False,False,False,False,False,False,False,False,False,False,True
BRK50227,Aditi Chopra,5.0,2.6,Junior,3.6666666666666665,False,False,False,True,False,False,False,False,False,False,False,False,False,False,False,False,False,False,False,False,False,False,False,False,False,False,False,False,False,False,False,False,False,True,False
BRK50228,Ishaan Sharma,3.0,2.9,Junior,3.4842105263157896,False,False,False,False,False,False,False,False,False,False,False,False,False,False,False,False,False,False,False,False,False,False,False,False,False,False,False,True,False,False,False,False,True,False,False
BRK50229,Rohan Shah,7.0,4.6,Mid,3.5869565217391304,False,False,False,False,False,False,True,False,False,False,False,False,False,False,False,False,False,False,False,False,False,False,False,False,False,False,False,False,False,False,False,True,False,False,False
BRK50230,Vihaan Gupta,0.0,3.8,,3.629166666666667,False,False,False,False,False,False,False,False,False,False,False,False,False,False,False,False,False,False,False,False,False,False,False,False,False,False,False,False,False,False,False,True,False,False,False
BRK50231,Rohan Kulkarni,2.0,2.6,Beginner,3.738095238095238,False,False,False,False,False,False,False,False,False,True,False,False,False,False,False,False,False,False,False,False,False,False,False,False,False,False,False,False,False,False,False,True,False,False,False
BRK50232,Diya Erddy,3.0,4.0,Junior,4.014285714285714,False,False,False,False,False,False,False,False,False,False,False,False,False,False,False,False,False,False,False,False,True,False,False,False,False,False,False,False,False,False,False,False,True,False,False
BRK50233,Arjun Nair,7.0,4.4,Mid,3.9761904761904763,False,False,False,False,False,False,False,True,False,False,False,False,False,False,False,False,False,False,False,False,False,False,False,False,False,False,False,False,False,False,False,False,False,True,False
BRK50234,Ishaan Mehta,5.0,3.0,Junior,3.4058823529411764,False,False,False,False,False,False,False,False,False,False,False,False,False,False,False,False,False,False,False,False,False,False,False,False,True,False,False,False,False,False,False,False,False,False,False
BRK50235,Aditi Kapoor,5.0,4.2,Junior,4.014285714285714,False,False,False,False,False,False,False,False,False,False,False,False,False,False,False,False,False,False,False,False,True,False,False,False,False,False,False,False,False,False,False,False,False,True,False
BRK50236,Priya Agarwal,6.0,3.1,Mid,3.5545454545454547,False,True,False,False,False,False,False,False,False,False,False,False,False,False,False,False,False,False,False,False,False,False,False,False,False,False,False,False,False,False,False,False,False,False,False
BRK50237,Vivaan Kapoor,8.0,3.5,Mid,3.9384615384615387,False,False,False,False,False,False,False,False,False,False,False,False,True,False,False,False,False,False,False,False,False,False,False,False,False,False,False,False,False,False,False,False,False,False,True
BRK50238,Anaya Kulkarni,3.0,4.8,Junior,4.185714285714286,False,False,False,False,False,False,False,False,False,False,False,False,False,False,False,False,False,False,False,False,False,True,False,False,False,False,False,False,False,False,False,False,False,False,False
BRK50239,Sneha Kulkarni,6.0,4.8,Mid,3.6899999999999995,False,False,False,False,False,False,False,False,True,False,False,False,False,False,False,False,False,False,False,False,False,False,False,False,False,False,False,False,False,False,False,False,False,False,False
BRK50240,Rohan Reddy,7.0,4.9,Mid,3.905882352941177,False,False,False,False,False,False,False,False,False,False,False,False,False,False,False,False,False,False,False,False,False,False,False,False,False,False,True,False,False,False,False,False,False,False,True
BRK50241,Arjun Reddy,5.0,3.2,Junior,3.807142857142857,False,False,False,False,False,False,False,False,False,False,False,False,False,False,False,False,False,False,True,False,False,False,False,False,False,False,False,False,False,False,False,True,False,False,False
BRK50242,Ishaan Reddy,4.0,4.4,Junior,3.9761904761904763,False,False,False,False,False,False,False,True,False,False,False,False,False,False,False,False,False,False,False,False,False,False,False,False,False,False,False,False,False,False,False,False,False,True,False
BRK50243,Vivaan Iyer,9.0,4.3,Mid,3.5458333333333334,False,False,False,False,False,False,False,False,False,False,False,False,False,False,False,True,False,False,False,False,False,False,False,False,False,False,False,False,False,False,False,False,False,True,False
BRK50244,Rohan Nair,9.0,4.7,Mid,3.5458333333333334,False,False,False,False,False,False,False,False,False,False,False,False,False,False,False,True,False,False,False,False,False,False,False,False,False,False,False,False,False,False,True,False,False,False,False
BRK50245,Aarva Agarwal,1.0,4.2,Beginner,3.831578947368421,False,False,False,False,False,False,False,False,False,False,False,False,False,False,False,False,False,False,False,False,False,False,False,False,False,False,False,False,True,False,True,False,False,False,False
BRK50246,Aditi Khan,8.0,4.7,Mid,3.629166666666667,False,False,False,False,False,False,False,False,False,False,False,False,False,False,False,False,False,False,False,False,False,False,False,False,False,False,False,False,False,False,False,True,False,False,False
BRK50247,Kabir Reddy,5.0,4.8,Junior,3.65,False,False,False,False,False,False,False,False,False,False,False,False,False,True,False,False,False,False,False,False,False,False,False,False,False,False,False,False,False,False,False,False,False,False,False
BRK50248,Rahul Aagrwal,3.0,3.0,Junior,3.6666666666666665,False,False,False,True,False,False,False,False,False,False,False,False,False,False,False,False,False,False,False,False,False,False,False,False,False,False,False,False,False,False,False,False,False,True,False
BRK50249,Rahul Reddy,2.0,2.9,Beginner,3.8086956521739133,False,False,False,False,False,False,False,False,False,False,False,False,False,False,False,False,False,False,False,False,False,False,False,True,False,False,False,False,False,False,False,False,False,False,False
BRK50250,Mira Iyer,5.0,3.4,Junior,3.2125,False,False,False,False,False,False,False,False,False,False,False,False,False,False,False,False,False,False,False,True,False,False,False,False,False,False,False,False,False,False,False,False,True,False,False
BRK50251,Pryia Kulkarni,6.0,4.5,Mid,3.8086956521739133,False,False,False,False,False,False,False,False,False,False,False,False,False,False,False,False,False,False,False,False,False,False,False,True,False,False,False,False,False,False,False,False,False,False,True
BRK50252,Anita Shah,10.0,4.2,Mid,3.807142857142857,False,False,False,False,False,False,False,False,False,False,False,False,False,False,False,False,False,False,True,False,False,False,False,False,False,False,False,False,False,False,False,False,True,False,False
BRK50253,Mira Snigh,4.0,4.0,Junior,3.8086956521739133,False,False,False,False,False,False,False,False,False,False,False,False,False,False,False,False,False,False,False,False,False,False,False,True,False,False,False,False,False,False,True,False,False,False,False
BRK50254,Rahul Agarwal,11.0,3.3,Senior,3.477777777777778,False,False,True,False,False,False,False,False,False,False,False,False,False,False,False,False,False,False,False,False,False,False,False,False,False,False,False,False,False,False,False,True,False,False,False
BRK50255,Ishaan Chopra,6.0,3.2,Mid,3.4842105263157896,False,False,False,False,False,False,False,False,False,False,False,False,False,False,False,False,False,False,False,False,False,False,False,False,False,False,False,True,False,False,True,False,False,False,False
BRK50256,Rahul Patel,3.0,4.0,Junior,3.4842105263157896,False,False,False,False,False,False,False,False,False,False,False,False,False,False,False,False,False,False,False,False,False,False,False,False,False,False,False,True,False,False,False,False,False,True,False
BRK50257,Anaya Hsah,5.0,4.2,Junior,3.9384615384615387,False,False,False,False,False,False,False,False,False,False,False,False,True,False,False,False,False,False,False,False,False,False,False,False,False,False,False,False,False,False,False,False,True,False,False
BRK50258,Sachin Mehta,3.0,4.9,Junior,3.9761904761904763,False,False,False,False,False,False,False,True,False,False,False,False,False,False,False,False,False,False,False,False,False,False,False,False,False,False,False,False,False,False,False,False,False,False,True
BRK50259,Arjun Sharma,4.0,2.7,Junior,3.629166666666667,False,False,False,False,False,False,False,False,False,False,False,False,False,False,False,False,False,False,False,False,False,False,False,False,False,False,False,False,False,False,True,False,False,False,False
BRK50260,Arjun Mehta,13.0,4.0,Senior,3.65,False,False,False,False,True,False,False,False,False,False,False,False,False,False,False,False,False,False,False,False,False,False,False,False,False,False,False,False,False,False,False,False,False,False,False
BRK50261,Anaya Gupta,4.0,3.8041666666666667,Junior,3.8041666666666667,True,False,False,False,False,False,False,False,False,False,False,False,False,False,False,False,False,False,False,False,False,False,False,False,False,False,False,False,False,False,False,False,False,False,True
BRK50262,Arju Nchopra,2.0,4.2,Beginner,3.2125,False,False,False,False,False,False,False,False,False,False,False,False,False,False,False,False,False,False,False,True,False,False,False,False,False,False,False,False,False,False,False,False,False,False,False
BRK50263,Anita Mehta,4.0,3.7,Junior,3.831578947368421,False,False,False,False,False,False,False,False,False,False,False,False,False,False,False,False,False,False,False,False,False,False,False,False,False,False,False,False,True,False,False,True,False,False,False
BRK50264,Sachin Nair,10.0,4.1,Mid,3.86,False,False,False,False,False,False,False,False,False,False,False,True,False,False,False,False,False,False,False,False,False,False,False,False,False,False,False,False,False,False,False,True,False,False,False
BRK50265,Sachin Patel,4.0,4.3,Junior,3.5545454545454547,False,True,False,False,False,False,False,False,False,False,False,False,False,False,False,False,False,False,False,False,False,False,False,False,False,False,False,False,False,False,False,True,False,False,False
BRK50266,Rohan Shah,9.0,2.7,Mid,3.9384615384615387,False,False,False,False,False,False,False,False,False,False,False,False,True,False,False,False,False,False,False,False,False,False,False,False,False,False,False,False,False,False,False,False,True,False,False
BRK50267,Aditi Reddy,2.0,4.3,Beginner,3.9761904761904763,False,False,False,False,False,False,False,True,False,False,False,False,False,False,False,False,False,False,False,False,False,False,False,False,False,False,False,False,False,False,False,False,False,False,True
BRK50268,Priya Das,3.0,2.6,Junior,3.55,False,False,False,False,False,False,False,False,False,False,False,False,False,False,False,False,False,True,False,False,False,False,False,False,False,False,False,False,False,False,False,False,False,False,True
BRK50269,Mira Gupta,6.0,4.6,Mid,3.75,False,False,False,False,False,False,False,False,False,False,True,False,False,False,False,False,False,False,False,False,False,False,False,False,False,False,False,False,False,False,False,False,False,True,False
BRK50270,Mira Shah,7.0,3.2,Mid,3.78421052631579,False,False,False,False,False,False,False,False,False,False,False,False,False,False,False,False,False,False,False,False,False,False,False,False,False,False,False,False,False,True,True,False,False,False,False
BRK50271,Anaya Kapoor,2.0,3.5,Beginner,3.8086956521739133,False,False,False,False,False,False,False,False,False,False,False,False,False,False,False,False,False,False,False,False,False,False,False,True,False,False,False,False,False,False,True,False,False,False,False
BRK50272,Anaya Iyer,9.0,3.2,Mid,3.5869565217391304,False,False,False,False,False,False,True,False,False,False,False,False,False,False,False,False,False,False,False,False,False,False,False,False,False,False,False,False,False,False,False,False,False,True,False
BRK50273,Anaya Sharma,8.0,3.1,Mid,3.5458333333333334,False,False,False,False,False,False,False,False,False,False,False,False,False,False,False,True,False,False,False,False,False,False,False,False,False,False,False,False,False,False,False,False,False,True,False
BRK50274,Vihaan Mehta,4.0,2.7,Junior,3.4842105263157896,False,False,False,False,False,False,False,False,False,False,False,False,False,False,False,False,False,False,False,False,False,False,False,False,False,False,False,True,False,False,False,False,False,False,True
BRK50275,Aarav Singh,5.0,3.9,Junior,3.78421052631579,False,False,False,False,False,False,False,False,False,False,False,False,False,False,False,False,False,False,False,False,False,False,False,False,False,False,False,False,False,True,False,False,False,True,False
BRK50276,Rahul Shah,4.0,3.8,Junior,3.6260869565217395,False,False,False,False,False,True,False,False,False,False,False,False,False,False,False,False,False,False,False,False,False,False,False,False,False,False,False,False,False,False,False,False,True,False,False
BRK50277,Mira Sharma,4.0,3.2,Junior,3.522222222222222,False,False,False,False,False,False,False,False,False,False,False,False,False,False,False,False,True,False,False,False,False,False,False,False,False,False,False,False,False,False,False,False,False,False,True
BRK50278,Aditi Patel,5.0,5.0,Junior,3.831578947368421,False,False,False,False,False,False,False,False,False,False,False,False,False,False,False,False,False,False,False,False,False,False,False,False,False,False,False,False,True,False,True,False,False,False,False
BRK50279,Aditi Iyer,6.0,2.6,Mid,3.8041666666666667,True,False,False,False,False,False,False,False,False,False,False,False,False,False,False,False,False,False,False,False,False,False,False,False,False,False,False,False,False,False,False,True,False,False,False
BRK50280,Vivaan Khan,10.0,3.7,Mid,3.905882352941177,False,False,False,False,False,False,False,False,False,False,False,False,False,False,False,False,False,False,False,False,False,False,False,False,False,False,True,False,False,False,True,False,False,False,False
BRK50281,Aditi Gupta,4.0,3.4,Junior,3.6899999999999995,False,False,False,False,False,False,False,False,True,False,False,False,False,False,False,False,False,False,False,False,False,False,False,False,False,False,False,False,False,False,False,False,True,False,False
BRK50282,Sneha Mehta,2.0,3.2,Beginner,3.477777777777778,False,False,True,False,False,False,False,False,False,False,False,False,False,False,False,False,False,False,False,False,False,False,False,False,False,False,False,False,False,False,True,False,False,False,False
BRK50283,Anaya Singh,9.0,4.0,Mid,3.75,False,False,False,False,False,False,False,False,False,False,True,False,False,False,False,False,False,False,False,False,False,False,False,False,False,False,False,False,False,False,True,False,False,False,False
BRK50284,Vivaan Chopra,6.0,3.7,Mid,3.65,False,False,False,False,True,False,False,False,False,False,False,False,False,False,False,False,False,False,False,False,False,False,False,False,False,False,False,False,False,False,False,False,False,False,True
BRK50285,Mira Sharma,4.0,4.014285714285714,Junior,4.014285714285714,False,False,False,False,False,False,False,False,False,False,False,False,False,False,False,False,False,False,False,False,True,False,False,False,False,False,False,False,False,False,False,True,False,False,False
BRK50286,Kabir Singh,6.0,3.6,Mid,3.738095238095238,False,False,False,False,False,False,False,False,False,True,False,False,False,False,False,False,False,False,False,False,False,False,False,False,False,False,False,False,False,False,False,False,False,False,True
BRK50287,Kabir Khan,8.0,4.6,Mid,3.5545454545454547,False,True,False,False,False,False,False,False,False,False,False,False,False,False,False,False,False,False,False,False,False,False,False,False,False,False,False,False,False,False,False,False,False,False,True
BRK50288,Anita Patel,3.0,4.1,Junior,3.4058823529411764,False,False,False,False,False,False,False,False,False,False,False,False,False,False,False,False,False,False,False,False,False,False,False,False,True,False,False,False,False,False,False,False,False,True,False
BRK50289,Vihaan Iyer,5.0,2.7,Junior,3.75,False,False,False,False,False,False,False,False,False,False,True,False,False,False,False,False,False,False,False,False,False,False,False,False,False,False,False,False,False,False,False,False,False,False,True
BRK50290,Rohan Shah,2.0,3.75,Beginner,3.75,False,False,False,False,False,False,False,False,False,False,True,False,False,False,False,False,False,False,False,False,False,False,False,False,False,False,False,False,False,False,False,False,False,True,False
BRK50291,Vivaan Kapoor,9.0,2.9,Mid,3.5869565217391304,False,False,False,False,False,False,True,False,False,False,False,False,False,False,False,False,False,False,False,False,False,False,False,False,False,False,False,False,False,False,False,False,False,True,False
BRK50292,Vivaan Khan,4.0,3.6,Junior,3.5458333333333334,False,False,False,False,False,False,False,False,False,False,False,False,False,False,False,True,False,False,False,False,False,False,False,False,False,False,False,False,False,False,False,True,False,False,False
BRK50293,Vihaan Das,10.0,3.5,Mid,3.86,False,False,False,False,False,False,False,False,False,False,False,True,False,False,False,False,False,False,False,False,False,False,False,False,False,False,False,False,False,False,False,True,False,False,False
BRK50294,Arjun Shah,12.0,4.5,Senior,3.9384615384615387,False,False,False,False,False,False,False,False,False,False,False,False,True,False,False,False,False,False,False,False,False,False,False,False,False,False,False,False,False,False,True,False,False,False,False
BRK50295,Arjun Iyer,6.0,4.4,Mid,3.738095238095238,False,False,False,False,False,False,False,False,False,True,False,False,False,False,False,False,False,False,False,False,False,False,False,False,False,False,False,False,False,False,False,False,True,False,False
BRK50296,Vivaan Singh,9.0,3.9,Mid,3.9333333333333336,False,False,False,False,False,False,False,False,False,False,False,False,False,False,True,False,False,False,False,False,False,False,False,False,False,False,False,False,False,False,False,False,False,False,True
BRK50297,Aditi Kulkarni,3.0,4.9,Junior,3.807142857142857,False,False,False,False,False,False,False,False,False,False,False,False,False,False,False,False,False,False,True,False,False,False,False,False,False,False,False,False,False,False,True,False,False,False,False
BRK50298,Priya Singh,6.0,3.2,Mid,3.914285714285714,False,False,False,False,False,False,False,False,False,False,False,False,False,False,False,False,False,False,False,False,False,False,True,False,False,False,False,False,False,False,False,False,True,False,False
BRK50299,Sneha Kulkarni,5.0,3.9,Junior,3.905882352941177,False,False,False,False,False,False,False,False,False,False,False,False,False,False,False,False,False,False,False,False,False,False,False,False,False,False,True,False,False,False,False,False,False,False,False
BRK50300,Kabir Kulkarni,10.0,3.4,Mid,3.8041666666666667,True,False,False,False,False,False,False,False,False,False,False,False,False,False,False,False,False,False,False,False,False,False,False,False,False,False,False,False,False,False,False,False,False,False,False
BRK50301,Vihaan Agarwal,2.0,3.0,Beginner,3.738095238095238,False,False,False,False,False,False,False,False,False,True,False,False,False,False,False,False,False,False,False,False,False,False,False,False,False,False,False,False,False,False,False,False,False,True,False
BRK50302,Ishaan Patel,5.0,4.2,Junior,3.8041666666666667,True,False,False,False,False,False,False,False,False,False,False,False,False,False,False,False,False,False,False,False,False,False,False,False,False,False,False,False,False,False,False,False,False,False,False
BRK50303,Rahul Kapoor,1.0,5.0,Beginner,3.808333333333333,False,False,False,False,False,False,False,False,False,False,False,False,False,False,False,False,False,False,False,False,False,False,False,False,False,True,False,False,False,False,False,True,False,False,False
BRK50304,Anaya Singh,6.0,2.6,Mid,3.6899999999999995,False,False,False,False,False,False,False,False,True,False,False,False,False,False,False,False,False,False,False,False,False,False,False,False,False,False,False,False,False,False,False,False,False,False,True
BRK50305,Aditi Khan,4.0,4.6,Junior,3.9761904761904763,False,False,False,False,False,False,False,True,False,False,False,False,False,False,False,False,False,False,False,False,False,False,False,False,False,False,False,False,False,False,False,False,False,True,False
BRK50306,Aditi Nair,5.0,3.9,Junior,3.807142857142857,False,False,False,False,False,False,False,False,False,False,False,False,False,False,False,False,False,False,True,False,False,False,False,False,False,False,False,False,False,False,True,False,False,False,False
BRK50307,Diya Nair,3.0,4.8,Junior,3.8041666666666667,True,False,False,False,False,False,False,False,False,False,False,False,False,False,False,False,False,False,False,False,False,False,False,False,False,False,False,False,False,False,True,False,False,False,False
BRK50308,Rohan Iyer,6.0,2.9,Mid,3.5458333333333334,False,False,False,False,False,False,False,False,False,False,False,False,False,False,False,True,False,False,False,False,False,False,False,False,False,False,False,False,False,False,False,False,False,True,False
BRK50309,Kabir Chopra,5.0,3.7,Junior,3.86,False,False,False,False,False,False,False,False,False,False,False,True,False,False,False,False,False,False,False,False,False,False,False,False,False,False,False,False,False,False,False,False,False,True,False
BRK50310,Sachin Kapoor,2.0,5.0,Beginner,3.905882352941177,False,False,False,False,False,False,False,False,False,False,False,False,False,False,False,False,False,False,False,False,False,False,False,False,False,False,True,False,False,False,False,False,False,True,False
BRK50311,Diay Chopra,11.0,3.9,Senior,3.6260869565217395,False,False,False,False,False,True,False,False,False,False,False,False,False,False,False,False,False,False,False,False,False,False,False,False,False,False,False,False,False,False,False,False,True,False,False
BRK50312,Rahul Iyer,10.0,2.5,Mid,3.6260869565217395,False,False,False,False,False,True,False,False,False,False,False,False,False,False,False,False,False,False,False,False,False,False,False,False,False,False,False,False,False,False,False,False,True,False,False
BRK50313,Rohan Shah,11.0,4.7,Senior,3.808333333333333,False,False,False,False,False,False,False,False,False,False,False,False,False,False,False,False,False,False,False,False,False,False,False,False,False,True,False,False,False,False,True,False,False,False,False
BRK50314,Rohan Khan,7.0,3.3,Mid,3.9761904761904763,False,False,False,False,False,False,False,True,False,False,False,False,False,False,False,False,False,False,False,False,False,False,False,False,False,False,False,False,False,False,False,False,False,False,False
BRK50315,Aarav Singh,6.0,4.8,Mid,3.75,False,False,False,False,False,False,False,False,False,False,True,False,False,False,False,False,False,False,False,False,False,False,False,False,False,False,False,False,False,False,True,False,False,False,False
BRK50316,Sachin Singh,5.0,3.6,Junior,3.5458333333333334,False,False,False,False,False,False,False,False,False,False,False,False,False,False,False,True,False,False,False,False,False,False,False,False,False,False,False,False,False,False,False,False,False,False,True
BRK50317,Anaay Nair,2.0,4.0,Beginner,3.522222222222222,False,False,False,False,False,False,False,False,False,False,False,False,False,False,False,False,True,False,False,False,False,False,False,False,False,False,False,False,False,False,False,False,False,False,True
BRK50318,Aarav Patel,9.0,3.2,Mid,4.014285714285714,False,False,False,False,False,False,False,False,False,False,False,False,False,False,False,False,False,False,False,False,True,False,False,False,False,False,False,False,False,False,False,False,True,False,False
BRK50319,Sneha Patel,4.0,4.1,Junior,3.905882352941177,False,False,False,False,False,False,False,False,False,False,False,False,False,False,False,False,False,False,False,False,False,False,False,False,False,False,True,False,False,False,False,False,False,False,True
BRK50320,Ishaan Iyer,12.0,4.1,Senior,3.914285714285714,False,False,False,False,False,False,False,False,False,False,False,False,False,False,False,False,False,False,False,False,False,False,True,False,False,False,False,False,False,False,True,False,False,False,False
BRK50321,Diya Nair,3.0,3.1,Junior,3.6666666666666665,False,False,False,True,False,False,False,False,False,False,False,False,False,False,False,False,False,False,False,False,False,False,False,False,False,False,False,False,False,False,True,False,False,False,False
BRK50322,Sneha Kulkarni,8.0,2.9,Mid,3.9333333333333336,False,False,False,False,False,False,False,False,False,False,False,False,False,False,True,False,False,False,False,False,False,False,False,False,False,False,False,False,False,False,False,False,False,False,True
BRK50323,Mira Gupta,7.0,3.3,Mid,3.629166666666667,False,False,False,False,False,False,False,False,False,False,False,False,False,False,False,False,False,False,False,False,False,False,False,False,False,False,False,False,False,False,True,False,False,False,False
BRK50324,Rahul Khan,1.0,4.0,Beginner,3.78421052631579,False,False,False,False,False,False,False,False,False,False,False,False,False,False,False,False,False,False,False,False,False,False,False,False,False,False,False,False,False,True,False,False,False,False,False
BRK50325,Kabir Mehta,5.0,3.7,Junior,3.905882352941177,False,False,False,False,False,False,False,False,False,False,False,False,False,False,False,False,False,False,False,False,False,False,False,False,False,False,True,False,False,False,False,False,False,True,False
BRK50326,Aarav Das,14.0,4.8,Senior,3.65,False,False,False,False,True,False,False,False,False,False,False,False,False,False,False,False,False,False,False,False,False,False,False,False,False,False,False,False,False,False,False,False,False,False,False
BRK50327,Arjun Nair,5.0,4.7,Junior,3.914285714285714,False,False,False,False,False,False,False,False,False,False,False,False,False,False,False,False,False,False,False,False,False,False,True,False,False,False,False,False,False,False,False,False,False,True,False
BRK50328,Kabir Das,6.0,3.2,Mid,3.4842105263157896,False,False,False,False,False,False,False,False,False,False,False,False,False,False,False,False,False,False,False,False,False,False,False,False,False,False,False,True,False,False,True,False,False,False,False
BRK50329,Vihaan Shah,1.0,2.8,Beginner,3.808333333333333,False,False,False,False,False,False,False,False,False,False,False,False,False,False,False,False,False,False,False,False,False,False,False,False,False,True,False,False,False,False,True,False,False,False,False
BRK50330,Vivaan Reddy,12.0,3.4,Senior,3.522222222222222,False,False,False,False,False,False,False,False,False,False,False,False,False,False,False,False,True,False,False,False,False,False,False,False,False,False,False,False,False,False,False,False,True,False,False
BRK50331,Rohan Shah,3.0,4.5,Junior,3.4058823529411764,False,False,False,False,False,False,False,False,False,False,False,False,False,False,False,False,False,False,False,False,False,False,False,False,True,False,False,False,False,False,False,False,False,False,False
BRK50332,Sneha Patel,4.0,3.7,Junior,3.8041666666666667,True,False,False,False,False,False,False,False,False,False,False,False,False,False,False,False,False,False,False,False,False,False,False,False,False,False,False,False,False,False,False,False,False,False,False
BRK50333,Sachin Khan,4.0,3.9,Junior,3.5869565217391304,False,False,False,False,False,False,True,False,False,False,False,False,False,False,False,False,False,False,False,False,False,False,False,False,False,False,False,False,False,False,False,False,False,False,True
BRK50334,Rahul Iyer,3.0,4.7,Junior,3.86,False,False,False,False,False,False,False,False,False,False,False,True,False,False,False,False,False,False,False,False,False,False,False,False,False,False,False,False,False,False,False,False,False,True,False
BRK50335,Rajun Iyer,5.0,3.5,Junior,3.6260869565217395,False,False,False,False,False,True,False,False,False,False,False,False,False,False,False,False,False,False,False,False,False,False,False,False,False,False,False,False,False,False,True,False,False,False,False
BRK50336,Sachin Singh,4.0,3.6291666666666664,Junior,3.629166666666667,False,False,False,False,False,False,False,False,False,False,False,False,False,False,False,False,False,False,False,False,False,False,False,False,False,False,False,False,False,False,False,False,False,False,False
BRK50337,Kabir Gupta,5.0,3.2,Junior,3.78421052631579,False,False,False,False,False,False,False,False,False,False,False,False,False,False,False,False,False,False,False,False,False,False,False,False,False,False,False,False,False,True,False,True,False,False,False
BRK50338,Rahul Yier,6.0,3.7,Mid,3.807142857142857,False,False,False,False,False,False,False,False,False,False,False,False,False,False,False,False,False,False,True,False,False,False,False,False,False,False,False,False,False,False,False,True,False,False,False
BRK50339,Arjun Singh,7.0,3.0,Mid,3.905882352941177,False,False,False,False,False,False,False,False,False,False,False,False,False,False,False,False,False,False,False,False,False,False,False,False,False,False,True,False,False,False,True,False,False,False,False
BRK50340,Sachin Mehta,12.0,3.9761904761904763,Senior,3.9761904761904763,False,False,False,False,False,False,False,True,False,False,False,False,False,False,False,False,False,False,False,False,False,False,False,False,False,False,False,False,False,False,False,False,False,False,True
BRK50341,Kabir Kapoor,1.0,4.7,Beginner,3.5869565217391304,False,False,False,False,False,False,True,False,False,False,False,False,False,False,False,False,False,False,False,False,False,False,False,False,False,False,False,False,False,False,True,False,False,False,False
BRK50342,Priya Das,7.0,5.0,Mid,3.65,False,False,False,False,False,False,False,False,False,False,False,False,False,True,False,False,False,False,False,False,False,False,False,False,False,False,False,False,False,False,False,False,False,False,False
BRK50343,Diya Shah,14.0,4.4,Senior,3.8041666666666667,True,False,False,False,False,False,False,False,False,False,False,False,False,False,False,False,False,False,False,False,False,False,False,False,False,False,False,False,False,False,False,False,True,False,False
BRK50344,Rohan Iyer,2.0,4.2,Beginner,3.808333333333333,False,False,False,False,False,False,False,False,False,False,False,False,False,False,False,False,False,False,False,False,False,False,False,False,False,True,False,False,False,False,False,True,False,False,False
BRK50345,Sneha Mehta,3.0,3.4,Junior,3.9761904761904763,False,False,False,False,False,False,False,True,False,False,False,False,False,False,False,False,False,False,False,False,False,False,False,False,False,False,False,False,False,False,False,False,False,False,True
BRK50346,Vihaan Sharma,1.0,4.3,Beginner,3.78421052631579,False,False,False,False,False,False,False,False,False,False,False,False,False,False,False,False,False,False,False,False,False,False,False,False,False,False,False,False,False,True,True,False,False,False,False
BRK50347,Vihaan Patel,5.0,4.6,Junior,3.78421052631579,False,False,False,False,False,False,False,False,False,False,False,False,False,False,False,False,False,False,False,False,False,False,False,False,False,False,False,False,False,True,False,False,True,False,False
BRK50348,Aditi Agarwal,8.0,2.8,Mid,3.9384615384615387,False,False,False,False,False,False,False,False,False,False,False,False,True,False,False,False,False,False,False,False,False,False,False,False,False,False,False,False,False,False,False,True,False,False,False
BRK50349,Sachin Kapoor,8.0,3.5,Mid,3.5458333333333334,False,False,False,False,False,False,False,False,False,False,False,False,False,False,False,True,False,False,False,False,False,False,False,False,False,False,False,False,False,False,True,False,False,False,False
BRK50350,Rahul Kulkarni,6.0,3.8,Mid,3.6260869565217395,False,False,False,False,False,True,False,False,False,False,False,False,False,False,False,False,False,False,False,False,False,False,False,False,False,False,False,False,False,False,False,True,False,False,False
BRK50351,Arjun Khan,3.0,4.7,Junior,3.55,False,False,False,False,False,False,False,False,False,False,False,False,False,False,False,False,False,True,False,False,False,False,False,False,False,False,False,False,False,False,False,True,False,False,False
BRK50352,Anita Reddy,6.0,3.2,Mid,3.914285714285714,False,False,False,False,False,False,False,False,False,False,False,False,False,False,False,False,False,False,False,False,False,False,True,False,False,False,False,False,False,False,False,True,False,False,False
BRK50353,Aarav Iyer,4.0,2.7,Junior,3.807142857142857,False,False,False,False,False,False,False,False,False,False,False,False,False,False,False,False,False,False,True,False,False,False,False,False,False,False,False,False,False,False,False,False,False,False,True
BRK50354,Rohan Gupta,2.0,4.7,Beginner,3.8041666666666667,True,False,False,False,False,False,False,False,False,False,False,False,False,False,False,False,False,False,False,False,False,False,False,False,False,False,False,False,False,False,True,False,False,False,False
BRK50355,Diya Nair,17.0,4.2,Senior,3.5545454545454547,False,True,False,False,False,False,False,False,False,False,False,False,False,False,False,False,False,False,False,False,False,False,False,False,False,False,False,False,False,False,False,False,False,False,False
BRK50356,Ishaan Patel,5.0,2.6,Junior,3.629166666666667,False,False,False,False,False,False,False,False,False,False,False,False,False,False,False,False,False,False,False,False,False,False,False,False,False,False,False,False,False,False,False,False,False,True,False
BRK50357,Vivaan Gupta,3.0,3.6,Junior,3.5458333333333334,False,False,False,False,False,False,False,False,False,False,False,False,False,False,False,True,False,False,False,False,False,False,False,False,False,False,False,False,False,False,False,False,False,False,False
BRK50358,Anita Patel,7.0,3.5,Mid,3.4058823529411764,False,False,False,False,False,False,False,False,False,False,False,False,False,False,False,False,False,False,False,False,False,False,False,False,True,False,False,False,False,False,True,False,False,False,False
BRK50359,Anaya Shah,5.0,2.9,Junior,3.4842105263157896,False,False,False,False,False,False,False,False,False,False,False,False,False,False,False,False,False,False,False,False,False,False,False,False,False,False,False,True,False,False,False,False,False,False,False
BRK50360,Sneha Kapoor,4.0,4.6,Junior,3.65,False,False,False,False,True,False,False,False,False,False,False,False,False,False,False,False,False,False,False,False,False,False,False,False,False,False,False,False,False,False,False,False,False,False,True
BRK50361,Vihaan Mehta,10.0,2.9,Mid,3.4058823529411764,False,False,False,False,False,False,False,False,False,False,False,False,False,False,False,False,False,False,False,False,False,False,False,False,True,False,False,False,False,False,False,False,False,False,True
BRK50362,Mira Gupta,3.0,3.808333333333333,Junior,3.808333333333333,False,False,False,False,False,False,False,False,False,False,False,False,False,False,False,False,False,False,False,False,False,False,False,False,False,True,False,False,False,False,False,False,False,False,False
BRK50363,Sneha Chopra,8.0,3.6,Mid,3.6899999999999995,False,False,False,False,False,False,False,False,True,False,False,False,False,False,False,False,False,False,False,False,False,False,False,False,False,False,False,False,False,False,False,False,False,True,False
BRK50364,Anita Reddy,3.0,3.3,Junior,3.629166666666667,False,False,False,False,False,False,False,False,False,False,False,False,False,False,False,False,False,False,False,False,False,False,False,False,False,False,False,False,False,False,False,False,False,False,True
BRK50365,Aarav Iyer,6.0,3.905882352941177,Mid,3.905882352941177,False,False,False,False,False,False,False,False,False,False,False,False,False,False,False,False,False,False,False,False,False,False,False,False,False,False,True,False,False,False,False,False,False,True,False
BRK50366,Rohan Singh,5.0,4.9,Junior,3.905882352941177,False,False,False,False,False,False,False,False,False,False,False,False,False,False,False,False,False,False,False,False,False,False,False,False,False,False,True,False,False,False,True,False,False,False,False
BRK50367,Vivaan Shah,6.0,3.4,Mid,3.8041666666666667,True,False,False,False,False,False,False,False,False,False,False,False,False,False,False,False,False,False,False,False,False,False,False,False,False,False,False,False,False,False,False,False,False,False,True
BRK50368,Arjun Nair,7.0,2.7,Mid,3.522222222222222,False,False,False,False,False,False,False,False,False,False,False,False,False,False,False,False,True,False,False,False,False,False,False,False,False,False,False,False,False,False,False,False,False,False,False
BRK50369,Diya Singh,1.0,3.1,Beginner,3.5869565217391304,False,False,False,False,False,False,True,False,False,False,False,False,False,False,False,False,False,False,False,False,False,False,False,False,False,False,False,False,False,False,False,False,False,False,False
BRK50370,Ishaan Shah,5.0,4.3,Junior,3.477777777777778,False,False,True,False,False,False,False,False,False,False,False,False,False,False,False,False,False,False,False,False,False,False,False,False,False,False,False,False,False,False,False,False,True,False,False
BRK50371,Aditi Reddy,4.0,4.9,Junior,3.738095238095238,False,False,False,False,False,False,False,False,False,True,False,False,False,False,False,False,False,False,False,False,False,False,False,False,False,False,False,False,False,False,True,False,False,False,False
BRK50372,Sneha Chopra,16.0,2.8,Senior,3.75,False,False,False,False,False,False,False,False,False,False,True,False,False,False,False,False,False,False,False,False,False,False,False,False,False,False,False,False,False,False,False,False,True,False,False
BRK50373,Priya Chopra,0.0,3.0,,3.6899999999999995,False,False,False,False,False,False,False,False,True,False,False,False,False,False,False,False,False,False,False,False,False,False,False,False,False,False,False,False,False,False,False,False,False,False,True
BRK50374,Sachin Mehta,2.0,4.9,Beginner,3.8086956521739133,False,False,False,False,False,False,False,False,False,False,False,False,False,False,False,False,False,False,False,False,False,False,False,True,False,False,False,False,False,False,False,True,False,False,False
BRK50375,Aarav Agarwla,9.0,3.3,Mid,3.905882352941177,False,False,False,False,False,False,False,False,False,False,False,False,False,False,False,False,False,False,False,False,False,False,False,False,False,False,True,False,False,False,False,False,False,False,True
BRK50376,Sachin Singh,3.0,4.8,Junior,3.5869565217391304,False,False,False,False,False,False,True,False,False,False,False,False,False,False,False,False,False,False,False,False,False,False,False,False,False,False,False,False,False,False,False,False,True,False,False
BRK50377,Vivaan Kulkarni,6.0,4.3,Mid,3.86,False,False,False,False,False,False,False,False,False,False,False,True,False,False,False,False,False,False,False,False,False,False,False,False,False,False,False,False,False,False,False,False,False,False,True
BRK50378,Anita Shah,7.0,3.1,Mid,3.6260869565217395,False,False,False,False,False,True,False,False,False,False,False,False,False,False,False,False,False,False,False,False,False,False,False,False,False,False,False,False,False,False,False,False,False,True,False
BRK50379,Sneha Chopra,2.0,2.8,Beginner,3.807142857142857,False,False,False,False,False,False,False,False,False,False,False,False,False,False,False,False,False,False,True,False,False,False,False,False,False,False,False,False,False,False,False,True,False,False,False
BRK50380,Aditi Sharma,7.0,4.7,Mid,3.4058823529411764,False,False,False,False,False,False,False,False,False,False,False,False,False,False,False,False,False,False,False,False,False,False,False,False,True,False,False,False,False,False,False,False,False,False,True
BRK50381,Mira Mehta,2.0,4.2,Beginner,3.808333333333333,False,False,False,False,False,False,False,False,False,False,False,False,False,False,False,False,False,False,False,False,False,False,False,False,False,True,False,False,False,False,False,False,False,True,False
BRK50382,Sachin Agarwal,8.0,5.0,Mid,3.738095238095238,False,False,False,False,False,False,False,False,False,True,False,False,False,False,False,False,False,False,False,False,False,False,False,False,False,False,False,False,False,False,False,False,False,False,False
BRK50383,Arjun Kapoor,3.0,2.8,Junior,3.5869565217391304,False,False,False,False,False,False,True,False,False,False,False,False,False,False,False,False,False,False,False,False,False,False,False,False,False,False,False,False,False,False,True,False,False,False,False
BRK50384,Anaya Singh,8.0,3.4,Mid,3.6260869565217395,False,False,False,False,False,True,False,False,False,False,False,False,False,False,False,False,False,False,False,False,False,False,False,False,False,False,False,False,False,False,False,False,True,False,False
BRK50385,Rohan Agarwal,5.0,4.1,Junior,3.9761904761904763,False,False,False,False,False,False,False,True,False,False,False,False,False,False,False,False,False,False,False,False,False,False,False,False,False,False,False,False,False,False,False,False,True,False,False
BRK50386,Anita Chopra,5.0,3.2,Junior,3.6260869565217395,False,False,False,False,False,True,False,False,False,False,False,False,False,False,False,False,False,False,False,False,False,False,False,False,False,False,False,False,False,False,True,False,False,False,False
BRK50387,Anita Iyer,10.0,3.554545454545455,Mid,3.5545454545454547,False,True,False,False,False,False,False,False,False,False,False,False,False,False,False,False,False,False,False,False,False,False,False,False,False,False,False,False,False,False,False,False,False,True,False
BRK50388,Sachin Chopra,5.0,4.5,Junior,3.808333333333333,False,False,False,False,False,False,False,False,False,False,False,False,False,False,False,False,False,False,False,False,False,False,False,False,False,True,False,False,False,False,False,False,False,True,False
BRK50389,Vivaan Reddy,3.0,4.3,Junior,3.905882352941177,False,False,False,False,False,False,False,False,False,False,False,False,False,False,False,False,False,False,False,False,False,False,False,False,False,False,True,False,False,False,False,False,False,True,False
BRK50390,Diya Chopra,4.0,2.6,Junior,3.629166666666667,False,False,False,False,False,False,False,False,False,False,False,False,False,False,False,False,False,False,False,False,False,False,False,False,False,False,False,False,False,False,False,False,False,True,False
BRK50391,Vihaan Chopra,8.0,4.8,Mid,4.185714285714286,False,False,False,False,False,False,False,False,False,False,False,False,False,False,False,False,False,False,False,False,False,True,False,False,False,False,False,False,False,False,True,False,False,False,False
BRK50392,Arjun Agarwal,10.0,3.6,Mid,3.78421052631579,False,False,False,False,False,False,False,False,False,False,False,False,False,False,False,False,False,False,False,False,False,False,False,False,False,False,False,False,False,True,False,False,False,False,False
BRK50393,Vivaan Nair,3.0,4.3,Junior,3.78421052631579,False,False,False,False,False,False,False,False,False,False,False,False,False,False,False,False,False,False,False,False,False,False,False,False,False,False,False,False,False,True,False,False,False,True,False
BRK50394,Vihaan Kapoor,4.0,3.5,Junior,3.522222222222222,False,False,False,False,False,False,False,False,False,False,False,False,False,False,False,False,True,False,False,False,False,False,False,False,False,False,False,False,False,False,False,False,True,False,False
BRK50395,Vihaan Kapoor,9.0,3.8,Mid,3.477777777777778,False,False,True,False,False,False,False,False,False,False,False,False,False,False,False,False,False,False,False,False,False,False,False,False,False,False,False,False,False,False,False,False,True,False,False
BRK50396,Sachin Gupta,9.0,3.4,Mid,3.9761904761904763,False,False,False,False,False,False,False,True,False,False,False,False,False,False,False,False,False,False,False,False,False,False,False,False,False,False,False,False,False,False,False,False,False,False,True
BRK50397,Vivaan Kulkarni,2.0,3.8,Beginner,3.55,False,False,False,False,False,False,False,False,False,False,False,False,False,False,False,False,False,True,False,False,False,False,False,False,False,False,False,False,False,False,False,False,False,False,True
BRK50398,Diya Chopra,5.0,3.1,Junior,3.4842105263157896,False,False,False,False,False,False,False,False,False,False,False,False,False,False,False,False,False,False,False,False,False,False,False,False,False,False,False,True,False,False,False,False,False,False,True
BRK50399,Anita Shah,4.0,3.3,Junior,3.4058823529411764,False,False,False,False,False,False,False,False,False,False,False,False,False,False,False,False,False,False,False,False,False,False,False,False,True,False,False,False,False,False,False,False,False,True,False
BRK50400,Ishaan Iyer,6.0,3.7,Mid,3.8041666666666667,True,False,False,False,False,False,False,False,False,False,False,False,False,False,False,False,False,False,False,False,False,False,False,False,False,False,False,False,False,False,False,False,True,False,False
BRK50401,Anita Das,12.0,3.65,Senior,3.65,False,False,False,False,False,False,False,False,False,False,False,False,False,True,False,False,False,False,False,False,False,False,False,False,False,False,False,False,False,False,False,False,False,False,False
BRK50402,Anaya Gupta,6.0,4.7,Mid,3.5458333333333334,False,False,False,False,False,False,False,False,False,False,False,False,False,False,False,True,False,False,False,False,False,False,False,False,False,False,False,False,False,False,False,True,False,False,False
BRK50403,Sneha Reddy,11.0,2.8,Senior,3.4842105263157896,False,False,False,False,False,False,False,False,False,False,False,False,False,False,False,False,False,False,False,False,False,False,False,False,False,False,False,True,False,False,False,False,True,False,False
BRK50404,Vihaan Agarwal,8.0,3.3,Mid,3.5458333333333334,False,False,False,False,False,False,False,False,False,False,False,False,False,False,False,True,False,False,False,False,False,False,False,False,False,False,False,False,False,False,False,True,False,False,False
BRK50405,Kabir Sharma,7.0,3.3,Mid,3.738095238095238,False,False,False,False,False,False,False,False,False,True,False,False,False,False,False,False,False,False,False,False,False,False,False,False,False,False,False,False,False,False,False,False,False,False,True
BRK50406,Rahul Gupta,8.0,2.9,Mid,3.65,False,False,False,False,True,False,False,False,False,False,False,False,False,False,False,False,False,False,False,False,False,False,False,False,False,False,False,False,False,False,False,False,False,False,True
BRK50407,Mira Mehta,8.0,4.9,Mid,3.6260869565217395,False,False,False,False,False,True,False,False,False,False,False,False,False,False,False,False,False,False,False,False,False,False,False,False,False,False,False,False,False,False,False,False,True,False,False
BRK50408,Aarav Kulkarni,2.0,3.2,Beginner,3.55,False,False,False,False,False,False,False,False,False,False,False,False,False,False,False,False,False,True,False,False,False,False,False,False,False,False,False,False,False,False,True,False,False,False,False
BRK50409,Ishaan Sharma,9.0,2.9,Mid,3.5869565217391304,False,False,False,False,False,False,True,False,False,False,False,False,False,False,False,False,False,False,False,False,False,False,False,False,False,False,False,False,False,False,False,True,False,False,False
BRK50410,Vivaan Kapoor,6.0,2.9,Mid,3.738095238095238,False,False,False,False,False,False,False,False,False,True,False,False,False,False,False,False,False,False,False,False,False,False,False,False,False,False,False,False,False,False,False,True,False,False,False
BRK50411,Anita Sharma,0.0,4.5,,3.629166666666667,False,False,False,False,False,False,False,False,False,False,False,False,False,False,False,False,False,False,False,False,False,False,False,False,False,False,False,False,False,False,False,False,True,False,False
BRK50412,Vivaan Das,3.0,3.3,Junior,3.738095238095238,False,False,False,False,False,False,False,False,False,True,False,False,False,False,False,False,False,False,False,False,False,False,False,False,False,False,False,False,False,False,False,False,False,False,True
BRK50413,Rahul Nair,8.0,3.5,Mid,3.5869565217391304,False,False,False,False,False,False,True,False,False,False,False,False,False,False,False,False,False,False,False,False,False,False,False,False,False,False,False,False,False,False,False,False,False,False,False
BRK50414,Vivaan Nair,9.0,4.2,Mid,3.807142857142857,False,False,False,False,False,False,False,False,False,False,False,False,False,False,False,False,False,False,True,False,False,False,False,False,False,False,False,False,False,False,False,True,False,False,False
BRK50415,Vihaan Reddy,1.0,4.8,Beginner,4.014285714285714,False,False,False,False,False,False,False,False,False,False,False,False,False,False,False,False,False,False,False,False,True,False,False,False,False,False,False,False,False,False,False,False,False,False,False
BRK50416,Priya Gupta,7.0,2.7,Mid,3.8041666666666667,True,False,False,False,False,False,False,False,False,False,False,False,False,False,False,False,False,False,False,False,False,False,False,False,False,False,False,False,False,False,False,False,False,True,False
BRK50417,Sneha Agarwal,0.0,3.0,,3.2125,False,False,False,False,False,False,False,False,False,False,False,False,False,False,False,False,False,False,False,True,False,False,False,False,False,False,False,False,False,False,False,False,False,False,False
BRK50418,Rohan Gupta,7.0,2.9,Mid,3.4058823529411764,False,False,False,False,False,False,False,False,False,False,False,False,False,False,False,False,False,False,False,False,False,False,False,False,True,False,False,False,False,False,False,False,False,True,False
BRK50419,Aarav Chopra,7.0,4.4,Mid,3.738095238095238,False,False,False,False,False,False,False,False,False,True,False,False,False,False,False,False,False,False,False,False,False,False,False,False,False,False,False,False,False,False,False,False,False,False,False
BRK50420,Aditi Kapoor,9.0,4.1,Mid,3.65,False,False,False,False,True,False,False,False,False,False,False,False,False,False,False,False,False,False,False,False,False,False,False,False,False,False,False,False,False,False,False,False,False,False,False
BRK50421,Mira Patel,5.0,4.5,Junior,3.9761904761904763,False,False,False,False,False,False,False,True,False,False,False,False,False,False,False,False,False,False,False,False,False,False,False,False,False,False,False,False,False,False,False,False,False,False,True
BRK50422,Rahul Das,2.0,2.5,Beginner,3.4058823529411764,False,False,False,False,False,False,False,False,False,False,False,False,False,False,False,False,False,False,False,False,False,False,False,False,True,False,False,False,False,False,False,True,False,False,False
BRK50423,Kabir Reddy,14.0,2.9,Senior,3.831578947368421,False,False,False,False,False,False,False,False,False,False,False,False,False,False,False,False,False,False,False,False,False,False,False,False,False,False,False,False,True,False,False,True,False,False,False
BRK50424,Aditi Kulkarni,7.0,3.7,Mid,4.014285714285714,False,False,False,False,False,False,False,False,False,False,False,False,False,False,False,False,False,False,False,False,True,False,False,False,False,False,False,False,False,False,False,False,False,False,False
BRK50425,Priya Shah,6.0,4.1,Mid,3.75,False,False,False,False,False,False,False,False,False,False,True,False,False,False,False,False,False,False,False,False,False,False,False,False,False,False,False,False,False,False,False,True,False,False,False
BRK50426,Sachin Reddy,4.0,4.3,Junior,3.5869565217391304,False,False,False,False,False,False,True,False,False,False,False,False,False,False,False,False,False,False,False,False,False,False,False,False,False,False,False,False,False,False,False,True,False,False,False
BRK50427,Vivaan Agarwal,12.0,4.0,Senior,3.629166666666667,False,False,False,False,False,False,False,False,False,False,False,False,False,False,False,False,False,False,False,False,False,False,False,False,False,False,False,False,False,False,False,False,False,True,False
BRK50428,Arjun Agarwal,1.0,3.4,Beginner,3.5869565217391304,False,False,False,False,False,False,True,False,False,False,False,False,False,False,False,False,False,False,False,False,False,False,False,False,False,False,False,False,False,False,False,True,False,False,False
BRK50429,Vihaan Chopra,11.0,2.6,Senior,3.5458333333333334,False,False,False,False,False,False,False,False,False,False,False,False,False,False,False,True,False,False,False,False,False,False,False,False,False,False,False,False,False,False,False,True,False,False,False
BRK50430,Rahul Kulkarni,4.0,3.2,Junior,3.522222222222222,False,False,False,False,False,False,False,False,False,False,False,False,False,False,False,False,True,False,False,False,False,False,False,False,False,False,False,False,False,False,False,False,True,False,False
BRK50431,Vivaan Khan,6.0,2.8,Mid,3.629166666666667,False,False,False,False,False,False,False,False,False,False,False,False,False,False,False,False,False,False,False,False,False,False,False,False,False,False,False,False,False,False,False,False,False,False,True
BRK50432,Sneha Kulkarni,6.0,4.8,Mid,3.629166666666667,False,False,False,False,False,False,False,False,False,False,False,False,False,False,False,False,False,False,False,False,False,False,False,False,False,False,False,False,False,False,True,False,False,False,False
BRK50433,Vivaan Singh,5.0,4.9,Junior,3.914285714285714,False,False,False,False,False,False,False,False,False,False,False,False,False,False,False,False,False,False,False,False,False,False,True,False,False,False,False,False,False,False,False,True,False,False,False
BRK50434,Anaya Nair,2.0,4.0,Beginner,3.905882352941177,False,False,False,False,False,False,False,False,False,False,False,False,False,False,False,False,False,False,False,False,False,False,False,False,False,False,True,False,False,False,False,False,True,False,False
BRK50435,Naaya Patel,1.0,4.8,Beginner,3.8086956521739133,False,False,False,False,False,False,False,False,False,False,False,False,False,False,False,False,False,False,False,False,False,False,False,True,False,False,False,False,False,False,False,False,False,False,True
BRK50436,Anaya Patel,5.0,4.0,Junior,3.5458333333333334,False,False,False,False,False,False,False,False,False,False,False,False,False,False,False,True,False,False,False,False,False,False,False,False,False,False,False,False,False,False,False,True,False,False,False
BRK50437,Mira Khan,1.0,3.7,Beginner,3.8041666666666667,True,False,False,False,False,False,False,False,False,False,False,False,False,False,False,False,False,False,False,False,False,False,False,False,False,False,False,False,False,False,False,False,False,True,False
BRK50438,Arjun Das,8.0,4.4,Mid,3.4842105263157896,False,False,False,False,False,False,False,False,False,False,False,False,False,False,False,False,False,False,False,False,False,False,False,False,False,False,False,True,False,False,False,False,False,False,True
BRK50439,Arjun Kapoor,6.0,3.3,Mid,3.5458333333333334,False,False,False,False,False,False,False,False,False,False,False,False,False,False,False,True,False,False,False,False,False,False,False,False,False,False,False,False,False,False,False,True,False,False,False
BRK50440,Kabir Gupta,10.0,4.9,Mid,3.4842105263157896,False,False,False,False,False,False,False,False,False,False,False,False,False,False,False,False,False,False,False,False,False,False,False,False,False,False,False,True,False,False,False,False,False,False,False
BRK50441,Vivaan Kapoor,4.0,3.8,Junior,3.8041666666666667,True,False,False,False,False,False,False,False,False,False,False,False,False,False,False,False,False,False,False,False,False,False,False,False,False,False,False,False,False,False,False,False,False,False,True
BRK50442,Vivaan Shah,5.0,4.6,Junior,3.9384615384615387,False,False,False,False,False,False,False,False,False,False,False,False,True,False,False,False,False,False,False,False,False,False,False,False,False,False,False,False,False,False,False,False,True,False,False
BRK50443,Mira Das,2.0,4.3,Beginner,3.86,False,False,False,False,False,False,False,False,False,False,False,True,False,False,False,False,False,False,False,False,False,False,False,False,False,False,False,False,False,False,False,False,False,True,False
BRK50444,Kabir Khan,6.0,4.2,Mid,3.738095238095238,False,False,False,False,False,False,False,False,False,True,False,False,False,False,False,False,False,False,False,False,False,False,False,False,False,False,False,False,False,False,True,False,False,False,False
BRK50445,Kabir Kulkarni,8.0,4.0,Mid,3.9384615384615387,False,False,False,False,False,False,False,False,False,False,False,False,True,False,False,False,False,False,False,False,False,False,False,False,False,False,False,False,False,False,False,False,False,True,False
BRK50446,Arjun Chopra,5.0,3.1,Junior,3.522222222222222,False,False,False,False,False,False,False,False,False,False,False,False,False,False,False,False,True,False,False,False,False,False,False,False,False,False,False,False,False,False,False,False,True,False,False
BRK50447,Rahul Agarwal,9.0,3.4,Mid,3.629166666666667,False,False,False,False,False,False,False,False,False,False,False,False,False,False,False,False,False,False,False,False,False,False,False,False,False,False,False,False,False,False,False,False,True,False,False
BRK50448,Ishaan Singh,13.0,3.6,Senior,3.86,False,False,False,False,False,False,False,False,False,False,False,True,False,False,False,False,False,False,False,False,False,False,False,False,False,False,False,False,False,False,True,False,False,False,False
BRK50449,Aidti Singh,8.0,3.6,Mid,3.4058823529411764,False,False,False,False,False,False,False,False,False,False,False,False,False,False,False,False,False,False,False,False,False,False,False,False,True,False,False,False,False,False,False,False,True,False,False
BRK50450,Arjun Khan,3.0,3.2,Junior,3.4842105263157896,False,False,False,False,False,False,False,False,False,False,False,False,False,False,False,False,False,False,False,False,False,False,False,False,False,False,False,True,False,False,False,False,True,False,False
BRK50451,Aarav Patel,2.0,3.4842105263157896,Beginner,3.4842105263157896,False,False,False,False,False,False,False,False,False,False,False,False,False,False,False,False,False,False,False,False,False,False,False,False,False,False,False,True,False,False,False,True,False,False,False
BRK50452,Sachin Kulkarni,10.0,3.8,Mid,3.6260869565217395,False,False,False,False,False,True,False,False,False,False,False,False,False,False,False,False,False,False,False,False,False,False,False,False,False,False,False,False,False,False,False,False,False,True,False
BRK50453,Vihaan Gupta,1.0,3.1,Beginner,3.629166666666667,False,False,False,False,False,False,False,False,False,False,False,False,False,False,False,False,False,False,False,False,False,False,False,False,False,False,False,False,False,False,False,False,True,False,False
BRK50454,Aarav Agarwal,11.0,3.784210526315789,Senior,3.78421052631579,False,False,False,False,False,False,False,False,False,False,False,False,False,False,False,False,False,False,False,False,False,False,False,False,False,False,False,False,False,True,False,False,True,False,False
BRK50455,Ishana Iyer,3.0,4.8,Junior,3.86,False,False,False,False,False,False,False,False,False,False,False,True,False,False,False,False,False,False,False,False,False,False,False,False,False,False,False,False,False,False,False,False,False,False,True
BRK50456,Vihaan Chopra,2.0,3.9,Beginner,3.738095238095238,False,False,False,False,False,False,False,False,False,True,False,False,False,False,False,False,False,False,False,False,False,False,False,False,False,False,False,False,False,False,True,False,False,False,False
BRK50457,Rohan Mehta,7.0,2.5,Mid,3.738095238095238,False,False,False,False,False,False,False,False,False,True,False,False,False,False,False,False,False,False,False,False,False,False,False,False,False,False,False,False,False,False,False,False,False,True,False
BRK50458,Arjun Singh,8.0,3.7,Mid,3.4842105263157896,False,False,False,False,False,False,False,False,False,False,False,False,False,False,False,False,False,False,False,False,False,False,False,False,False,False,False,True,False,False,False,False,False,True,False
BRK50459,Kabir Gupta,7.0,3.6,Mid,3.8041666666666667,True,False,False,False,False,False,False,False,False,False,False,False,False,False,False,False,False,False,False,False,False,False,False,False,False,False,False,False,False,False,False,False,True,False,False
BRK50460,Kabir Nair,1.0,3.7,Beginner,3.5458333333333334,False,False,False,False,False,False,False,False,False,False,False,False,False,False,False,True,False,False,False,False,False,False,False,False,False,False,False,False,False,False,False,False,False,True,False
BRK50461,Sachin Chopar,15.0,3.1,Senior,3.4058823529411764,False,False,False,False,False,False,False,False,False,False,False,False,False,False,False,False,False,False,False,False,False,False,False,False,True,False,False,False,False,False,False,True,False,False,False
BRK50462,Vivaan Singh,11.0,4.9,Senior,3.831578947368421,False,False,False,False,False,False,False,False,False,False,False,False,False,False,False,False,False,False,False,False,False,False,False,False,False,False,False,False,True,False,False,False,False,False,True
BRK50463,Sachin Shah,8.0,2.9,Mid,3.808333333333333,False,False,False,False,False,False,False,False,False,False,False,False,False,False,False,False,False,False,False,False,False,False,False,False,False,True,False,False,False,False,False,False,False,False,False
BRK50464,Arjun Das,7.0,4.7,Mid,3.522222222222222,False,False,False,False,False,False,False,False,False,False,False,False,False,False,False,False,True,False,False,False,False,False,False,False,False,False,False,False,False,False,False,False,False,False,True
BRK50465,Kabir Shah,13.0,2.9,Senior,3.477777777777778,False,False,True,False,False,False,False,False,False,False,False,False,False,False,False,False,False,False,False,False,False,False,False,False,False,False,False,False,False,False,False,False,False,False,True
BRK50466,Diya Nair,6.0,2.6,Mid,3.5869565217391304,False,False,False,False,False,False,True,False,False,False,False,False,False,False,False,False,False,False,False,False,False,False,False,False,False,False,False,False,False,False,False,False,False,False,True
BRK50467,Sachin Sharma,4.0,2.8,Junior,3.6666666666666665,False,False,False,True,False,False,False,False,False,False,False,False,False,False,False,False,False,False,False,False,False,False,False,False,False,False,False,False,False,False,False,True,False,False,False
BRK50468,Sneha Gupta,3.0,4.9,Junior,4.185714285714286,False,False,False,False,False,False,False,False,False,False,False,False,False,False,False,False,False,False,False,False,False,True,False,False,False,False,False,False,False,False,False,False,False,True,False
BRK50469,Diya Shah,11.0,3.4,Senior,3.55,False,False,False,False,False,False,False,False,False,False,False,False,False,False,False,False,False,True,False,False,False,False,False,False,False,False,False,False,False,False,False,False,False,False,True
BRK50470,Sneha Agarwal,3.0,3.545833333333333,Junior,3.5458333333333334,False,False,False,False,False,False,False,False,False,False,False,False,False,False,False,True,False,False,False,False,False,False,False,False,False,False,False,False,False,False,False,True,False,False,False
BRK50471,Sachin Khan,5.0,3.8,Junior,3.8041666666666667,True,False,False,False,False,False,False,False,False,False,False,False,False,False,False,False,False,False,False,False,False,False,False,False,False,False,False,False,False,False,False,False,False,False,True
BRK50472,Aditi Reddy,4.0,4.5,Junior,3.738095238095238,False,False,False,False,False,False,False,False,False,True,False,False,False,False,False,False,False,False,False,False,False,False,False,False,False,False,False,False,False,False,False,False,False,True,False
BRK50473,Rohan Shah,7.0,3.1,Mid,3.831578947368421,False,False,False,False,False,False,False,False,False,False,False,False,False,False,False,False,False,False,False,False,False,False,False,False,False,False,False,False,True,False,False,True,False,False,False
BRK50474,Priya Chopra,8.0,3.6,Mid,3.78421052631579,False,False,False,False,False,False,False,False,False,False,False,False,False,False,False,False,False,False,False,False,False,False,False,False,False,False,False,False,False,True,False,True,False,False,False
BRK50475,Ishaan Iyer,8.0,4.8,Mid,3.5869565217391304,False,False,False,False,False,False,True,False,False,False,False,False,False,False,False,False,False,False,False,False,False,False,False,False,False,False,False,False,False,False,False,False,False,True,False
BRK50476,Kabir Nair,12.0,4.2,Senior,3.6260869565217395,False,False,False,False,False,True,False,False,False,False,False,False,False,False,False,False,False,False,False,False,False,False,False,False,False,False,False,False,False,False,False,False,True,False,False
BRK50477,Anita Kulkarni,3.0,3.1,Junior,3.808333333333333,False,False,False,False,False,False,False,False,False,False,False,False,False,False,False,False,False,False,False,False,False,False,False,False,False,True,False,False,False,False,True,False,False,False,False
BRK50478,Anita Kapoor,5.0,4.3,Junior,3.522222222222222,False,False,False,False,False,False,False,False,False,False,False,False,False,False,False,False,True,False,False,False,False,False,False,False,False,False,False,False,False,False,False,True,False,False,False
BRK50479,Rohan Das,5.0,4.6,Junior,3.629166666666667,False,False,False,False,False,False,False,False,False,False,False,False,False,False,False,False,False,False,False,False,False,False,False,False,False,False,False,False,False,False,False,True,False,False,False
BRK50480,Vihaan Cohpra,9.0,3.5,Mid,3.9761904761904763,False,False,False,False,False,False,False,True,False,False,False,False,False,False,False,False,False,False,False,False,False,False,False,False,False,False,False,False,False,False,False,False,False,True,False
BRK50481,Anita Sharma,1.0,3.7,Beginner,3.522222222222222,False,False,False,False,False,False,False,False,False,False,False,False,False,False,False,False,True,False,False,False,False,False,False,False,False,False,False,False,False,False,True,False,False,False,False
BRK50482,Ishaan Nair,9.0,3.905882352941177,Mid,3.905882352941177,False,False,False,False,False,False,False,False,False,False,False,False,False,False,False,False,False,False,False,False,False,False,False,False,False,False,True,False,False,False,False,False,True,False,False
BRK50483,Anita Kulkarni,8.0,3.3,Mid,3.831578947368421,False,False,False,False,False,False,False,False,False,False,False,False,False,False,False,False,False,False,False,False,False,False,False,False,False,False,False,False,True,False,True,False,False,False,False
BRK50484,Rohan Patel,2.0,3.3,Beginner,3.5869565217391304,False,False,False,False,False,False,True,False,False,False,False,False,False,False,False,False,False,False,False,False,False,False,False,False,False,False,False,False,False,False,False,True,False,False,False
BRK50485,Vivaan Reddy,2.0,4.3,Beginner,3.808333333333333,False,False,False,False,False,False,False,False,False,False,False,False,False,False,False,False,False,False,False,False,False,False,False,False,False,True,False,False,False,False,False,False,True,False,False
BRK50486,Sachin Shah,4.0,4.6,Junior,3.6260869565217395,False,False,False,False,False,True,False,False,False,False,False,False,False,False,False,False,False,False,False,False,False,False,False,False,False,False,False,False,False,False,False,False,False,False,True
BRK50487,Aditi Khan,5.0,3.9,Junior,3.6260869565217395,False,False,False,False,False,True,False,False,False,False,False,False,False,False,False,False,False,False,False,False,False,False,False,False,False,False,False,False,False,False,False,False,False,False,False
BRK50488,Rahul Mehta,6.0,3.4,Mid,3.522222222222222,False,False,False,False,False,False,False,False,False,False,False,False,False,False,False,False,True,False,False,False,False,False,False,False,False,False,False,False,False,False,False,False,False,True,False
BRK50489,Aarav Das,6.0,4.3,Mid,3.75,False,False,False,False,False,False,False,False,False,False,True,False,False,False,False,False,False,False,False,False,False,False,False,False,False,False,False,False,False,False,False,False,False,False,False
BRK50490,Vihaan Nair,6.0,3.2,Mid,3.5545454545454547,False,True,False,False,False,False,False,False,False,False,False,False,False,False,False,False,False,False,False,False,False,False,False,False,False,False,False,False,False,False,False,False,False,False,False
BRK50491,Kabir Gupta,1.0,2.6,Beginner,3.808333333333333,False,False,False,False,False,False,False,False,False,False,False,False,False,False,False,False,False,False,False,False,False,False,False,False,False,True,False,False,False,False,False,False,False,False,True
BRK50492,Vivaan Gupta,2.0,4.0,Beginner,3.9761904761904763,False,False,False,False,False,False,False,True,False,False,False,False,False,False,False,False,False,False,False,False,False,False,False,False,False,False,False,False,False,False,True,False,False,False,False
BRK50493,Rahul Kulkarni,2.0,2.5,Beginner,3.5458333333333334,False,False,False,False,False,False,False,False,False,False,False,False,False,False,False,True,False,False,False,False,False,False,False,False,False,False,False,False,False,False,False,False,True,False,False
BRK50494,Vihaan Nair,4.0,4.1,Junior,3.4058823529411764,False,False,False,False,False,False,False,False,False,False,False,False,False,False,False,False,False,False,False,False,False,False,False,False,True,False,False,False,False,False,False,False,False,False,False
BRK50495,Vihaan Shah,6.0,3.5,Mid,3.8041666666666667,True,False,False,False,False,False,False,False,False,False,False,False,False,False,False,False,False,False,False,False,False,False,False,False,False,False,False,False,False,False,False,True,False,False,False
BRK50496,Diya Shah,5.0,3.9,Junior,3.831578947368421,False,False,False,False,False,False,False,False,False,False,False,False,False,False,False,False,False,False,False,False,False,False,False,False,False,False,False,False,True,False,False,False,True,False,False
BRK50497,Vihaan Kapoor,9.0,3.2,Mid,4.014285714285714,False,False,False,False,False,False,False,False,False,False,False,False,False,False,False,False,False,False,False,False,True,False,False,False,False,False,False,False,False,False,True,False,False,False,False
BRK50498,Sachin Nair,5.0,3.9384615384615387,Junior,3.9384615384615387,False,False,False,False,False,False,False,False,False,False,False,False,True,False,False,False,False,False,False,False,False,False,False,False,False,False,False,False,False,False,False,False,False,True,False
BRK50499,Anita Shah,1.0,4.6,Beginner,3.86,False,False,False,False,False,False,False,False,False,False,False,True,False,False,False,False,False,False,False,False,False,False,False,False,False,False,False,False,False,False,False,False,True,False,False
