customer_id,full_name,email,phone,city,annual_income,segment,first_name,last_name
cust102960,rahul agarwal,rahul.gupta474@gmail.com,8816961399,ahmedabad,175493,mid,rahul,agarwal
cust100793,akbir kapoor,vihaan.kulkarni779@outlook.com,2773855351,surrat,127729,mid,akbir,kapoor
cust101102,sachin kulkarni,anita.kulkarni860@gmail.com,4919670188,noida,142655,premium,sachin,kulkarni
cust100259,kabir singh,sachin.iyer853@yahoo.com,3209292225,bengluru,237286,premium,kabir,singh
cust102872,aditi iyer,arjun.kapoor526@gmail.com,109782905,chennai,85352,budget,aditi,iyer
cust100548,rahul chopra,kabir.sharma574@gmail.com,5324268986,hyderabad,212507,premium,rahul,chopra
cust101786,vivaan mehta,rohan.kulkarni259@outlook.com,5659994174,pune,200001,budget,vivaan,mehta
cust100202,kabir patel,,8318632013,surat,68533,budget,kabir,patel
cust101133,aditi nair,ishaan.patel249@outlook.com,7346332390,mumbaai,189115,luxury,aditi,nair
cust103945,rahul khan,,2267744526,bangalore,78202,mid,rahul,khan
cust102959,ishaan patel,diya.gupta549@yahoo.com,9678518534,nodia,294383,luxury,ishaan,patel
cust102288,anita shah,arjun.kulkarni149@example.com,9788500999,hydrabad,338397,luxury,anita,shah
cust102295,rahul shah,anita.das295@example.com,8838794184,kolkata,415511,budget,rahul,shah
cust104828,vivaan kulkarni,sneha.patel919@example.com,4617497662,bangalore,87456,mid,vivaan,kulkarni
cust100235,priya chopra,ishaan.reddy59@yahoo.com,1327017104,ahmedabad,328679,budget,priya,chopra
cust102241,ishaan nair,rahul.reddy368@example.com,6693302508,surat,371468,budget,ishaan,nair
cust100070,kabir shah,anita.khan326@yahoo.com,880200329,kolkata,399746,budget,kabir,shah
cust104802,vivaan mehta,aarav.iyer165@gmail.com,5278308165,nodia,39689,luxury,vivaan,mehta
cust100660,diya iyre,kabir.gupta183@yahoo.com,7238448668,bangalore,82405,luxury,diya,iyre
cust103962,anaya sharma,aarav.chopra865@example.com,7130674606,hyderbad,183035,mid,anaya,sharma
cust104236,anaya khan,vihaan.kulkarni249@example.com,4342776298,mumbai,91296,luxury,anaya,khan
cust101035,anita khan,vihaan.kapoor856@outlook.com,8341929334,noida,238638,luxury,anita,khan
cust102932,aditi patel,sachin.mehta198@gmail.com,1813813053,jaypur,228886,mid,aditi,patel
cust103957,anita kapoor,rahul.sharma271@yahoo.com,7336619093,chennai,63819,mid,anita,kapoor
cust102580,diya mehta,aditi.sharma844@outlook.com,171145233,ahemdabad,201254,budget,diya,mehta
cust101696,kabir patel,diya.khan609@gmail.com,7886563845,hydrabad,83326,mid,kabir,patel
cust102537,anaya agarwal,aditi.das826@gmail.com,6373085915,poona,368733,luxury,anaya,agarwal
cust103346,rohan chopra,kabir.shah989@example.com,2105435631,mumbai,97272,mid,rohan,chopra
cust101084,diya iyer,sachin.sharma438@yahoo.com,6055564424,chennnai,112788,mid,diya,iyer
cust103014,rahul kapoor,diya.gupta307@example.com,1572333498,hydrabad,109531,luxury,rahul,kapoor
cust103527,kabir khan,sachin.shah619@gmail.com,2238833714,poona,343457,luxury,kabir,khan
cust104849,vihaan nair,kabir.chopra482@example.com,5386873646,mumbay,370292,luxury,vihaan,nair
cust103088,aditi iyer,vivaan.singh439@outlook.com,71329134,dehli,211290,luxury,aditi,iyer
cust102878,aditi das,ishaan.gupta417@outlook.com,8039141059,mumbay,180962,luxury,aditi,das
cust103127,vivaan shah,vihaan.kulkarni680@outlook.com,7618416074,gurugrm,149417,budget,vivaan,shah
cust102360,rohan patel,vihaan.das625@yahoo.com,1822079057,hyderbad,297568,luxury,rohan,patel
cust104138,arjun nair,anita.patel498@example.com,4360174666,nodia,168099,mid,arjun,nair
cust104391,aarav kapoor,sneha.shah268@example.com,1170662385,gurugrm,69289,premium,aarav,kapoor
cust100148,aarav kapoor,kabir.das715@outlook.com,9728950441,gurgaon,137494,budget,aarav,kapoor
cust102865,vihaan reddy,sneha.das290@outlook.com,2726988945,jaipur,241504,premium,vihaan,reddy
cust102564,anaya nair,,6322020329,punna,86031,budget,anaya,nair
cust102339,aarav gupta,diya.mehta38@yahoo.com,7332274416,calcutta,263583,premium,aarav,gupta
cust101887,aarav nair,arjun.chopra284@example.com,5018383867,nodia,47932,mid,aarav,nair
cust101483,anita nair,sachin.agarwal531@example.com,400072125,surat,55362,luxury,anita,nair
cust100256,sneha gupta,diya.reddy996@yahoo.com,2948728690,ahemdabad,122897,luxury,sneha,gupta
cust103214,priya chopra,vihaan.das508@example.com,4762970028,bangalore,222818,luxury,priya,chopra
cust103173,arjun nair,sachin.agarwal901@yahoo.com,2758044025,chennnai,108259,budget,arjun,nair
cust101539,vivaan reddy,sneha.das287@outlook.com,4429303884,dehli,74698,luxury,vivaan,reddy
cust104531,kabir gupta,kabir.shah344@yahoo.com,4382038308,surat,327995,premium,kabir,gupta
cust101144,vivaan sharma,aditi.shah729@yahoo.com,5505222236,nodia,373257,luxury,vivaan,sharma
cust102244,vivaan patel,aditi.shah745@yahoo.com,5445926768,calcutta,268129,mid,vivaan,patel
cust100471,sneha sharma,ishaan.iyer877@gmail.com,9678098053,mumbay,174727,mid,sneha,sharma
cust101589,priya shha,rohan.patel267@outlook.com,2502806646,hydrabad,249782,premium,priya,shha
cust102377,arjun patel,ishaan.chopra618@example.com,9964853179,delhi,147537,mid,arjun,patel
cust101353,aditi das,,9037798657,delhi,165149,luxury,aditi,das
cust102573,kabir gupta,priya.kulkarni707@outlook.com,3072836498,gurugram,200770,premium,kabir,gupta
cust104879,kabir chopra,ishaan.agarwal509@gmail.com,216902062,calcutta,80869,mid,kabir,chopra
cust102850,sachin das,priya.gupta350@yahoo.com,7123255914,ahmedabad,82177,luxury,sachin,das
cust100936,mira chopra,rahul.chopra436@yahoo.com,3160265566,bangalore,94376,luxury,mira,chopra
cust103505,diya kulkarni,sachin.kapoor932@outlook.com,9696534630,delhi,325440,mid,diya,kulkarni
cust102304,priya agarwal,priya.mehta750@gmail.com,153366445,gurugrm,97234,mid,priya,agarwal
cust101683,vihaan agarwal,aarav.kulkarni553@example.com,4321634127,bengluru,177065,premium,vihaan,agarwal
cust104741,aarav iyer,mira.agarwal138@outlook.com,3477728104,calcutta,95792,luxury,aarav,iyer
cust100013,vivaan nair,diya.chopra188@example.com,7005031708,chennai,139133,luxury,vivaan,nair
cust102485,kabir sharma,anaya.chopra518@gmail.com,9248863955,nodia,140846,premium,kabir,sharma
cust101223,priya singh,rohan.khan991@gmail.com,7571063121,surat,72275,budget,priya,singh
cust104077,diya khan,rohan.das298@gmail.com,2944116715,calcutta,113684,premium,diya,khan
cust103681,mira gupta,,3514493138,bengaluru,205158,budget,mira,gupta
cust101664,ishaan singh,rahul.patel234@outlook.com,1115893470,bengaluru,133905,premium,ishaan,singh
cust100564,ishaan nair,ishaan.gupta229@outlook.com,4465550146,hyderabad,734163,mid,ishaan,nair
cust104575,arjun agarwal,arjun.nair207@yahoo.com,8234150190,chennnai,256952,premium,arjun,agarwal
cust103024,kabir sharma,priya.gupta895@gmail.com,9665978468,kolkata,170617,mid,kabir,sharma
cust102639,sachin reddy,vivaan.singh953@outlook.com,6167519909,chennnai,443594,premium,sachin,reddy
cust104295,priya mehta,rahul.iyer755@outlook.com,3881957689,hydrabad,200969,mid,priya,mehta
cust103531,aditi kulkarni,vihaan.kulkarni888@outlook.com,2522873762,bangalore,565856,premium,aditi,kulkarni
cust101508,aditi kulkarni,sachin.nair400@yahoo.com,5382975050,poona,363990,mid,aditi,kulkarni
cust101555,ishaan mehta,sachin.mehta602@example.com,7367368374,bengluru,28469,luxury,ishaan,mehta
cust102330,aditi khan,mira.das195@outlook.com,8868477020,surat,252391,luxury,aditi,khan
cust102582,sneha singh,anita.shah823@example.com,9862682213,dehli,297288,luxury,sneha,singh
cust103623,mira mehta,arjun.kapoor458@gmail.com,1835558196,dehli,115299,mid,mira,mehta
cust101498,vivaan kulakrni,vivaan.agarwal445@example.com,3523864167,hydrabad,565587,mid,vivaan,kulakrni
cust101341,sachi nnair,vihaan.khan878@yahoo.com,8529121144,jaipur,237615,mid,sachi,nnair
cust100773,vihaan nair,kabir.iyer385@yahoo.com,6758314544,hydrabad,163914,budget,vihaan,nair
cust103859,arjun agarwal,aditi.sharma136@example.com,7700727538,chennai,429912,premium,arjun,agarwal
cust103094,vihaan singh,rohan.gupta888@example.com,9924652731,ahmedabad,96154,mid,vihaan,singh
cust102799,kabir shah,vivaan.kulkarni821@example.com,8170734365,ahmedabad,262158,mid,kabir,shah
cust100383,anita singh,aarav.gupta834@outlook.com,3999337464,dehli,92189,mid,anita,singh
cust102805,ishaan sharma,ishaan.mehta513@gmail.com,4637164537,kalkata,199619,premium,ishaan,sharma
cust102296,priya kapoor,diya.sharma98@example.com,6937434067,mumbay,127709,mid,priya,kapoor
cust100953,diya kapoor,sachin.chopra473@example.com,5369184531,kolkata,299674,premium,diya,kapoor
cust103039,anita gupta,anita.iyer93@gmail.com,6137412086,surat,132394,mid,anita,gupta
cust101758,rahul mehta,aarav.das734@yahoo.com,4127925811,calcutta,73477,premium,rahul,mehta
cust101680,anita kulkarni,sachin.agarwal515@yahoo.com,8895620473,bangalore,124985,premium,anita,kulkarni
cust102929,sneha kapoor,anaya.sharma701@yahoo.com,5392527698,jaypur,122964,mid,sneha,kapoor
cust102806,rahul singh,arjun.patel556@gmail.com,1347665536,ahmedabad,103001,premium,rahul,singh
cust101796,diya shah,rohan.kulkarni92@gmail.com,1754891327,punna,102032,budget,diya,shah
cust104694,mira reddy,vihaan.chopra734@gmail.com,69057524,calcutta,170301,premium,mira,reddy
cust104502,arjun kulkarni,,3912001100,noida,71739,premium,arjun,kulkarni
cust101112,aditi khan,arjun.kapoor971@yahoo.com,3122645146,chennai,201610,mid,aditi,khan
cust102333,aditi mehta,,2063831111,hydrabad,143729,luxury,aditi,mehta
cust104823,rohan nair,vivaan.nair919@yahoo.com,5789352982,ahmedabad,173318,premium,rohan,nair
cust101176,mira patel,diya.patel616@gmail.com,790363030,mumbaai,485583,premium,mira,patel
cust102895,sachin patel,aarav.kulkarni964@example.com,8755023556,ahmedabad,256395,luxury,sachin,patel
cust100199,sneha patel,sachin.shah552@outlook.com,5464308964,hydrabad,177769,premium,sneha,patel
cust104200,mira nair,vivaan.patel991@gmail.com,6480535515,kolkata,165125,budget,mira,nair
cust103102,ishaan sharma,vihaan.sharma907@outlook.com,8528534710,kolkata,99476,budget,ishaan,sharma
cust102066,kabri iyer,aarav.khan35@example.com,6798382751,jaipur,294531,luxury,kabri,iyer
cust100904,aditi agarwal,anaya.shah878@example.com,2916325507,chennai,260315,budget,aditi,agarwal
cust104317,rahul gupta,kabir.kulkarni922@yahoo.com,1246992176,hyderbad,211639,budget,rahul,gupta
cust100030,sachin kapoor,vivaan.das893@yahoo.com,7070032723,hyderbad,104242,budget,sachin,kapoor
cust100187,kabir iyer,sneha.mehta131@example.com,5601824382,pune,252380,premium,kabir,iyer
cust100489,anaya singh,anita.reddy136@yahoo.com,8965181892,kalkata,178547,premium,anaya,singh
cust104073,kabir patel,vivaan.agarwal813@example.com,6398990566,surrat,272381,budget,kabir,patel
cust102069,priyap atel,vivaan.gupta567@yahoo.com,9171323589,hyderabad,228398,mid,priyap,atel
cust103794,aarav das,diya.chopra195@yahoo.com,555490973,surrat,361285,luxury,aarav,das
cust104439,diya mehta,anita.mehta157@yahoo.com,2112955274,mumbay,64117,mid,diya,mehta
cust101028,arjun iyer,ishaan.reddy72@yahoo.com,2103996746,bengluru,216239,premium,arjun,iyer
cust100289,anaya shah,kabir.reddy363@example.com,3561606024,nodia,276906,budget,anaya,shah
cust104459,diya shah,ishaan.das820@example.com,3058919599,bengluru,76853,mid,diya,shah
cust103960,vivaan nair,ishaan.kapoor221@yahoo.com,5142993957,chennnai,186705,premium,vivaan,nair
cust101009,aditi khan,anaya.kulkarni27@example.com,5283974018,chennai,87642,budget,aditi,khan
cust102881,vihaan kulkarni,anaya.kulkarni766@yahoo.com,1734140161,ahemdabad,255220,premium,vihaan,kulkarni
cust104167,aarav kulkarni,sneha.kulkarni489@gmail.com,5428477914,gurugram,137455,budget,aarav,kulkarni
cust104944,mira shah,sachin.chopra642@example.com,917473439,mumbai,166746,mid,mira,shah
cust100400,kabir gupta,rohan.chopra569@example.com,9023141854,bangalore,157000,budget,kabir,gupta
cust102844,anita iyer,rohan.kapoor63@example.com,703606769,gurgaon,86591,budget,anita,iyer
cust101179,sneha das,,8092174752,chennai,212948,premium,sneha,das
cust102167,kabir das,rohan.agarwal502@example.com,1916833397,mumbaai,251368,luxury,kabir,das
cust100912,rahu lmehta,sneha.chopra318@example.com,15575966,gurgaon,147126,premium,rahu,lmehta
cust102368,aarav reddy,anita.shah976@example.com,2631789310,mumbaai,81116,premium,aarav,reddy
cust100466,kbair patel,arjun.mehta112@example.com,6494501187,bengaluru,172475,premium,kbair,patel
cust103559,rahul chopra,anaya.shah15@gmail.com,2293364000,noida,131999,luxury,rahul,chopra
cust103412,mira sharma,aarav.kapoor914@example.com,9533234694,kolkata,135891,budget,mira,sharma
cust100956,arjun gupta,ishaan.patel250@yahoo.com,9472744994,chennai,414405,mid,arjun,gupta
cust100785,rahul das,arjun.singh305@yahoo.com,9222313599,ahmedabad,63755,budget,rahul,das
cust101854,anaya gupta,,2664838211,mumbaai,57754,luxury,anaya,gupta
cust101707,sneha sharma,vivaan.gupta13@yahoo.com,9735645696,nodia,299371,premium,sneha,sharma
cust100837,kabir singh,arjun.iyer177@outlook.com,6308407876,mumbaai,84098,budget,kabir,singh
cust102778,aarav patel,,9120908458,mumbaai,207550,budget,aarav,patel
cust100852,rahul kapoor,kabir.kapoor131@gmail.com,2746037381,ahemdabad,402055,premium,rahul,kapoor
cust103209,kabir chopra,diya.agarwal139@example.com,8729245886,bengluru,96937,luxury,kabir,chopra
cust102942,arjun chopra,ishaan.shah441@example.com,53487676,dehli,190984,premium,arjun,chopra
cust100943,ishaan khan,sneha.mehta866@example.com,496784107,bengaluru,312607,premium,ishaan,khan
cust101878,arjun gupta,vivaan.das279@outlook.com,2445881960,hyderbad,672176,budget,arjun,gupta
cust100250,sachin das,arjun.sharma689@yahoo.com,9401462193,mumbai,147242,luxury,sachin,das
cust102716,mira kulkarni,aarav.das603@yahoo.com,5513942888,jaypur,375999,mid,mira,kulkarni
cust102518,vihaan shah,vivaan.iyer326@gmail.com,8358520440,bengluru,217926,mid,vihaan,shah
cust104853,arjun mehta,sachin.nair246@example.com,6294599986,surrat,129406,premium,arjun,mehta
cust103609,arjun gupta,vihaan.iyer375@outlook.com,1375581929,gurugrm,113413,budget,arjun,gupta
cust103887,anita iyer,rahul.kapoor36@outlook.com,8485549974,surat,212544,luxury,anita,iyer
cust101210,kabir singh,sachin.reddy551@outlook.com,6115522141,ahemdabad,112165,luxury,kabir,singh
cust103967,aarav sharma,rahul.singh58@example.com,9808594391,gurugrm,354882,luxury,aarav,sharma
cust103348,aditi nair,rahul.singh599@gmail.com,5511665925,bengaluru,180787,luxury,aditi,nair
cust104146,priya uklkarni,vihaan.nair254@yahoo.com,8327470315,chennnai,127633,budget,priya,uklkarni
cust101196,rahul sharma,mira.singh571@yahoo.com,149457839,surrat,117197,luxury,rahul,sharma
cust103443,mira patel,diya.singh120@yahoo.com,6004288455,hyderabad,159806,budget,mira,patel
cust101264,anaya reddy,sachin.kulkarni177@yahoo.com,5223799296,poona,99866,budget,anaya,reddy
cust104867,rohan singh,rahul.singh855@gmail.com,5083858341,calcutta,168039,premium,rohan,singh
cust101820,sneha gupta,priya.kulkarni65@yahoo.com,818513461,mumbaai,70148,budget,sneha,gupta
cust103330,aarav patel,priya.kapoor45@yahoo.com,258415647,jaypur,284903,budget,aarav,patel
cust103894,anita das,vivaan.iyer394@gmail.com,1005276145,kalkata,383300,luxury,anita,das
cust104052,aarav singh,aarav.das770@yahoo.com,1866550784,chennai,244004,luxury,aarav,singh
cust100124,rahul khan,,9614324079,chennai,155517,mid,rahul,khan
cust102055,ishaan agarwal,vihaan.mehta271@gmail.com,224537884,surrat,168145,mid,ishaan,agarwal
cust100901,arjun khan,priya.patel419@yahoo.com,4171139451,chennnai,117468,premium,arjun,khan
cust101699,vihaan sharma,ishaan.reddy254@gmail.com,5140378496,chennnai,299918,budget,vihaan,sharma
cust102770,anaya chopra,rohan.gupta387@gmail.com,4715965220,noida,110861,luxury,anaya,chopra
cust100549,rohan agarwal,vihaan.agarwal730@outlook.com,2435630342,ahemdabad,146001,budget,rohan,agarwal
cust103223,sneha reddy,,1256632498,ahemdabad,485524,premium,sneha,reddy
cust104749,anaya patel,,1533096188,bangalore,102696,luxury,anaya,patel
cust101513,vivaan patle,aditi.shah552@gmail.com,4290311946,jaypur,111843,budget,vivaan,patle
cust101415,diya gupta,sachin.chopra769@gmail.com,2053878800,mumbay,79848,luxury,diya,gupta
cust102952,rohan kulkrani,kabir.nair478@outlook.com,3102736002,surat,201650,mid,rohan,kulkrani
cust103091,anita khan,sneha.mehta41@example.com,2659908556,dehli,211242,luxury,anita,khan
cust100645,diya kapoor,anita.agarwal694@outlook.com,350956927,calcutta,229474,budget,diya,kapoor
cust102849,anita agarwal,ishaan.chopra473@gmail.com,8859173096,mumbay,140882,budget,anita,agarwal
cust104224,aditi patel,mira.khan903@outlook.com,3573968805,bangalore,74043,luxury,aditi,patel
cust103379,rohan iyer,anaya.kapoor844@example.com,9344267651,noida,103655,mid,rohan,iyer
cust103279,mira reddy,aditi.chopra206@yahoo.com,7828169573,hyderabad,57152,premium,mira,reddy
cust103596,anaya kulkarni,arjun.reddy849@example.com,996241685,chennai,208199,budget,anaya,kulkarni
cust103272,anita das,aarav.nair130@yahoo.com,2184130226,punna,119071,premium,anita,das
cust104617,ishaan nair,kabir.agarwal217@example.com,3562177819,hyderabad,40633,mid,ishaan,nair
cust102062,rohan sharma,,7068220838,new delhi,137011,mid,rohan,sharma
cust103610,ishaan patel,diya.patel399@example.com,1530002434,noida,90841,premium,ishaan,patel
cust100493,ishaan singh,sachin.mehta486@example.com,1163502381,noida,120871,budget,ishaan,singh
cust102974,vihaan mehta,aditi.gupta876@gmail.com,9528055781,jaipur,169755,mid,vihaan,mehta
cust103402,anita singh,sneha.patel39@example.com,8830249099,punna,195881,premium,anita,singh
cust104717,rahul reddy,rahul.kapoor545@outlook.com,9216472952,punna,414507,budget,rahul,reddy
cust100916,rahul agarwal,aditi.mehta313@gmail.com,446117504,hydrabad,77605,luxury,rahul,agarwal
cust100721,ishaan iyer,kabir.patel937@example.com,3409378549,kolkata,120910,budget,ishaan,iyer
cust100534,anaya agarwal,aarav.iyer142@outlook.com,6762716636,bangalore,180845,premium,anaya,agarwal
cust101710,ishaan mehta,priya.sharma128@outlook.com,7672065099,chennnai,198186,budget,ishaan,mehta
cust104898,arjun kulkarni,vihaan.reddy137@example.com,9682584444,noida,333524,mid,arjun,kulkarni
cust100113,mira patel,priya.sharma403@example.com,4359449749,mumbaai,228554,mid,mira,patel
cust100185,anita kapoor,rohan.nair487@example.com,1926812448,surrat,53515,luxury,anita,kapoor
cust104007,rahul shah,kabir.nair688@example.com,9805555291,ahemdabad,129004,budget,rahul,shah
cust100826,aditi patel,ishaan.singh40@outlook.com,3581481314,surat,272047,budget,aditi,patel
cust100978,priya nair,vihaan.kulkarni191@yahoo.com,2153293514,bangalore,308855,luxury,priya,nair
cust103297,rohan gupta,sneha.chopra277@example.com,4871385778,hydrabad,163548,budget,rohan,gupta
cust104510,rohan kapoor,rahul.gupta784@gmail.com,6303270112,calcutta,78132,luxury,rohan,kapoor
cust104451,mira singh,anaya.iyer870@outlook.com,9319417725,hyderbad,55046,mid,mira,singh
cust103564,anaya gupta,kabir.reddy714@yahoo.com,6326941090,mumbai,174610,luxury,anaya,gupta
cust100906,mira iyer,arjun.khan4@example.com,8617397455,chennnai,225581,mid,mira,iyer
cust101177,rohan singh,aditi.mehta152@outlook.com,5562967819,hydrabad,64424,mid,rohan,singh
cust101676,aidti sharma,arjun.reddy499@example.com,5739907411,surat,387618,premium,aidti,sharma
cust101894,vivaan nair,arjun.reddy874@gmail.com,3714656978,jaipur,77952,luxury,vivaan,nair
cust103202,diya sharma,,1402981303,surat,168014,budget,diya,sharma
cust102054,priya gupta,anita.reddy620@gmail.com,5892606893,dehli,147951,mid,priya,gupta
cust104553,mira das,anaya.iyer966@gmail.com,2975870028,mumbaai,155735,mid,mira,das
cust101488,kabir cohpra,vihaan.khan521@yahoo.com,6301119109,ahemdabad,135256,luxury,kabir,cohpra
cust103282,ishaan gupta,kabir.kapoor771@yahoo.com,8333323155,mumbai,249111,luxury,ishaan,gupta
cust104203,diya gupta,diya.kapoor90@example.com,7582961039,punna,119521,luxury,diya,gupta
cust102608,vihaan patel,sachin.das635@outlook.com,7962922056,chennnai,116884,mid,vihaan,patel
cust100788,aditi iyer,aditi.agarwal846@gmail.com,7477799301,ahemdabad,119195,luxury,aditi,iyer
cust104456,sneha chopra,priya.chopra94@yahoo.com,6777451975,mumbaai,32256,premium,sneha,chopra
cust102840,ishaan chopra,anaya.kulkarni155@yahoo.com,2079941115,pune,345468,budget,ishaan,chopra
cust100447,kabir patel,rahul.agarwal396@example.com,5649057606,hyderbad,211713,mid,kabir,patel
cust103720,vihana gupta,aarav.mehta894@gmail.com,3279157227,noida,70085,luxury,vihana,gupta
cust104925,mira chopra,kabir.reddy691@yahoo.com,2494738145,kalkata,110116,budget,mira,chopra
cust100192,priya kapoor,diya.kapoor840@outlook.com,446760437,mumbai,311590,mid,priya,kapoor
cust103213,priya iyer,anaya.agarwal350@outlook.com,4010287431,surat,116419,luxury,priya,iyer
cust102017,scahin gupta,aarav.gupta938@gmail.com,7310804822,calcutta,503906,mid,scahin,gupta
cust102192,mira mehta,aditi.patel588@example.com,5167613356,hyderbad,509532,premium,mira,mehta
cust100502,diya agarwal,anaya.kapoor12@example.com,9266297453,bangalore,216805,budget,diya,agarwal
cust104778,priya iyer,rahul.agarwal368@yahoo.com,6264708655,pune,261275,premium,priya,iyer
cust103807,vihaan kulkarni,priya.khan748@outlook.com,1174589831,gurgaon,296854,premium,vihaan,kulkarni
cust104591,sachin chopra,arjun.agarwal297@gmail.com,2657302292,gurgaon,261723,luxury,sachin,chopra
cust102226,anaya singh,rohan.mehta941@gmail.com,6020903730,gurugram,440982,budget,anaya,singh
cust103724,sneha reddy,rahul.nair938@outlook.com,1732637805,poona,136607,budget,sneha,reddy
cust103956,rahul kapoor,anita.reddy163@yahoo.com,7398225413,ahmedabad,49139,premium,rahul,kapoor
cust100406,anaya kapoor,sachin.mehta322@outlook.com,6858130994,chennnai,363085,luxury,anaya,kapoor
cust104076,sachin das,priya.sharma699@gmail.com,9550094096,new delhi,59087,premium,sachin,das
cust102625,ishaan gupta,rohan.patel357@yahoo.com,4958550891,chennnai,180932,premium,ishaan,gupta
cust104180,aditi patel,priya.gupta575@yahoo.com,7936519450,mumbai,225422,budget,aditi,patel
cust104060,vihaan gupta,mira.kulkarni915@gmail.com,7410920552,hydrabad,119465,budget,vihaan,gupta
cust100135,anita agarwal,anaya.iyer632@gmail.com,8703601164,kolkata,54206,budget,anita,agarwal
cust103050,vihaan khan,priya.sharma738@example.com,9329467960,surrat,160811,budget,vihaan,khan
cust103993,mira chopra,sachin.iyer819@gmail.com,9374737713,mumbay,319729,luxury,mira,chopra
cust101438,anaya singh,rohan.kulkarni329@example.com,1544703526,surrat,69660,mid,anaya,singh
cust102815,sachin shah,aditi.kulkarni50@example.com,6864816541,chennnai,129050,luxury,sachin,shah
cust100546,mira das,aarav.patel681@yahoo.com,9445815662,mumbay,146332,mid,mira,das
cust101435,aarav chopra,vivaan.iyer28@gmail.com,4189564660,dehli,462384,premium,aarav,chopra
cust101785,mira gupta,rahul.das557@gmail.com,8624328148,noida,494053,premium,mira,gupta
cust101798,aarav singh,sachin.shah989@gmail.com,1880756495,hyderbad,97055,luxury,aarav,singh
cust103657,diya mehta,anaya.patel405@example.com,5825841883,dehli,286481,mid,diya,mehta
cust101576,aarav iyer,arjun.singh167@example.com,6517218474,new delhi,196958,budget,aarav,iyer
cust100716,aarav chopra,diya.das904@gmail.com,1841412195,mumbai,122475,premium,aarav,chopra
cust102405,sachin singh,aarav.shah405@outlook.com,8651612605,ahemdabad,166786,budget,sachin,singh
cust100415,mira singh,aditi.nair138@example.com,5527829370,surrat,270858,premium,mira,singh
cust101494,anaya gupta,sneha.agarwal850@yahoo.com,6458136838,noida,162714,budget,anaya,gupta
cust100968,mira gupta,arjun.agarwal345@yahoo.com,3883911105,hydrabad,239466,budget,mira,gupta
cust101824,diya shah,vihaan.patel574@example.com,7193155397,delhi,103644,mid,diya,shah
cust103553,diya das,sneha.agarwal215@example.com,472751337,chennnai,262949,premium,diya,das
cust104815,priya mehta,diya.mehta312@outlook.com,6187264840,noida,157207,premium,priya,mehta
cust100926,aditi shah,anita.reddy284@yahoo.com,2605900531,hydrabad,90520,premium,aditi,shah
cust104808,aarav mehta,sachin.chopra42@yahoo.com,9693182065,punna,527039,luxury,aarav,mehta
cust104716,anaya reddy,anita.shah398@gmail.com,7943292737,delhi,277583,luxury,anaya,reddy
cust100761,priya kulkarni,mira.nair574@example.com,6531039515,chennai,237256,luxury,priya,kulkarni
cust102045,priya khan,ishaan.mehta589@example.com,2887913840,new delhi,175552,premium,priya,khan
cust104479,ishaan chopra,diya.iyer973@outlook.com,17557393,pune,93271,premium,ishaan,chopra
cust100563,kabir mehta,mira.kulkarni125@gmail.com,2727512010,hyderbad,69703,budget,kabir,mehta
cust101124,diya mehta,sneha.khan328@yahoo.com,6659773216,kalkata,94552,mid,diya,mehta
cust101316,vivaan iyer,kabir.iyer515@example.com,53347609,punna,81341,budget,vivaan,iyer
cust102598,anyaa nair,sneha.iyer499@outlook.com,5120085172,bengaluru,191337,budget,anyaa,nair
cust100410,vivaan das,kabir.iyer151@outlook.com,1571970827,gurugram,295412,luxury,vivaan,das
cust102114,sneha reddy,anita.gupta426@gmail.com,9461017631,calcutta,104027,mid,sneha,reddy
cust100623,vivaan kapoor,ishaan.iyer358@example.com,4561521713,bangalore,70898,premium,vivaan,kapoor
cust102279,mira iyer,kabir.kulkarni340@outlook.com,3203154152,new delhi,80944,budget,mira,iyer
cust102870,sneha singh,aarav.das250@outlook.com,1765987726,ahmedabad,75901,luxury,sneha,singh
cust103636,mira mehta,diya.agarwal470@example.com,3460527247,gurugram,199482,budget,mira,mehta
cust103070,rahul kapoor,priya.singh354@gmail.com,3961993483,gurugram,147255,mid,rahul,kapoor
cust104905,diya gupta,rahul.sharma631@outlook.com,2430966496,chennnai,102846,premium,diya,gupta
cust102020,anaya patel,kabir.kapoor784@outlook.com,9985479099,bengaluru,61236,mid,anaya,patel
cust103598,aarav iyer,sachin.kapoor190@yahoo.com,5397838273,mumbaai,221024,mid,aarav,iyer
cust103659,mira agarwal,rahul.sharma541@example.com,8824891732,ahmedabad,49395,premium,mira,agarwal
cust104356,rohan iyer,arjun.reddy865@yahoo.com,7210360117,mumbaai,55213,mid,rohan,iyer
cust104285,arjnu das,mira.nair967@example.com,2881419102,noida,103671,premium,arjnu,das
cust100384,diya khan,ishaan.chopra657@outlook.com,9976924038,mumbai,25604,mid,diya,khan
cust102399,anita nair,ishaan.khan694@yahoo.com,3240271184,poona,127208,mid,anita,nair
cust104567,sahcin kulkarni,,6620301271,bangalore,208318,budget,sahcin,kulkarni
cust102879,anita khan,ishaan.kulkarni107@yahoo.com,788514234,calcutta,131831,mid,anita,khan
cust101373,mira shah,rohan.gupta808@gmail.com,7144718347,noida,146463,mid,mira,shah
cust101473,sachin das,aditi.gupta968@gmail.com,2432174921,mumbaai,197519,premium,sachin,das
cust103388,anaya singh,sneha.chopra528@outlook.com,1542440245,hyderabad,254361,mid,anaya,singh
cust102147,rahul das,ishaan.kulkarni918@gmail.com,8855814339,nodia,940893,budget,rahul,das
cust103366,vihaan singh,,1752159292,mumbaai,113904,budget,vihaan,singh
cust104506,anaya chopra,aarav.sharma671@gmail.com,7596357409,gurugrm,483561,budget,anaya,chopra
cust100145,sneha reddy,kabir.das768@example.com,1400369425,ahemdabad,119497,budget,sneha,reddy
cust102281,arjnu chopra,diya.patel689@example.com,2188114585,kalkata,603353,luxury,arjnu,chopra
cust103683,rahul singh,aarav.patel677@example.com,429222025,surrat,187114,premium,rahul,singh
cust102994,sneha kapoor,sachin.reddy918@yahoo.com,2056589791,poona,170077,budget,sneha,kapoor
cust100627,vivaan singh,aditi.mehta103@outlook.com,9835388336,bengaluru,205147,luxury,vivaan,singh
cust104782,anay akapoor,rohan.agarwal87@yahoo.com,1772814761,hyderbad,153968,budget,anay,akapoor
cust101321,anita gupta,rahul.shah878@yahoo.com,1752177320,delhi,199272,luxury,anita,gupta
cust102533,kabir gupta,anaya.sharma647@yahoo.com,1924754562,nodia,231592,luxury,kabir,gupta
cust100992,anaya agarwal,mira.sharma152@outlook.com,9600213366,mumbai,344465,budget,anaya,agarwal
cust104164,diya shah,priya.chopra794@example.com,9930353312,hyderbad,99037,mid,diya,shah
cust102132,sachin nair,aditi.patel519@yahoo.com,4065758919,punna,190749,mid,sachin,nair
cust100247,sachin singh,sneha.singh955@gmail.com,7015834960,noida,114353,premium,sachin,singh
cust100692,vivaan mehta,priya.agarwal391@yahoo.com,8071538045,bangalore,269077,mid,vivaan,mehta
cust100817,aditi khan,anita.khan512@gmail.com,8625961095,dehli,261663,mid,aditi,khan
cust103931,anaya patel,,566046914,chennnai,56432,budget,anaya,patel
cust100312,diya nair,mira.iyer177@outlook.com,473227708,dehli,365044,luxury,diya,nair
cust100368,ishaan reddy,anaya.khan688@yahoo.com,1812724273,chennnai,116079,premium,ishaan,reddy
cust102075,mira iyer,vihaan.agarwal746@gmail.com,3902123953,bengaluru,422952,mid,mira,iyer
cust103493,kabir agarwal,mira.sharma628@gmail.com,1465968299,noida,413980,mid,kabir,agarwal
cust103903,rohan kulkarni,rohan.iyer810@yahoo.com,7177691461,surat,412610,budget,rohan,kulkarni
cust104478,rahul kulkarni,vihaan.shah635@gmail.com,6211218340,chennai,112656,premium,rahul,kulkarni
cust101497,arjun mehta,rahul.das277@example.com,2383850407,hydrabad,233994,luxury,arjun,mehta
cust102757,vihaan sharma,priya.mehta41@yahoo.com,8784153348,bengaluru,175849,mid,vihaan,sharma
cust101500,vivaan aagrwal,diya.khan931@gmail.com,9666934244,calcutta,185100,luxury,vivaan,aagrwal
cust103818,anaya shah,diya.das330@example.com,7051572123,gurugrm,169415,mid,anaya,shah
cust104766,sneha gupta,diya.das65@gmail.com,895769934,dehli,33532,budget,sneha,gupta
cust100995,anaya reddy,aditi.nair336@example.com,8606647153,gurugram,166574,luxury,anaya,reddy
cust100196,kabir reddy,priya.das744@example.com,2996973219,gurgaon,51717,premium,kabir,reddy
cust103885,aditi gutpa,aarav.iyer658@yahoo.com,3945680843,mumbay,212878,mid,aditi,gutpa
cust103334,anaya iyer,sachin.mehta851@gmail.com,8206113109,ahmedabad,250550,luxury,anaya,iyer
cust103602,vihaan patel,rohan.agarwal468@outlook.com,4627271530,pune,177300,budget,vihaan,patel
cust103802,sneha agarwal,diya.khan928@example.com,5343923635,jaypur,85248,budget,sneha,agarwal
cust104496,aditi kapoor,rahul.gupta121@gmail.com,6081839115,bengluru,86078,luxury,aditi,kapoor
cust104703,vihaan khan,rahul.nair657@gmail.com,5996157616,calcutta,450049,mid,vihaan,khan
cust104136,priya reddy,rohan.nair376@gmail.com,8141902063,ahmedabad,185307,mid,priya,reddy
cust103112,aditi kapoor,arjun.mehta474@outlook.com,8877605053,chennai,105300,luxury,aditi,kapoor
cust104380,mira kulkarni,,5162554067,new delhi,203728,mid,mira,kulkarni
cust100760,mira kulkarni,sneha.agarwal703@yahoo.com,1795390682,dehli,114274,mid,mira,kulkarni
cust104964,aarav das,aditi.chopra8@outlook.com,8665055551,delhi,104577,premium,aarav,das
cust103269,rahul gupta,priya.kulkarni858@outlook.com,5233875193,noida,150042,budget,rahul,gupta
cust100527,kabir gupta,aarav.kulkarni3@outlook.com,7093168492,bengaluru,121456,mid,kabir,gupta
cust104093,anaya kulkarni,anita.sharma469@yahoo.com,4026130454,mumbai,189363,premium,anaya,kulkarni
cust102403,anita khan,diya.singh831@gmail.com,6986867122,bengaluru,310094,premium,anita,khan
cust100954,ishaan patel,,1442704552,delhi,170822,luxury,ishaan,patel
cust101305,ishaan kulkarni,rohan.das836@yahoo.com,1380584571,calcutta,132250,budget,ishaan,kulkarni
cust101046,diya reddy,anita.sharma504@outlook.com,3287172110,mumbai,155379,luxury,diya,reddy
cust103971,kabir singh,mira.sharma500@yahoo.com,541407654,jaypur,182224,mid,kabir,singh
cust101957,rohan nair,anaya.kulkarni199@yahoo.com,8384878565,hyderabad,172805,premium,rohan,nair
cust103305,mira iyer,mira.das566@gmail.com,7862609933,mumbaai,134011,mid,mira,iyer
cust102052,priya kulkarni,priya.nair370@outlook.com,529667047,jaypur,307575,budget,priya,kulkarni
cust103161,rahul khan,aditi.shah227@yahoo.com,8868905865,surat,97828,premium,rahul,khan
cust100169,diya singh,arjun.patel93@example.com,1016400720,mumbaai,99975,mid,diya,singh
cust103680,vihana nair,ishaan.sharma979@gmail.com,550498812,gurugrm,185003,budget,vihana,nair
cust104359,rahul chopra,sachin.mehta937@gmail.com,4198924837,chennnai,115920,budget,rahul,chopra
cust100510,anaya reddy,kabir.chopra628@example.com,6506854163,kolkata,96202,mid,anaya,reddy
cust103750,sahcin sharma,kabir.chopra812@outlook.com,3076479488,chennai,229731,budget,sahcin,sharma
cust101872,vihaan chopra,kabir.das660@outlook.com,7737352448,bengaluru,133569,mid,vihaan,chopra
cust103458,sacihn khan,vivaan.mehta458@example.com,3031683580,pune,282301,budget,sacihn,khan
cust103254,kabir shah,aarav.khan950@outlook.com,1847505972,punna,113839,mid,kabir,shah
cust101961,rohan shah,priya.nair538@yahoo.com,4022980684,surat,285717,luxury,rohan,shah
cust101219,mira kulkanri,anita.mehta431@outlook.com,6323663364,kolkata,164228,premium,mira,kulkanri
cust100787,sneha sharma,kabir.iyer557@example.com,8364960607,hyderbad,86805,luxury,sneha,sharma
cust100055,arjun gupta,sneha.khan5@gmail.com,7215501082,jaypur,135173,premium,arjun,gupta
cust102275,anaya shah,rahul.khan672@outlook.com,5112040053,gurgaon,61774,premium,anaya,shah
cust104250,rahul das,aditi.khan575@example.com,1324915812,bengluru,197360,premium,rahul,das
cust102732,anaya das,rahul.nair508@example.com,1381625729,mumbay,42738,luxury,anaya,das
cust101242,vivaan kulkarni,vivaan.khan813@example.com,9857531978,ahmedabad,200285,luxury,vivaan,kulkarni
cust103369,rahul singh,diya.agarwal886@outlook.com,6932855587,hyderabad,160578,budget,rahul,singh
cust102493,kabir chopra,aarav.nair271@gmail.com,1743731247,ahmedabad,90642,luxury,kabir,chopra
cust101779,vihaan das,diya.khan51@gmail.com,7041365052,hyderbad,296364,luxury,vihaan,das
cust101997,kabir singh,aditi.sharma649@outlook.com,29191069,chennai,201279,budget,kabir,singh
cust104683,mira gupta,aarav.reddy675@yahoo.com,1500786990,calcutta,212296,luxury,mira,gupta
cust102782,diya shah,mira.agarwal698@yahoo.com,1917731182,kalkata,325198,premium,diya,shah
cust103367,priya kapoor,mira.chopra842@gmail.com,9117959966,jaipur,237071,mid,priya,kapoor
cust102238,anaya patel,kabir.shah186@yahoo.com,2543424625,bangalore,248609,mid,anaya,patel
cust101452,mira sharma,vivaan.reddy799@gmail.com,8144307080,noida,118392,luxury,mira,sharma
cust103326,priya shah,vihaan.agarwal390@gmail.com,7383542100,new delhi,145395,premium,priya,shah
cust104300,ishaan das,mira.khan600@example.com,4003950982,ahemdabad,127455,premium,ishaan,das
cust102515,aditi gupat,sachin.shah106@yahoo.com,4394887457,ahemdabad,283492,mid,aditi,gupat
cust103706,rahul gupta,priya.mehta622@outlook.com,586642262,hyderbad,215172,luxury,rahul,gupta
cust104217,priya mehta,diya.agarwal63@outlook.com,9179537363,dehli,101501,luxury,priya,mehta
cust104444,rahul mehta,rahul.reddy533@example.com,9844407318,new delhi,180844,luxury,rahul,mehta
cust104251,anaya khan,mira.shah456@yahoo.com,3277407660,poona,330941,mid,anaya,khan
cust102930,arjun shah,arjun.mehta778@example.com,5358113590,kalkata,119995,premium,arjun,shah
cust100150,sachin patel,diya.das694@gmail.com,7466875838,bengluru,164176,budget,sachin,patel
cust101645,rahul shah,sneha.iyer713@outlook.com,7609037637,jaipur,99139,mid,rahul,shah
cust104425,sachin das,sneha.kulkarni793@gmail.com,1241690186,bengaluru,293303,premium,sachin,das
cust104335,vivaan khan,vivaan.sharma326@example.com,4790780665,gurugrm,235901,premium,vivaan,khan
cust103804,aarav reddy,ishaan.sharma858@outlook.com,6377395326,bengluru,118565,mid,aarav,reddy
cust103664,kabir singh,rohan.singh724@yahoo.com,1420037724,jaipur,163383,budget,kabir,singh
cust103211,vivaan agarwal,vivaan.nair170@outlook.com,4621310908,bangalore,101699,mid,vivaan,agarwal
cust101992,kabir shah,priya.das576@example.com,1876442737,pune,86829,budget,kabir,shah
cust102620,ishaan gupta,ishaan.mehta177@yahoo.com,5334952575,new delhi,118538,premium,ishaan,gupta
cust103768,rahul reddy,ishaan.shah927@example.com,7466011318,new delhi,137878,premium,rahul,reddy
cust101540,sneha chopra,rahul.mehta440@yahoo.com,5736355827,hyderbad,115820,mid,sneha,chopra
cust100886,arjun sharma,ishaan.shah860@example.com,3109370573,ahmedabad,78402,mid,arjun,sharma
cust103976,vivaan nair,rohan.khan828@gmail.com,3914777472,jaipur,76167,mid,vivaan,nair
cust100310,ishaan sharma,kabir.agarwal358@outlook.com,5812734206,surrat,109928,mid,ishaan,sharma
cust102081,anita shah,anaya.nair966@outlook.com,7727439952,mumbay,53416,luxury,anita,shah
cust104869,vivaan iyer,kabir.shah903@outlook.com,7688004422,mumbai,45749,budget,vivaan,iyer
cust103603,ishaan reddy,rohan.agarwal748@example.com,1577622375,mumbaai,122398,mid,ishaan,reddy
cust102298,mira chopra,rohan.mehta16@outlook.com,8218191814,ahemdabad,325407,premium,mira,chopra
cust104085,aarav shah,aditi.iyer579@outlook.com,1663741053,ahmedabad,86576,mid,aarav,shah
cust103737,arjun khan,mira.kapoor611@gmail.com,1115533250,gurugram,114919,budget,arjun,khan
cust103721,kabir mehta,priya.agarwal767@gmail.com,3248912345,mumbaai,253791,budget,kabir,mehta
cust101033,sachin singh,aarav.sharma537@yahoo.com,6984178896,surrat,141332,luxury,sachin,singh
cust100942,sneha das,sneha.nair147@yahoo.com,1102913039,dehli,308862,premium,sneha,das
cust103676,priya khan,diya.kapoor127@example.com,8765569725,surrat,32527,premium,priya,khan
cust103877,vihaan sharma,diya.gupta412@example.com,6329790422,noida,295468,luxury,vihaan,sharma
cust103879,ishaan agarwal,sachin.nair944@yahoo.com,7340584253,gurgaon,235615,mid,ishaan,agarwal
cust104275,anaya sharma,diya.kulkarni566@gmail.com,2936298838,nodia,208184,premium,anaya,sharma
cust100388,vivaan sharma,kabir.shah770@yahoo.com,677476368,delhi,207344,premium,vivaan,sharma
cust101096,viavan mehta,aditi.iyer429@yahoo.com,2263336218,gurgaon,134300,luxury,viavan,mehta
cust101385,anita iyer,arjun.agarwal855@example.com,9576437409,ahemdabad,47240,budget,anita,iyer
cust102702,vihaan iyer,kabir.chopra617@gmail.com,3941571435,delhi,240329,mid,vihaan,iyer
cust101968,anaya nair,arjun.sharma721@gmail.com,3231116494,chennnai,183316,budget,anaya,nair
cust103166,ishaan gupta,rahul.khan227@outlook.com,1507027663,calcutta,226714,luxury,ishaan,gupta
cust103939,sneha mehta,aarav.gupta171@example.com,6360308284,hydrabad,372401,mid,sneha,mehta
cust101557,ishaan das,sachin.patel581@outlook.com,4948965357,chennnai,116959,luxury,ishaan,das
cust104534,ishaan agarwal,vivaan.kulkarni365@example.com,3182877557,mumbaai,163148,luxury,ishaan,agarwal
cust103551,mira nair,aditi.singh547@gmail.com,1558413002,gurugram,120498,budget,mira,nair
cust100498,rohan nair,arjun.chopra215@outlook.com,7111940544,surrat,75214,budget,rohan,nair
cust103043,vihaan reddy,aditi.nair337@gmail.com,7605293175,dehli,141383,premium,vihaan,reddy
cust102221,rohan mehta,anaya.kapoor815@gmail.com,1850309335,ahmedabad,136649,budget,rohan,mehta
cust103167,anaya iyer,vivaan.mehta468@outlook.com,1678462596,mumbaai,502225,budget,anaya,iyer
cust103289,sneha patel,anita.singh43@yahoo.com,2246505368,surat,153201,mid,sneha,patel
cust101958,priya reddy,rahul.singh7@example.com,6649353953,jaipur,112079,mid,priya,reddy
cust104790,arjun khan,aarav.sharma167@example.com,1567234993,hyderabad,80546,budget,arjun,khan
cust102247,sneha agarwal,,6234304055,bengluru,193056,premium,sneha,agarwal
cust103484,aarav mehta,priya.shah651@outlook.com,924920513,calcutta,535320,mid,aarav,mehta
cust100375,vihaan reddy,vihaan.gupta689@outlook.com,8124059707,dehli,79710,premium,vihaan,reddy
cust100258,anaya patel,priya.shah905@gmail.com,8480889958,surat,160900,mid,anaya,patel
cust102350,anaya gupta,aditi.iyer141@outlook.com,8808646502,noida,86214,premium,anaya,gupta
cust102263,arjun shah,kabir.kulkarni509@yahoo.com,7405875391,nodia,105840,budget,arjun,shah
cust100709,rahul singh,sachin.khan946@outlook.com,650432044,mumbaai,353650,budget,rahul,singh
cust104906,sneha chopra,ishaan.kapoor745@yahoo.com,8111755076,mumbay,330399,budget,sneha,chopra
cust101514,kabir shah,vivaan.khan80@example.com,3206253908,chennnai,39796,budget,kabir,shah
cust104637,arjun shah,rahul.mehta912@example.com,4303135381,delhi,172801,premium,arjun,shah
cust104015,sneh anair,arjun.gupta575@outlook.com,8760875126,hyderbad,689466,luxury,sneh,anair
cust100051,kabir das,aditi.singh878@yahoo.com,1978084194,chennai,187659,budget,kabir,das
cust102819,aarav iyer,aditi.sharma263@example.com,3890525788,gurugram,176395,budget,aarav,iyer
cust100828,diya mehta,arjun.khan926@example.com,3706131256,ahemdabad,91246,mid,diya,mehta
cust102199,diya kulkarni,sachin.kulkarni600@gmail.com,3445609063,kolkata,73809,premium,diya,kulkarni
cust102379,sachi npatel,rohan.agarwal576@example.com,217783225,jaipur,245938,mid,sachi,npatel
cust103325,anaya reddy,diya.khan506@yahoo.com,6688871759,poona,178734,budget,anaya,reddy
cust102592,mira gupta,vihaan.khan13@yahoo.com,4081226496,punna,90324,budget,mira,gupta
cust102575,rohan kapoor,arjun.agarwal158@example.com,3796225695,punna,213212,premium,rohan,kapoor
cust104384,sneha patel,vihaan.mehta332@gmail.com,2898666993,surrat,148171,budget,sneha,patel
cust101755,priya singh,sneha.nair166@outlook.com,1515204128,mumbai,89802,mid,priya,singh
cust100224,kabir agarwal,aarav.agarwal888@gmail.com,949391172,kalkata,87197,mid,kabir,agarwal
cust102171,sneha reddy,priya.patel99@gmail.com,5969255999,new delhi,392423,budget,sneha,reddy
cust100628,ishaan kulkarni,ishaan.kulkarni819@gmail.com,8004194187,kalkata,73531,mid,ishaan,kulkarni
cust104957,ishaan nair,priya.sharma11@gmail.com,4312331330,new delhi,209581,budget,ishaan,nair
cust101419,arjun nair,priya.reddy260@example.com,8032952847,kolkata,376062,mid,arjun,nair
cust104310,arjun agarwal,mira.agarwal672@example.com,2107842187,gurgaon,198767,mid,arjun,agarwal
cust103921,priya patel,diya.khan653@example.com,2335456742,bengluru,133869,premium,priya,patel
cust100744,ishaan patel,mira.chopra597@example.com,646460704,bengaluru,41702,budget,ishaan,patel
cust102789,anaya kapoor,arjun.patel849@outlook.com,3469166202,hyderabad,353708,budget,anaya,kapoor
cust101008,aarav kulkarni,mira.kapoor840@yahoo.com,4953289560,pune,210247,mid,aarav,kulkarni
cust102209,arjun reddy,arjun.kapoor624@yahoo.com,8773745586,pune,232732,mid,arjun,reddy
cust103168,pirya nair,vihaan.nair802@yahoo.com,5866085958,jaypur,153521,mid,pirya,nair
cust104031,aarav kapoor,diya.khan745@gmail.com,162974496,poona,91686,budget,aarav,kapoor
cust102904,vivaan singh,rahul.shah594@yahoo.com,8669576501,mumbaai,101546,premium,vivaan,singh
cust102587,rohan kulkarni,rohan.gupta892@gmail.com,2710769612,bengaluru,135295,mid,rohan,kulkarni
cust103790,anita singh,rahul.kulkarni411@yahoo.com,6088766306,hyderbad,237843,budget,anita,singh
cust104781,pryia das,diya.iyer892@yahoo.com,4878475269,noida,86118,mid,pryia,das
cust103077,rohan nair,kabir.sharma296@outlook.com,6989990187,gurugram,267603,premium,rohan,nair
cust104877,vihaan patel,aarav.agarwal632@example.com,8551320043,surrat,164188,budget,vihaan,patel
cust101907,antia patel,kabir.kapoor332@gmail.com,1999723104,bengluru,126123,luxury,antia,patel
cust100071,aarav sharma,rahul.singh137@outlook.com,717160386,mumbay,137368,budget,aarav,sharma
cust104981,ishaan khan,arjun.agarwal934@gmail.com,1452991795,ahmedabad,90818,budget,ishaan,khan
cust100387,vivaan mehta,aarav.nair423@example.com,1322849297,jaipur,146509,luxury,vivaan,mehta
cust102365,sachin kapoor,sachin.sharma78@yahoo.com,6607947421,calcutta,420049,budget,sachin,kapoor
cust103512,anaya singh,kabir.mehta748@gmail.com,8967414179,ahemdabad,182028,mid,anaya,singh
cust100331,aditi reddy,ishaan.sharma842@yahoo.com,8760723936,jaipur,187002,luxury,aditi,reddy
cust101541,aarav agarwal,anaya.das586@example.com,2953156523,poona,91801,mid,aarav,agarwal
cust104806,diya kulkarni,sneha.patel560@example.com,8642129169,dehli,158806,mid,diya,kulkarni
cust104691,arjun shah,aditi.das896@outlook.com,5230866344,jaipur,122671,luxury,arjun,shah
cust100125,rahul sharma,ishaan.gupta389@outlook.com,7164467446,poona,260090,mid,rahul,sharma
cust101312,aditi reddy,anaya.chopra684@gmail.com,615671240,new delhi,196372,mid,aditi,reddy
cust104586,arjun nair,,8757049577,ahemdabad,210084,budget,arjun,nair
cust104651,aditi nair,aditi.agarwal164@example.com,3594521674,gurgaon,194720,budget,aditi,nair
cust104719,anaya reddy,arjun.reddy15@example.com,3813391815,jaipur,198121,premium,anaya,reddy
cust101688,mira singh,mira.das204@example.com,7519625315,jaipur,107833,budget,mira,singh
cust102898,kabir mehta,sachin.agarwal385@gmail.com,5288940483,hyderbad,185635,luxury,kabir,mehta
cust100915,vihaan chopra,rohan.khan374@example.com,305050388,new delhi,157458,premium,vihaan,chopra
cust101797,diya reddy,anita.nair216@gmail.com,2771322879,bengaluru,70029,luxury,diya,reddy
cust101732,priya khan,rahul.khan656@yahoo.com,878080513,gurgaon,48150,premium,priya,khan
cust104231,diya mehta,,4691940096,surrat,161632,budget,diya,mehta
cust100294,sachin iyer,rahul.shah484@outlook.com,9369358121,hydrabad,126480,luxury,sachin,iyer
cust100460,aarav sharam,mira.chopra653@yahoo.com,5030940793,jaypur,163218,budget,aarav,sharam
cust101883,priya das,vivaan.shah960@gmail.com,1721824908,gurugram,201495,mid,priya,das
cust103501,diya sharma,sachin.mehta980@example.com,2228895206,new delhi,385692,budget,diya,sharma
cust104765,vivaan iyer,sneha.khan618@example.com,3223611996,bangalore,150871,premium,vivaan,iyer
cust101898,anaya nair,rohan.iyer870@gmail.com,6231859351,nodia,90939,luxury,anaya,nair
cust100763,rahul iyer,,8000106121,chennnai,187880,budget,rahul,iyer
cust104578,vihaan chopra,vivaan.sharma628@yahoo.com,3712220888,bengluru,25116,luxury,vihaan,chopra
cust101129,arjun patel,rohan.agarwal278@yahoo.com,2271447984,noida,200769,premium,arjun,patel
cust102911,sachin kulkarni,rohan.khan948@yahoo.com,7238385348,jaypur,156410,luxury,sachin,kulkarni
cust102461,rahul chopra,vivaan.gupta355@gmail.com,1321375452,bengaluru,137060,luxury,rahul,chopra
cust102540,diya mehta,aditi.kulkarni185@gmail.com,6177094309,dehli,201439,luxury,diya,mehta
cust104874,vihaan agarwal,vihaan.shah78@yahoo.com,9945405959,hyderbad,103072,budget,vihaan,agarwal
cust101193,diya singh,rohan.patel92@yahoo.com,5296719139,chennnai,240035,budget,diya,singh
cust103581,anita patel,sachin.sharma597@example.com,7078024180,hyderbad,159176,mid,anita,patel
cust100409,diya khan,anaya.kulkarni640@outlook.com,1852849831,nodia,126505,luxury,diya,khan
cust104140,ishaan patel,aarav.gupta925@outlook.com,6277613068,surrat,84636,budget,ishaan,patel
cust100046,priya gupta,ishaan.khan644@outlook.com,7519202937,noida,204817,budget,priya,gupta
cust103375,sachin reddy,sachin.gupta667@yahoo.com,7560638361,bengaluru,65141,luxury,sachin,reddy
cust102593,rohan patel,ishaan.chopra631@yahoo.com,752237645,hyderabad,188657,luxury,rohan,patel
cust101980,adtii mehta,rahul.sharma956@gmail.com,7328897667,jaypur,84893,luxury,adtii,mehta
cust101893,vihaan gupta,sneha.sharma338@gmail.com,4803124640,surrat,134807,luxury,vihaan,gupta
cust104690,kabir gupta,rohan.kulkarni805@yahoo.com,6907063358,chennnai,257451,luxury,kabir,gupta
cust102486,vihaan patel,ishaan.kulkarni149@outlook.com,3898767106,mumbay,105547,premium,vihaan,patel
cust103937,anaya singh,diya.patel841@gmail.com,4478994530,kalkata,212936,budget,anaya,singh
cust100887,dyia kapoor,anita.mehta369@yahoo.com,1246832747,mumbai,104047,mid,dyia,kapoor
cust101239,sachin iyer,aditi.das51@gmail.com,8165522776,noida,296575,mid,sachin,iyer
cust102793,aditi nair,priya.mehta433@gmail.com,129056723,nodia,110653,luxury,aditi,nair
cust104045,vihaan gupta,arjun.agarwal466@gmail.com,552223729,nodia,254609,premium,vihaan,gupta
cust101121,kabir kulkarni,priya.patel159@gmail.com,5239532950,ahmedabad,75439,luxury,kabir,kulkarni
cust102984,aditi gupta,vivaan.nair425@example.com,9694542401,noida,356079,budget,aditi,gupta
cust103585,arjun chopra,vihaan.kapoor698@yahoo.com,9799744850,surat,323924,luxury,arjun,chopra
cust103237,anita nair,diya.mehta285@outlook.com,5176720941,chennnai,158832,premium,anita,nair
cust103958,aarav iyer,mira.chopra152@outlook.com,3268720730,nodia,101633,luxury,aarav,iyer
cust104667,arjun mehta,diya.sharma968@example.com,4508715237,pune,32542,mid,arjun,mehta
cust102623,sneha khan,diya.das970@gmail.com,3111403653,gurugrm,74153,premium,sneha,khan
cust102685,rohan khan,aditi.das351@example.com,6540415584,surat,305302,mid,rohan,khan
cust104754,priya kapoor,mira.das664@outlook.com,131174854,surat,78572,mid,priya,kapoor
cust100555,rahul gupta,rahul.patel341@example.com,6159517419,poona,235454,budget,rahul,gupta
cust102102,ishaan chopra,vivaan.shah902@gmail.com,9322498220,mumbaai,190834,budget,ishaan,chopra
cust102091,anita patel,sachin.agarwal558@outlook.com,4656363928,delhi,74523,mid,anita,patel
cust104590,aditi khan,ishaan.iyer833@outlook.com,92529581,mumbay,77012,budget,aditi,khan
cust104923,priya shah,priya.kulkarni631@gmail.com,8025705791,noida,71635,mid,priya,shah
cust104022,sneha singh,vihaan.khan976@gmail.com,2875983625,poona,367702,luxury,sneha,singh
cust101391,ishaan chopra,vivaan.iyer147@gmail.com,5572448519,mumbay,175209,mid,ishaan,chopra
cust104081,vivaan mehta,priya.khan101@gmail.com,9812947309,nodia,156754,budget,vivaan,mehta
cust104156,priya chopra,vihaan.khan233@yahoo.com,4085302454,delhi,531461,budget,priya,chopra
cust100540,aditi chopra,rohan.das241@example.com,9389631217,chennai,120044,premium,aditi,chopra
cust101598,rahul patel,aarav.singh440@yahoo.com,4210597428,bengluru,205635,budget,rahul,patel
cust103080,rohan kulkarni,aditi.iyer460@gmail.com,9042544563,jaypur,271667,budget,rohan,kulkarni
cust100066,aditi shah,mira.nair948@yahoo.com,2796432010,dehli,79526,luxury,aditi,shah
cust103337,vihaan nair,ishaan.agarwal857@yahoo.com,6620636695,hyderbad,314771,mid,vihaan,nair
cust100036,anita patel,sneha.iyer302@example.com,9934851148,gurugrm,79021,budget,anita,patel
cust101202,sachin singh,vivaan.sharma165@outlook.com,8037509808,gurugrm,102584,mid,sachin,singh
cust100164,kabir khan,sachin.shah407@outlook.com,8308123949,ahmedabad,216599,premium,kabir,khan
cust100612,mira nair,sachin.khan782@example.com,4092475339,mumbaai,142141,luxury,mira,nair
cust100065,rahul mehta,diya.khan554@yahoo.com,7709125930,calcutta,95424,luxury,rahul,mehta
cust103276,sneha mehta,rahul.sharma334@example.com,2899630038,punna,201685,mid,sneha,mehta
cust100491,aarav khan,vivaan.kapoor706@outlook.com,1023587728,surrat,257511,mid,aarav,khan
cust103074,sachin gupta,,6857786647,noida,278154,budget,sachin,gupta
cust101619,priya sharma,aarav.kulkarni42@outlook.com,8080567508,ahemdabad,301110,budget,priya,sharma
cust103631,arjun chopra,sachin.mehta177@yahoo.com,3637692259,mumbay,131331,budget,arjun,chopra
cust100086,sachin chopra,arjun.patel115@outlook.com,7857610859,chennnai,135968,luxury,sachin,chopra
cust102056,rohan sharma,diya.iyer531@example.com,8912502379,delhi,173312,mid,rohan,sharma
cust102305,vihaan reddy,anita.mehta754@example.com,1709987952,gurugrm,82795,mid,vihaan,reddy
cust102006,anita nair,anaya.mehta47@outlook.com,4331552908,ahemdabad,355454,premium,anita,nair
cust100845,diya nair,rohan.singh727@outlook.com,6753965561,pune,413503,luxury,diya,nair
cust103972,priya mehta,vivaan.agarwal995@example.com,5443514683,chennnai,124709,mid,priya,mehta
cust103204,mira khan,mira.khan511@outlook.com,4394869675,hyderabad,88575,mid,mira,khan
cust101666,kabir reddy,anita.khan301@example.com,4372020927,pune,268610,budget,kabir,reddy
cust103541,sachin agarwal,aarav.nair623@example.com,3907258456,bangalore,315537,luxury,sachin,agarwal
cust100947,rohan patel,rohan.kulkarni353@yahoo.com,3899676560,delhi,151534,luxury,rohan,patel
cust103996,priya hkan,anita.nair353@yahoo.com,8969475674,jaypur,290831,luxury,priya,hkan
cust102211,sachin kapoor,diya.agarwal615@example.com,3597058132,surat,302596,luxury,sachin,kapoor
cust102239,kabir nair,rohan.nair802@example.com,2281525369,mumbaai,200531,premium,kabir,nair
cust101735,arjun das,aditi.nair154@outlook.com,2205561771,hyderbad,352401,budget,arjun,das
cust104282,mira khan,vivaan.das182@yahoo.com,1307183377,hydrabad,174314,budget,mira,khan
cust101235,priya sharma,diya.sharma766@example.com,9429821573,noida,497005,premium,priya,sharma
cust103536,diya singh,ishaan.patel44@gmail.com,7315871219,bengaluru,72668,mid,diya,singh
cust101448,kabir chopra,kabir.kulkarni375@yahoo.com,2914761045,ahmedabad,135785,premium,kabir,chopra
cust101776,aditi iyer,rohan.das498@yahoo.com,8724726206,hydrabad,102077,mid,aditi,iyer
cust103620,aditi agarwal,vihaan.nair875@yahoo.com,1499972032,noida,213710,mid,aditi,agarwal
cust102389,sachin kulkarni,priya.shah830@gmail.com,1110073268,surrat,200765,mid,sachin,kulkarni
cust101010,rahul agarwal,priya.reddy637@gmail.com,919801379,gurugram,105028,budget,rahul,agarwal
cust103312,anita reddy,aarav.das401@outlook.com,5205766193,mumbai,135545,luxury,anita,reddy
cust102237,mira kapoor,sachin.agarwal823@example.com,8837907890,gurgaon,379293,budget,mira,kapoor
cust100641,aditi chopra,rohan.nair514@gmail.com,5668425262,surrat,276666,premium,aditi,chopra
cust104561,anita singh,aarav.mehta938@outlook.com,3778126813,ahemdabad,274624,premium,anita,singh
cust103480,diya singh,priya.reddy721@yahoo.com,9085830663,poona,133707,premium,diya,singh
cust104400,sachin gupta,rahul.mehta387@example.com,6879136839,mumbaai,354249,mid,sachin,gupta
cust101101,ishaan shah,aarav.singh695@example.com,6950545444,kolkata,39889,luxury,ishaan,shah
cust101030,kabir kapoor,aditi.kapoor954@yahoo.com,3287360556,mumbaai,466551,mid,kabir,kapoor
cust102266,vivaan iyer,anaya.kapoor982@outlook.com,7008427209,kalkata,80648,mid,vivaan,iyer
cust103206,aarav agarwal,aarav.agarwal611@gmail.com,3013690542,noida,88564,budget,aarav,agarwal
cust102458,anaya kapoor,vivaan.agarwal301@gmail.com,9592278626,nodia,53953,luxury,anaya,kapoor
cust100287,aarav patel,diya.das369@yahoo.com,2522274386,kolkata,84044,luxury,aarav,patel
cust101731,arjun chopra,ishaan.sharma360@gmail.com,1789377822,chennnai,195511,budget,arjun,chopra
cust100791,aditi khan,rohan.agarwal114@example.com,3969608418,surrat,299471,budget,aditi,khan
cust103504,priya das,aarav.shah483@gmail.com,5418919637,jaipur,365020,budget,priya,das
cust100276,mira mehta,,2368271017,gurugrm,115720,mid,mira,mehta
cust100726,aarav patel,arjun.kulkarni462@outlook.com,315085234,poona,127308,mid,aarav,patel
cust100024,priya khan,rohan.khan829@gmail.com,5465675749,chennnai,158383,luxury,priya,khan
cust102254,aarav patel,sneha.reddy597@outlook.com,5836431006,pune,151798,budget,aarav,patel
cust104222,aditi iyer,rahul.khan760@outlook.com,1759407560,mumbay,107740,mid,aditi,iyer
cust101558,anaya kulkarni,sachin.kapoor386@example.com,662688625,chennnai,40266,mid,anaya,kulkarni
cust103288,vivaan singh,rohan.nair39@outlook.com,8759131730,hyderabad,90097,mid,vivaan,singh
cust103442,diya reddy,,1710871158,ahmedabad,285383,luxury,diya,reddy
cust100149,kabir shah,arjun.patel655@outlook.com,5349465892,new delhi,64753,budget,kabir,shah
cust100330,rohan iyer,anita.chopra121@yahoo.com,1842681286,new delhi,139224,luxury,rohan,iyer
cust104918,vihaan iyer,kabir.nair652@example.com,1980482301,bangalore,70638,mid,vihaan,iyer
cust102016,rohan gupta,diya.sharma491@outlook.com,951437822,hyderabad,238104,luxury,rohan,gupta
cust103650,arjun kulkarni,,3871566170,delhi,333143,mid,arjun,kulkarni
cust102382,sachin shah,anita.sharma78@yahoo.com,6301445830,dehli,105857,budget,sachin,shah
cust100482,anaya das,anita.patel921@example.com,1280311051,kolkata,141760,premium,anaya,das
cust103360,anaya iyer,anita.das231@outlook.com,5327797827,ahmedabad,195753,mid,anaya,iyer
cust101058,sneha kapoor,priya.nair811@outlook.com,3638715950,hyderbad,82518,mid,sneha,kapoor
cust103538,sneha chopra,vivaan.kapoor720@gmail.com,6499050979,ahmedabad,117215,mid,sneha,chopra
cust103900,priya khan,vihaan.mehta221@yahoo.com,2629835870,chennai,123423,mid,priya,khan
cust100411,vihaan kapoor,diya.reddy628@outlook.com,1361186915,bengluru,357667,mid,vihaan,kapoor
cust102324,mira chopra,kabir.mehta703@outlook.com,8250839068,surrat,61788,premium,mira,chopra
cust101349,arjun kapoor,vivaan.reddy622@example.com,8027696619,bengaluru,311571,luxury,arjun,kapoor
cust100591,kabir reddy,aarav.shah768@yahoo.com,7290071228,gurugram,311322,premium,kabir,reddy
cust101571,rahul khan,sneha.iyer598@gmail.com,8239054149,jaypur,443121,premium,rahul,khan
cust102318,rahul kulkarni,arjun.singh500@gmail.com,234622971,bangalore,381225,luxury,rahul,kulkarni
cust104192,arjun khan,diya.chopra246@example.com,5793114891,bengluru,282054,luxury,arjun,khan
cust100271,kabir kapoor,anita.mehta329@yahoo.com,4070325241,chennnai,375420,budget,kabir,kapoor
cust104684,aditi shah,rohan.reddy375@outlook.com,7503480333,hyderabad,212161,premium,aditi,shah
cust103842,rohan shah,kabir.nair236@gmail.com,9531229615,surat,194410,premium,rohan,shah
cust101222,rohan shah,priya.mehta745@yahoo.com,4237885966,noida,135066,premium,rohan,shah
cust102415,mira khan,arjun.agarwal268@outlook.com,6489193798,ahemdabad,128881,mid,mira,khan
cust101293,sneha singh,rahul.chopra980@gmail.com,466904200,bengaluru,394804,luxury,sneha,singh
cust102005,rohan iyer,mira.iyer788@gmail.com,8868465876,poona,295971,budget,rohan,iyer
cust104829,arjun chopra,aarav.patel105@example.com,6427915826,bengluru,112501,mid,arjun,chopra
cust101361,vihaan mehta,aarav.singh236@example.com,5388418457,gurgaon,214640,premium,vihaan,mehta
cust104449,mira sharma,,3460996831,hyderabad,143601,premium,mira,sharma
cust102645,vivaan chopra,vivaan.nair787@outlook.com,5254530022,ahemdabad,282039,mid,vivaan,chopra
cust104660,sachin patel,sachin.iyer388@gmail.com,2200873926,mumbai,242615,mid,sachin,patel
cust104580,ishaan mehta,rahul.patel886@gmail.com,2018225941,bangalore,179189,budget,ishaan,mehta
cust101629,vihaan gupta,diya.nair3@yahoo.com,7378455603,jaipur,200334,budget,vihaan,gupta
cust104002,mira reddy,vivaan.sharma576@gmail.com,5508803377,gurgaon,65480,premium,mira,reddy
cust102395,vivaan mehta,aditi.kapoor585@example.com,9974694044,new delhi,93640,luxury,vivaan,mehta
cust103259,rahul iyer,arjun.agarwal740@yahoo.com,2557655336,bengaluru,141071,mid,rahul,iyer
cust104686,aarav agarwal,arjun.khan241@outlook.com,5111729152,chennai,87452,mid,aarav,agarwal
cust104522,sachin mehta,priya.agarwal680@outlook.com,3390608129,ahemdabad,96578,luxury,sachin,mehta
cust104876,priya shah,,9537219052,jaipur,160640,luxury,priya,shah
cust104695,vivaan das,sachin.iyer860@gmail.com,8293282852,gurgaon,77078,luxury,vivaan,das
cust103428,diya khan,priya.mehta139@example.com,7216989284,chennai,200803,premium,diya,khan
cust102108,ishaan agarwal,diya.shah619@example.com,9576158895,chennnai,126663,budget,ishaan,agarwal
cust100342,rohan sharma,diya.kapoor775@gmail.com,569248049,surrat,69636,premium,rohan,sharma
cust104152,vihaan shah,aditi.kulkarni451@yahoo.com,1942252594,delhi,75220,luxury,vihaan,shah
cust101083,priya gupta,sneha.das118@outlook.com,5460127861,bengaluru,90084,premium,priya,gupta
cust101959,arjun agawral,ishaan.gupta383@gmail.com,948643087,noida,109687,mid,arjun,agawral
cust104473,rohan iyer,vihaan.sharma569@example.com,7318759669,poona,143130,luxury,rohan,iyer
cust101833,aarav reddy,ishaan.iyer920@yahoo.com,1400720017,calcutta,215520,mid,aarav,reddy
cust100535,rahu lreddy,vihaan.kulkarni447@outlook.com,2920909895,gurugram,80008,luxury,rahu,lreddy
cust103913,rahul sharma,sneha.nair182@outlook.com,3480004527,kolkata,144053,budget,rahul,sharma
cust104056,arjun mehta,ishaan.das356@yahoo.com,7146078429,calcutta,259087,premium,arjun,mehta
cust103336,anita agarwal,anaya.agarwal168@gmail.com,4990285855,ahemdabad,55458,mid,anita,agarwal
cust104822,aditi gupta,kabir.kapoor589@yahoo.com,52049174,surat,129949,mid,aditi,gupta
cust104026,diya mehta,arjun.kapoor635@example.com,8340314241,ahmedabad,133146,luxury,diya,mehta
cust103431,mira kapoor,arjun.gupta469@example.com,1221792516,mumbaai,288272,premium,mira,kapoor
cust102525,aditi patel,priya.sharma312@example.com,8337040531,hyderbad,105667,luxury,aditi,patel
cust102971,sachin mehta,mira.das334@example.com,2035011221,hyderabad,92077,premium,sachin,mehta
cust100035,arjun singh,anaya.shah60@yahoo.com,2795937093,nodia,109393,mid,arjun,singh
cust104297,kabir chopra,arjun.khan44@example.com,4756971308,ahemdabad,377216,budget,kabir,chopra
cust103731,anaya chopra,ishaan.kapoor741@example.com,3366471332,surrat,140607,premium,anaya,chopra
cust104090,priya chopra,vihaan.shah51@example.com,8929052249,chennai,62943,luxury,priya,chopra
cust101165,priya patel,ishaan.shah208@gmail.com,9266112935,bangalore,181126,mid,priya,patel
cust100757,vihaan singh,vivaan.kulkarni523@example.com,3091060568,ahemdabad,117867,premium,vihaan,singh
cust104034,vivaan reddy,sneha.sharma655@example.com,2820270224,gurugrm,145795,luxury,vivaan,reddy
cust102733,anita patel,vihaan.patel98@example.com,3157361114,ahmedabad,194819,mid,anita,patel
cust103595,vivaan das,vivaan.kapoor979@outlook.com,3782292722,bengaluru,393019,premium,vivaan,das
cust103331,aarav patel,diya.mehta114@outlook.com,7170530297,dehli,397938,mid,aarav,patel
cust101545,priya kapoor,kabir.patel382@example.com,1514985583,gurugram,183902,luxury,priya,kapoor
cust102748,sachin sharma,vivaan.khan376@example.com,4019232173,nodia,92017,budget,sachin,sharma
cust100664,aarav patle,sneha.kapoor832@yahoo.com,4734731682,noida,139052,luxury,aarav,patle
cust103963,rohan kulkarni,mira.patel241@example.com,2761678837,gurgaon,173414,premium,rohan,kulkarni
cust104096,rohan agarwal,mira.gupta469@example.com,6265232622,noida,36284,luxury,rohan,agarwal
cust104115,anaya nair,rohan.gupta157@outlook.com,7494942610,chennai,81782,budget,anaya,nair
cust101978,aditi reddy,vihaan.singh148@gmail.com,1427750469,bengluru,97510,premium,aditi,reddy
cust103843,anita iyer,anita.mehta280@gmail.com,3208221587,calcutta,358176,luxury,anita,iyer
cust100487,vivaan das,mira.agarwal138@outlook.com,7570528371,noida,149565,premium,vivaan,das
cust102800,sneha mehta,vihaan.khan342@outlook.com,9795677533,dehli,95520,budget,sneha,mehta
cust100326,rahul kapoor,mira.reddy512@outlook.com,9833401866,punna,60788,mid,rahul,kapoor
cust102155,kabir khan,vihaan.khan874@example.com,8936263092,mumbaai,203299,budget,kabir,khan
cust100112,kabir kulkarni,,8309912093,bengluru,306683,premium,kabir,kulkarni
cust100009,sneha singh,vivaan.kulkarni954@gmail.com,4983369605,jaipur,233351,luxury,sneha,singh
cust100332,sachin sharma,arjun.khan267@outlook.com,7849503332,delhi,107774,mid,sachin,sharma
cust100147,ishaan kapoor,diya.kulkarni200@example.com,6616748977,nodia,99302,mid,ishaan,kapoor
cust103416,priya patel,anita.reddy671@example.com,5664862770,dehli,172398,premium,priya,patel
cust103026,rahul kulkarni,sneha.patel162@gmail.com,8578851077,kalkata,436884,mid,rahul,kulkarni
cust104724,anaya chopra,rahul.kapoor525@gmail.com,8078711504,poona,327740,luxury,anaya,chopra
cust100979,mira khan,arjun.shah778@example.com,3031083041,gurgaon,307911,budget,mira,khan
cust101554,rohan mehta,rahul.gupta592@gmail.com,5856614433,mumbay,288979,budget,rohan,mehta
cust102583,arjun gupta,kabir.iyer730@example.com,9651982841,gurugram,278567,luxury,arjun,gupta
cust101802,aarav chopra,aarav.shah310@yahoo.com,3881867688,chennai,70127,mid,aarav,chopra
cust100733,rahul sharma,aditi.reddy448@gmail.com,9065397288,surrat,104019,mid,rahul,sharma
cust101240,vihaan gupta,diya.khan490@yahoo.com,6618853238,ahmedabad,322637,mid,vihaan,gupta
cust102289,arjun gupta,vivaan.shah573@example.com,4189421608,new delhi,99458,budget,arjun,gupta
cust101663,aarav reddy,rahul.mehta109@yahoo.com,4648443354,hyderabad,44066,budget,aarav,reddy
cust100483,ishaan das,arjun.shah536@example.com,8410356578,chennnai,295658,premium,ishaan,das
cust102585,rohan gupta,vihaan.reddy10@outlook.com,3295644237,hyderbad,167934,premium,rohan,gupta
cust100255,aditi nair,aditi.khan113@outlook.com,2831890091,gurgaon,292281,budget,aditi,nair
cust104856,arjun nair,anita.khan157@outlook.com,6530321881,punna,97064,luxury,arjun,nair
cust100325,sneha kapoor,anita.singh69@outlook.com,3055791734,mumbai,157548,luxury,sneha,kapoor
cust101094,rahul gupta,rahul.chopra651@gmail.com,6149772019,dehli,368425,mid,rahul,gupta
cust104188,anaya kulkarni,aarav.reddy625@yahoo.com,5431266801,ahemdabad,50183,mid,anaya,kulkarni
cust102557,rahul patel,kabir.shah127@yahoo.com,3690881691,noida,62678,luxury,rahul,patel
cust102506,vivaan iyer,kabir.shah725@gmail.com,5300513364,bangalore,85220,luxury,vivaan,iyer
cust103212,vivaan nair,,3480106508,bengluru,721212,mid,vivaan,nair
cust104973,rohan gupta,mira.nair763@outlook.com,9708659405,dehli,49513,luxury,rohan,gupta
cust102567,ishaan agarwal,anaya.mehta736@yahoo.com,4221481708,bengaluru,291734,budget,ishaan,agarwal
cust100116,sneha chopra,anaya.khan363@outlook.com,5751373977,kalkata,164942,mid,sneha,chopra
cust103643,rohan singh,priya.shah854@yahoo.com,5139461700,chennai,202523,luxury,rohan,singh
cust102286,vihaan mehta,arjun.reddy990@gmail.com,9544440988,ahemdabad,130234,mid,vihaan,mehta
cust102885,rohan agarwal,kabir.iyer613@outlook.com,7960013170,new delhi,112835,budget,rohan,agarwal
cust102664,diya sharma,sachin.sharma709@example.com,1842942524,surrat,297368,budget,diya,sharma
cust104505,arjun khan,arjun.kapoor862@outlook.com,236283164,bengaluru,156706,mid,arjun,khan
cust103099,aaarv singh,ishaan.kapoor308@example.com,8194616566,nodia,84564,premium,aaarv,singh
cust100596,arjun shah,anita.agarwal714@gmail.com,8657726910,hyderabad,228632,premium,arjun,shah
cust101542,anaya gupta,aarav.kulkarni231@outlook.com,73984030,kolkata,129988,mid,anaya,gupta
cust100866,sneha singh,priya.chopra713@gmail.com,2010363023,chennai,68647,luxury,sneha,singh
cust103005,rohan das,aarav.sharma99@outlook.com,3884541429,pune,233849,mid,rohan,das
cust103373,mira nair,,1777987877,mumbaai,593896,mid,mira,nair
cust100557,priya chopra,priya.singh792@example.com,3674552152,gurgaon,50757,premium,priya,chopra
cust101149,rohan singh,rahul.chopra447@gmail.com,1005638077,bangalore,178217,premium,rohan,singh
cust102803,aditi agarwal,mira.singh39@outlook.com,6908912615,calcutta,164868,premium,aditi,agarwal
cust102262,sneha singh,anaya.reddy792@gmail.com,7647342687,bengluru,71560,budget,sneha,singh
cust101445,kabir patel,sneha.mehta428@outlook.com,7730697225,mumbay,174029,mid,kabir,patel
cust100352,rahul singh,ishaan.kulkarni582@example.com,824046800,noida,144045,budget,rahul,singh
cust103733,kabir mehta,anita.reddy579@example.com,7590436760,gurugram,34667,mid,kabir,mehta
cust104817,anaya kulkarni,kabir.sharma190@example.com,5700472101,jaypur,50877,premium,anaya,kulkarni
cust100532,sachin iyer,sneha.singh319@outlook.com,4352044295,poona,92383,premium,sachin,iyer
cust103665,anaya gupta,arjun.kapoor490@gmail.com,7871801557,jaipur,275029,budget,anaya,gupta
cust102862,kabir mehta,aarav.iyer296@example.com,2401562120,surat,150909,budget,kabir,mehta
cust101536,sachin gupta,vivaan.khan678@yahoo.com,499038334,hyderbad,127753,premium,sachin,gupta
cust100297,arjun sharma,arjun.khan806@example.com,5933826023,chennnai,163580,premium,arjun,sharma
cust101838,ishaan kapoor,aarav.chopra595@example.com,709511891,mumbai,140931,mid,ishaan,kapoor
cust100896,sachin chopra,mira.kulkarni271@outlook.com,203414918,punna,345662,premium,sachin,chopra
cust102273,ishaan gupta,mira.das66@yahoo.com,8708174476,hydrabad,449230,mid,ishaan,gupta
cust102358,diya chopra,anita.agarwal922@example.com,4315229476,bengluru,67971,mid,diya,chopra
cust101955,ishaan mehta,rahul.sharma985@gmail.com,8991841574,chennnai,183758,budget,ishaan,mehta
cust101822,anita das,ishaan.nair837@example.com,1101014580,surrat,176182,premium,anita,das
cust103307,sneha chopra,sachin.sharma930@gmail.com,9941626111,pune,340101,premium,sneha,chopra
cust103129,ishaan khan,aditi.iyer838@example.com,7074168447,surat,140851,luxury,ishaan,khan
cust102717,mria iyer,priya.shah62@yahoo.com,7350842879,surrat,87044,luxury,mria,iyer
cust100525,aarav singh,,6386463932,bangalore,388617,luxury,aarav,singh
cust102536,kabir chopra,sneha.agarwal982@outlook.com,2359218305,gurugram,216097,budget,kabir,chopra
cust100423,diya das,aditi.kapoor658@example.com,2678923245,bengluru,104637,premium,diya,das
cust102513,vihaan kapoor,vivaan.singh111@gmail.com,6770410528,dehli,115143,budget,vihaan,kapoor
cust102146,rahul singh,kabir.das894@outlook.com,5898853208,calcutta,134216,luxury,rahul,singh
cust104472,mira kulkarni,sneha.singh425@example.com,4884459896,dehli,87324,budget,mira,kulkarni
cust101596,vivaan chopra,arjun.das423@gmail.com,2411022269,ahmedabad,232840,budget,vivaan,chopra
cust101125,aarav chopra,sachin.kapoor961@example.com,184910579,mumbaai,197479,mid,aarav,chopra
cust102370,aarav kapoor,mira.agarwal913@outlook.com,8628651130,hyderabad,107717,premium,aarav,kapoor
cust101455,rahul kapoor,ishaan.sharma556@outlook.com,9126102571,jaypur,117420,premium,rahul,kapoor
cust104810,aditi das,priya.sharma4@outlook.com,9930041739,jaypur,185959,luxury,aditi,das
cust101698,mira shah,aditi.reddy896@yahoo.com,2864560529,hyderbad,142286,luxury,mira,shah
cust103710,arjun khan,kabir.das218@yahoo.com,5762279148,surrat,191974,luxury,arjun,khan
cust100543,kabir das,arjun.nair799@outlook.com,4722081994,gurgaon,68415,mid,kabir,das
cust103836,sneha shah,anita.gupta777@example.com,4626856139,nodia,321339,luxury,sneha,shah
cust104833,kabir khan,rohan.reddy54@example.com,2663907120,ahemdabad,286690,mid,kabir,khan
cust104873,anaya chopra,anaya.khan117@outlook.com,5842210239,kalkata,166288,luxury,anaya,chopra
cust102352,vivaan khan,aarav.patel444@gmail.com,6562122036,mumbay,169058,premium,vivaan,khan
cust104143,kabir iyre,anaya.iyer46@outlook.com,9726663039,calcutta,242719,premium,kabir,iyre
cust100691,kabri chopra,ishaan.iyer402@yahoo.com,3869015992,kalkata,124774,budget,kabri,chopra
cust102133,rohan shah,diya.gupta316@yahoo.com,7827488564,gurugrm,136724,luxury,rohan,shah
cust101839,aarav nair,vihaan.shah735@gmail.com,811865120,kolkata,153605,mid,aarav,nair
cust102827,ishaan gupta,,2852076448,noida,374309,mid,ishaan,gupta
cust102213,aditi singh,sneha.mehta638@gmail.com,7903180742,ahemdabad,284893,mid,aditi,singh
cust101492,aarav das,anaya.iyer528@outlook.com,7263498233,gurugram,194247,budget,aarav,das
cust102457,sneha singh,aarav.mehta462@gmail.com,2542732255,chennnai,198540,luxury,sneha,singh
cust102142,arjun sharma,rohan.singh144@outlook.com,6514169060,jaipur,264352,luxury,arjun,sharma
cust100526,anaya sharma,diya.kapoor458@yahoo.com,9122865558,chennai,360190,budget,anaya,sharma
cust101352,aarav kulkarni,priya.reddy545@yahoo.com,7035668366,mumbaai,138514,mid,aarav,kulkarni
cust104102,sneha gupta,rahul.mehta881@outlook.com,9163515939,delhi,180222,budget,sneha,gupta
cust101751,anaya yier,,9398196223,noida,55995,mid,anaya,yier
cust101650,aditi singh,anita.nair497@outlook.com,8726446580,jaipur,104911,mid,aditi,singh
cust102127,rahul patel,vihaan.agarwal198@yahoo.com,1883185303,mumbay,159591,budget,rahul,patel
cust100373,diya iyer,rohan.chopra317@example.com,3449226591,kolkata,473267,luxury,diya,iyer
cust104799,vihaan singh,sachin.shah827@outlook.com,550053433,surrat,146041,mid,vihaan,singh
cust104767,priya shah,,7491789367,bengaluru,170618,mid,priya,shah
cust104789,vihaan singh,arjun.patel665@gmail.com,5390717580,calcutta,195205,budget,vihaan,singh
cust103617,vihaan kapoor,aarav.iyer161@outlook.com,8689000859,kolkata,217105,luxury,vihaan,kapoor
cust103997,anaya chopra,sneha.kapoor314@yahoo.com,2331891227,gurugram,298825,premium,anaya,chopra
cust104946,anaya singh,mira.reddy473@outlook.com,4029322631,surrat,53029,mid,anaya,singh
cust102661,rahul singh,sneha.nair122@yahoo.com,6908509956,dehli,144719,premium,rahul,singh
cust102498,priya gupta,vivaan.singh959@outlook.com,5787377250,mumbay,277798,mid,priya,gupta
cust102605,kabir chopra,ishaan.mehta375@gmail.com,9996568127,kalkata,459791,mid,kabir,chopra
cust102265,priya shah,,5598180909,bangalore,63349,budget,priya,shah
cust103776,kabir shah,diya.singh831@outlook.com,6072148068,mumbai,116844,budget,kabir,shah
cust101434,aarav iyer,anaya.mehta672@example.com,3056847003,hyderabad,149458,premium,aarav,iyer
cust102256,kabir singh,arjun.das457@outlook.com,4843731286,delhi,248032,budget,kabir,singh
cust104546,aarav nair,,7142354376,poona,130034,luxury,aarav,nair
cust101643,rohan nair,rohan.sharma425@example.com,4268951038,bengluru,70647,premium,rohan,nair
cust104933,sachin nair,aditi.kapoor687@example.com,8635212268,gurugrm,330876,premium,sachin,nair
cust100219,diya iyer,ishaan.das449@gmail.com,4917615578,surrat,232218,mid,diya,iyer
cust102739,sachin kapoor,anaya.nair773@outlook.com,9717003463,surrat,127800,mid,sachin,kapoor
cust103135,anita khan,kabir.das116@gmail.com,9058897380,gurgaon,110691,budget,anita,khan
cust104195,aditi das,diya.iyer940@gmail.com,6207649301,chennai,48577,premium,aditi,das
cust104618,ishaan khan,rahul.shah959@example.com,7505061993,mumbaai,273577,premium,ishaan,khan
cust104270,anaya shah,aarav.shah657@gmail.com,3677067333,ahmedabad,148550,mid,anaya,shah
cust100408,rohan singh,rahul.reddy919@gmail.com,770567107,mumbai,245226,luxury,rohan,singh
cust102184,anaya das,sachin.reddy617@gmail.com,6260928053,kolkata,138192,budget,anaya,das
cust100134,rohan singh,ishaan.reddy149@outlook.com,1578591323,delhi,85239,luxury,rohan,singh
cust104277,arjun sharma,aarav.iyer741@gmail.com,1002713637,ahmedabad,145869,luxury,arjun,sharma
cust102285,kabir sharma,aditi.khan356@yahoo.com,2601068560,surrat,78697,mid,kabir,sharma
cust104066,anaya kapoor,rohan.patel746@example.com,5737583185,delhi,192173,mid,anaya,kapoor
cust102591,rohan sharma,priya.mehta28@example.com,2128793227,gurugrm,186624,luxury,rohan,sharma
cust104179,ihsaan kapoor,sachin.khan469@yahoo.com,469885997,jaypur,52366,budget,ihsaan,kapoor
cust104292,priya mehta,arjun.singh559@yahoo.com,595243359,poona,136891,mid,priya,mehta
cust101466,mira chopra,kabir.sharma186@yahoo.com,8030168495,kolkata,112535,premium,mira,chopra
cust101535,vivaan shah,vivaan.shah799@yahoo.com,7195494165,jaipur,310590,mid,vivaan,shah
cust104871,ishaan iyer,kabir.das474@gmail.com,8038970844,noida,203985,budget,ishaan,iyer
cust101169,anita nair,ishaan.agarwal243@outlook.com,2923818606,hyderbad,67432,luxury,anita,nair
cust104887,aarav nair,sachin.sharma507@outlook.com,1994978928,jaypur,179385,budget,aarav,nair
cust102983,mira kapoor,sachin.singh274@gmail.com,3252272969,surat,96293,budget,mira,kapoor
cust100689,aditi chopra,mira.das75@outlook.com,6279622725,nodia,108368,luxury,aditi,chopra
cust101960,mira patel,priya.kapoor82@gmail.com,9236427851,surat,142674,budget,mira,patel
cust100025,anita nair,rohan.mehta529@outlook.com,6526173231,hyderbad,68159,mid,anita,nair
cust104675,kabir gupta,rohan.mehta292@gmail.com,8747359422,punna,212609,budget,kabir,gupta
cust104158,kabir kapoor,ishaan.chopra393@outlook.com,1831994197,ahmedabad,177335,premium,kabir,kapoor
cust101197,sneha singh,vivaan.gupta396@example.com,9503316376,new delhi,145860,premium,sneha,singh
cust101897,diya patel,ishaan.nair590@yahoo.com,1494676093,mumbay,361561,luxury,diya,patel
cust101913,vihaan iyer,,2949694612,mumbay,157012,premium,vihaan,iyer
cust102612,sneha gupta,rohan.gupta957@outlook.com,1508299872,jaipur,148096,premium,sneha,gupta
cust102875,vivaan singh,rohan.patel928@outlook.com,8792404700,delhi,154807,budget,vivaan,singh
cust102772,rohan sharma,kabir.shah104@outlook.com,6212177284,mumbai,99954,luxury,rohan,sharma
cust101053,rahul gupta,,974100482,chennai,257701,mid,rahul,gupta
cust101515,mira mehta,kabir.gupta585@example.com,2516338373,new delhi,170541,budget,mira,mehta
cust101956,anaya iyer,rohan.iyer930@example.com,6796947278,gurugram,97446,mid,anaya,iyer
cust104430,rohan das,aditi.khan362@outlook.com,7461283380,gurugrm,225790,premium,rohan,das
cust103052,sneha mehta,sachin.nair825@yahoo.com,2708568018,surrat,131247,mid,sneha,mehta
cust104030,vihaan chopra,sachin.kapoor67@example.com,945001985,delhi,160827,mid,vihaan,chopra
cust104109,vihaan shah,arjun.reddy165@yahoo.com,8070249795,gurugram,54564,luxury,vihaan,shah
cust101304,priya patle,diya.sharma998@gmail.com,4768316499,hydrabad,108788,luxury,priya,patle
cust101884,ishaan khan,arjun.agarwal573@outlook.com,946369506,hyderbad,350373,luxury,ishaan,khan
cust102532,kabir chopra,rohan.singh573@yahoo.com,7471960339,jaipur,204722,mid,kabir,chopra
cust103666,kabir iyer,vivaan.singh941@gmail.com,1122436691,nodia,200583,luxury,kabir,iyer
cust103403,anaya das,rahul.gupta735@gmail.com,2984577762,poona,135330,luxury,anaya,das
cust101561,aditi patel,,7933900458,poona,203131,mid,aditi,patel
cust101759,priya mehta,arjun.reddy556@outlook.com,1838673433,noida,192477,budget,priya,mehta
cust102090,rahul agarwal,diya.sharma731@outlook.com,7488539842,jaipur,123544,premium,rahul,agarwal
cust102710,anita reddy,vivaan.khan438@example.com,7006137839,kalkata,193079,premium,anita,reddy
cust102176,anaya sharma,anaya.khan178@gmail.com,9124466387,noida,135962,premium,anaya,sharma
cust104509,aarav gupta,diya.kulkarni872@example.com,6144520186,noida,110109,luxury,aarav,gupta
cust103055,mira reddy,mira.kulkarni611@outlook.com,2224903589,nodia,119044,budget,mira,reddy
cust103363,anita nair,anaya.sharma119@gmail.com,5991893915,ahmedabad,48590,premium,anita,nair
cust102759,anaya sharma,ishaan.nair339@gmail.com,3827800716,nodia,167116,budget,anaya,sharma
cust102037,rohan das,sachin.shah819@gmail.com,4636119929,punna,129242,premium,rohan,das
cust102228,diya chopra,anaya.kulkarni370@example.com,6792364337,jaypur,177914,budget,diya,chopra
cust102233,mira das,ishaan.sharma890@gmail.com,8867550307,jaypur,441787,luxury,mira,das
cust100140,aditi patel,aarav.khan643@example.com,9952658663,gurugrm,106231,luxury,aditi,patel
cust100735,aarav khan,vihaan.das7@yahoo.com,1452447870,calcutta,273818,mid,aarav,khan
cust102631,anaya nair,arjun.shah220@yahoo.com,6876618719,delhi,90466,mid,anaya,nair
cust100669,priya iyer,ishaan.agarwal270@gmail.com,6725618291,chennnai,66508,luxury,priya,iyer
cust104278,sachin iyer,arjun.gupta396@yahoo.com,2555051937,surrat,75423,luxury,sachin,iyer
cust103970,anaya kapoor,vihaan.gupta998@example.com,4412129817,jaypur,173186,luxury,anaya,kapoor
cust100957,rahul khan,rahul.mehta127@example.com,7644118152,hyderabad,236687,luxury,rahul,khan
cust104067,kabir khan,diya.sharma309@gmail.com,1901593586,surrat,116789,premium,kabir,khan
cust100215,arjun singh,rohan.mehta613@gmail.com,1137933035,hydrabad,115386,premium,arjun,singh
cust102731,ishaan shah,,4811666324,nodia,293919,luxury,ishaan,shah
cust100748,sachin patel,diya.sharma862@outlook.com,6641847009,ahmedabad,130132,luxury,sachin,patel
cust102837,aditi mehta,sachin.kapoor281@example.com,9248475088,mumbai,220513,premium,aditi,mehta
cust100291,sneha kulkarni,anita.reddy995@outlook.com,5399084927,surrat,159803,mid,sneha,kulkarni
cust101215,kabir nair,kabir.khan765@gmail.com,429678099,gurugram,105027,premium,kabir,nair
cust102408,mira khan,mira.khan813@yahoo.com,233442362,jaipur,317427,budget,mira,khan
cust104792,arjun shah,anita.chopra900@yahoo.com,7226887382,bengluru,195035,mid,arjun,shah
cust104017,rohan gupta,rahul.sharma282@outlook.com,2746863483,surat,221539,premium,rohan,gupta
cust104437,aarav hsah,vihaan.kulkarni86@yahoo.com,4035841898,ahmedabad,178619,luxury,aarav,hsah
cust102474,sachin das,rohan.chopra481@yahoo.com,3380987074,kalkata,114144,premium,sachin,das
cust100177,diya mehta,ishaan.singh630@yahoo.com,7350408568,hydrabad,227855,premium,diya,mehta
cust100103,anaya shah,kabir.iyer318@example.com,4782206691,hydrabad,68468,premium,anaya,shah
cust102519,anaya das,mira.chopra841@yahoo.com,4382475320,jaypur,121110,luxury,anaya,das
cust101965,rahul shah,vivaan.singh616@yahoo.com,3145440928,ahemdabad,151971,luxury,rahul,shah
cust103045,sachin singh,rahul.kulkarni484@yahoo.com,1795034110,surat,52330,mid,sachin,singh
cust100907,diya singh,vihaan.kapoor886@example.com,8531079097,noida,137701,luxury,diya,singh
cust102712,kabir patel,aditi.gupta264@outlook.com,7609132394,mumbaai,70753,mid,kabir,patel
cust103037,sachin kulkarni,mira.gupta823@gmail.com,6992418540,gurgaon,151440,mid,sachin,kulkarni
cust100359,arjun patel,aditi.khan320@yahoo.com,4442790604,ahemdabad,101577,budget,arjun,patel
cust101265,vivaan kapoor,,3221307700,mumbai,218558,premium,vivaan,kapoor
cust100362,ishaan mehta,sachin.agarwal685@outlook.com,9802803395,hyderbad,121576,luxury,ishaan,mehta
cust104365,sachin kapoor,anaya.singh299@outlook.com,5669854743,gurugrm,151755,luxury,sachin,kapoor
cust103191,aditi sharma,vihaan.mehta13@gmail.com,29890741,new delhi,58605,premium,aditi,sharma
cust102070,vivaan shah,aarav.sharma628@outlook.com,4580905574,jaypur,137034,luxury,vivaan,shah
cust101442,vivaan reddy,aditi.kulkarni284@gmail.com,7798842821,bangalore,210499,budget,vivaan,reddy
cust101556,sneha singh,anaya.reddy342@outlook.com,4159932794,hydrabad,189716,budget,sneha,singh
cust104812,vihaan singh,rohan.iyer525@example.com,613645479,kolkata,110030,luxury,vihaan,singh
cust104191,mira sharma,aditi.reddy694@example.com,7376560833,dehli,540160,budget,mira,sharma
cust102900,priya shah,ishaan.shah119@gmail.com,3942193052,surat,60087,luxury,priya,shah
cust104936,ishaan kapoor,kabir.nair182@gmail.com,5525988658,bangalore,307702,budget,ishaan,kapoor
cust104228,diya nair,vihaan.nair233@example.com,109429252,dehli,67660,premium,diya,nair
cust100676,aditi reddy,aarav.kulkarni393@outlook.com,9636808265,jaipur,167588,mid,aditi,reddy
cust103286,vivaan kapoor,rohan.patel206@gmail.com,3371918545,chennai,393956,mid,vivaan,kapoor
cust101743,priya gupta,anita.agarwal320@example.com,5283174035,jaypur,165736,luxury,priya,gupta
cust100710,aditi mehta,sneha.kapoor892@example.com,2757599970,noida,114042,budget,aditi,mehta
cust103256,aschin mehta,anaya.patel975@outlook.com,9799783546,hyderabad,127253,luxury,aschin,mehta
cust104491,rahul iyer,diya.das222@yahoo.com,7748221792,ahemdabad,246232,mid,rahul,iyer
cust102689,priya mehta,anita.iyer504@yahoo.com,8421797300,delhi,211622,mid,priya,mehta
cust104513,ishaan chopra,rohan.singh588@yahoo.com,5787598485,noida,497545,premium,ishaan,chopra
cust104009,arjun sharma,diya.das537@outlook.com,893490025,ahemdabad,463404,premium,arjun,sharma
cust104726,anita shah,kabir.gupta51@yahoo.com,6017095981,nodia,193593,luxury,anita,shah
cust104279,rohan gupta,rohan.reddy562@example.com,2722769833,chennai,153575,mid,rohan,gupta
cust104753,mira das,mira.shah497@yahoo.com,6817524810,bengaluru,166680,premium,mira,das
cust101451,aarav patel,aditi.khan671@outlook.com,5344310769,ahemdabad,171330,luxury,aarav,patel
cust104847,mira kapoor,anaya.agarwal364@example.com,9322198957,ahmedabad,224635,budget,mira,kapoor
cust103573,kabir reddy,ishaan.mehta880@gmail.com,3002345634,surat,148777,budget,kabir,reddy
cust102121,vivaan gupta,rahul.patel472@yahoo.com,6431623721,surrat,166761,premium,vivaan,gupta
cust100588,sneha kapoor,mira.iyer420@example.com,5919356954,bangalore,439051,mid,sneha,kapoor
cust100360,rahul agarwal,aditi.nair82@example.com,7814882257,hyderabad,237038,mid,rahul,agarwal
cust100775,vihaan kapoor,aditi.mehta174@outlook.com,8363606516,noida,260118,premium,vihaan,kapoor
cust101753,vihaan mehta,,103954175,chennai,73338,luxury,vihaan,mehta
cust102825,mira iyer,rohan.singh733@example.com,3732664607,bengaluru,126312,luxury,mira,iyer
cust102476,rohan shah,anita.patel482@example.com,6418968720,dehli,53288,premium,rohan,shah
cust102416,priya das,rohan.shah86@gmail.com,6798814802,poona,245347,luxury,priya,das
cust104470,aditi sharma,priya.das965@gmail.com,7301994718,chennnai,152432,mid,aditi,sharma
cust103446,arjun sharma,arjun.kulkarni499@yahoo.com,7215970452,bengaluru,208166,budget,arjun,sharma
cust103870,aarav agarwal,aditi.kulkarni713@gmail.com,8415903464,gurugrm,116492,mid,aarav,agarwal
cust100279,idya singh,diya.das349@gmail.com,4339008656,gurugram,279860,luxury,idya,singh
cust104196,anaya patel,anaya.kulkarni615@outlook.com,831449881,ahmedabad,70007,budget,anaya,patel
cust102200,kabir gupta,vihaan.mehta933@example.com,2088338122,poona,60044,mid,kabir,gupta
cust103688,sachin patel,vivaan.gupta99@outlook.com,4520136354,surrat,304222,budget,sachin,patel
cust103866,mira khan,sneha.shah63@outlook.com,5278373143,nodia,86823,premium,mira,khan
cust101635,anaya sharma,mira.mehta747@outlook.com,3476721629,new delhi,255807,budget,anaya,sharma
cust101606,ishaan agarwal,anita.iyer402@example.com,2232163969,delhi,943758,premium,ishaan,agarwal
cust104875,sneha das,arjun.singh747@yahoo.com,8259430307,calcutta,239253,budget,sneha,das
cust104649,aarav khan,aarav.iyer212@gmail.com,2802561151,noida,66478,luxury,aarav,khan
cust102842,kabir gupta,priya.iyer430@gmail.com,3991145840,ahemdabad,153404,mid,kabir,gupta
cust103073,aditi khan,kabir.gupta645@gmail.com,919621349,hydrabad,107983,mid,aditi,khan
cust102833,rahul agarwal,aarav.nair365@example.com,8238097781,delhi,117420,mid,rahul,agarwal
cust102267,vivaan agarwal,,1696542406,mumbai,262332,premium,vivaan,agarwal
cust102074,arjun iyer,aditi.agarwal751@yahoo.com,8821232345,hyderbad,257221,luxury,arjun,iyer
cust100060,priya agarwal,arjun.nair945@outlook.com,1259185981,ahemdabad,130445,mid,priya,agarwal
cust100201,sachin kapoor,aditi.khan347@outlook.com,9370336988,kolkata,299242,budget,sachin,kapoor
cust101322,sneha mheta,arjun.gupta745@gmail.com,5987386256,new delhi,254389,budget,sneha,mheta
cust104503,rohan sharma,arjun.nair445@gmail.com,399607368,surat,113556,mid,rohan,sharma
cust104913,sachin shah,priya.agarwal959@outlook.com,6618459667,jaipur,159027,budget,sachin,shah
cust101462,diya kulkarni,anita.nair745@gmail.com,5860383550,pune,203958,luxury,diya,kulkarni
cust103182,rohan kapoor,anita.reddy874@yahoo.com,4276117449,chennai,195588,budget,rohan,kapoor
cust103922,kabir kapoor,aditi.gupta164@yahoo.com,1894986949,hydrabad,142822,budget,kabir,kapoor
cust103205,rhaul reddy,kabir.reddy760@yahoo.com,6909798711,nodia,202607,premium,rhaul,reddy
cust100007,vihaan nair,,3463715395,delhi,56793,mid,vihaan,nair
cust101810,anita sharma,rohan.kulkarni768@outlook.com,3202547456,poona,199234,budget,anita,sharma
cust100428,sachin nair,priya.kulkarni612@yahoo.com,3834998963,kolkata,108075,mid,sachin,nair
cust100789,arjun nair,diya.chopra659@gmail.com,7637920405,hyderabad,213112,budget,arjun,nair
cust101150,mira singh,sneha.reddy812@outlook.com,8899752486,calcutta,190622,budget,mira,singh
cust101602,vihaan shah,kabir.das335@example.com,3345921325,gurugram,190862,luxury,vihaan,shah
cust101142,aditi agarwal,ishaan.shah173@example.com,7589988164,mumbaai,289296,premium,aditi,agarwal
cust102549,arjun das,rohan.patel490@yahoo.com,1959736710,dehli,163201,mid,arjun,das
cust102724,vivaan reddy,,2131703312,ahmedabad,53059,luxury,vivaan,reddy
cust102571,ishaan reddy,aarav.das215@outlook.com,4866229670,poona,238462,premium,ishaan,reddy
cust102354,sneha shah,aarav.mehta614@gmail.com,436557759,noida,314603,mid,sneha,shah
cust104563,arjun kapoor,rahul.das653@gmail.com,2807037026,bangalore,122764,mid,arjun,kapoor
cust101105,aarav patel,rohan.gupta701@example.com,6966176198,bangalore,168277,premium,aarav,patel
cust103687,aarav khan,diya.patel36@example.com,7797258203,hyderabad,412211,premium,aarav,khan
cust102065,priya gupta,sneha.khan40@yahoo.com,2551953145,ahemdabad,220064,mid,priya,gupta
cust100092,kabir kulkarni,arjun.shah677@gmail.com,1443744948,delhi,161564,budget,kabir,kulkarni
cust100221,rahul chopra,kabir.kulkarni569@example.com,6425982681,mumbaai,462410,luxury,rahul,chopra
cust104757,anaya sharma,sachin.das775@yahoo.com,8733370983,calcutta,353934,premium,anaya,sharma
cust100351,mira sharma,rohan.khan877@gmail.com,8029121499,punna,534620,budget,mira,sharma
cust104589,sachin sharma,priya.nair22@example.com,3285070523,chennnai,51919,budget,sachin,sharma
cust100469,kabir kapoor,vivaan.singh952@outlook.com,6854271620,ahemdabad,140924,premium,kabir,kapoor
cust100796,arjun kulkarni,kabir.iyer290@gmail.com,3809577798,gurgaon,239863,luxury,arjun,kulkarni
cust101245,sneha chopra,ishaan.gupta716@outlook.com,4490738782,pune,407582,budget,sneha,chopra
cust102760,arjun shah,anaya.patel372@gmail.com,9152792668,bengaluru,125349,budget,arjun,shah
cust100868,arjun khan,vivaan.shah163@gmail.com,3149327182,hyderabad,47710,premium,arjun,khan
cust102501,vihaan kapoor,vihaan.shah851@outlook.com,6008853307,kolkata,105353,mid,vihaan,kapoor
cust102636,roha nkhan,vihaan.reddy489@gmail.com,3259485084,delhi,94960,mid,roha,nkhan
cust101237,kabir chopra,kabir.das329@outlook.com,5627107509,mumbay,80848,luxury,kabir,chopra
cust101458,anaya khan,sachin.khan199@yahoo.com,6313562598,calcutta,313555,premium,anaya,khan
cust103647,vihaan mehta,sneha.nair208@outlook.com,5796685729,gurugram,67671,premium,vihaan,mehta
cust104990,rohan das,rohan.mehta366@yahoo.com,6698354506,chennnai,190266,budget,rohan,das
cust101116,rohan chopra,vihaan.kapoor113@outlook.com,6395927325,hyderabad,250129,budget,rohan,chopra
cust103574,sneha patel,aditi.gupta364@outlook.com,7454174967,calcutta,649141,budget,sneha,patel
cust104255,aarav kapoor,rahul.reddy541@yahoo.com,6939045017,noida,127650,budget,aarav,kapoor
cust104325,anaya reddy,sachin.chopra51@gmail.com,9290204491,mumbai,850639,luxury,anaya,reddy
cust104796,vivaan chopra,rahul.kapoor165@outlook.com,7023665736,ahmedabad,181513,luxury,vivaan,chopra
cust104736,aditi iyer,diya.gupta604@example.com,608620737,bangalore,247802,luxury,aditi,iyer
cust104707,sachin nair,mira.das31@gmail.com,633000955,pune,93898,mid,sachin,nair
cust100848,ishaan shah,vihaan.patel708@gmail.com,5760051458,jaipur,247717,premium,ishaan,shah
cust102794,arjun iyer,priya.mehta197@outlook.com,7444723684,surrat,208836,budget,arjun,iyer
cust101941,rahul das,mira.patel416@example.com,7669071055,jaipur,105569,luxury,rahul,das
cust102923,anaya chopra,diya.patel328@example.com,1741071394,ahemdabad,414537,premium,anaya,chopra
cust103362,anita khan,anaya.iyer857@example.com,278189280,surat,175868,premium,anita,khan
cust100420,sneha nair,priya.khan565@yahoo.com,2025111327,jaypur,109226,mid,sneha,nair
cust102371,sneha mehta,arjun.agarwal853@outlook.com,7920022365,bengluru,162975,premium,sneha,mehta
cust100307,sachin chopra,aarav.reddy120@example.com,3102749736,hydrabad,375403,mid,sachin,chopra
cust101739,anita patel,sneha.sharma384@outlook.com,7405615548,noida,170368,budget,anita,patel
cust104088,mira chopra,rahul.agarwal590@example.com,7497761963,surrat,76300,premium,mira,chopra
cust103450,aarav khan,diya.gupta615@gmail.com,535400787,chennnai,153956,luxury,aarav,khan
cust102007,sneha patel,rohan.agarwal14@gmail.com,2666991702,kolkata,445204,luxury,sneha,patel
cust102839,arjun nair,vivaan.mehta986@gmail.com,6960265573,gurugram,157109,premium,arjun,nair
cust103667,arjun nair,ishaan.agarwal619@gmail.com,9135734046,jaypur,87928,luxury,arjun,nair
cust100495,vihaan khan,kabir.sharma542@gmail.com,8280087340,kalkata,251280,mid,vihaan,khan
cust103946,mira nair,,6050145765,jaipur,91323,premium,mira,nair
cust100994,vivaan chopra,diya.das569@yahoo.com,4259182344,gurugram,109278,mid,vivaan,chopra
cust102272,ishaan kulkarni,kabir.nair929@gmail.com,2319166180,bengaluru,140644,budget,ishaan,kulkarni
cust104681,aarav chopra,priya.chopra112@example.com,5439207827,hyderabad,214177,luxury,aarav,chopra
cust100348,diya reddy,ishaan.singh187@outlook.com,4957837855,bengluru,440531,luxury,diya,reddy
cust100283,kabir gupta,mira.mehta947@example.com,3957344993,chennnai,142376,budget,kabir,gupta
cust104086,sachin kapoor,mira.sharma815@gmail.com,1008357929,nodia,380807,budget,sachin,kapoor
cust100804,aarav singh,rohan.sharma261@gmail.com,3294348745,kolkata,187817,luxury,aarav,singh
cust104740,sneha sharma,ishaan.das595@yahoo.com,2391177394,surat,231250,budget,sneha,sharma
cust102641,anaya agarwal,rahul.reddy717@outlook.com,8286072348,mumbai,215928,mid,anaya,agarwal
cust102095,rahul kulkarni,mira.mehta995@yahoo.com,262874742,noida,338150,premium,rahul,kulkarni
cust100372,ishaan singh,rahul.gupta651@outlook.com,8211558742,jaypur,175115,budget,ishaan,singh
cust102845,vivaan das,anita.iyer934@gmail.com,4016169493,ahmedabad,270323,budget,vivaan,das
cust101013,vihaan mehta,anaya.singh930@gmail.com,8200767236,mumbaai,77186,mid,vihaan,mehta
cust104748,rahul agarwal,priya.gupta628@example.com,7944212526,nodia,275343,premium,rahul,agarwal
cust103952,arjun nair,rahul.sharma620@outlook.com,9057300416,kolkata,250929,budget,arjun,nair
cust103111,arjun khan,sneha.gupta740@yahoo.com,3999482382,jaypur,85650,premium,arjun,khan
cust100155,vihaan kulkarni,aditi.patel916@yahoo.com,9368631162,chennai,455262,luxury,vihaan,kulkarni
cust102447,aarav nair,vihaan.chopra786@gmail.com,535651624,calcutta,247270,mid,aarav,nair
cust104353,mira kulkarni,,2299783167,ahemdabad,119253,budget,mira,kulkarni
cust101640,anaya das,anaya.das287@yahoo.com,2090973521,gurgaon,104060,luxury,anaya,das
cust102421,anita chopra,anita.khan716@yahoo.com,6600807335,kalkata,300354,mid,anita,chopra
cust100207,naita singh,mira.mehta305@outlook.com,6365792393,noida,264729,mid,naita,singh
cust101729,vivaan khan,rohan.iyer568@example.com,4214482074,kolkata,337898,budget,vivaan,khan
cust101995,aditi mehta,aarav.reddy147@example.com,7763049121,chennai,376179,mid,aditi,mehta
cust100730,anita ptael,kabir.das293@gmail.com,8610914720,calcutta,73883,mid,anita,ptael
cust103799,anita sharma,anita.kapoor462@outlook.com,5151530489,kolkata,461678,mid,anita,sharma
cust103816,ishaan gupta,mira.iyer916@yahoo.com,7079205549,new delhi,299708,budget,ishaan,gupta
cust102584,vihaan singh,anita.khan341@example.com,6301438910,kalkata,79678,luxury,vihaan,singh
cust102313,aarav hkan,anaya.shah852@yahoo.com,9095644847,calcutta,308757,mid,aarav,hkan
cust101359,sneha khan,vivaan.das50@yahoo.com,1077652315,nodia,78680,budget,sneha,khan
cust100430,aarav sharma,mira.kapoor792@outlook.com,2312062935,bangalore,105844,mid,aarav,sharma
cust103874,aditi chopra,,97663604,surrat,181296,luxury,aditi,chopra
cust102480,aditi sharma,anita.agarwal545@gmail.com,1896742534,surat,264318,mid,aditi,sharma
cust102781,vihaan khan,kabir.agarwal136@yahoo.com,73791682,chennai,102986,premium,vihaan,khan
cust104609,diya khan,mira.patel709@example.com,9356355010,gurugrm,138410,premium,diya,khan
cust104190,mira khan,priya.patel45@yahoo.com,1658318040,mumbaai,134483,premium,mira,khan
cust102135,sneha patel,sachin.kapoor793@yahoo.com,2426025324,jaypur,187672,luxury,sneha,patel
cust102000,aditi sharma,vivaan.sharma561@outlook.com,2891261247,surat,155541,luxury,aditi,sharma
cust101783,rahul patel,aarav.singh227@outlook.com,5386437170,jaipur,258681,luxury,rahul,patel
cust100396,rohan mehta,anita.mehta91@example.com,8998651067,jaipur,166550,budget,rohan,mehta
cust100517,mira kulkarni,diya.nair550@example.com,2855544144,calcutta,74688,mid,mira,kulkarni
cust103048,kabir agarwal,sachin.nair344@gmail.com,5212615179,gurgaon,109985,luxury,kabir,agarwal
cust104001,priya agarwal,sneha.shah208@gmail.com,9060142717,kalkata,138830,premium,priya,agarwal
cust100099,diya shah,mira.khan981@outlook.com,7185771736,calcutta,122620,budget,diya,shah
cust104846,priya das,aditi.kulkarni74@example.com,860233580,chennnai,142892,premium,priya,das
cust103770,sachin khan,rahul.chopra719@outlook.com,1350354803,surat,149609,premium,sachin,khan
cust101614,rahul shah,anita.reddy876@gmail.com,7325957371,hydrabad,93989,mid,rahul,shah
cust103692,ishaan agarwal,kabir.khan598@example.com,3786784990,mumbay,132231,mid,ishaan,agarwal
cust100453,anita das,anita.das45@gmail.com,8043977978,gurgaon,105417,budget,anita,das
cust100464,vivaan mehta,ishaan.shah550@gmail.com,5232043951,bengluru,251447,mid,vivaan,mehta
cust100405,sachin shah,vihaan.gupta302@gmail.com,8583777597,chennai,61638,budget,sachin,shah
cust104626,sachin agarwal,anaya.shah762@gmail.com,4332305112,calcutta,245979,mid,sachin,agarwal
cust101757,priya reddy,ishaan.reddy11@gmail.com,1222563,bangalore,96637,budget,priya,reddy
cust100521,mira iyer,vihaan.nair297@gmail.com,1942363859,new delhi,444980,premium,mira,iyer
cust101998,sneha khan,sneha.agarwal386@outlook.com,4189693398,jaipur,139504,premium,sneha,khan
cust103544,priya agarwal,arjun.das707@yahoo.com,6250070704,mumbay,262794,premium,priya,agarwal
cust104837,vihaan shah,anaya.mehta680@yahoo.com,5428905494,mumbaai,237616,luxury,vihaan,shah
cust101658,arjun nair,aditi.kulkarni905@yahoo.com,4060602517,new delhi,95714,budget,arjun,nair
cust101986,ishaan kapoor,mira.sharma52@outlook.com,3617259934,gurgaon,147237,premium,ishaan,kapoor
cust104212,mira chopra,aarav.mehta685@example.com,3127329054,punna,89253,budget,mira,chopra
cust101157,vihaan mehta,arjun.sharma399@gmail.com,7491726794,kalkata,64413,budget,vihaan,mehta
cust103594,priya iyer,aarav.mehta574@gmail.com,6199306641,bengaluru,279001,premium,priya,iyer
cust101964,arjun gupta,priya.sharma83@gmail.com,6953753649,mumbaai,395949,premium,arjun,gupta
cust101342,vivaan kapoor,sneha.iyer344@gmail.com,9566892790,delhi,213155,premium,vivaan,kapoor
cust100072,anita kapoor,mira.patel255@gmail.com,8123049997,poona,173718,luxury,anita,kapoor
cust103137,sneha chopra,aditi.reddy626@yahoo.com,2368909697,hyderbad,36919,luxury,sneha,chopra
cust101034,priya sharma,kabir.patel413@outlook.com,487103629,jaypur,672010,mid,priya,sharma
cust103761,anaya das,vivaan.das535@yahoo.com,1466497809,jaipur,410747,budget,anaya,das
cust100367,arjun patel,aarav.reddy112@outlook.com,2953939166,delhi,222805,premium,arjun,patel
cust100647,anita chopra,rohan.iyer745@yahoo.com,8690065909,punna,161269,budget,anita,chopra
cust103990,anita kulkarni,vihaan.khan468@example.com,6603493663,hyderbad,167133,budget,anita,kulkarni
cust103622,sneha chopra,anaya.iyer697@yahoo.com,447530887,nodia,476926,luxury,sneha,chopra
cust102388,vivaan patel,anaya.khan401@example.com,3009213265,nodia,127801,luxury,vivaan,patel
cust102366,ishaan gupta,ishaan.patel383@example.com,8765789921,chennnai,89736,luxury,ishaan,gupta
cust102972,priya gupta,rahul.agarwal996@yahoo.com,4548706386,gurugrm,77476,mid,priya,gupta
cust103499,arjun gutpa,mira.iyer486@yahoo.com,7856281074,jaypur,156095,luxury,arjun,gutpa
cust102832,diya singh,aarav.nair405@outlook.com,2993233221,ahemdabad,72457,mid,diya,singh
cust102701,nseha kapoor,rohan.sharma937@outlook.com,1426070327,chennnai,189219,mid,nseha,kapoor
cust103728,ainta shah,kabir.kulkarni604@gmail.com,1977340211,jaypur,156800,mid,ainta,shah
cust104989,aarav chopra,sachin.khan597@example.com,8083173893,poona,220376,mid,aarav,chopra
cust104500,arjun agarwal,anaya.khan962@example.com,3145142973,noida,320975,mid,arjun,agarwal
cust100595,arjun agarwal,sneha.mehta621@example.com,6058274144,hydrabad,90924,budget,arjun,agarwal
cust102948,rohan reddy,vivaan.shah382@example.com,7398928804,gurugrm,114100,mid,rohan,reddy
cust100815,aditi patel,,882825900,gurugrm,103627,luxury,aditi,patel
cust103011,kabir patel,aarav.das642@example.com,6011745978,jaypur,201608,budget,kabir,patel
cust100801,anaya agarwal,kabir.reddy335@example.com,6904274729,ahemdabad,123091,premium,anaya,agarwal
cust103423,rahul nair,sneha.iyer823@yahoo.com,8490679264,gurugrm,109207,luxury,rahul,nair
cust102046,mira nair,vihaan.nair831@yahoo.com,593949730,calcutta,86574,luxury,mira,nair
cust104656,rahul khan,vihaan.reddy837@gmail.com,2258127695,gurugram,99737,mid,rahul,khan
cust100784,aditi reddy,rahul.das317@outlook.com,7927117432,ahmedabad,105316,luxury,aditi,reddy
cust104004,rahul iyer,kabir.nair876@example.com,7273718859,chennnai,236605,budget,rahul,iyer
cust103827,anaya iyer,mira.patel620@yahoo.com,7477545769,ahemdabad,197349,mid,anaya,iyer
cust102807,anita sharma,aditi.reddy600@example.com,530963949,bangalore,261121,budget,anita,sharma
cust104975,ishaan sharma,sneha.patel74@outlook.com,585322111,delhi,70239,budget,ishaan,sharma
cust101090,vihaan chopra,anaya.agarwal822@gmail.com,7109830116,chennnai,287485,mid,vihaan,chopra
cust101836,aditi khan,sneha.khan773@example.com,219047849,ahmedabad,189162,mid,aditi,khan
cust103555,vihaan chopra,anaya.iyer369@outlook.com,8383212568,surrat,357423,luxury,vihaan,chopra
cust102427,anaya sharma,anaya.reddy953@example.com,9859858265,pune,213788,premium,anaya,sharma
cust100078,rahul chopra,mira.singh971@outlook.com,6136597011,gurgaon,144971,mid,rahul,chopra
cust103046,priya singh,,5594999556,surat,26101,mid,priya,singh
cust104758,kabir iyer,anaya.shah812@example.com,1856959432,hyderabad,387509,premium,kabir,iyer
cust100960,arjnu mehta,arjun.gupta756@yahoo.com,2737665002,mumbay,219308,mid,arjnu,mehta
cust104557,sneha chopra,sneha.reddy253@yahoo.com,9649112199,hydrabad,358418,premium,sneha,chopra
cust104999,snehas harma,rahul.mehta870@gmail.com,3879717532,calcutta,99348,mid,snehas,harma
cust104483,aditi nair,arjun.chopra306@yahoo.com,9225975311,ahmedabad,83042,luxury,aditi,nair
cust104216,rahul sharma,arjun.das435@outlook.com,1767871962,hyderbad,222028,mid,rahul,sharma
cust101950,anaya iyer,arjun.kulkarni175@example.com,6850921400,bengaluru,142314,luxury,anaya,iyer
cust100765,ishaan patel,vivaan.iyer860@yahoo.com,4947078971,noida,241623,budget,ishaan,patel
cust104417,vihaan khan,aarav.shah911@yahoo.com,4175165440,gurugrm,41899,mid,vihaan,khan
cust102565,priya iyer,rahul.patel6@yahoo.com,6554457529,poona,701114,luxury,priya,iyer
cust100603,ishaan patel,sneha.shah271@example.com,7098067227,noida,55911,budget,ishaan,patel
cust101716,anita patel,anita.iyer523@gmail.com,8483382270,bangalore,83104,budget,anita,patel
cust101628,diya nair,kabir.chopra315@outlook.com,8068500192,bengluru,146906,premium,diya,nair
cust100087,anita reddy,vihaan.sharma506@example.com,978961482,kalkata,354382,luxury,anita,reddy
cust101648,aarav das,sachin.mehta982@yahoo.com,6623272521,noida,105214,premium,aarav,das
cust102642,vihaan khan,arjun.kapoor965@yahoo.com,272614037,poona,144039,premium,vihaan,khan
cust101139,anaya shah,aditi.patel346@example.com,8049335988,gurgaon,137630,mid,anaya,shah
cust103429,vivaan agarwal,aditi.patel534@gmail.com,4047814885,ahemdabad,243174,budget,vivaan,agarwal
cust101320,anita reddy,,9747838016,jaypur,95304,mid,anita,reddy
cust103023,aarav iyer,priya.iyer780@gmail.com,8805557886,calcutta,139188,premium,aarav,iyer
cust101231,diya khan,arjun.gupta416@yahoo.com,7621349661,chennnai,123563,budget,diya,khan
cust101721,vivaan reddy,anaya.chopra974@yahoo.com,671078345,chennai,81393,mid,vivaan,reddy
cust100774,anaay shah,diya.patel432@yahoo.com,2536484572,gurugrm,67147,luxury,anaay,shah
cust104499,anaya gupta,diya.kulkarni356@outlook.com,4700986231,dehli,100113,budget,anaya,gupta
cust104080,mira kulkarni,kabir.iyer514@example.com,7718759925,noida,337994,premium,mira,kulkarni
cust104646,priya gupta,rahul.patel836@outlook.com,1422979972,ahmedabad,142367,mid,priya,gupta
cust102963,aarav nair,aarav.mehta192@gmail.com,6312429398,hyderbad,145126,premium,aarav,nair
cust104209,arjun patel,sachin.mehta186@gmail.com,162585806,hydrabad,45461,mid,arjun,patel
cust101306,vivaan chopra,mira.agarwal258@outlook.com,3728964952,surrat,179296,mid,vivaan,chopra
cust102098,aarav mehta,kabir.singh953@gmail.com,6944429235,nodia,169051,mid,aarav,mehta
cust104915,arjun kulkarni,diya.chopra949@yahoo.com,5503532963,hydrabad,318805,mid,arjun,kulkarni
cust103318,rohan agarwal,mira.mehta432@gmail.com,6201353463,ahmedabad,217819,luxury,rohan,agarwal
cust103694,diya chopra,diya.kapoor793@example.com,3657379648,surat,149765,budget,diya,chopra
cust104021,arjun sharma,vihaan.nair819@example.com,2081426562,noida,151873,mid,arjun,sharma
cust104271,rohan chopra,arjun.kapoor262@yahoo.com,5054978021,hyderbad,351026,budget,rohan,chopra
cust102139,sachin kulkarni,arjun.kapoor870@yahoo.com,5612818787,gurugrm,60793,premium,sachin,kulkarni
cust104641,sachin shah,,2753201496,nodia,108666,budget,sachin,shah
cust102828,rohan gupta,,9141890966,new delhi,125932,premium,rohan,gupta
cust103227,rahul reddy,rahul.mehta478@gmail.com,8067343429,kalkata,100589,budget,rahul,reddy
cust101805,ishaan iyer,aditi.das351@example.com,8457363684,calcutta,123521,premium,ishaan,iyer
cust103139,vivaan iyer,vihaan.sharma763@yahoo.com,3491653580,new delhi,331497,mid,vivaan,iyer
cust101642,kabir singh,diya.iyer758@yahoo.com,5551134054,chennai,204167,premium,kabir,singh
cust104787,kabir mehta,anaya.sharma905@yahoo.com,9838585870,pune,202847,budget,kabir,mehta
cust103560,diya kaporo,vihaan.patel316@gmail.com,6350558105,dehli,118169,premium,diya,kaporo
cust101309,vivaan chopra,anaya.gupta185@outlook.com,5662898405,new delhi,131652,premium,vivaan,chopra
cust101217,vihaan shah,ishaan.gupta497@yahoo.com,5401967370,gurugrm,66411,premium,vihaan,shah
cust101269,vivaan iyer,kabir.kapoor636@example.com,4075465593,punna,261576,premium,vivaan,iyer
cust104003,vivaan agarwal,,8686403810,mumbay,310525,budget,vivaan,agarwal
cust102880,diya mehta,sneha.iyer592@outlook.com,1975878448,new delhi,583930,mid,diya,mehta
cust104450,diya iyer,kabir.shah55@example.com,186910152,punna,192797,luxury,diya,iyer
cust103646,sneha mehta,vihaan.agarwal80@gmail.com,4301527111,mumbaai,19524,premium,sneha,mehta
cust101255,diya kapoor,anaya.reddy152@example.com,3366486793,calcutta,61927,budget,diya,kapoor
cust101617,kabir kapoor,vivaan.iyer756@example.com,4736707691,hyderabad,247222,premium,kabir,kapoor
cust104091,vihaan iyer,anaya.reddy320@yahoo.com,7645898442,bengluru,144103,budget,vihaan,iyer
cust104573,vivaan sharma,aarav.patel262@example.com,6024875815,pune,182278,mid,vivaan,sharma
cust104858,rohan signh,priya.patel606@example.com,3297844820,delhi,254242,budget,rohan,signh
cust102453,rohan kapoor,kabir.das532@gmail.com,8361629101,chennai,180553,luxury,rohan,kapoor
cust102159,sneha reddy,rahul.kulkarni258@outlook.com,1406645225,jaypur,82632,mid,sneha,reddy
cust103029,ishaan kulkarni,vihaan.shah970@example.com,7828646608,hyderbad,478797,premium,ishaan,kulkarni
cust103465,arjun khan,vihaan.chopra338@gmail.com,6266708652,mumbaai,141298,mid,arjun,khan
cust101205,sachin mehta,anita.kapoor487@outlook.com,5656987023,delhi,171269,budget,sachin,mehta
cust100341,diya sharma,anaya.singh824@example.com,2988896276,ahmedabad,85937,mid,diya,sharma
cust102032,rohan patel,sachin.shah621@yahoo.com,8232163957,mumbai,92714,budget,rohan,patel
cust100417,vihaan shrama,priya.reddy129@gmail.com,1495470301,ahmedabad,112633,luxury,vihaan,shrama
cust101795,kabir shah,mira.khan487@yahoo.com,2161635101,mumbaai,207027,mid,kabir,shah
cust100208,anita reddy,diya.mehta702@outlook.com,4471952632,mumbai,124718,mid,anita,reddy
cust100106,vihaan chopra,priya.singh383@outlook.com,1912448751,gurugrm,383093,luxury,vihaan,chopra
cust103593,mira patel,ishaan.khan311@example.com,9124033168,hyderbad,150249,premium,mira,patel
cust100277,diya mehta,anita.sharma959@yahoo.com,6385215432,kolkata,126061,luxury,diya,mehta
cust103347,aarva singh,arjun.shah126@outlook.com,2863299878,new delhi,212794,luxury,aarva,singh
cust101593,priya iyer,aditi.agarwal219@gmail.com,4610490618,nodia,266042,premium,priya,iyer
cust101064,ishaan kapoor,priya.kapoor148@outlook.com,9967401873,ahemdabad,127687,budget,ishaan,kapoor
cust101674,aarav gupta,ishaan.shah219@example.com,3637343558,nodia,73039,mid,aarav,gupta
cust102818,arjun shah,ishaan.iyer895@yahoo.com,8851681383,poona,240563,budget,arjun,shah
cust103190,arju nmehta,sachin.patel417@yahoo.com,7443866503,pune,353054,mid,arju,nmehta
cust102749,vihaan shah,anita.chopra476@yahoo.com,8405015623,gurugrm,216177,luxury,vihaan,shah
cust104079,sneha iyer,mira.mehta882@yahoo.com,4921813257,mumbay,78375,premium,sneha,iyer
cust103081,sneha kulkarni,kabir.kapoor893@yahoo.com,7898249205,bengaluru,130445,luxury,sneha,kulkarni
cust103163,anaya das,vivaan.kulkarni555@gmail.com,6024156115,mumbay,235703,premium,anaya,das
cust104363,ishaan iyer,vihaan.nair959@outlook.com,3097813334,bengaluru,318874,luxury,ishaan,iyer
cust103831,mira mheta,rohan.patel258@outlook.com,2453798016,noida,155579,mid,mira,mheta
cust103709,vivaan nair,kabir.mehta998@example.com,8070547477,mumbai,538774,premium,vivaan,nair
cust103852,aditi gupta,arjun.shah430@example.com,4279200567,jaypur,466245,premium,aditi,gupta
cust100165,priya singh,vihaan.agarwal612@outlook.com,1063853286,kalkata,317227,budget,priya,singh
cust101636,vivaan kapoor,aditi.singh804@outlook.com,3929592116,pune,102259,premium,vivaan,kapoor
cust104032,mira nair,sachin.iyer571@yahoo.com,1463609457,chennai,59277,mid,mira,nair
cust104014,aditi chopra,rahul.das194@outlook.com,834604367,gurugram,176604,budget,aditi,chopra
cust101045,aditi kulkarni,rohan.gupta809@example.com,7429653497,surrat,95406,premium,aditi,kulkarni
cust104358,vivaan sharma,priya.shah710@example.com,5993009885,chennnai,281536,budget,vivaan,sharma
cust100626,vihaan sharma,sneha.iyer668@outlook.com,2045757310,kalkata,103670,luxury,vihaan,sharma
cust101296,anaya sharma,anaya.das237@example.com,3526791957,ahmedabad,331199,mid,anaya,sharma
cust104402,rahul mehta,anita.mehta117@yahoo.com,1506990522,bangalore,148017,premium,rahul,mehta
cust103540,aditi chopra,anita.khan836@example.com,1407583255,jaipur,202179,budget,aditi,chopra
cust103935,vihaan kapoor,priya.singh859@outlook.com,4989531942,kalkata,148822,luxury,vihaan,kapoor
cust101653,rahul agarwal,ishaan.kulkarni994@example.com,8991370488,kalkata,105754,luxury,rahul,agarwal
cust100841,aarav mehta,diya.mehta538@example.com,7461914665,ahmedabad,123802,budget,aarav,mehta
cust101436,mira khan,vihaan.patel470@outlook.com,4873347018,gurugram,321921,budget,mira,khan
cust103980,sachin shah,vihaan.gupta138@outlook.com,2320402530,calcutta,221592,budget,sachin,shah
cust103417,vihaan reddy,mira.singh116@example.com,6306141597,ahmedabad,209344,mid,vihaan,reddy
cust100120,anaya singh,aarav.mehta231@outlook.com,5748099443,pune,128768,mid,anaya,singh
cust104304,vivaan iyer,anita.iyer415@example.com,8895265475,ahmedabad,142923,premium,vivaan,iyer
cust102566,priya patel,priya.iyer364@gmail.com,3993525229,noida,352106,mid,priya,patel
cust102649,ishaan singh,sachin.sharma362@outlook.com,8703811321,chennai,187577,budget,ishaan,singh
cust103188,anita mehta,ishaan.nair611@example.com,7187605821,bengaluru,112075,premium,anita,mehta
cust104132,vivaan das,aarav.patel762@example.com,9428477915,ahemdabad,241263,mid,vivaan,das
cust101422,aditi kapoor,vivaan.chopra963@gmail.com,389813554,kalkata,166562,luxury,aditi,kapoor
cust100843,kabir gupta,aditi.iyer914@gmail.com,8566471506,calcutta,103651,mid,kabir,gupta
cust100398,anita iyer,aarav.chopra639@gmail.com,4558169303,surrat,410647,premium,anita,iyer
cust103124,mira das,arjun.nair349@example.com,9180765871,ahmedabad,299373,mid,mira,das
cust104346,diya reddy,aarav.gupta983@outlook.com,8051121751,poona,129318,premium,diya,reddy
cust104896,anaya chopra,rohan.khan966@example.com,9403398145,gurugrm,160545,mid,anaya,chopra
cust103925,sneha kapoor,arjun.kapoor634@outlook.com,1370540068,chennnai,333252,luxury,sneha,kapoor
cust103165,vivaan mehta,vivaan.kapoor827@outlook.com,4187411092,bengaluru,167664,mid,vivaan,mehta
cust103986,arhul shah,diya.gupta107@example.com,111473210,nodia,181105,mid,arhul,shah
cust102576,rohan das,arjun.agarwal619@yahoo.com,9510409087,gurugrm,95968,budget,rohan,das
cust103452,rohan chopra,diya.khan634@yahoo.com,6810807638,chennai,104040,premium,rohan,chopra
cust102615,anita gupta,vihaan.khan67@gmail.com,3261755559,poona,216954,premium,anita,gupta
cust102073,aditi patel,,8430190322,chennai,473072,budget,aditi,patel
cust101677,vivaan iyer,diya.agarwal462@yahoo.com,7832362778,noida,298611,budget,vivaan,iyer
cust103433,anaya sharma,vihaan.khan632@gmail.com,2511060571,bangalore,77900,budget,anaya,sharma
cust102149,diya singh,sneha.nair582@example.com,438347686,surrat,85839,budget,diya,singh
cust101754,diya kulkarni,,1289404970,hyderabad,135025,luxury,diya,kulkarni
cust104650,diya nair,vivaan.patel169@gmail.com,1922269030,chennai,245875,premium,diya,nair
cust101996,aditi reddy,priya.mehta250@example.com,3418199317,surrat,534100,mid,aditi,reddy
cust101507,rahul reddy,aditi.patel938@yahoo.com,6179256600,hydrabad,80425,budget,rahul,reddy
cust102896,rohan das,rohan.chopra673@gmail.com,1587778143,poona,56188,budget,rohan,das
cust102240,rohan reddy,ishaan.das492@outlook.com,5435174973,pune,296090,mid,rohan,reddy
cust101806,kabir nair,ishaan.iyer938@gmail.com,6993165228,gurugrm,170774,premium,kabir,nair
cust102673,mira patel,vihaan.singh176@yahoo.com,267342355,jaipur,758353,luxury,mira,patel
cust100153,kabir iyer,priya.agarwal848@example.com,8101023879,chennnai,247305,budget,kabir,iyer
cust101750,rahul singh,sneha.shah51@gmail.com,6809513717,gurgaon,362794,mid,rahul,singh
cust101905,rohan das,vihaan.iyer138@gmail.com,5227376319,chennnai,58567,budget,rohan,das
cust104619,mira chopra,priya.khan212@yahoo.com,6277292705,pune,79644,premium,mira,chopra
cust101706,sneha singh,kabir.nair369@outlook.com,2621308534,ahemdabad,150866,mid,sneha,singh
cust104897,mira nair,vihaan.patel337@example.com,1407531986,bangalore,105753,budget,mira,nair
cust103954,rahul reddy,arjun.kulkarni687@outlook.com,2671649930,surat,161785,luxury,rahul,reddy
cust101098,kabir shah,vihaan.shah397@outlook.com,7811535344,ahmedabad,393832,budget,kabir,shah
cust101970,anaya shah,sachin.das762@gmail.com,1749375398,hyderabad,400930,mid,anaya,shah
cust101657,vihaan shah,aditi.iyer279@outlook.com,2605367357,pune,44089,luxury,vihaan,shah
cust104841,aditi khan,sachin.chopra983@example.com,8924099571,kalkata,150691,premium,aditi,khan
cust102345,anaya iyer,rahul.das871@gmail.com,9522198611,hyderabad,209229,premium,anaya,iyer
cust102338,vihaan agarwal,aarav.shah480@yahoo.com,4347205515,jaipur,187832,budget,vihaan,agarwal
cust102172,aditi nair,rahul.singh752@example.com,5742686224,calcutta,138286,premium,aditi,nair
cust101254,priya agarwal,aarav.patel501@yahoo.com,5495945937,gurugram,275703,budget,priya,agarwal
cust104916,sachin khan,mira.shah275@yahoo.com,3557109751,surat,150112,mid,sachin,khan
cust104800,arjun das,priya.reddy272@yahoo.com,6469696323,dehli,751383,mid,arjun,das
cust102436,rohan shah,rohan.singh309@yahoo.com,8284399690,jaypur,337685,mid,rohan,shah
cust100769,aschin reddy,rohan.kulkarni779@example.com,5363406837,noida,74995,budget,aschin,reddy
cust101126,aarav gupta,diya.nair459@outlook.com,4864141538,kolkata,98134,premium,aarav,gupta
cust103466,aarav iyer,anita.chopra418@yahoo.com,3296904574,punna,266722,budget,aarav,iyer
cust100260,aarav sharma,vivaan.shah372@gmail.com,6863984271,surat,343446,mid,aarav,sharma
cust104788,diya iyer,mira.khan827@gmail.com,7437166228,punna,51287,mid,diya,iyer
cust101140,anita mehta,arjun.iyer224@outlook.com,933893716,hyderbad,347122,luxury,anita,mehta
cust102538,anaya patel,ishaan.reddy146@outlook.com,1856725986,chennnai,314463,budget,anaya,patel
cust102711,rohan singh,arjun.patel344@outlook.com,384111377,noida,1263552,premium,rohan,singh
cust101499,vivaan shah,arjun.nair793@yahoo.com,8992361696,surat,142664,budget,vivaan,shah
cust103283,vivaan sharma,vivaan.shah75@yahoo.com,3236536627,surrat,263580,luxury,vivaan,sharma
cust102767,rahul sharma,mira.nair11@example.com,7277541777,noida,341009,premium,rahul,sharma
cust104333,ishaan iyer,,9377466060,bangalore,318199,budget,ishaan,iyer
cust103691,sachin singh,rohan.chopra698@gmail.com,4868473505,jaypur,130766,premium,sachin,singh
cust101669,vivaan nair,aditi.chopra918@yahoo.com,9168702881,mumbaai,206758,premium,vivaan,nair
cust101382,vihaan nair,rohan.mehta368@yahoo.com,5012839485,ahmedabad,132901,luxury,vihaan,nair
cust101131,vihaan nair,,8047206289,dehli,621782,budget,vihaan,nair
cust102783,anita iyer,anita.patel291@yahoo.com,4424681635,surat,32905,mid,anita,iyer
cust100295,anita sharma,diya.iyer628@gmail.com,8086281440,bengluru,301288,budget,anita,sharma
cust104294,diya kapoor,anita.kulkarni817@example.com,6527611373,bengluru,91781,budget,diya,kapoor
cust103489,priya sharma,priya.mehta737@yahoo.com,3019007427,jaipur,111764,premium,priya,sharma
cust101703,ishaan iyer,kabir.kulkarni169@gmail.com,5292794262,nodia,31184,budget,ishaan,iyer
cust100507,anaya iyer,diya.iyer522@gmail.com,1761145068,new delhi,194496,luxury,anaya,iyer
cust101812,mira gupta,,8585711401,noida,418650,premium,mira,gupta
cust102402,aarav kapoor,anita.kapoor572@outlook.com,158062339,hydrabad,73257,budget,aarav,kapoor
cust101765,rpiya mehta,diya.mehta688@example.com,274936778,chennnai,208312,budget,rpiya,mehta
cust100997,arjun shah,anaya.khan950@yahoo.com,8878105585,new delhi,121410,premium,arjun,shah
cust100931,aditi sharma,mira.kapoor295@yahoo.com,1499359390,gurgaon,178960,luxury,aditi,sharma
cust100399,aditi khan,aarav.kapoor695@outlook.com,8065034103,kolkata,311056,premium,aditi,khan
cust103215,ishaan gupta,sneha.nair695@gmail.com,5903340171,dehli,89103,mid,ishaan,gupta
cust104484,rahul chopra,vivaan.das650@outlook.com,6899067892,mumbaai,260450,mid,rahul,chopra
cust100805,anaya das,sachin.chopra800@outlook.com,7918413276,surat,167845,budget,anaya,das
cust100753,aditi kulkarni,ishaan.iyer942@gmail.com,3557222734,mumbai,85341,luxury,aditi,kulkarni
cust104028,mira singh,diya.shah854@example.com,9991888089,hydrabad,311679,luxury,mira,singh
cust101456,ishaan agarwal,diya.reddy865@yahoo.com,7970729176,punna,363296,luxury,ishaan,agarwal
cust102488,ishaan chopra,vivaan.chopra1@yahoo.com,1386546787,bengluru,130173,premium,ishaan,chopra
cust104174,sneha das,rohan.reddy764@gmail.com,8076715466,hyderbad,229424,premium,sneha,das
cust102640,priya kapoor,mira.mehta789@yahoo.com,177761981,gurgaon,116025,budget,priya,kapoor
cust100300,vivaan mehta,aarav.singh267@yahoo.com,4267510253,kolkata,198362,budget,vivaan,mehta
cust103175,aarav gupta,ishaan.mehta484@yahoo.com,8452395722,chennai,248315,luxury,aarav,gupta
cust104151,ishaan singh,mira.chopra975@yahoo.com,1440307208,chennai,74045,budget,ishaan,singh
cust102502,arjun chopra,vihaan.das465@example.com,8618758527,gurgaon,208976,budget,arjun,chopra
cust102790,anita sharma,,4039637741,surrat,438985,premium,anita,sharma
cust103705,aarav chopra,anita.sharma633@example.com,3300081518,hyderabad,198971,premium,aarav,chopra
cust104064,diya sharma,mira.nair231@gmail.com,5518493035,pune,122671,mid,diya,sharma
cust102530,mira gutpa,priya.reddy156@example.com,8130086077,bengaluru,61149,luxury,mira,gutpa
cust100846,anaya gupta,,1008049710,gurgaon,507109,luxury,anaya,gupta
cust100861,vivaan iyer,diya.kapoor862@outlook.com,1866020252,surrat,245324,premium,vivaan,iyer
cust104577,sachin chopra,diya.nair973@outlook.com,9651221677,punna,141039,luxury,sachin,chopra
cust102672,kabir kulkarni,kabir.reddy835@outlook.com,5728272132,chennnai,110158,mid,kabir,kulkarni
cust103390,sachin reddy,ishaan.kapoor10@yahoo.com,8648734278,jaypur,75556,budget,sachin,reddy
cust100536,arjun singh,diya.sharma470@outlook.com,4993266243,chennnai,368772,budget,arjun,singh
cust103906,rahul iyer,diya.agarwal798@example.com,7171700508,bengaluru,312387,mid,rahul,iyer
cust101719,rahul shah,arjun.kapoor522@gmail.com,5129357632,mumbai,89380,premium,rahul,shah
cust104412,diya sharma,aditi.agarwal884@outlook.com,4028712823,noida,184007,budget,diya,sharma
cust103232,aarav mehta,vihaan.sharma473@example.com,572473635,bengaluru,125069,budget,aarav,mehta
cust103938,diya agarwal,sachin.kulkarni595@gmail.com,5415959513,gurugrm,129056,premium,diya,agarwal
cust101285,ishaan khan,vivaan.khan809@yahoo.com,1681824508,jaipur,72397,mid,ishaan,khan
cust101066,rohan iyer,arjun.das133@gmail.com,1409578909,hyderbad,329156,mid,rohan,iyer
cust104326,vihaan agarwal,vivaan.gupta731@example.com,1550419126,jaypur,131810,luxury,vihaan,agarwal
cust100713,sneha gupta,sneha.patel17@example.com,2554375723,delhi,596338,budget,sneha,gupta
cust104520,aarav kapoor,aarav.agarwal538@yahoo.com,6473415599,hyderabad,353810,premium,aarav,kapoor
cust102553,priay mehta,aditi.iyer815@outlook.com,7228761000,mumbai,261808,mid,priay,mehta
cust101720,priya niar,,9752088846,calcutta,96924,premium,priya,niar
cust103141,rohan mehta,diya.khan821@outlook.com,1483199352,gurugram,91111,premium,rohan,mehta
cust100962,ishaan kapoor,rahul.singh51@outlook.com,5239952680,hyderbad,259431,budget,ishaan,kapoor
cust103717,sneha iyer,priya.singh868@yahoo.com,3948866865,jaypur,135350,mid,sneha,iyer
cust101386,sachin singh,diya.singh296@outlook.com,5015506030,chennai,259275,mid,sachin,singh
cust101994,rohan reddy,rahul.kulkarni806@example.com,1866446573,surrat,144966,luxury,rohan,reddy
cust103829,anaya nair,arjun.kapoor27@yahoo.com,4589994795,jaipur,141507,mid,anaya,nair
cust100831,vivaan gupta,,4151719702,delhi,173506,budget,vivaan,gupta
cust102473,ishaan singh,vivaan.das78@yahoo.com,8126515820,delhi,109084,mid,ishaan,singh
cust104870,vivaan khan,vivaan.singh281@yahoo.com,8251255071,ahemdabad,50154,luxury,vivaan,khan
cust100448,aarav gupta,,3888574851,mumbaai,307452,luxury,aarav,gupta
cust103226,anaya kapoor,priya.khan314@gmail.com,7663838396,chennai,400967,luxury,anaya,kapoor
cust102764,ishaan kulkarni,anaya.das790@example.com,2914139920,surat,328647,premium,ishaan,kulkarni
cust101054,aarav mehta,priya.chopra359@gmail.com,1810062169,noida,282815,mid,aarav,mehta
cust101581,rahul iyer,vivaan.kapoor215@gmail.com,8569829156,ahmedabad,79598,luxury,rahul,iyer
cust104185,kabir singh,sneha.sharma39@yahoo.com,214626143,chennai,183539,mid,kabir,singh
cust104386,aarav nair,aarav.sharma142@gmail.com,621142882,surrat,88755,premium,aarav,nair
cust100863,anita sharma,priya.kapoor387@gmail.com,9538390623,calcutta,213222,mid,anita,sharma
cust100304,aarav agarwal,aarav.khan748@gmail.com,6391550771,new delhi,284831,premium,aarav,agarwal
cust101954,ishaan sharma,anita.kulkarni182@example.com,8128016758,hyderabad,212756,premium,ishaan,sharma
cust104518,anaya chopra,rahul.agarwal459@example.com,4273719001,gurgaon,76552,budget,anaya,chopra
cust102753,kabir khan,aditi.reddy21@gmail.com,9779319472,mumbaai,347123,mid,kabir,khan
cust103803,sneha iyer,vihaan.iyer717@example.com,3613722628,chennnai,122099,budget,sneha,iyer
cust101495,ishaan nair,sneha.iyer630@gmail.com,1053045106,gurgaon,90356,mid,ishaan,nair
cust102261,kabir khan,anita.sharma656@yahoo.com,5466966328,gurgaon,119687,mid,kabir,khan
cust104940,vihaan das,vihaan.agarwal409@gmail.com,4008417948,hyderbad,65282,budget,vihaan,das
cust100198,anaya mehta,anita.iyer658@yahoo.com,9720059014,jaypur,285875,luxury,anaya,mehta
cust101418,sneha gupta,anita.kapoor29@outlook.com,9763609443,kolkata,189755,budget,sneha,gupta
cust101621,aarav nair,mira.patel125@outlook.com,1453890262,pune,142710,luxury,aarav,nair
cust100284,sachin sharma,rohan.patel764@yahoo.com,2364763256,nodia,256888,mid,sachin,sharma
cust102676,adit ikhan,mira.das144@example.com,6631786340,new delhi,173307,premium,adit,ikhan
cust101592,vihaan iyer,vivaan.chopra850@gmail.com,6106936731,chennai,160435,premium,vihaan,iyer
cust101363,aarav sharma,aarav.kapoor800@example.com,8330509752,hyderabad,61821,luxury,aarav,sharma
cust100711,arjun kapoor,sneha.mehta216@yahoo.com,7147151387,mumbai,96758,budget,arjun,kapoor
cust102291,ishaan iyer,aarav.kapoor679@yahoo.com,4539945788,hyderabad,99016,mid,ishaan,iyer
cust102230,aditi reddy,kabir.iyer76@yahoo.com,5664944390,surat,230598,budget,aditi,reddy
cust101208,arjun das,anita.chopra104@outlook.com,7034072674,surrat,213101,mid,arjun,das
cust101001,rahul shamra,diya.nair799@yahoo.com,7812655664,surat,94328,mid,rahul,shamra
cust102551,diya kulkarin,arjun.kulkarni784@yahoo.com,5341560320,new delhi,317562,budget,diya,kulkarin
cust101527,aarav singh,rahul.patel428@outlook.com,9742395018,gurugram,382774,mid,aarav,singh
cust103315,diya chopra,sneha.gupta568@outlook.com,9062635175,jaipur,300865,premium,diya,chopra
cust103064,rohan patel,rohan.sharma229@outlook.com,476526675,mumbay,202200,budget,rohan,patel
cust102897,anaya gupta,rahul.reddy967@outlook.com,7134314166,hyderbad,201262,premium,anaya,gupta
cust103084,priya sharma,sneha.kulkarni118@gmail.com,629410805,jaipur,195978,premium,priya,sharma
cust103943,anita patel,mira.das113@outlook.com,5584153899,ahmedabad,201921,budget,anita,patel
cust102106,vihaan das,rohan.nair351@gmail.com,6814495992,surat,357053,mid,vihaan,das
cust104445,aditi mehta,,5401803890,bangalore,486559,premium,aditi,mehta
cust101583,anaya das,anita.kulkarni351@yahoo.com,3510405685,poona,203345,luxury,anaya,das
cust103356,mira gupta,arjun.agarwal141@gmail.com,531776707,nodia,88539,premium,mira,gupta
cust103821,aditi singh,aarav.khan44@outlook.com,8990700881,jaipur,94939,premium,aditi,singh
cust103457,vivaan kapoor,aarav.patel25@gmail.com,1681231236,noida,175979,premium,vivaan,kapoor
cust102887,sneha kulkarni,aarav.patel814@example.com,1993933493,mumbai,114494,luxury,sneha,kulkarni
cust100728,vihaan shah,mira.mehta273@yahoo.com,3103236714,bengluru,154341,luxury,vihaan,shah
cust102401,aarav singh,diya.gupta625@outlook.com,5566739950,nodia,45553,mid,aarav,singh
cust101531,aditi mehta,kabir.agarwal46@gmail.com,6394590700,gurugrm,181085,luxury,aditi,mehta
cust102299,sachin das,sneha.agarwal129@outlook.com,7387247235,jaipur,138108,premium,sachin,das
cust101713,rahul reddy,sneha.kulkarni540@yahoo.com,1227705437,noida,119918,luxury,rahul,reddy
cust103627,mira patel,priya.patel959@yahoo.com,5528109838,kolkata,55185,mid,mira,patel
cust103745,rohan reddy,aditi.agarwal423@gmail.com,9280551694,noida,176898,mid,rohan,reddy
cust101086,mira khan,,8754876666,ahemdabad,133200,mid,mira,khan
cust104668,rahul das,sachin.kapoor380@gmail.com,4855942236,jaipur,38998,luxury,rahul,das
cust101249,vihaan singh,aditi.patel473@yahoo.com,3198833218,surrat,497527,luxury,vihaan,singh
cust101993,aditi reddy,sneha.sharma656@example.com,1486708418,bengaluru,174494,premium,aditi,reddy
cust101510,sneha kapoor,aditi.gupta603@yahoo.com,8570427081,hydrabad,230533,luxury,sneha,kapoor
cust100593,sneha gupta,sneha.khan976@yahoo.com,2440365971,noida,257487,premium,sneha,gupta
cust100217,rhoan kulkarni,arjun.chopra414@outlook.com,7211104047,new delhi,166625,mid,rhoan,kulkarni
cust101295,aditi mehta,aditi.sharma840@outlook.com,3645510714,delhi,434127,budget,aditi,mehta
cust101478,sachin chopra,rahul.singh842@outlook.com,2525618437,chennnai,385398,premium,sachin,chopra
cust100537,vivaan singh,sachin.patel586@example.com,7340851414,noida,166701,premium,vivaan,singh
cust101647,anita iyer,priya.patel670@outlook.com,2732188666,kolkata,101228,premium,anita,iyer
cust104283,mira singh,sneha.agarwal11@example.com,9633908192,jaipur,194368,luxury,mira,singh
cust103513,mira mehta,priya.kulkarni214@example.com,4931527355,calcutta,292919,luxury,mira,mehta
cust103159,ishaan iyer,aditi.gupta709@yahoo.com,2702019841,gurgaon,420754,budget,ishaan,iyer
cust100129,anaya mehta,diya.mehta517@outlook.com,8487083078,chennnai,192949,luxury,anaya,mehta
cust101597,priya patel,rahul.reddy613@yahoo.com,2012983413,hyderabad,55248,luxury,priya,patel
cust100347,mira patel,sachin.iyer337@yahoo.com,8964962625,mumbai,258638,mid,mira,patel
cust100625,rohan mehta,kabir.singh357@outlook.com,6029738107,poona,243434,luxury,rohan,mehta
cust104886,idya reddy,arjun.iyer926@gmail.com,2276550063,poona,155274,mid,idya,reddy
cust101233,vihaan agarwal,anaya.shah665@gmail.com,5610705994,ahmedabad,120353,luxury,vihaan,agarwal
cust100450,ishaan agarwal,arjun.kapoor207@example.com,5705487425,chennai,113476,premium,ishaan,agarwal
cust103744,vivaan khan,sachin.iyer98@yahoo.com,4345276489,gurgaon,79043,luxury,vivaan,khan
cust101412,aarav kulkarni,vivaan.patel531@yahoo.com,7313731028,new delhi,296520,premium,aarav,kulkarni
cust102284,vivaan iyer,anita.nair421@outlook.com,4881001909,chennnai,107532,budget,vivaan,iyer
cust102747,sachin reddy,rahul.singh617@outlook.com,2571953405,gurugram,78269,luxury,sachin,reddy
cust101678,priya patel,aditi.patel545@yahoo.com,5406127241,bengaluru,143126,mid,priya,patel
cust103926,aarav shah,ishaan.shah549@gmail.com,1019025230,kalkata,137536,mid,aarav,shah
cust100592,anaya khan,vivaan.reddy492@yahoo.com,8639660325,dehli,130266,luxury,anaya,khan
cust100451,kabir mehta,arjun.gupta508@yahoo.com,1189757854,bengaluru,89957,budget,kabir,mehta
cust101104,sachin iyer,sneha.kulkarni952@outlook.com,92155597,kalkata,252196,luxury,sachin,iyer
cust102280,aarav das,rohan.das461@outlook.com,3443716811,hydrabad,162165,mid,aarav,das
cust104352,arjun nair,anaya.chopra968@example.com,2006481517,chennnai,214296,premium,arjun,nair
cust101564,vivaan gupta,ishaan.reddy316@outlook.com,8302191244,gurgaon,173928,budget,vivaan,gupta
cust100206,rahul iyer,rohan.gupta855@gmail.com,7068815686,poona,194866,premium,rahul,iyer
cust101288,anaya mehta,arjun.khan486@outlook.com,8372962230,jaypur,284914,premium,anaya,mehta
cust100945,vivaan hsarma,aarav.kapoor530@gmail.com,603863628,gurgaon,253220,luxury,vivaan,hsarma
cust104170,sachin chopra,priya.shah779@yahoo.com,1743857159,noida,192420,premium,sachin,chopra
cust101506,anaya nair,arjun.singh566@outlook.com,1352539225,ahemdabad,108600,budget,anaya,nair
cust103704,vivaan das,arjun.kapoor904@yahoo.com,2685042309,surrat,192125,premium,vivaan,das
cust102597,vihaan agarwal,rahul.mehta910@example.com,8244407190,calcutta,228607,budget,vihaan,agarwal
cust102035,arjun shah,aditi.das136@example.com,1197751509,chennai,66366,premium,arjun,shah
cust103292,diya shah,rohan.das490@outlook.com,9950923559,hyderbad,450564,luxury,diya,shah
cust100041,aditi gupta,sneha.iyer199@example.com,9377748837,noida,146094,premium,aditi,gupta
cust101917,anaya reddy,vihaan.das722@example.com,3686102189,kalkata,226740,mid,anaya,reddy
cust102570,anaya kapoor,priya.patel114@yahoo.com,7466269606,bengaluru,297086,budget,anaya,kapoor
cust103982,sneha kapoor,vivaan.gupta90@gmail.com,8320384502,noida,167342,premium,sneha,kapoor
cust104635,mira iyer,vivaan.kulkarni465@gmail.com,8657145640,new delhi,195602,luxury,mira,iyer
cust104111,priya chopra,aarav.khan482@gmail.com,1965386371,bangalore,285004,luxury,priya,chopra
cust103441,priya shah,anita.kapoor135@outlook.com,8284583665,new delhi,131990,mid,priya,shah
cust104240,vivaan chopra,aditi.iyer921@gmail.com,6929520261,jaipur,104522,premium,vivaan,chopra
cust100969,vihaan shah,anita.patel130@example.com,4426521760,hyderbad,245386,premium,vihaan,shah
cust103738,sachin shah,aditi.khan210@example.com,2398908320,delhi,170137,luxury,sachin,shah
cust104316,ishaan reddy,anaya.kulkarni245@example.com,3857111629,jaypur,144840,premium,ishaan,reddy
cust100874,diya patel,arjun.nair688@outlook.com,5239662250,jaipur,93275,luxury,diya,patel
cust100963,vivaan gupta,priya.shah932@yahoo.com,961348202,calcutta,324325,mid,vivaan,gupta
cust101505,kabir reddy,kabir.reddy513@outlook.com,3120522308,punna,88651,premium,kabir,reddy
cust100392,anita kapoor,sneha.gupta748@example.com,2511213233,chennnai,95700,mid,anita,kapoor
cust100011,ishaan patel,vihaan.chopra876@example.com,8864594907,gurgaon,146836,luxury,ishaan,patel
cust104410,sneha sharma,,6840771092,chennnai,331356,budget,sneha,sharma
cust102981,rohan reddy,priya.iyer906@yahoo.com,7202338998,poona,303862,luxury,rohan,reddy
cust101345,vihaan singh,arjun.patel400@outlook.com,3887577071,bangalore,402809,luxury,vihaan,singh
cust100363,arjun das,vivaan.das844@yahoo.com,5296888089,poona,186780,luxury,arjun,das
cust103017,kabir singh,rahul.gupta195@gmail.com,7551005179,kolkata,172372,premium,kabir,singh
cust104448,kabir iyer,arjun.khan130@example.com,5429478063,jaipur,217062,premium,kabir,iyer
cust103784,vihaan singh,aditi.nair863@yahoo.com,5716057262,punna,136900,premium,vihaan,singh
cust103848,arjun singh,kabir.singh800@example.com,4210247150,calcutta,100744,mid,arjun,singh
cust103833,sachin agarwal,rohan.patel126@gmail.com,8184120874,mumbaai,101626,mid,sachin,agarwal
cust103515,vivaan mehta,mira.shah702@gmail.com,8026486730,bangalore,119819,premium,vivaan,mehta
cust100067,priya reddy,aarav.patel186@example.com,3806020027,calcutta,86681,premium,priya,reddy
cust101463,rohan shah,anita.kulkarni683@yahoo.com,3508266892,kolkata,145396,budget,rohan,shah
cust100452,aditi singh,vihaan.sharma208@outlook.com,98356090,surrat,152544,budget,aditi,singh
cust102707,sachin das,mira.gupta633@yahoo.com,5113795418,new delhi,77923,mid,sachin,das
cust103394,vihaan singh,vihaan.shah579@example.com,3811094702,noida,262541,budget,vihaan,singh
cust101830,anita khan,diya.nair48@gmail.com,8783946960,mumbay,203243,mid,anita,khan
cust104235,sachin nair,aarav.sharma831@gmail.com,3883202401,nodia,141827,budget,sachin,nair
cust101234,vivaan singh,aarav.kapoor528@outlook.com,9539545971,mumbai,171264,luxury,vivaan,singh
cust103767,priyak apoor,vivaan.shah675@gmail.com,6446404129,ahemdabad,100345,premium,priyak,apoor
cust101075,aarav iyer,priya.singh602@gmail.com,979603957,kolkata,165772,luxury,aarav,iyer
cust103300,sachin sharma,sachin.nair849@example.com,3799485075,bangalore,81971,luxury,sachin,sharma
cust103068,rahul patel,sachin.iyer754@gmail.com,4272820854,new delhi,110481,budget,rahul,patel
cust100180,rahul patel,sachin.reddy740@yahoo.com,444659426,bengaluru,122143,premium,rahul,patel
cust102253,diya chopra,vivaan.mehta267@yahoo.com,9653340134,mumbay,253220,luxury,diya,chopra
cust103473,anita kapoor,rahul.mehta318@outlook.com,845805732,pune,324397,luxury,anita,kapoor
cust100672,anita kulkarni,sachin.sharma979@gmail.com,5914483494,hydrabad,196144,luxury,anita,kulkarni
cust102140,aditi kapoor,aarav.sharma951@example.com,2668801737,poona,323157,mid,aditi,kapoor
cust102544,mira reddy,vihaan.kulkarni550@outlook.com,8616148083,chennnai,181775,premium,mira,reddy
cust104824,priya agarwal,diya.das552@gmail.com,1339724735,poona,115682,premium,priya,agarwal
cust100091,diya singh,rahul.chopra64@outlook.com,5351065092,jaypur,244257,premium,diya,singh
cust102556,aditi gupta,priya.shah533@gmail.com,2175991310,new delhi,197360,budget,aditi,gupta
cust100043,aarav das,sneha.kapoor158@yahoo.com,2972399544,noida,103601,budget,aarav,das
cust100965,arjun patel,anita.agarwal488@yahoo.com,780283682,bengaluru,180285,luxury,arjun,patel
cust102041,kabir kulkarni,kabir.singh818@gmail.com,7930439721,bengluru,112621,budget,kabir,kulkarni
cust103871,rahul agarwal,aditi.mehta380@outlook.com,1396668757,new delhi,252701,mid,rahul,agarwal
cust104762,sneha reddy,ishaan.kulkarni573@example.com,541185021,jaipur,418319,mid,sneha,reddy
cust103857,diya reddy,vivaan.agarwal369@gmail.com,598286012,ahemdabad,128733,budget,diya,reddy
cust102353,diya singh,rahul.singh404@gmail.com,8905276864,kolkata,253978,premium,diya,singh
cust103451,anita singh,vivaan.nair749@example.com,734220951,gurugrm,287750,premium,anita,singh
cust100365,vihaan mehta,sneha.sharma343@example.com,3714030889,hyderbad,101523,luxury,vihaan,mehta
cust102198,ishaan kulkarni,anita.iyer899@example.com,4015139059,poona,156678,budget,ishaan,kulkarni
cust100131,vihaan mehta,anita.singh714@yahoo.com,9579521428,bangalore,130958,premium,vihaan,mehta
cust101901,rahu lpatel,ishaan.iyer255@example.com,3196390749,mumbay,195657,mid,rahu,lpatel
cust100528,kabir shah,sachin.shah603@yahoo.com,8271903757,new delhi,189711,budget,kabir,shah
cust100075,anaya iyer,vivaan.reddy226@outlook.com,2773102753,ahemdabad,143252,mid,anaya,iyer
cust101107,arjun reddy,kabir.shah93@outlook.com,1776492678,jaypur,149849,luxury,arjun,reddy
cust100026,vivaan kulkarni,anaya.das617@example.com,1522644499,hyderabad,127626,luxury,vivaan,kulkarni
cust104680,anita chopra,anaya.chopra425@example.com,404462722,bengluru,132166,premium,anita,chopra
cust104908,kabir shah,sneha.kulkarni912@example.com,1338639456,mumbaai,191211,premium,kabir,shah
cust103233,rahul sharma,diya.das578@outlook.com,1624347695,gurugram,328032,premium,rahul,sharma
cust103930,anita nair,diya.chopra909@example.com,3445852857,mumbai,142470,premium,anita,nair
cust103699,diya mehta,,4570876628,punna,89342,premium,diya,mehta
cust101449,sneha agarwal,aarav.iyer823@example.com,1780345789,jaypur,235602,budget,sneha,agarwal
cust102797,sachin kapoor,sachin.mehta755@outlook.com,8393925206,punna,198097,premium,sachin,kapoor
cust100379,rahul das,arjun.shah278@example.com,4285440771,gurugrm,224997,budget,rahul,das
cust101057,vivaan gupta,arjun.gupta570@outlook.com,3167550901,ahmedabad,122289,mid,vivaan,gupta
cust103591,vivaan patel,priya.agarwal85@yahoo.com,4292298283,chennai,103223,mid,vivaan,patel
cust103624,roha nnair,anita.sharma395@outlook.com,6175871570,jaypur,148224,budget,roha,nnair
cust103470,sachin agarwal,rahul.sharma729@gmail.com,6506668913,jaypur,144328,budget,sachin,agarwal
cust103653,vivaan nair,vihaan.gupta813@gmail.com,7523073883,ahemdabad,126291,premium,vivaan,nair
cust103491,rahul nair,diya.das166@example.com,3735776522,mumbai,169639,luxury,rahul,nair
cust101925,anita chopra,aarav.iyer661@outlook.com,4427805693,punna,110852,mid,anita,chopra
cust101951,aarav akpoor,arjun.shah899@gmail.com,4674915419,delhi,134336,premium,aarav,akpoor
cust101624,rohan nair,rohan.kulkarni191@example.com,2232266410,hyderabad,94999,budget,rohan,nair
cust100497,priya gupta,rahul.sharma250@gmail.com,6374687175,mumbaai,147569,premium,priya,gupta
cust101910,arjun kulkarni,anaya.reddy513@gmail.com,749234212,bangalore,57036,budget,arjun,kulkarni
cust104381,anita sharma,mira.kulkarni745@outlook.com,6449902345,kolkata,290094,luxury,anita,sharma
cust103762,kabir khan,mira.reddy591@gmail.com,2314720732,chennnai,167619,budget,kabir,khan
cust100214,sneha kapoor,aarav.chopra427@example.com,9558429410,calcutta,216485,luxury,sneha,kapoor
cust103120,diy apatel,aarav.reddy864@example.com,8795504761,bengaluru,39709,budget,diy,apatel
cust102180,rohan sharma,vivaan.gupta929@example.com,6196437343,nodia,313992,luxury,rohan,sharma
cust100999,vivaan gupta,vihaan.shah156@gmail.com,565517384,ahemdabad,108395,luxury,vivaan,gupta
cust100658,sneha khan,arjun.iyer567@outlook.com,8949753491,dehli,526450,luxury,sneha,khan
cust101903,rohan chopra,anaya.singh350@gmail.com,3897383004,pune,214488,budget,rohan,chopra
cust101794,aarav mehta,aditi.nair858@yahoo.com,8609568315,pune,249154,mid,aarav,mehta
cust103508,anita reddy,arjun.shah465@outlook.com,208560815,mumbay,210873,luxury,anita,reddy
cust103295,anaya gupta,kabir.patel447@gmail.com,7969930895,dehli,547921,mid,anaya,gupta
cust104307,aarav iyer,ishaan.mehta588@yahoo.com,358661366,bengluru,124812,luxury,aarav,iyer
cust104094,vivaan agarwal,,2385764121,ahemdabad,204608,budget,vivaan,agarwal
cust101380,vihaan gupta,arjun.agarwal845@yahoo.com,7589265586,kalkata,111041,mid,vihaan,gupta
cust100354,arjun iyer,vihaan.iyer290@outlook.com,8816493765,punna,154838,premium,arjun,iyer
cust100158,vivaan reddy,aditi.agarwal887@yahoo.com,6014882759,nodia,335632,budget,vivaan,reddy
cust102177,vihaan iyer,priya.das888@outlook.com,2411927143,hyderabad,126076,luxury,vihaan,iyer
cust101256,priya shah,anaya.sharma546@gmail.com,1716991840,gurugrm,279923,mid,priya,shah
cust103656,sachin reddy,diya.singh184@gmail.com,3405591694,poona,94564,mid,sachin,reddy
cust102630,anaya chopra,aarav.sharma467@gmail.com,3939224362,dehli,171515,luxury,anaya,chopra
cust104665,vivaan iyer,arjun.khan109@yahoo.com,495977395,calcutta,147253,premium,vivaan,iyer
cust102369,kabir chopra,vivaan.sharma489@gmail.com,8974425318,nodia,114973,budget,kabir,chopra
cust100768,arjun chopra,anita.khan630@example.com,9683897921,dehli,93728,mid,arjun,chopra
cust104525,aarav kulkarni,aarav.sharma909@yahoo.com,1009677966,surrat,118958,mid,aarav,kulkarni
cust103572,rahul mehta,anaya.khan516@yahoo.com,9848953492,gurugram,116717,mid,rahul,mehta
cust102182,mira patel,diya.khan982@gmail.com,2250259515,bengluru,70061,budget,mira,patel
cust102246,anaya khan,aditi.singh739@example.com,546991348,gurugram,120714,mid,anaya,khan
cust101929,anaya shah,aditi.kulkarni75@outlook.com,8132718291,mumbai,112213,budget,anaya,shah
cust104927,aditi singh,ishaan.kapoor77@gmail.com,351853598,hyderabad,136583,premium,aditi,singh
cust103755,vivaan sharma,anita.mehta717@example.com,1588632310,hydrabad,82020,budget,vivaan,sharma
cust101114,anita iyer,ishaan.agarwal321@yahoo.com,8277451146,hydrabad,173933,luxury,anita,iyer
cust100695,ajrun kulkarni,rahul.nair326@example.com,8438145666,nodia,93391,budget,ajrun,kulkarni
cust100656,kabir iyer,kabir.shah520@yahoo.com,1033897396,chennnai,248682,mid,kabir,iyer
cust104947,vihaan das,mira.iyer543@example.com,7930115350,surrat,52984,premium,vihaan,das
cust100174,anita gupta,anita.das297@yahoo.com,9833796514,punna,92580,mid,anita,gupta
cust104069,anita shah,sachin.kapoor507@yahoo.com,4905537721,chennai,71019,luxury,anita,shah
cust101476,anaya nair,anita.mehta677@yahoo.com,7450754332,ahmedabad,150598,luxury,anaya,nair
cust101823,anita shah,anita.kulkarni665@outlook.com,3821575709,ahmedabad,393192,luxury,anita,shah
cust102478,aditi mehta,aarav.khan0@example.com,6990886329,noida,151114,premium,aditi,mehta
cust104370,sachin shah,rohan.das308@example.com,128297481,chennai,333677,luxury,sachin,shah
cust104771,aditi chopra,anita.shah65@yahoo.com,4239870527,poona,208327,luxury,aditi,chopra
cust101262,ishaan singh,vivaan.gupta206@gmail.com,3749031646,surat,177860,premium,ishaan,singh
cust104375,arjun das,aarav.nair98@yahoo.com,2263131700,hyderabad,202369,luxury,arjun,das
cust101944,kabir kapoor,anaya.nair159@gmail.com,2732485250,chennai,97446,mid,kabir,kapoor
cust104952,rohan gupta,sneha.gupta521@outlook.com,9178440021,gurugrm,140083,budget,rohan,gupta
cust100371,kabir sharma,ishaan.shah249@example.com,5605249277,jaypur,62446,luxury,kabir,sharma
cust103432,diya shah,diya.sharma39@yahoo.com,5577000982,kolkata,219344,premium,diya,shah
cust102311,priya kapoor,rohan.kapoor92@outlook.com,3076728971,surat,117884,premium,priya,kapoor
cust100166,rohan shah,kabir.patel428@yahoo.com,2280172674,bengaluru,107156,premium,rohan,shah
cust102057,adtii khan,anita.mehta230@yahoo.com,7935569162,nodia,129740,luxury,adtii,khan
cust104654,aditi das,kabir.khan966@example.com,9753930418,surrat,95193,luxury,aditi,das
cust102814,diya patel,arjun.khan426@yahoo.com,719715718,calcutta,162734,luxury,diya,patel
cust102638,diya mehta,vivaan.kapoor663@example.com,2687763013,hydrabad,181654,luxury,diya,mehta
cust100468,anaya chopra,sneha.kapoor523@outlook.com,7967631555,punna,172375,mid,anaya,chopra
cust100176,mira agarwal,mira.khan158@gmail.com,7051006807,hydrabad,289713,budget,mira,agarwal
cust103027,diya khan,priya.chopra852@example.com,850609141,surat,113736,premium,diya,khan
cust102420,vivaan mehta,aarav.gupta775@gmail.com,7342231354,dehli,63107,luxury,vivaan,mehta
cust101148,priya agarwal,vihaan.nair474@yahoo.com,5375526255,surat,147883,luxury,priya,agarwal
cust103410,vihaan mehta,,2633716357,hyderbad,107187,budget,vihaan,mehta
cust102796,sachin mehta,kabir.das242@gmail.com,5586876529,ahemdabad,76381,luxury,sachin,mehta
cust104929,sachin khan,diya.kulkarni306@example.com,4568281579,mumbaai,117369,premium,sachin,khan
cust103199,sachin kapoor,rohan.reddy794@gmail.com,1124277219,ahemdabad,133844,mid,sachin,kapoor
cust101809,mira mehta,sneha.chopra136@example.com,5601299655,bengaluru,106594,budget,mira,mehta
cust101791,ishaan gupat,,7897245033,hyderabad,136532,luxury,ishaan,gupat
cust100599,anita nair,sachin.chopra629@gmail.com,7240985994,surat,137577,mid,anita,nair
cust100298,sachin patel,anita.das830@gmail.com,8055598198,surrat,445838,budget,sachin,patel
cust104392,anaya singh,mira.mehta483@gmail.com,6306565470,bangalore,81348,premium,anaya,singh
cust103221,vihaan nair,vivaan.chopra167@gmail.com,3301818542,new delhi,248360,premium,vihaan,nair
cust100579,aarav sharma,aditi.das806@example.com,9024354546,new delhi,106137,budget,aarav,sharma
cust104372,sachin gupta,kabir.mehta963@outlook.com,5375079615,bengluru,237928,budget,sachin,gupta
cust102088,mira singh,priya.mehta800@yahoo.com,4359480258,kalkata,135097,luxury,mira,singh
cust104068,mira mehta,diya.das773@outlook.com,9827628101,noida,104033,mid,mira,mehta
cust101117,sneha kapoor,ishaan.nair348@yahoo.com,8073897192,new delhi,249695,budget,sneha,kapoor
cust102124,sachin shah,anita.patel726@example.com,1991173509,bengluru,98567,mid,sachin,shah
cust102222,aanya shah,ishaan.mehta96@example.com,8286267779,new delhi,37468,mid,aanya,shah
cust100048,arjun singh,mira.chopra454@yahoo.com,9071970379,chennai,191309,premium,arjun,singh
cust104416,aditi agarwal,anaya.kulkarni622@yahoo.com,4060176630,hyderbad,446045,luxury,aditi,agarwal
cust104423,sachin sharma,rahul.khan348@example.com,1664078251,nodia,92263,budget,sachin,sharma
cust104390,rohan kulkarni,sachin.agarwal75@outlook.com,5067148953,gurugrm,147129,mid,rohan,kulkarni
cust103495,diya kulkarni,kabir.shah479@gmail.com,6792386208,chennnai,227679,premium,diya,kulkarni
cust102342,rohan iyer,sneha.agarwal535@yahoo.com,1311092480,gurugrm,236974,budget,rohan,iyer
cust101430,sneha reddy,priya.mehta826@outlook.com,6011562295,chennai,988952,luxury,sneha,reddy
cust104659,sneha khan,anita.patel439@outlook.com,4630534587,ahmedabad,93247,budget,sneha,khan
cust104629,kabir iyer,priya.singh430@outlook.com,1733574645,jaipur,173702,budget,kabir,iyer
cust101127,diya shah,sachin.sharma188@yahoo.com,8747907532,bengluru,125413,premium,diya,shah
cust104332,sachin sharma,sneha.nair808@example.com,7236808055,kalkata,534338,luxury,sachin,sharma
cust102787,arjun nair,ishaan.sharma283@outlook.com,3564349759,gurugram,199181,luxury,arjun,nair
cust104135,mira shah,,4659177169,pune,119883,budget,mira,shah
cust103557,ishaan das,rahul.patel331@example.com,6858318170,gurugram,192281,premium,ishaan,das
cust101346,ishaan singh,vihaan.sharma762@gmail.com,5657245006,ahemdabad,162053,mid,ishaan,singh
cust104584,sneha kapoor,aditi.mehta219@yahoo.com,8897455189,gurugram,160578,budget,sneha,kapoor
cust104498,diya chopra,arjun.kulkarni407@outlook.com,7262192501,mumbay,389717,mid,diya,chopra
cust100649,arjun das,aditi.reddy689@yahoo.com,4344967077,surrat,148622,premium,arjun,das
cust102201,aarav reddy,mira.gupta840@outlook.com,5338628529,dehli,135601,luxury,aarav,reddy
cust103878,aditi kapoor,mira.das859@outlook.com,7187573778,chennai,149957,premium,aditi,kapoor
cust102189,vivaan nair,vihaan.kulkarni672@example.com,8054860851,mumbay,121880,premium,vivaan,nair
cust100950,vivaan reddy,priya.das478@yahoo.com,2727940310,surat,479830,mid,vivaan,reddy
cust101544,sneha chopra,kabir.reddy895@gmail.com,9781792627,chennai,310912,mid,sneha,chopra
cust100794,ishaan shah,aditi.nair79@example.com,7635783768,gurgaon,133543,premium,ishaan,shah
cust103278,aditi sharma,aarav.shah206@yahoo.com,9578349894,gurgaon,105433,luxury,aditi,sharma
cust103395,anita khan,arjun.iyer829@example.com,8408488680,kolkata,234716,budget,anita,khan
cust100479,ishaan singh,kabir.mehta690@yahoo.com,3778900450,gurgaon,89791,luxury,ishaan,singh
cust103261,sneha khan,,7099419252,bengaluru,56434,mid,sneha,khan
cust103134,aditi mehta,rahul.kulkarni861@example.com,4621997985,bengluru,144105,premium,aditi,mehta
cust103748,sachin kapoor,kabir.nair746@yahoo.com,1673243038,ahmedabad,157894,budget,sachin,kapoor
cust100337,kabir mehta,aarav.reddy734@example.com,1163370184,chennnai,68547,mid,kabir,mehta
cust101375,arjun das,kabir.das514@outlook.com,6963440457,surat,105860,budget,arjun,das
cust104630,rahul metha,ishaan.sharma77@outlook.com,2482841200,dehli,315944,budget,rahul,metha
cust101062,mira agarwal,sneha.das333@gmail.com,1979280032,kalkata,300431,budget,mira,agarwal
cust101268,sneha nair,vihaan.sharma33@example.com,2406351100,calcutta,119641,premium,sneha,nair
cust104219,mira nair,,5319817268,hydrabad,61838,mid,mira,nair
cust101472,vivaan kulkarni,anaya.reddy729@yahoo.com,132281078,bengaluru,57642,premium,vivaan,kulkarni
cust102957,kabir patel,sneha.sharma930@yahoo.com,4643122423,hydrabad,128783,mid,kabir,patel
cust102589,kabir gupta,aarav.agarwal698@gmail.com,8043785234,ahemdabad,243202,premium,kabir,gupta
cust101752,aditi kulkarni,rohan.chopra568@example.com,2042100890,hyderabad,149553,budget,aditi,kulkarni
cust100523,anita ads,sneha.singh228@gmail.com,5737588386,surrat,101768,budget,anita,ads
cust103951,vihaan singh,priya.kulkarni423@outlook.com,4754190399,kalkata,334169,mid,vihaan,singh
cust104951,aditi shah,vihaan.gupta566@example.com,6495874021,mumbai,325777,mid,aditi,shah
cust100782,aditi agarwal,rohan.das314@outlook.com,7235988445,new delhi,327663,mid,aditi,agarwal
cust104687,ishaan shah,,2702490830,surrat,230373,premium,ishaan,shah
cust101221,aarav gupta,,1642448160,dehli,288554,premium,aarav,gupta
cust100068,kabir chopra,rohan.gupta19@gmail.com,2328676280,jaypur,135928,premium,kabir,chopra
cust100621,aditi das,sachin.kapoor291@yahoo.com,682098716,nodia,251870,luxury,aditi,das
cust102477,anita khan,rohan.kapoor125@outlook.com,7150336003,gurugrm,196293,premium,anita,khan
cust103569,sneha mehta,kabir.kapoor400@example.com,2592408468,chennnai,68156,premium,sneha,mehta
cust101679,priya kapoor,diya.iyer878@gmail.com,6532686887,bengaluru,234990,luxury,priya,kapoor
cust101586,aditi singh,aarav.agarwal438@example.com,5765244320,hyderbad,148937,budget,aditi,singh
cust104579,rahul reddy,rohan.patel716@outlook.com,5132189720,nodia,96485,luxury,rahul,reddy
cust104361,vihaan gupta,rohan.gupta261@outlook.com,1024618403,new delhi,188751,mid,vihaan,gupta
cust103019,rahul mehta,sachin.sharma985@gmail.com,8927084770,ahemdabad,294862,budget,rahul,mehta
cust100127,arjun khan,aditi.shah457@gmail.com,8698739899,bengluru,202261,premium,arjun,khan
cust104368,rahul sharma,,113941780,chennnai,411592,mid,rahul,sharma
cust104431,ishaan nair,sachin.gupta200@gmail.com,9553922660,ahemdabad,522663,budget,ishaan,nair
cust103216,naita patel,diya.singh59@gmail.com,400495927,new delhi,76166,premium,naita,patel
cust101467,arjun gupta,kabir.agarwal94@yahoo.com,6398586382,pune,96859,budget,arjun,gupta
cust103918,ishaan kulkarni,vihaan.reddy927@yahoo.com,5529952655,jaipur,122561,luxury,ishaan,kulkarni
cust101379,rahul mehta,vivaan.mehta709@gmail.com,2575418414,calcutta,145169,mid,rahul,mehta
cust102094,rohan kapoor,anaya.kapoor372@example.com,777102790,hyderbad,194846,budget,rohan,kapoor
cust102500,mira patel,ishaan.kapoor524@outlook.com,5346743097,bengluru,133357,budget,mira,patel
cust100923,diya das,kabir.patel49@yahoo.com,3907743326,new delhi,135541,luxury,diya,das
cust104107,vihaan mehta,diya.chopra366@yahoo.com,3102996167,noida,72888,budget,vihaan,mehta
cust103856,vihaan reddy,kabir.nair550@example.com,5583184832,calcutta,121151,mid,vihaan,reddy
cust102100,kabir reddy,,2821003452,hydrabad,345211,mid,kabir,reddy
cust100858,priya sharma,sachin.mehta94@outlook.com,3058870490,hyderabad,145733,budget,priya,sharma
cust104569,snehas harma,anaya.kulkarni629@yahoo.com,2482842387,gurgaon,119598,luxury,snehas,harma
cust103575,aditi patel,arjun.patel891@outlook.com,967255870,hyderbad,164392,premium,aditi,patel
cust104715,kabir mehta,rahul.gupta367@example.com,983340359,gurugram,203107,luxury,kabir,mehta
cust102307,vivaan ads,rohan.singh341@example.com,2010130530,delhi,175775,premium,vivaan,ads
cust102694,anaya sharma,aarav.singh277@yahoo.com,3027531428,chennai,51292,premium,anaya,sharma
cust103932,arjun kapoor,kabir.sharma402@gmail.com,2602514127,mumbaai,214224,budget,arjun,kapoor
cust100654,rohan mehta,aarav.shah792@example.com,958414481,gurugram,428123,budget,rohan,mehta
cust101807,anaya agarwal,ishaan.agarwal169@example.com,189689186,bangalore,135443,mid,anaya,agarwal
cust104206,rohan khan,vivaan.das294@gmail.com,3888702504,mumbai,45740,luxury,rohan,khan
cust104910,rohan mehta,aditi.kulkarni873@outlook.com,8786258734,ahemdabad,396535,budget,rohan,mehta
cust103376,ishaan mehta,diya.kulkarni872@gmail.com,9304293899,nodia,103822,premium,ishaan,mehta
cust101667,kabir khan,vivaan.das436@yahoo.com,1340895182,bengaluru,161903,premium,kabir,khan
cust102351,aarav singh,vivaan.mehta58@gmail.com,3122637773,chennnai,45545,premium,aarav,singh
cust104728,rahul kapoor,sneha.iyer304@example.com,9150160283,calcutta,40521,mid,rahul,kapoor
cust104602,diya chopra,aarav.das268@gmail.com,3620617904,surat,366890,budget,diya,chopra
cust101332,priya kulkarni,sachin.agarwal919@example.com,3072222744,gurugrm,348840,mid,priya,kulkarni
cust102148,arjun gupta,rahul.das883@gmail.com,8547146325,bengaluru,144881,mid,arjun,gupta
cust102578,sachin iyer,anita.khan508@outlook.com,3439873087,noida,178953,mid,sachin,iyer
cust104481,ishaan nair,ishaan.agarwal785@outlook.com,8637936410,hyderabad,105499,luxury,ishaan,nair
cust103322,aarav reddy,arjun.kulkarni77@outlook.com,4102881181,ahemdabad,122755,mid,aarav,reddy
cust101693,aditi nair,mira.gupta659@example.com,5891054003,poona,116971,premium,aditi,nair
cust100425,rohan singh,mira.sharma429@gmail.com,4137840304,bengaluru,131624,luxury,rohan,singh
cust104979,anita mehta,arjun.kulkarni682@yahoo.com,2955381222,ahemdabad,163539,budget,anita,mehta
cust104148,sneha khan,kabir.nair644@gmail.com,1573611870,chennai,54479,premium,sneha,khan
cust104543,rahul kulkarni,arjun.nair935@yahoo.com,8523698990,jaypur,164575,luxury,rahul,kulkarni
cust104983,rohan reddy,rohan.shah600@example.com,5618516405,ahmedabad,311225,premium,rohan,reddy
cust103482,vivaan singh,sneha.gupta524@yahoo.com,342096572,bengluru,371024,mid,vivaan,singh
cust104084,anita agarwal,vihaan.khan442@yahoo.com,9065593438,nodia,79088,mid,anita,agarwal
cust103614,anaya mehta,ishaan.nair572@yahoo.com,8822665039,gurugram,195147,mid,anaya,mehta
cust103116,sachin mehta,ishaan.reddy849@example.com,9042148485,gurugram,71840,budget,sachin,mehta
cust103486,vihaan chopra,vihaan.gupta463@outlook.com,9425553905,bangalore,272928,premium,vihaan,chopra
cust103391,arjun shah,aditi.kulkarni972@outlook.com,3051823237,pune,58530,luxury,arjun,shah
cust100856,vihaan das,rahul.reddy710@gmail.com,6755773460,pune,51266,premium,vihaan,das
cust102906,anaya iyer,vihaan.patel892@yahoo.com,2176058757,ahemdabad,187815,budget,anaya,iyer
cust100186,rohan iyer,rohan.patel391@example.com,1023713916,kalkata,71545,luxury,rohan,iyer
cust102682,priya gupta,priya.iyer778@gmail.com,1147642760,jaypur,79506,luxury,priya,gupta
cust100056,rahul nair,anita.kulkarni159@example.com,9817900388,new delhi,68804,premium,rahul,nair
cust100955,sneha agarwal,sneha.gupta881@gmail.com,9424088015,chennnai,122023,mid,sneha,agarwal
cust103004,rahul shah,sachin.sharma119@outlook.com,2441844642,mumbaai,196064,budget,rahul,shah
cust101800,mira iyer,ishaan.chopra446@outlook.com,8682420526,surat,264941,luxury,mira,iyer
cust104434,mira chopra,diya.kulkarni94@outlook.com,472007386,dehli,313548,luxury,mira,chopra
cust101218,mira kulkarni,anita.mehta261@example.com,1617967511,ahmedabad,91190,premium,mira,kulkarni
cust100813,ishaan shah,aditi.mehta325@outlook.com,4975300721,dehli,199455,luxury,ishaan,shah
cust102953,anita mehta,sachin.nair290@outlook.com,7054581303,mumbai,318079,luxury,anita,mehta
cust100973,rahul nair,arjun.iyer80@gmail.com,8210692653,surrat,78584,luxury,rahul,nair
cust101339,sachin gupta,ishaan.chopra660@example.com,2582288864,surrat,80947,premium,sachin,gupta
cust103249,kabir singh,rohan.agarwal220@gmail.com,9052258889,poona,163660,luxury,kabir,singh
cust104378,diya agarwal,priya.chopra311@yahoo.com,296767062,jaipur,178539,mid,diya,agarwal
cust100940,kabir sharma,anaya.gupta920@example.com,9139523937,kolkata,346427,mid,kabir,sharma
cust104710,anaya agarwal,aditi.sharma553@yahoo.com,1349332330,surrat,141329,premium,anaya,agarwal
cust102788,arjun patel,arjun.sharma238@yahoo.com,3895766584,jaipur,183939,budget,arjun,patel
cust100702,diya sharma,vivaan.kapoor838@gmail.com,8021928457,surrat,323285,budget,diya,sharma
cust102968,mira khan,priya.chopra737@yahoo.com,1329938351,calcutta,363266,budget,mira,khan
cust101440,vihaan chopra,sachin.chopra445@gmail.com,6070698561,jaipur,32527,mid,vihaan,chopra
cust103078,diya singh,vihaan.gupta238@gmail.com,7848737686,surrat,159817,budget,diya,singh
cust103552,ishaan singh,priya.chopra696@example.com,3934982922,noida,148221,mid,ishaan,singh
cust100639,aditi singh,aditi.patel506@gmail.com,327377857,mumbaai,302133,luxury,aditi,singh
cust104287,diya nair,priya.iyer619@yahoo.com,2456111326,gurgaon,307792,mid,diya,nair
cust100594,vivaan chopra,aarav.sharma153@gmail.com,3099441511,mumbay,106197,luxury,vivaan,chopra
cust101982,priya chopra,ishaan.mehta508@gmail.com,8778360556,gurgaon,62065,premium,priya,chopra
cust101618,sachin kapoor,sneha.gupta280@example.com,615131691,chennnai,711613,premium,sachin,kapoor
cust102738,mira das,ishaan.reddy258@yahoo.com,4147656649,mumbai,268671,budget,mira,das
cust103751,diya patel,aarav.shah669@yahoo.com,9087821720,punna,213220,premium,diya,patel
cust102976,anaya patel,rohan.nair206@yahoo.com,1713413357,ahmedabad,263156,luxury,anaya,patel
cust101914,anita mehta,ishaan.das114@outlook.com,9975498555,bengaluru,741789,budget,anita,mehta
cust104598,anaya iyer,mira.kulkarni495@example.com,8209538650,jaipur,202496,luxury,anaya,iyer
cust102348,sneha mehta,rohan.nair138@gmail.com,7370344879,calcutta,423817,mid,sneha,mehta
cust101077,priya ugpta,arjun.reddy858@gmail.com,9490757963,ahemdabad,245139,luxury,priya,ugpta
cust100725,kabir nair,ishaan.agarwal16@yahoo.com,3101442193,ahmedabad,77216,budget,kabir,nair
cust104555,mira kulkarni,aditi.patel168@gmail.com,8204478938,pune,355803,budget,mira,kulkarni
cust103697,rahul kapoor,anita.reddy649@outlook.com,3368864333,nodia,371590,luxury,rahul,kapoor
cust101579,anita kapoor,anita.das992@example.com,1636684505,delhi,218991,mid,anita,kapoor
cust103444,anaya khan,rahul.agarwal212@yahoo.com,5857685730,gurgaon,68062,mid,anaya,khan
cust104756,vivaan iyer,vivaan.sharma227@yahoo.com,416439288,bangalore,274303,mid,vivaan,iyer
cust102637,anaya khan,vivaan.iyer371@example.com,7514666013,nodia,347040,mid,anaya,khan
cust101552,diya shah,arjun.iyer278@outlook.com,1268276756,gurgaon,103677,budget,diya,shah
cust104065,aditi agarwal,rahul.shah313@yahoo.com,9466041484,dehli,410870,premium,aditi,agarwal
cust100934,diya nair,aarav.gupta835@gmail.com,560092351,surat,458075,luxury,diya,nair
cust101183,diya sharma,vivaan.mehta499@yahoo.com,7287571469,gurugrm,278131,luxury,diya,sharma
cust101229,kabir shah,diya.das761@yahoo.com,5692098448,mumbai,241054,budget,kabir,shah
cust103193,priya nair,sachin.kapoor323@outlook.com,9270176400,ahmedabad,258901,mid,priya,nair
cust103338,vivaan nair,anaya.gupta207@gmail.com,2895919906,ahmedabad,501229,premium,vivaan,nair
cust101429,sachin patel,mira.kapoor537@gmail.com,7607058528,surat,147764,luxury,sachin,patel
cust102116,priya nair,aditi.agarwal650@gmail.com,6507628459,hyderbad,228340,mid,priya,nair
cust104941,sachin das,aarav.patel643@gmail.com,8175072229,surat,66906,premium,sachin,das
cust101390,sachin shah,mira.kulkarni331@gmail.com,7015240650,pune,76565,luxury,sachin,shah
cust104041,mira gupta,arjun.patel333@outlook.com,9855001238,gurugrm,140101,budget,mira,gupta
cust100807,rohan kulkarni,priya.kapoor147@yahoo.com,207520967,surrat,98707,premium,rohan,kulkarni
cust104112,arjun nair,arjun.kulkarni344@gmail.com,4175729234,ahmedabad,115611,budget,arjun,nair
cust100746,kabir kapoor,,412380505,surat,209651,luxury,kabir,kapoor
cust101880,aarav kulkarni,anaya.singh455@gmail.com,2073473142,mumbaai,101257,premium,aarav,kulkarni
cust101059,priya patel,,9520166450,mumbay,133266,mid,priya,patel
cust103876,sneha kapoor,sneha.singh246@example.com,5110411943,mumbay,85450,mid,sneha,kapoor
cust104145,priya iyer,anita.das533@gmail.com,9710612251,mumbaai,95170,luxury,priya,iyer
cust101246,ishaan gupta,anita.chopra543@yahoo.com,5406936247,surat,130481,mid,ishaan,gupta
cust100550,rohan singh,vihaan.iyer84@outlook.com,1794676746,punna,262975,premium,rohan,singh
cust103927,anaya iyer,aditi.khan584@yahoo.com,7724964793,ahmedabad,148110,mid,anaya,iyer
cust104508,aditi sharma,sachin.chopra562@gmail.com,4416886396,chennai,280794,mid,aditi,sharma
cust103180,aditi das,anaya.das9@gmail.com,3711408407,dehli,130967,premium,aditi,das
cust101282,anaya singh,aarav.shah539@example.com,203005358,poona,199681,budget,anaya,singh
cust103430,diya das,kabir.patel261@yahoo.com,8202909231,hyderabad,145312,budget,diya,das
cust102633,priya kulkarni,mira.shah632@yahoo.com,9326339884,dehli,523846,mid,priya,kulkarni
cust101207,ishaan mehta,vihaan.kapoor388@example.com,5116089769,bengluru,117398,premium,ishaan,mehta
cust103828,vivaan gupta,priya.reddy941@gmail.com,6114165186,noida,119190,luxury,vivaan,gupta
cust102998,vivaan reddy,ishaan.gupta819@yahoo.com,5158393063,gurgaon,96299,mid,vivaan,reddy
cust103378,mira khan,ishaan.kapoor729@yahoo.com,4479550145,ahmedabad,105529,mid,mira,khan
cust103950,aditi mehta,rahul.das100@example.com,8462457607,pune,469403,mid,aditi,mehta
cust102011,vihaan chopra,rahul.mehta859@gmail.com,162185615,jaipur,131920,budget,vihaan,chopra
cust100446,rohan kapoor,diya.sharma168@yahoo.com,1165408497,jaipur,260645,premium,rohan,kapoor
cust100684,priay chopra,priya.sharma21@example.com,5662913724,punna,111082,budget,priay,chopra
cust102905,ishaan iyer,rohan.patel551@gmail.com,7105604353,ahemdabad,173042,mid,ishaan,iyer
cust102225,vivaan patel,sachin.singh81@gmail.com,8874846038,dehli,168994,mid,vivaan,patel
cust102607,vivaan iyer,anita.gupta590@yahoo.com,1007399271,bengluru,282005,luxury,vivaan,iyer
cust103071,rohan sharma,ishaan.nair148@example.com,8718914145,delhi,171957,premium,rohan,sharma
cust102329,aarav kulkarni,vihaan.patel530@outlook.com,4494595431,jaypur,127035,premium,aarav,kulkarni
cust101550,vivaan patel,anita.nair545@gmail.com,4587827573,surrat,134075,budget,vivaan,patel
cust104663,aarav das,arjun.shah790@gmail.com,4576510876,kolkata,129136,luxury,aarav,das
cust100152,arjun shah,ishaan.nair90@outlook.com,9358473822,jaipur,144884,luxury,arjun,shah
cust100589,anita singh,sneha.iyer856@yahoo.com,3607429406,new delhi,230770,luxury,anita,singh
cust102684,anita kulkarni,rohan.shah207@gmail.com,6459876071,jaipur,400440,mid,anita,kulkarni
cust103869,sachin reddy,arjun.gupta422@example.com,7808827182,ahmedabad,212825,luxury,sachin,reddy
cust100707,anita kulkarni,priya.chopra427@gmail.com,2825190691,surat,377906,mid,anita,kulkarni
cust103955,arjun mehta,mira.kulkarni784@outlook.com,3762987657,jaipur,387970,premium,arjun,mehta
cust102706,vivaan agarwal,sachin.nair194@yahoo.com,342092747,jaypur,119416,budget,vivaan,agarwal
cust100303,priya mehta,mira.kapoor349@yahoo.com,3024051059,punna,190001,luxury,priya,mehta
cust103220,priya chopra,rohan.chopra568@example.com,7158570131,surat,144397,premium,priya,chopra
cust102269,rohan mehta,vivaan.chopra268@yahoo.com,8138012678,calcutta,167698,premium,rohan,mehta
cust102036,arjun kulkarni,rohan.agarwal129@gmail.com,7898322670,bangalore,414783,budget,arjun,kulkarni
cust101038,diya kapoor,sneha.gupta967@yahoo.com,1689602842,punna,259143,mid,diya,kapoor
cust100690,aarav das,vihaan.mehta135@gmail.com,6839057114,jaypur,110656,premium,aarav,das
cust101343,sachin singh,vihaan.reddy998@yahoo.com,7009368179,mumbaai,230451,luxury,sachin,singh
cust104994,priya reddy,vihaan.shah118@outlook.com,9239987607,noida,212189,mid,priya,reddy
cust103228,anaya das,rohan.chopra664@outlook.com,3467030670,punna,109162,premium,anaya,das
cust101534,mira reddy,priya.reddy708@outlook.com,8690876927,mumbaai,65371,budget,mira,reddy
cust103511,arjun sharma,arjun.shah344@outlook.com,5947772036,hyderabad,41778,mid,arjun,sharma
cust100879,kabir iyer,kabir.mehta211@example.com,532048596,bangalore,99597,luxury,kabir,iyer
cust101770,arjun kapoor,vivaan.das334@yahoo.com,4435375771,calcutta,117990,mid,arjun,kapoor
cust100892,sneha iyer,kabir.mehta653@outlook.com,4687596140,mumbaai,103018,premium,sneha,iyer
cust104594,mira khan,priya.singh739@gmail.com,8883581316,bengluru,144874,premium,mira,khan
cust102325,aarav patel,mira.reddy401@outlook.com,4789041358,gurgaon,142969,premium,aarav,patel
cust103371,rahul iyer,vihaan.gupta16@example.com,9366712628,bangalore,206401,luxury,rahul,iyer
cust102067,sneha patel,arjun.reddy139@example.com,8187940727,ahemdabad,233603,mid,sneha,patel
cust103411,diya nair,aarav.das136@yahoo.com,1524978122,mumbay,285185,luxury,diya,nair
cust103181,rahul agarwal,vivaan.patel458@outlook.com,8274625967,bengaluru,71573,premium,rahul,agarwal
cust100767,aditi gupta,rohan.iyer386@example.com,4363435098,chennai,157738,premium,aditi,gupta
cust102715,sachin khan,diya.kulkarni641@yahoo.com,4272174180,bangalore,167673,mid,sachin,khan
cust102656,diya gupta,vivaan.nair179@example.com,9335293351,jaypur,161347,mid,diya,gupta
cust103621,anaya agarwal,ishaan.agarwal308@outlook.com,2767196530,surrat,152381,luxury,anaya,agarwal
cust102122,aarav sharma,sneha.nair199@outlook.com,6678850086,ahmedabad,174913,mid,aarav,sharma
cust103889,anaya agarwal,anita.shah185@yahoo.com,5670670030,hydrabad,274901,premium,anaya,agarwal
cust103749,aarav kapoor,ishaan.kulkarni889@outlook.com,273416405,mumbay,136516,mid,aarav,kapoor
cust104495,arjun singh,vivaan.patel512@example.com,1390290647,punna,53024,mid,arjun,singh
cust101764,aditi patel,mira.patel427@example.com,5879921460,jaypur,151675,premium,aditi,patel
cust103882,sneha agarwal,rahul.gupta126@outlook.com,9590438010,ahemdabad,148658,luxury,sneha,agarwal
cust100344,mira reddy,arjun.singh890@outlook.com,827598252,poona,82931,premium,mira,reddy
cust104865,vivaan kulkarni,rohan.shah374@outlook.com,3269118695,new delhi,221048,premium,vivaan,kulkarni
cust104126,mira agarwal,rahul.singh644@example.com,5913922052,kalkata,44604,premium,mira,agarwal
cust101843,priya reddy,mira.gupta61@gmail.com,5885681335,gurgaon,184176,budget,priya,reddy
cust101300,anaya kapoor,,623733972,kolkata,127642,luxury,anaya,kapoor
cust100438,anita agarwal,sachin.singh26@gmail.com,6632720239,surat,196455,mid,anita,agarwal
cust100246,aditi singh,rahul.iyer440@gmail.com,9704388808,chennai,352541,luxury,aditi,singh
cust102380,kabir iyer,ishaan.das95@outlook.com,3985694078,hyderbad,153175,mid,kabir,iyer
cust101814,priya singh,aarav.agarwal308@yahoo.com,1722349346,gurgaon,83463,mid,priya,singh
cust104831,rahul das,aditi.kapoor240@gmail.com,9442151299,bengluru,104015,luxury,rahul,das
cust102969,ishaan kulkarni,rahul.singh301@example.com,6085876613,calcutta,668630,mid,ishaan,kulkarni
cust102145,anita sharma,kabir.reddy819@outlook.com,4175880141,ahmedabad,229894,premium,anita,sharma
cust100586,kabir kapoor,priya.gupta548@gmail.com,6760168879,bengaluru,116649,luxury,kabir,kapoor
cust101769,arjun kapoor,diya.mehta721@yahoo.com,9965225044,dehli,196646,luxury,arjun,kapoor
cust104607,vivaan iyer,priya.patel998@gmail.com,3564199073,chennnai,170853,mid,vivaan,iyer
cust103519,diya agarwal,anita.sharma137@outlook.com,5671262971,chennai,107882,budget,diya,agarwal
cust101325,anaya patel,aditi.patel149@yahoo.com,3963643814,calcutta,56725,mid,anaya,patel
cust101566,vihaan gupta,arjun.kulkarni452@yahoo.com,8325422376,dehli,406162,premium,vihaan,gupta
cust101480,arjun reddy,anita.sharma975@example.com,5387017516,mumbai,69585,mid,arjun,reddy
cust103016,aditi patel,rahul.gupta668@example.com,3015695091,punna,126259,premium,aditi,patel
cust102010,aarav agarwal,sneha.singh395@gmail.com,5990844499,gurgaon,57188,premium,aarav,agarwal
cust101324,sneha agarwal,vivaan.singh586@gmail.com,9659238253,surat,143406,mid,sneha,agarwal
cust102439,aarav sharma,anaya.patel401@yahoo.com,6749152716,ahemdabad,394769,luxury,aarav,sharma
cust103492,arjun khan,mira.agarwal891@example.com,4646629876,nodia,180500,luxury,arjun,khan
cust103172,aditi mehta,anita.das621@outlook.com,2257832670,kalkata,142452,premium,aditi,mehta
cust103294,kabir chopra,vihaan.nair62@example.com,5771507620,hydrabad,287018,premium,kabir,chopra
cust101200,rahul patel,anaya.das902@gmail.com,230270685,chennai,84760,budget,rahul,patel
cust102411,sneha shah,sachin.sharma739@example.com,2514284327,ahmedabad,242378,budget,sneha,shah
cust104172,arjun sharma,sneha.gupta445@gmail.com,8851975144,noida,381989,luxury,arjun,sharma
cust104550,diya shah,aarav.sharma875@yahoo.com,8882207893,ahmedabad,137115,budget,diya,shah
cust102720,aarav nair,ishaan.kapoor414@example.com,4953611518,hyderbad,262423,mid,aarav,nair
cust100093,aarav kapoor,mira.shah235@example.com,8810770633,calcutta,155531,budget,aarav,kapoor
cust104601,anaya singh,anita.singh887@yahoo.com,4682670782,kolkata,111203,luxury,anaya,singh
cust103579,rohan singh,kabir.sharma660@yahoo.com,2318589298,bengluru,230769,mid,rohan,singh
cust102078,anita das,anita.khan369@outlook.com,6848458410,mumbai,204940,mid,anita,das
cust101518,aarav reddy,priya.chopra124@example.com,9838658523,chennai,146580,mid,aarav,reddy
cust100292,vivaan sharma,diya.nair803@gmail.com,4260259879,surrat,351251,luxury,vivaan,sharma
cust101974,aditi mehta,rahul.mehta368@yahoo.com,5913553089,jaipur,669862,budget,aditi,mehta
cust101485,aditi sharma,rohan.khan7@gmail.com,3425225782,gurugrm,102896,premium,aditi,sharma
cust102919,diya sharma,vihaan.agarwal13@example.com,5220264943,chennai,169240,luxury,diya,sharma
cust101137,aarav gupta,,9768713911,hyderabad,337161,mid,aarav,gupta
cust101446,sneha chopra,anita.reddy430@outlook.com,3935079000,hyderbad,432834,mid,sneha,chopra
cust103255,vihaan das,sachin.shah363@gmail.com,5653469688,surrat,123120,mid,vihaan,das
cust103439,anita nair,mira.reddy129@example.com,4107461446,chennnai,48291,mid,anita,nair
cust104634,sachin nair,anaya.gupta960@example.com,3643513926,surat,171933,mid,sachin,nair
cust103785,aarav mehta,kabir.mehta657@outlook.com,1658126926,noida,164656,mid,aarav,mehta
cust103301,rahul mehta,kabir.chopra372@example.com,9677369273,bangalore,52564,mid,rahul,mehta
cust102758,aarav nair,ishaan.reddy640@gmail.com,386209881,mumbay,355274,budget,aarav,nair
cust104054,vivaan iyer,kabir.das549@yahoo.com,9727118247,gurugram,113505,budget,vivaan,iyer
cust104265,rohan shah,sachin.chopra145@yahoo.com,4189660837,hyderbad,342363,premium,rohan,shah
cust102876,rohan chopra,priya.reddy640@outlook.com,9500202387,nodia,118076,premium,rohan,chopra
cust101236,sachin kapoor,diya.iyer960@example.com,2692799113,jaypur,201608,premium,sachin,kapoor
cust101574,anaya kulkarni,rahul.nair676@example.com,7634212391,noida,283139,budget,anaya,kulkarni
cust102161,mira iyer,rohan.iyer231@gmail.com,7417830296,ahemdabad,122588,luxury,mira,iyer
cust101756,sneha gupta,aditi.singh456@yahoo.com,3033237171,bengaluru,156066,luxury,sneha,gupta
cust104160,ishaan shah,priya.kapoor758@example.com,6302199187,jaipur,234157,premium,ishaan,shah
cust104261,vivaan patel,sachin.khan272@outlook.com,4086521456,bengluru,272734,mid,vivaan,patel
cust100542,vivaan chopra,mira.reddy910@gmail.com,5018191434,pune,287078,premium,vivaan,chopra
cust104759,sihaan gupta,rohan.shah641@outlook.com,4339316410,bengaluru,143035,luxury,sihaan,gupta
cust102808,aditi kulkarni,sneha.shah427@outlook.com,7931608057,ahmedabad,117072,budget,aditi,kulkarni
cust102621,anaya shah,,7800062934,mumbay,111118,luxury,anaya,shah
cust102670,sachin nair,anita.nair191@gmail.com,240501406,chennnai,120569,premium,sachin,nair
cust104144,arjun khan,mira.das199@gmail.com,7802336577,chennnai,203176,budget,arjun,khan
cust102552,sneha kulkarni,anaya.khan404@gmail.com,9833753931,chennnai,377210,mid,sneha,kulkarni
cust103119,aditi das,anaya.chopra270@yahoo.com,411457828,hyderabad,81680,luxury,aditi,das
cust103382,anaya das,,1906118687,noida,92051,mid,anaya,das
cust102652,sachin reddy,anaya.singh602@example.com,154005885,jaipur,173268,budget,sachin,reddy
cust102071,aditi iyer,kabir.sharma909@example.com,2833837589,hyderabad,132061,premium,aditi,iyer
cust104860,anaya shah,aarav.nair2@gmail.com,7292373057,chennnai,33118,budget,anaya,shah
cust103248,anita iyer,,7946561928,bengluru,76097,mid,anita,iyer
cust103611,priya nair,priya.khan773@gmail.com,7764242374,calcutta,157603,budget,priya,nair
cust102051,vihaan agarwal,mira.agarwal593@yahoo.com,7750814051,gurgaon,154998,luxury,vihaan,agarwal
cust101708,priya patel,aarav.agarwal143@gmail.com,5616778404,noida,186389,mid,priya,patel
cust103714,arjun agarwal,vivaan.iyer217@outlook.com,1528081843,hyderabad,115842,mid,arjun,agarwal
cust104227,diya kulkarni,sachin.patel598@outlook.com,1168408286,surat,238932,luxury,diya,kulkarni
cust100463,rahul iyer,aarav.chopra803@yahoo.com,2976608846,surat,92448,mid,rahul,iyer
cust100925,rohan gupta,sneha.shah168@example.com,8643460318,nodia,110019,luxury,rohan,gupta
cust104274,vihaan agarwal,rahul.iyer548@example.com,8488206198,hydrabad,114425,luxury,vihaan,agarwal
cust103258,rohan singh,aarav.sharma658@gmail.com,7750100751,gurgaon,327296,luxury,rohan,singh
cust103578,sneha mehta,sachin.chopra975@outlook.com,4217277059,calcutta,108637,mid,sneha,mehta
cust100382,sachin kulkarni,sneha.nair706@yahoo.com,1442806945,hyderbad,135244,mid,sachin,kulkarni
cust104572,kabir shah,aditi.singh185@gmail.com,3183608729,dehli,321617,luxury,kabir,shah
cust100671,rahul kulkarni,aditi.sharma891@outlook.com,2247684533,pune,184988,luxury,rahul,kulkarni
cust103224,priya reddy,priya.chopra413@outlook.com,174178256,nodia,151852,budget,priya,reddy
cust101981,kabir patel,vivaan.das140@gmail.com,9771504473,noida,90748,budget,kabir,patel
cust100333,anita mehta,rohan.sharma318@outlook.com,4907210221,hydrabad,72476,luxury,anita,mehta
cust104323,mira mehta,rahul.khan825@example.com,8952082331,mumbaai,37392,mid,mira,mehta
cust100900,sachin iyer,anaya.das441@example.com,4824008738,gurugram,130530,mid,sachin,iyer
cust101330,vihaan singh,vihaan.agarwal666@gmail.com,9003282709,ahmedabad,357465,luxury,vihaan,singh
cust104693,aditi shah,,8191521609,punna,194440,premium,aditi,shah
cust103809,vivaan khan,aditi.kapoor834@yahoo.com,4934901076,gurugrm,95233,luxury,vivaan,khan
cust104643,arjun patel,vihaan.shah582@gmail.com,6427149614,surat,253222,budget,arjun,patel
cust101573,rohan khan,aarav.iyer142@gmail.com,9006914571,surrat,193164,mid,rohan,khan
cust101211,sneha shah,vihaan.gupta11@yahoo.com,1839057010,new delhi,157151,budget,sneha,shah
cust100290,kabir singh,rahul.das113@gmail.com,3142044431,chennnai,218663,premium,kabir,singh
cust100640,arjun nair,rohan.khan593@outlook.com,719740663,nodia,186123,mid,arjun,nair
cust104501,anita nair,diya.kulkarni694@outlook.com,5571699764,chennnai,276423,mid,anita,nair
cust101862,ishaan patel,aarav.khan610@outlook.com,4969206717,surat,216343,mid,ishaan,patel
cust103198,ishaan reddy,anita.patel866@yahoo.com,6417592415,ahmedabad,312988,budget,ishaan,reddy
cust104934,aditi das,kabir.patel562@example.com,5825447279,jaipur,81372,budget,aditi,das
cust102053,sachin kapoor,anaya.nair852@gmail.com,2813581593,mumbay,71835,mid,sachin,kapoor
cust101601,aarav reddy,kabir.kulkarni307@outlook.com,4364053393,bangalore,201452,mid,aarav,reddy
cust101443,diya singh,aarav.khan21@example.com,9548845350,ahmedabad,261783,premium,diya,singh
cust102938,priya shah,rohan.kapoor960@outlook.com,2646967088,gurugram,254254,budget,priya,shah
cust102249,rohan nair,rahul.chopra608@outlook.com,3757114867,surat,69137,luxury,rohan,nair
cust101331,arjun chopra,rahul.iyer114@yahoo.com,8270515162,gurgaon,397334,mid,arjun,chopra
cust102838,priya khan,sachin.agarwal808@example.com,948404111,delhi,229470,budget,priya,khan
cust101920,aditi kapoor,ishaan.sharma234@yahoo.com,1074259844,mumbay,263552,budget,aditi,kapoor
cust104997,aarav das,kabir.kapoor869@outlook.com,9941549402,bangalore,211749,mid,aarav,das
cust100274,anaya nair,vihaan.gupta873@yahoo.com,4152685959,jaypur,233930,mid,anaya,nair
cust103782,rahul shah,anita.kulkarni674@gmail.com,3009242437,surat,93116,premium,rahul,shah
cust104049,rohan khan,vivaan.shah795@example.com,9014221309,nodia,157947,mid,rohan,khan
cust100752,arjun mehta,anaya.singh963@yahoo.com,2028877038,gurugram,139148,budget,arjun,mehta
cust101569,vihaan patel,vivaan.khan420@outlook.com,810467399,mumbaai,327071,premium,vihaan,patel
cust102534,sachin chopra,mira.agarwal423@yahoo.com,5075052742,kalkata,109385,premium,sachin,chopra
cust100096,diya sharma,aarav.shah581@outlook.com,6941615019,jaipur,631573,budget,diya,sharma
cust103978,sachin kapoor,anita.singh268@gmail.com,7744163990,kolkata,213597,mid,sachin,kapoor
cust104147,mirad as,sneha.agarwal633@yahoo.com,3713473468,hydrabad,71865,luxury,mirad,as
cust102970,rahul sharma,rohan.nair536@gmail.com,3875621777,ahemdabad,110319,mid,rahul,sharma
cust101213,vivaan iyer,aarav.mehta787@gmail.com,8181397323,noida,345328,budget,vivaan,iyer
cust100434,kabir gupta,rahul.sharma568@gmail.com,6583519880,hyderbad,217047,budget,kabir,gupta
cust101374,vivaan chopra,rohan.chopra483@example.com,9014118389,punna,173446,mid,vivaan,chopra
cust101294,diya mehta,sneha.khan122@yahoo.com,4295101282,bengaluru,172667,mid,diya,mehta
cust103455,anaya agarwal,rohan.kulkarni648@gmail.com,8107192413,gurugrm,75046,premium,anaya,agarwal
cust101259,priya singh,vivaan.shah142@example.com,4849136285,jaipur,128774,premium,priya,singh
cust100357,rahul das,,2736635611,dehli,170127,mid,rahul,das
cust103479,mira kapoor,mira.gupta20@example.com,9445052165,gurugram,90360,luxury,mira,kapoor
cust101047,priya agarwal,priya.das774@yahoo.com,2016306503,gurgaon,76593,luxury,priya,agarwal
cust101580,vihaan patel,aarav.khan761@yahoo.com,3685955097,chennai,62096,luxury,vihaan,patel
cust101938,ishaan khan,ishaan.kapoor411@yahoo.com,2309287011,nodia,78183,budget,ishaan,khan
cust103928,rohan gputa,vihaan.singh170@example.com,6940881365,bengluru,110956,premium,rohan,gputa
cust104173,aditi kapoor,sachin.khan157@example.com,6860331796,hyderabad,186298,luxury,aditi,kapoor
cust101692,sachin chopra,priya.patel342@yahoo.com,6289899922,dehli,298938,premium,sachin,chopra
cust103469,anita khan,vivaan.khan611@outlook.com,9446843785,pune,217986,premium,anita,khan
cust101214,aarav patel,aditi.iyer558@gmail.com,5233047873,mumbay,311017,premium,aarav,patel
cust101051,anita shah,vihaan.iyer542@example.com,5862592513,bengaluru,234908,premium,anita,shah
cust102355,anaya kulkarni,vivaan.kulkarni651@gmail.com,6291152701,jaypur,335731,luxury,anaya,kulkarni
cust103033,priya agarwal,vivaan.iyer232@example.com,9696604818,poona,113983,budget,priya,agarwal
cust103454,diya khan,kabir.patel859@yahoo.com,1748601175,ahemdabad,318518,budget,diya,khan
cust101577,aditi chopra,sachin.nair106@example.com,1921230602,hyderbad,257229,premium,aditi,chopra
cust103867,mira singh,anaya.agarwal782@gmail.com,6949010159,hyderbad,131798,mid,mira,singh
cust100188,sachin das,aarav.patel727@yahoo.com,690524514,gurugram,139387,premium,sachin,das
cust103669,aditi chopra,diya.kulkarni878@yahoo.com,1519913840,noida,242707,mid,aditi,chopra
cust102173,rahul khan,mira.kulkarni577@outlook.com,8659207880,gurugrm,48602,mid,rahul,khan
cust101076,aarav reddy,priya.das609@yahoo.com,3840503668,mumbay,39690,mid,aarav,reddy
cust104000,mira khan,anita.kapoor325@yahoo.com,8326804597,mumbaai,208878,budget,mira,khan
cust101162,arjun iyer,priya.patel715@gmail.com,563995633,bengaluru,139767,mid,arjun,iyer
cust101860,sneha sharma,anita.sharma466@yahoo.com,5433563095,gurugram,299267,budget,sneha,sharma
cust104061,mira nair,kabir.kapoor779@outlook.com,5323895967,jaipur,127688,luxury,mira,nair
cust102026,kabir kapoor,kabir.kapoor592@example.com,5675579590,chennnai,60027,budget,kabir,kapoor
cust103835,arjun sharma,sachin.shah778@example.com,700363088,jaypur,74884,budget,arjun,sharma
cust103115,anita kulkarni,priya.chopra390@example.com,1027580039,ahmedabad,192424,premium,anita,kulkarni
cust101879,aarav shah,rohan.agarwal335@outlook.com,6173615100,gurugram,636632,premium,aarav,shah
cust103964,aditi reddy,rahul.agarwal39@outlook.com,2921112860,kolkata,332796,premium,aditi,reddy
cust101327,aditi iyer,aarav.reddy612@gmail.com,6743922458,poona,124756,mid,aditi,iyer
cust100574,aarav gupta,vihaan.das201@yahoo.com,6209880549,ahmedabad,104681,premium,aarav,gupta
cust103103,anita kulkarni,mira.sharma72@gmail.com,5116096440,bengaluru,196102,premium,anita,kulkarni
cust102912,priya agarwal,rohan.gupta254@yahoo.com,5596641517,ahemdabad,266228,premium,priya,agarwal
cust104226,aarav patel,diya.patel596@example.com,622406874,punna,142274,luxury,aarav,patel
cust102134,vihaan agarwal,mira.khan833@example.com,2480036786,chennai,66428,budget,vihaan,agarwal
cust104303,rohan iyer,arjun.gupta366@yahoo.com,2811004740,chennai,63123,budget,rohan,iyer
cust100227,anita sharma,vihaan.reddy309@yahoo.com,6871645822,chennai,104383,premium,anita,sharma
cust102021,vivaan reddy,priya.reddy92@example.com,1527486124,ahemdabad,175949,mid,vivaan,reddy
cust103988,aarav iyer,vihaan.reddy901@outlook.com,5704326370,gurugrm,176919,mid,aarav,iyer
cust102991,mira das,rahul.singh871@yahoo.com,5200874952,mumbai,115355,premium,mira,das
cust103907,aditi shah,vihaan.patel542@yahoo.com,6558239999,hyderbad,116462,premium,aditi,shah
cust101603,anita reddy,sachin.patel720@example.com,6203976606,chennnai,212871,premium,anita,reddy
cust104432,vihaan mehta,mira.das256@gmail.com,6461718607,chennai,361358,luxury,vihaan,mehta
cust103708,anita kulkarni,mira.reddy98@outlook.com,1256119839,bengluru,199056,mid,anita,kulkarni
cust100667,mira patel,arjun.kulkarni553@gmail.com,6277846775,gurgaon,174280,mid,mira,patel
cust101012,priya chopra,sneha.patel189@gmail.com,4919748418,mumbaai,178816,premium,priya,chopra
cust101358,priya das,vihaan.das769@yahoo.com,4023378371,ahemdabad,133669,budget,priya,das
cust101335,mira chopra,vihaan.kapoor780@gmail.com,6486515734,ahemdabad,434022,budget,mira,chopra
cust102215,arjun singh,vivaan.reddy855@gmail.com,6958251912,surat,597430,mid,arjun,singh
cust103897,mira agarwal,vihaan.sharma285@gmail.com,3174164097,jaipur,119338,premium,mira,agarwal
cust100006,anaya iyer,arjun.chopra329@outlook.com,9991978864,surrat,162668,luxury,anaya,iyer
cust101578,rahul iyer,rahul.mehta899@gmail.com,1780930922,dehli,158719,budget,rahul,iyer
cust100264,sneha sahrma,priya.singh742@gmail.com,1691768347,kolkata,390906,budget,sneha,sahrma
cust104154,aditi gupta,aarav.reddy533@gmail.com,3207383880,pune,118284,budget,aditi,gupta
cust100191,kabir patel,aarav.patel279@example.com,7737948459,surat,103835,budget,kabir,patel
cust104881,vihaan chopra,vihaan.sharma199@gmail.com,4966369611,nodia,205709,budget,vihaan,chopra
cust102160,mira kulkarni,diya.nair223@gmail.com,9512013176,mumbaai,295808,budget,mira,kulkarni
cust100986,aditi gupta,ishaan.kapoor49@outlook.com,5913278036,chennai,378133,mid,aditi,gupta
cust101565,sneha reddy,mira.gupta694@example.com,9085517082,mumbaai,132474,premium,sneha,reddy
cust104367,diya shah,sachin.kulkarni902@outlook.com,9354909447,poona,80838,luxury,diya,shah
cust102337,sneha reddy,rahul.khan680@outlook.com,2862232387,dehli,279912,premium,sneha,reddy
cust101850,kabir sharma,anita.shah46@yahoo.com,8100227629,mumbay,119876,premium,kabir,sharma
cust101225,mirar eddy,ishaan.kapoor801@outlook.com,7501601518,new delhi,146705,budget,mirar,eddy
cust102425,sneha khan,diya.sharma141@yahoo.com,1164149019,jaipur,123674,premium,sneha,khan
cust100972,arjun kapoor,kabir.kulkarni748@yahoo.com,6224444511,bengluru,157117,premium,arjun,kapoor
cust104221,aditi gupta,mira.singh43@gmail.com,9811639795,gurugram,41522,premium,aditi,gupta
cust103605,ishaan shah,,7038618345,gurugrm,111612,premium,ishaan,shah
cust100844,rohan kulkarni,anaya.nair739@gmail.com,9041184484,hydrabad,163444,mid,rohan,kulkarni
cust104855,anita sinhg,diya.khan633@outlook.com,8111506447,ahmedabad,141206,luxury,anita,sinhg
cust102196,anaya patel,,7426357652,jaipur,429332,budget,anaya,patel
cust102669,sachin reddy,vihaan.sharma580@outlook.com,4207560943,bangalore,216973,luxury,sachin,reddy
cust102741,aditi iyer,rahul.patel392@example.com,1715727092,noida,124707,mid,aditi,iyer
cust104890,vihaan khan,rohan.kapoor396@outlook.com,6505422772,surat,82653,premium,vihaan,khan
cust100939,sneha sharma,aditi.kulkarni689@example.com,9055549944,mumbai,166012,premium,sneha,sharma
cust104082,kabir iyer,anaya.kulkarni220@outlook.com,6453509925,surat,281020,mid,kabir,iyer
cust102674,diya shah,anaya.kulkarni960@example.com,4283261579,delhi,153417,mid,diya,shah
cust100722,vivaan mehta,rahul.shah902@yahoo.com,2449524756,gurgaon,51600,mid,vivaan,mehta
cust101439,mira iyer,sneha.mehta700@gmail.com,7927612067,chennnai,98074,luxury,mira,iyer
cust103107,sachin yier,anaya.iyer635@yahoo.com,738591309,jaypur,32219,premium,sachin,yier
cust100361,diya khan,anita.shah317@outlook.com,7969463251,new delhi,297512,luxury,diya,khan
cust104595,anita gupta,sachin.mehta624@outlook.com,7483833852,chennnai,166051,premium,anita,gupta
cust102334,arjun mehta,vihaan.patel626@gmail.com,3866028877,delhi,151602,luxury,arjun,mehta
cust103328,mira gupta,diya.reddy759@outlook.com,1998169501,dehli,247940,luxury,mira,gupta
cust104625,ishaan gupta,arjun.singh25@outlook.com,9701064435,hydrabad,176100,mid,ishaan,gupta
cust100340,rahuli yer,rohan.singh266@yahoo.com,4066271701,hyderabad,474292,premium,rahuli,yer
cust104552,anaya iyer,rohan.kulkarni507@yahoo.com,1930574217,new delhi,139491,premium,anaya,iyer
cust100582,diya sharma,kabir.das66@gmail.com,7290543872,jaipur,507932,mid,diya,sharma
cust101290,anaya khan,anaya.singh180@yahoo.com,4987476073,jaipur,134326,budget,anaya,khan
cust101947,vivaan iyer,sneha.gupta542@example.com,9096010707,jaipur,282382,premium,vivaan,iyer
cust104632,anita nair,,6195308202,kalkata,173028,premium,anita,nair
cust103543,orhan gupta,vihaan.singh433@gmail.com,2904859440,bengaluru,140001,luxury,orhan,gupta
cust102301,ishaan chopra,aditi.kulkarni682@yahoo.com,847203835,jaypur,135645,budget,ishaan,chopra
cust104900,priya mehta,sneha.kulkarni888@example.com,1015266423,calcutta,200978,budget,priya,mehta
cust101407,priya khan,kabir.khan921@gmail.com,8424752930,mumbaai,267188,mid,priya,khan
cust103902,aditi gupta,kabir.patel409@outlook.com,1409746219,punna,130286,budget,aditi,gupta
cust104945,vihaan kulkarin,anaya.gupta329@outlook.com,3605041340,gurugrm,241758,mid,vihaan,kulkarin
cust101143,ishaan sharma,sachin.reddy394@outlook.com,2581956206,calcutta,90812,mid,ishaan,sharma
cust103671,mira sharma,vihaan.reddy729@outlook.com,3114381956,kalkata,92815,budget,mira,sharma
cust101392,vihaan gupta,mira.khan667@example.com,8173107383,nodia,93286,premium,vihaan,gupta
cust100816,priya khan,aditi.singh573@outlook.com,4848198436,calcutta,256827,premium,priya,khan
cust103150,vihaan kapoor,vivaan.nair83@outlook.com,9393711529,kalkata,119233,mid,vihaan,kapoor
cust101740,priya chopra,ishaan.shah303@gmail.com,2587539417,calcutta,110920,premium,priya,chopra
cust101733,aditi das,priya.nair828@yahoo.com,800349111,calcutta,221881,luxury,aditi,das
cust102918,anaya iyer,vivaan.sharma740@yahoo.com,8246461048,new delhi,92734,luxury,anaya,iyer
cust104411,arjun singh,aarav.nair326@gmail.com,937215371,calcutta,131199,luxury,arjun,singh
cust104845,ishaan shah,priya.reddy423@yahoo.com,7373572936,surrat,176565,mid,ishaan,shah
cust101816,mira khan,kabir.sharma611@gmail.com,5295770598,dehli,95176,premium,mira,khan
cust100063,aarav chopra,kabir.iyer285@gmail.com,8839932665,mumbay,451225,budget,aarav,chopra
cust103554,sneha iyer,anita.sharma669@yahoo.com,3838635574,surat,53443,luxury,sneha,iyer
cust103725,aditi chopra,vivaan.sharma609@yahoo.com,891713042,dehli,317758,luxury,aditi,chopra
cust104089,diya kulkarni,diya.nair64@example.com,378399305,dehli,259274,luxury,diya,kulkarni
cust101362,anita khan,anita.patel651@yahoo.com,5008267140,ahmedabad,167001,premium,anita,khan
cust104371,aditi mehta,aditi.agarwal234@gmail.com,6974798870,hyderabad,140427,budget,aditi,mehta
cust103534,aditi khan,rahul.gupta376@yahoo.com,2108093755,bangalore,155551,budget,aditi,khan
cust103819,priya kulkarni,diya.gupta231@outlook.com,541397890,surrat,80417,luxury,priya,kulkarni
cust102965,vivaan shah,anita.iyer701@gmail.com,8156342106,chennai,413403,mid,vivaan,shah
cust100108,sachin khan,sneha.gupta847@yahoo.com,2621394474,jaypur,456178,luxury,sachin,khan
cust100572,diya agarwal,priya.chopra947@gmail.com,3788722595,ahemdabad,170669,premium,diya,agarwal
cust100473,anita kulkarni,arjun.sharma761@yahoo.com,2355949833,nodia,182481,budget,anita,kulkarni
cust100102,ishaan gupta,sachin.sharma609@outlook.com,8016826008,calcutta,205855,mid,ishaan,gupta
cust104803,mira iyer,priya.iyer13@outlook.com,6825166173,ahemdabad,410915,luxury,mira,iyer
cust101567,vihaan singh,sneha.das180@example.com,9430455751,ahmedabad,240715,luxury,vihaan,singh
cust102064,rahul patel,anaya.patel803@example.com,3340428735,calcutta,604746,budget,rahul,patel
cust102792,viahan iyer,vihaan.gupta763@outlook.com,3155227575,noida,433765,mid,viahan,iyer
cust100178,aarav kulkarni,aarav.patel816@yahoo.com,4567667065,jaipur,73513,premium,aarav,kulkarni
cust101714,sneha chopra,anita.agarwal126@gmail.com,9745339030,nodia,200614,luxury,sneha,chopra
cust104558,vivaan das,anita.sharma55@example.com,4629023382,ahemdabad,75779,budget,vivaan,das
cust103612,vivaan gupta,aditi.kapoor688@gmail.com,1801137070,hyderbad,299435,budget,vivaan,gupta
cust102319,arjun nair,sachin.nair406@gmail.com,4166846921,ahemdabad,145371,budget,arjun,nair
cust100637,aarav kulkarni,priya.shah988@outlook.com,8706578736,hyderabad,70582,mid,aarav,kulkarni
cust101437,rohan agarwal,kabir.khan959@gmail.com,9580937532,delhi,198080,luxury,rohan,agarwal
cust101953,aarav shah,ishaan.das743@yahoo.com,9347704678,calcutta,129035,mid,aarav,shah
cust100634,sachin kapoor,kabir.gupta406@yahoo.com,6529833425,noida,233126,premium,sachin,kapoor
cust104627,ishaan sharma,diya.reddy447@yahoo.com,3466682188,dehli,132855,premium,ishaan,sharma
cust100914,vihaan iyer,anaya.patel654@yahoo.com,3409735003,new delhi,129147,premium,vihaan,iyer
cust101734,anaya patel,,1375614934,bangalore,189980,premium,anaya,patel
cust104702,aditi nair,sachin.patel381@gmail.com,8775644069,punna,134311,budget,aditi,nair
cust101364,anaya shah,ishaan.mehta942@example.com,233609862,noida,79599,budget,anaya,shah
cust102737,arjun reddy,anaya.shah269@yahoo.com,5032363,pune,164888,mid,arjun,reddy
cust100798,diya singh,rohan.kapoor162@example.com,6394076638,pune,127191,budget,diya,singh
cust101261,vivaan iyer,aarav.shah715@yahoo.com,6980322762,mumbaai,467455,premium,vivaan,iyer
cust100032,rahul gupta,sachin.sharma275@example.com,9594551267,jaypur,60437,luxury,rahul,gupta
cust104063,sneha kapoor,sneha.nair92@example.com,1650056442,punna,49973,luxury,sneha,kapoor
cust104272,diya nair,sneha.shah119@yahoo.com,4220185488,bangalore,461641,budget,diya,nair
cust104930,mira sharma,arjun.nair108@gmail.com,7861515184,chennai,295642,budget,mira,sharma
cust100946,vivaan agarwal,ishaan.gupta789@example.com,5593981366,delhi,213780,luxury,vivaan,agarwal
cust100374,kabir sharma,priya.khan658@example.com,5215378684,ahemdabad,161120,mid,kabir,sharma
cust101303,vihaan kulkarni,rahul.nair943@example.com,3166222454,noida,176645,premium,vihaan,kulkarni
cust100899,rahul mehta,vivaan.singh765@gmail.com,8050594031,chennai,772037,premium,rahul,mehta
cust101891,anita kapoor,sneha.patel941@yahoo.com,7361909816,chennnai,184021,luxury,anita,kapoor
cust102977,arjun mehta,arjun.chopra971@gmail.com,1857905159,surrat,97582,premium,arjun,mehta
cust100720,ishaan shah,ishaan.singh461@example.com,4368367998,new delhi,53302,mid,ishaan,shah
cust102617,ishaan sharma,anaya.singh300@yahoo.com,1835227813,calcutta,169655,luxury,ishaan,sharma
cust103340,aditi shah,vihaan.mehta911@example.com,3985197171,bangalore,128210,premium,aditi,shah
cust104305,rohan mehta,mira.gupta114@outlook.com,1856709091,bengluru,124075,luxury,rohan,mehta
cust102024,priya kulkarni,priya.das512@outlook.com,8753399707,chennnai,51702,mid,priya,kulkarni
cust100520,rohan reddy,mira.das651@outlook.com,426306,dehli,75390,premium,rohan,reddy
cust100898,aarav khan,vihaan.nair688@example.com,7657950954,nodia,76219,premium,aarav,khan
cust103613,anita mehta,vivaan.iyer714@example.com,835630775,calcutta,133530,luxury,anita,mehta
cust101461,priya chopra,priya.gupta780@outlook.com,6352791315,ahemdabad,382329,premium,priya,chopra
cust101849,arjun sharma,aditi.nair644@gmail.com,1702941670,delhi,102292,luxury,arjun,sharma
cust103063,ishaan das,priya.singh968@outlook.com,4561603756,noida,98577,luxury,ishaan,das
cust100205,rohan mehta,vivaan.shah149@example.com,6562855545,chennai,261216,mid,rohan,mehta
cust100100,aarav kulkarni,aarav.agarwal639@yahoo.com,1265256819,surrat,96888,premium,aarav,kulkarni
cust104008,anita shah,mira.kulkarni313@example.com,4125324662,gurugrm,125846,mid,anita,shah
cust103841,aditi kapoor,rohan.patel592@gmail.com,8151469090,bengaluru,76778,luxury,aditi,kapoor
cust104438,anaya das,arjun.iyer237@yahoo.com,9951118629,ahemdabad,57036,premium,anaya,das
cust102829,diya shah,diya.iyer93@gmail.com,8689680410,mumbay,192227,luxury,diya,shah
cust100996,anaya das,anaya.agarwal781@example.com,6419093806,bangalore,227364,premium,anaya,das
cust104053,rohan singh,rahul.agarwal965@example.com,8394685150,bangalore,153687,premium,rohan,singh
cust100880,diya agarwal,anita.patel1@example.com,6881820381,dehli,114653,premium,diya,agarwal
cust100961,anita singh,sneha.das788@gmail.com,7441375569,chennnai,204004,mid,anita,singh
cust101315,priya mehta,mira.reddy706@example.com,7124104154,new delhi,153430,mid,priya,mehta
cust102982,aditi das,mira.reddy452@gmail.com,3901889900,gurugram,349215,budget,aditi,das
cust100323,aditi agarwal,diya.sharma922@yahoo.com,1152285019,delhi,81185,budget,aditi,agarwal
cust103377,arjun agarwal,kabir.kulkarni625@gmail.com,6260869259,ahemdabad,164883,premium,arjun,agarwal
cust104968,vihaan das,sneha.reddy788@outlook.com,3322449468,chennnai,212428,budget,vihaan,das
cust100496,diya kulkarni,mira.reddy499@outlook.com,3201090644,gurugram,322266,budget,diya,kulkarni
cust101190,priya kapoor,aditi.kulkarni813@yahoo.com,3870003394,pune,181446,luxury,priya,kapoor
cust104747,priya shah,aditi.chopra815@example.com,8037207782,new delhi,52031,budget,priya,shah
cust103147,ishaan mehta,aditi.das331@example.com,5184725585,chennnai,112696,budget,ishaan,mehta
cust103324,vivaan kulkarni,ishaan.reddy568@yahoo.com,6566877793,jaipur,570443,luxury,vivaan,kulkarni
cust104447,kabir iyer,sneha.shah582@gmail.com,7844510715,bengluru,979423,mid,kabir,iyer
cust100094,aditi chopra,anaya.mehta570@outlook.com,8395794873,hydrabad,108642,luxury,aditi,chopra
cust101748,priya iyer,priya.khan511@gmail.com,4873438155,gurugrm,104650,premium,priya,iyer
cust104931,vihaan agarwal,rahul.gupta114@gmail.com,1713796711,pune,153575,premium,vihaan,agarwal
cust102216,rohan kulkarni,vihaan.reddy312@gmail.com,7767107700,mumbai,457275,luxury,rohan,kulkarni
cust103079,anita kapoor,mira.singh511@yahoo.com,2896689853,gurgaon,106605,mid,anita,kapoor
cust103200,kabir khan,anaya.reddy761@example.com,2163200686,nodia,79613,premium,kabir,khan
cust100223,arjun mehta,rohan.singh919@outlook.com,2361534677,kalkata,142009,premium,arjun,mehta
cust103718,vivaan singh,sneha.kapoor197@outlook.com,7189714061,jaipur,302807,mid,vivaan,singh
cust101155,arjun iyer,sneha.reddy774@gmail.com,8171720080,noida,48790,luxury,arjun,iyer
cust103899,diya sharma,vivaan.das252@outlook.com,2523237141,nodia,59260,mid,diya,sharma
cust102002,vivaan sharma,diya.kulkarni179@gmail.com,7599873249,chennai,100895,luxury,vivaan,sharma
cust103459,priya reddy,sneha.reddy449@yahoo.com,9583036101,noida,149731,mid,priya,reddy
cust103435,sachin sharma,anaya.kulkarni518@gmail.com,6070728770,surrat,184962,mid,sachin,sharma
cust104774,anita das,arjun.iyer445@yahoo.com,1078424720,mumbai,86422,budget,anita,das
cust100441,sachin gupta,sachin.chopra794@example.com,3585165923,gurgaon,260754,mid,sachin,gupta
cust103117,mira reddy,anaya.mehta808@yahoo.com,7323676254,jaypur,292107,premium,mira,reddy
cust101962,rahul kulkarni,sneha.kapoor230@example.com,7262546589,hyderabad,183073,luxury,rahul,kulkarni
cust102085,sachin kulkarni,sachin.mehta886@example.com,4499354584,bengluru,184315,mid,sachin,kulkarni
cust101811,vivaan kulkarni,vivaan.nair504@outlook.com,5786619369,nodia,295956,mid,vivaan,kulkarni
cust104576,aditi reddy,ishaan.khan219@gmail.com,7104269716,pune,167232,budget,aditi,reddy
cust101273,aarav khan,arjun.kulkarni193@yahoo.com,6054202004,new delhi,59022,luxury,aarav,khan
cust104872,anita kulkarni,,843290652,noida,263762,mid,anita,kulkarni
cust100028,vivaan sharma,anita.sharma19@example.com,175214724,surat,305479,luxury,vivaan,sharma
cust103525,arjun nair,anaya.patel578@gmail.com,2951473045,hyderabad,179474,budget,arjun,nair
cust103929,priya singh,vivaan.singh994@yahoo.com,5283326647,ahemdabad,406038,budget,priya,singh
cust101873,aarav das,anaya.singh873@gmail.com,9815358253,jaipur,61018,budget,aarav,das
cust102236,anaya shah,,5678453722,jaypur,235101,premium,anaya,shah
cust102429,arjun reddy,diya.iyer78@outlook.com,1637746326,hyderabad,465406,luxury,arjun,reddy
cust100435,mira kulkarni,vihaan.agarwal948@outlook.com,6261853213,delhi,100339,premium,mira,kulkarni
cust101227,mira kulkarni,kabir.mehta713@gmail.com,697360371,ahmedabad,179167,premium,mira,kulkarni
cust100602,vivaan yier,rohan.patel116@outlook.com,5808191098,surat,53020,premium,vivaan,yier
cust100390,diya sharma,vihaan.iyer426@example.com,2305312075,chennnai,179085,premium,diya,sharma
cust103917,diya khan,sneha.nair322@outlook.com,8261497386,jaipur,108904,budget,diya,khan
cust101746,aditi nair,sneha.kulkarni17@gmail.com,3593017985,jaypur,127659,premium,aditi,nair
cust103509,anita khan,vivaan.kapoor133@example.com,2506425575,delhi,425615,budget,anita,khan
cust100825,sachin sharma,anita.singh975@example.com,7978981400,poona,132733,luxury,sachin,sharma
cust100081,mira chopra,diya.patel958@gmail.com,8937951140,chennai,278344,premium,mira,chopra
cust103110,sneha das,arjun.singh867@gmail.com,4364088897,hydrabad,207077,mid,sneha,das
cust104804,anaya agarwal,priya.khan179@yahoo.com,3776857604,punna,104915,luxury,anaya,agarwal
cust104888,aarav sharma,rohan.nair549@yahoo.com,9741961412,punna,209977,mid,aarav,sharma
cust103083,kabir kulkarni,vivaan.singh644@yahoo.com,6045890702,jaipur,108242,mid,kabir,kulkarni
cust103093,mira agarwal,rohan.mehta35@outlook.com,6530044127,jaipur,510158,mid,mira,agarwal
cust101886,kabir chopra,aarav.sharma6@gmail.com,1560050746,ahemdabad,138352,budget,kabir,chopra
cust102491,priya das,rohan.shah746@yahoo.com,2073031623,hyderbad,213032,mid,priya,das
cust101410,sneha gupta,sneha.sharma223@outlook.com,5575944218,bangalore,765753,budget,sneha,gupta
cust101777,rahul mehta,,3373844742,noida,156487,luxury,rahul,mehta
cust102014,rohan khan,,7510367002,jaipur,127376,budget,rohan,khan
cust100020,sachin kapoor,priya.reddy749@example.com,6877691577,ahmedabad,438195,budget,sachin,kapoor
cust103839,sneha kapoor,priya.mehta971@yahoo.com,8552578900,gurugram,172697,premium,sneha,kapoor
cust100958,diya shah,diya.iyer975@gmail.com,2537580283,kalkata,256414,budget,diya,shah
cust101595,sachin chopra,sachin.agarwal108@yahoo.com,3467382225,ahemdabad,64034,premium,sachin,chopra
cust103727,vihaan iyer,aarav.kapoor262@example.com,3848027631,kalkata,274402,budget,vihaan,iyer
cust101641,rahul mehta,anaya.sharma247@example.com,3208790599,calcutta,288223,mid,rahul,mehta
cust102622,mira reddy,arjun.iyer206@yahoo.com,2667860847,new delhi,103192,luxury,mira,reddy
cust100541,sachin iyer,anaya.chopra45@outlook.com,6217156712,hyderbad,150430,premium,sachin,iyer
cust104711,ishaan shah,anita.chopra546@gmail.com,2435231772,surrat,495562,budget,ishaan,shah
cust102482,anita khan,rahul.iyer169@example.com,4284719637,bengluru,76320,luxury,anita,khan
cust104299,vihaan iyer,rohan.khan182@example.com,4256671896,gurugram,124915,budget,vihaan,iyer
cust100704,rohan das,diya.iyer316@yahoo.com,7863793745,ahemdabad,297192,budget,rohan,das
cust100783,sneha kulkarni,,6754079006,noida,125493,premium,sneha,kulkarni
cust102826,mira patel,kabir.sharma980@example.com,6536391546,gurugram,111113,luxury,mira,patel
cust102276,aditi kulkarni,mira.iyer739@yahoo.com,4402333841,punna,220771,mid,aditi,kulkarni
cust101319,rahul nair,arjun.gupta26@outlook.com,1850916762,punna,183732,luxury,rahul,nair
cust101533,vihaan kulkarni,ishaan.agarwal393@outlook.com,4257215818,chennai,237743,mid,vihaan,kulkarni
cust100079,anaya mehta,anita.shah562@outlook.com,8402616215,gurugrm,56005,mid,anaya,mehta
cust102251,rohan kulkarni,diya.gupta547@outlook.com,3764968706,punna,175982,budget,rohan,kulkarni
cust101890,ishaan nair,kabir.das490@example.com,5585225666,mumbai,129558,premium,ishaan,nair
cust102705,rohan khan,vihaan.singh848@yahoo.com,9621788206,new delhi,73936,budget,rohan,khan
cust102151,kabir reddy,arjun.agarwal140@yahoo.com,128623385,bengaluru,396273,luxury,kabir,reddy
cust103524,ishaan iyer,vivaan.agarwal717@gmail.com,3744062942,nodia,271656,luxury,ishaan,iyer
cust102321,vivaan das,ishaan.das208@yahoo.com,792864124,chennai,590644,budget,vivaan,das
cust104176,aarav reddy,arjun.sharma499@example.com,3072273033,mumbay,106368,premium,aarav,reddy
cust103152,vivaan nair,sachin.patel426@example.com,1511605001,hyderabad,200822,luxury,vivaan,nair
cust101043,mira reddy,aarav.nair436@outlook.com,5571122525,calcutta,168944,luxury,mira,reddy
cust100021,vivaan patel,vivaan.kulkarni33@example.com,9983902682,chennnai,178546,luxury,vivaan,patel
cust103626,vihaan kapoor,anita.kulkarni791@example.com,8907289428,hydrabad,172687,mid,vihaan,kapoor
cust104237,sachin kulkarni,arjun.mehta443@yahoo.com,5244817124,chennai,486475,budget,sachin,kulkarni
cust100745,aarav sharma,rahul.sharma499@example.com,8768743626,nodia,112403,budget,aarav,sharma
cust103002,rohan kapoor,priya.kapoor404@gmail.com,20421368,mumbai,166058,luxury,rohan,kapoor
cust101069,anaya iyer,priya.mehta878@outlook.com,9322242993,jaipur,147205,mid,anaya,iyer
cust103171,sneha shah,sneha.singh594@gmail.com,866921912,surat,217115,premium,sneha,shah
cust103329,ishaan singh,anita.kulkarni16@gmail.com,4492219965,gurgaon,142294,budget,ishaan,singh
cust103194,arjun nair,rohan.das154@example.com,6297459379,kalkata,83013,budget,arjun,nair
cust104057,aarav sharma,mira.kapoor400@example.com,1949289086,new delhi,148028,luxury,aarav,sharma
cust103765,diya reddy,anaya.iyer419@outlook.com,9426874749,punna,125455,budget,diya,reddy
cust103549,mira nair,vihaan.shah828@outlook.com,4552743373,dehli,145338,budget,mira,nair
cust103177,aarav das,kabir.nair598@outlook.com,5109257755,hyderabad,189837,mid,aarav,das
cust100556,arjun sharma,vivaan.gupta503@gmail.com,5019119936,hyderabad,228990,mid,arjun,sharma
cust101272,vihaan nair,mira.chopra500@example.com,409232696,mumbay,233379,luxury,vihaan,nair
cust102437,anaya shah,priya.sharma717@example.com,2633477579,nodia,293742,mid,anaya,shah
cust103663,anaya khan,priya.singh447@outlook.com,8396830195,jaypur,78325,luxury,anaya,khan
cust104775,mira mehta,aarav.nair312@yahoo.com,1850110802,gurugram,129881,mid,mira,mehta
cust104166,rahul khan,aarav.singh362@example.com,488591047,nodia,150602,mid,rahul,khan
cust100680,rahul sharma,rohan.sharma360@gmail.com,7722677721,punna,108503,premium,rahul,sharma
cust102475,vihaan khan,aditi.reddy80@example.com,6412409766,kolkata,268858,luxury,vihaan,khan
cust102763,sachin gupta,anita.gupta756@outlook.com,5589768248,chennai,169347,mid,sachin,gupta
cust102156,aarav kulkarni,mira.kulkarni640@yahoo.com,8410310582,ahemdabad,124044,luxury,aarav,kulkarni
cust102419,vihaan khan,anita.agarwal880@example.com,8146354124,mumbay,71522,luxury,vihaan,khan
cust101000,vihaan singh,rahul.sharma387@example.com,3910643976,bengaluru,276767,mid,vihaan,singh
cust103674,arjun chopra,sneha.kapoor90@gmail.com,7650630128,chennnai,67605,mid,arjun,chopra
cust100327,kabir das,priya.kulkarni95@yahoo.com,6447347698,ahemdabad,328601,budget,kabir,das
cust103565,vihaan mehta,mira.mehta548@gmail.com,7925277781,pune,50135,premium,vihaan,mehta
cust101055,sachin singh,sneha.iyer903@yahoo.com,2174413060,new delhi,79595,mid,sachin,singh
cust100859,sachin kapoor,sneha.chopra198@gmail.com,5322372290,kalkata,284042,budget,sachin,kapoor
cust104229,ishaan sharma,sneha.agarwal688@yahoo.com,4486916763,calcutta,158405,budget,ishaan,sharma
cust100407,arjun agarwal,diya.kapoor941@outlook.com,9448338686,noida,106676,luxury,arjun,agarwal
cust104811,rohan chopra,rohan.gupta781@outlook.com,8836371209,gurgaon,186984,mid,rohan,chopra
cust100933,rahul agarwal,diya.singh254@outlook.com,977430143,pune,104254,luxury,rahul,agarwal
cust102696,priya kapoor,rohan.reddy158@example.com,1532049638,hydrabad,98019,premium,priya,kapoor
cust102745,priya patel,aarav.shah670@yahoo.com,8757223325,gurugrm,312493,mid,priya,patel
cust103916,mira reddy,vihaan.singh418@gmail.com,293526373,jaipur,228154,budget,mira,reddy
cust104189,anaya das,aditi.kulkarni147@example.com,4552150650,bengaluru,144527,budget,anaya,das
cust102709,rohan mehta,mira.sharma186@outlook.com,5135485737,surrat,109635,premium,rohan,mehta
cust100615,diya das,anita.agarwal862@yahoo.com,5993544252,jaipur,236478,budget,diya,das
cust100472,rahul mehta,arjun.chopra569@gmail.com,8570990538,dehli,112075,budget,rahul,mehta
cust102188,arjun iyer,anaya.reddy236@example.com,3123032636,surrat,90695,premium,arjun,iyer
cust104642,vivaan singh,anita.gupta534@yahoo.com,4031888325,chennai,301429,premium,vivaan,singh
cust102899,ishaan patel,rahul.mehta856@yahoo.com,6593130503,chennnai,79686,mid,ishaan,patel
cust100220,mira shah,mira.patel355@gmail.com,1891700974,hyderabad,181131,mid,mira,shah
cust100193,sneha nair,diya.sharma50@example.com,9734439409,ahmedabad,100264,mid,sneha,nair
cust103253,kaibr das,sachin.nair483@outlook.com,590418871,ahemdabad,44589,premium,kaibr,das
cust100477,kabir agarwal,aditi.kapoor372@yahoo.com,9628126095,mumbaai,80250,luxury,kabir,agarwal
cust102463,mira kapoor,rohan.chopra818@example.com,2835696201,mumbai,504024,budget,mira,kapoor
cust101852,aditi sharma,anita.agarwal944@outlook.com,9823191776,gurugram,328221,luxury,aditi,sharma
cust104532,diya chopra,vivaan.mehta650@gmail.com,2215353502,nodia,183855,luxury,diya,chopra
cust103562,vihaan khan,kabir.kulkarni974@gmail.com,6768013098,nodia,246181,luxury,vihaan,khan
cust101868,aarav reddy,sachin.agarwal449@outlook.com,9503389298,kolkata,388175,luxury,aarav,reddy
cust101333,vivaan iyer,vihaan.singh331@example.com,9518227292,kolkata,101660,luxury,vivaan,iyer
cust104954,sneha nair,mira.shah118@yahoo.com,1032426345,ahemdabad,195549,mid,sneha,nair
cust103418,aditi agarwal,rahul.nair704@gmail.com,5657334350,delhi,128427,premium,aditi,agarwal
cust100988,aditi kulkarni,sachin.kulkarni952@outlook.com,2000421828,ahemdabad,365837,budget,aditi,kulkarni
cust102372,sachin chopra,aditi.mehta991@yahoo.com,7365685363,noida,127510,budget,sachin,chopra
cust101842,rahul shah,mira.chopra527@example.com,2749086962,surrat,245159,budget,rahul,shah
cust100136,rohan sharma,vivaan.patel912@gmail.com,9854078542,punna,171595,mid,rohan,sharma
cust103754,ishaan das,vivaan.iyer685@outlook.com,8344980407,gurugrm,164091,premium,ishaan,das
cust101095,aditi singh,vivaan.agarwal711@example.com,9267797095,surrat,450391,budget,aditi,singh
cust100270,vivaan iyer,sneha.reddy356@yahoo.com,7887936301,kalkata,161491,mid,vivaan,iyer
cust103780,vihaan kapoor,sneha.gupta857@gmail.com,9977461839,ahemdabad,124713,mid,vihaan,kapoor
cust101570,rohan kulkarni,rohan.iyer158@yahoo.com,7584160022,hydrabad,46959,luxury,rohan,kulkarni
cust100693,rahul mehta,aditi.agarwal564@example.com,5799082294,hyderbad,80432,mid,rahul,mehta
cust102668,arjun khan,arjun.mehta208@example.com,3033744615,mumbay,201902,mid,arjun,khan
cust102082,ishaan chopra,arjun.sharma819@gmail.com,3768508099,jaypur,45153,budget,ishaan,chopra
cust104122,kabir das,aditi.chopra675@example.com,7623332607,chennai,408745,budget,kabir,das
cust100321,ishaan iyer,ishaan.patel397@example.com,6050779915,surrat,185908,budget,ishaan,iyer
cust104612,sneha iyer,sachin.iyer773@gmail.com,1545315278,ahmedabad,267212,mid,sneha,iyer
cust102863,arjun khan,mira.khan593@outlook.com,4041155435,gurugrm,184272,budget,arjun,khan
cust101019,sneha kulkarni,vivaan.chopra837@yahoo.com,4990902223,surrat,275947,mid,sneha,kulkarni
cust100088,diya shah,aditi.nair29@example.com,7705924907,bengaluru,407480,budget,diya,shah
cust103850,sachin mehta,rahul.das223@yahoo.com,276303541,noida,261418,premium,sachin,mehta
cust100871,kabir das,diya.iyer840@outlook.com,2764842998,mumbay,110848,premium,kabir,das
cust100018,vivaan nair,sneha.singh609@gmail.com,6239004381,pune,191890,luxury,vivaan,nair
cust100524,ishaan mehta,kabir.sharma679@gmail.com,7793969097,hyderbad,195762,mid,ishaan,mehta
cust104714,arjun kapoor,aditi.das141@outlook.com,1420125667,mumbaai,500708,luxury,arjun,kapoor
cust104357,aaravd as,diya.agarwal310@outlook.com,1555209038,bengluru,252572,budget,aaravd,as
cust100213,kabir agarwla,rohan.kapoor155@outlook.com,3710221284,punna,135958,premium,kabir,agarwla
cust101835,priya nair,vihaan.mehta941@gmail.com,3869343655,kolkata,471541,budget,priya,nair
cust103775,ishaan nair,anaya.gupta492@gmail.com,7068303958,hyderabad,107766,luxury,ishaan,nair
cust104548,anita khan,anita.sharma644@example.com,8194107786,jaypur,279517,mid,anita,khan
cust101036,aditi das,sneha.khan383@yahoo.com,2887417567,chennai,210105,mid,aditi,das
cust103169,rahul nair,aditi.chopra884@gmail.com,4386937074,delhi,76084,premium,rahul,nair
cust103270,diya hsarma,aditi.patel76@yahoo.com,4483051274,punna,396076,mid,diya,hsarma
cust103299,anita reddy,rahul.gupta5@outlook.com,765767871,poona,551372,mid,anita,reddy
cust100889,priya iyer,sneha.agarwal833@example.com,1376322555,hyderbad,219022,luxury,priya,iyer
cust102465,priya kapoor,diya.agarwal373@example.com,3697044388,chennnai,81405,budget,priya,kapoor
cust100553,sneha khan,vihaan.mehta798@gmail.com,1349761302,bengaluru,98868,premium,sneha,khan
cust101484,aditi chopra,kabir.agarwal322@example.com,5136705192,mumbay,258785,mid,aditi,chopra
cust102079,vihaan reddy,anita.khan727@example.com,7060063796,chennnai,220641,premium,vihaan,reddy
cust103528,anita nair,mira.chopra299@outlook.com,2814286668,bangalore,80825,mid,anita,nair
cust103196,ishaan kulkarni,anaya.sharma871@gmail.com,4483492925,mumbai,87902,luxury,ishaan,kulkarni
cust103242,aditi reddy,,7735643586,poona,294654,mid,aditi,reddy
cust104948,rohan reddy,vihaan.iyer729@gmail.com,5733480378,ahemdabad,226971,budget,rohan,reddy
cust101399,sneha khan,mira.sharma911@outlook.com,453922433,bangalore,248082,mid,sneha,khan
cust100696,sachin khan,aditi.mehta225@outlook.com,2542111467,surrat,191210,premium,sachin,khan
cust102294,priya sharma,vihaan.gupta742@gmail.com,6000979705,new delhi,429997,budget,priya,sharma
cust102693,priya iyer,vivaan.shah322@yahoo.com,2381504467,hydrabad,78601,budget,priya,iyer
cust103144,anaya patel,sneha.sharma450@outlook.com,1051830257,chennai,118374,luxury,anaya,patel
cust100766,kabir shah,rohan.kapoor484@outlook.com,8919401940,mumbai,427273,mid,kabir,shah
cust103472,arjun mehta,ishaan.nair112@outlook.com,6161457648,kalkata,167993,mid,arjun,mehta
cust103542,ishaan sharma,rohan.das156@gmail.com,9755582187,ahmedabad,225064,mid,ishaan,sharma
cust104324,mira iyer,priya.shah738@yahoo.com,8705813522,gurugram,86252,mid,mira,iyer
cust102357,anaya iyer,aditi.kulkarni161@gmail.com,5161350556,pune,252813,mid,anaya,iyer
cust100522,ishaan kapoor,aarav.singh292@gmail.com,3399021509,punna,103940,mid,ishaan,kapoor
cust103434,vivaan singh,rahul.das38@example.com,7701348548,jaipur,93693,luxury,vivaan,singh
cust101042,anaya kulkarni,kabir.khan916@outlook.com,1735189284,ahemdabad,119423,premium,anaya,kulkarni
cust104055,aditi patel,sachin.agarwal572@example.com,7473311887,hyderabad,114519,mid,aditi,patel
cust100436,sneha patel,aditi.singh545@outlook.com,9552300039,hyderbad,229116,luxury,sneha,patel
cust101119,aditi gupta,priya.mehta905@outlook.com,1787351237,bangalore,252313,budget,aditi,gupta
cust103975,rohan kapoor,aarav.khan421@example.com,999694573,surat,91997,luxury,rohan,kapoor
cust100084,vivaan agarwal,aditi.chopra149@gmail.com,8417970179,gurgaon,144695,mid,vivaan,agarwal
cust102158,diya agarwal,vihaan.chopra60@outlook.com,6990971301,ahmedabad,96020,premium,diya,agarwal
cust102909,vihaan kulkarni,kabir.patel418@gmail.com,1434265676,hyderbad,110556,premium,vihaan,kulkarni
cust104399,rohan agarwal,aditi.agarwal808@gmail.com,9520895027,dehli,195618,luxury,rohan,agarwal
cust101317,vihaan kulkarni,vivaan.iyer800@gmail.com,5993531707,delhi,400121,luxury,vihaan,kulkarni
cust100272,kabir iyer,vivaan.kulkarni884@example.com,6826708382,pune,219630,premium,kabir,iyer
cust100970,priya patel,arjun.das380@gmail.com,4990429818,chennnai,128887,budget,priya,patel
cust104658,anaya shah,aditi.agarwal523@example.com,3123602346,jaypur,125720,mid,anaya,shah
cust104805,snhea gupta,arjun.gupta678@example.com,5566840158,pune,82629,budget,snhea,gupta
cust103550,rahul mehta,ishaan.patel793@gmail.com,5208936939,chennai,181983,luxury,rahul,mehta
cust101519,mira chopra,sneha.agarwal43@outlook.com,3379833512,bangalore,125554,budget,mira,chopra
cust103801,aditi singh,priya.khan3@outlook.com,8244915632,hyderbad,68795,budget,aditi,singh
cust101861,ishaa npatel,vivaan.khan140@example.com,3862700022,dehli,108493,mid,ishaa,npatel
cust104564,rahul iyer,aditi.sharma716@yahoo.com,205477479,chennnai,76532,budget,rahul,iyer
cust101151,arjun chopra,priya.singh960@gmail.com,82122224,ahemdabad,152838,budget,arjun,chopra
cust103719,aarav iyer,rohan.khan496@gmail.com,9070877121,new delhi,117155,budget,aarav,iyer
cust103886,ishaan mehta,diya.reddy494@yahoo.com,5166469454,bengluru,69274,premium,ishaan,mehta
cust101021,rohan shah,mira.khan938@yahoo.com,2535745706,noida,67503,budget,rohan,shah
cust102187,mira reddy,sachin.reddy985@example.com,9243972982,gurugram,71390,luxury,mira,reddy
cust100422,ishaan gupta,sachin.das455@outlook.com,1224497122,ahmedabad,194247,budget,ishaan,gupta
cust100530,anitas hah,anita.chopra804@example.com,6298249241,ahmedabad,223672,mid,anitas,hah
cust102128,aarav nair,mira.sharma221@yahoo.com,2402222313,nodia,190924,mid,aarav,nair
cust103290,aarav shah,sachin.chopra576@gmail.com,9970492841,gurugrm,126403,luxury,aarav,shah
cust101426,sachin kapoor,vivaan.iyer290@example.com,1716946404,gurugram,50173,premium,sachin,kapoor
cust102834,vivaan iyer,kabir.patel237@gmail.com,2942203818,noida,157221,budget,vivaan,iyer
cust103805,rohan agarwal,vihaan.reddy656@gmail.com,1460705884,mumbaai,213393,budget,rohan,agarwal
cust104320,priya shah,aarav.nair138@example.com,4656389604,noida,129086,budget,priya,shah
cust102893,rahul kapoor,aarav.chopra335@gmail.com,2680220621,punna,278618,luxury,rahul,kapoor
cust100004,mira patel,kabir.kulkarni927@yahoo.com,5346890235,noida,101382,luxury,mira,patel
cust100433,anaya sharma,diya.mehta583@yahoo.com,5794459304,pune,222951,premium,anaya,sharma
cust104098,ishaan chopra,,6626025420,surat,154483,budget,ishaan,chopra
cust101804,rohan iyer,rohan.kulkarni905@gmail.com,2539691929,new delhi,137077,premium,rohan,iyer
cust103238,diya kulkarni,sneha.patel122@gmail.com,1412168834,bengluru,34106,luxury,diya,kulkarni
cust100759,arjun iyer,anita.khan225@yahoo.com,6179877724,kolkata,416949,premium,arjun,iyer
cust103774,rohan mehta,anita.khan661@gmail.com,7714640643,bengaluru,97239,mid,rohan,mehta
cust104131,arjun khan,sachin.agarwal831@outlook.com,4834940744,pune,108758,premium,arjun,khan
cust103625,vivaan reddy,aarav.das54@example.com,543818916,delhi,129666,premium,vivaan,reddy
cust104834,rahul nair,mira.sharma898@outlook.com,2204452775,delhi,194939,mid,rahul,nair
cust103953,kabir agrawal,sneha.gupta113@yahoo.com,4205332809,gurgaon,91490,luxury,kabir,agrawal
cust100613,arjun das,rohan.shah244@outlook.com,79440859,dehli,289382,luxury,arjun,das
cust102666,aarav reddy,aditi.khan764@yahoo.com,8168073460,hyderabad,218313,luxury,aarav,reddy
cust103628,sneha patel,,3597365229,mumbay,364065,budget,sneha,patel
cust103306,arjun sharma,vihaan.iyer405@example.com,167696236,bangalore,144361,luxury,arjun,sharma
cust104133,priya chopra,aditi.kapoor450@example.com,6409189970,noida,93270,budget,priya,chopra
cust103409,akbir shah,,6830289684,hyderbad,87772,budget,akbir,shah
cust102326,anita kulkarni,aditi.nair574@example.com,1330602961,bangalore,350215,luxury,anita,kulkarni
cust101749,rohan khan,ishaan.shah91@example.com,5444171350,kolkata,48727,mid,rohan,khan
cust101585,anita das,ishaan.agarwal910@gmail.com,4343447634,surrat,190555,mid,anita,das
cust102456,ishaan agarwal,rohan.agarwal307@example.com,26028170,ahemdabad,176762,premium,ishaan,agarwal
cust100928,mira patel,kabir.gupta389@outlook.com,4531235816,pune,209540,mid,mira,patel
cust102973,diya mehta,rahul.iyer452@outlook.com,3339300046,bangalore,158367,premium,diya,mehta
cust102588,rahul agarwal,vivaan.agarwal321@yahoo.com,8673495327,jaipur,322908,mid,rahul,agarwal
cust102988,sneha patel,sneha.mehta170@outlook.com,272779612,surrat,132077,budget,sneha,patel
cust104118,sachin reddy,anita.reddy342@gmail.com,6973826319,bangalore,183624,luxury,sachin,reddy
cust100244,rahul gupta,kabir.gupta104@yahoo.com,4519756741,noida,253173,budget,rahul,gupta
cust102822,anaya iyer,,2763100681,kolkata,182887,budget,anaya,iyer
cust103634,mira iyer,vivaan.reddy837@gmail.com,2865148823,dehli,126835,budget,mira,iyer
cust102105,priya reddy,priya.iyer229@gmail.com,1618607901,jaypur,267776,luxury,priya,reddy
cust103404,diya patel,vihaan.sharma787@yahoo.com,5851698349,punna,418731,mid,diya,patel
cust101926,vihaan agarwal,diya.mehta774@outlook.com,5392894138,bangalore,327624,luxury,vihaan,agarwal
cust102526,rahul nair,anaya.shah41@outlook.com,5634617728,mumbay,83243,luxury,rahul,nair
cust101604,rahul gupta,rohan.mehta456@gmail.com,8136590290,ahmedabad,127546,mid,rahul,gupta
cust103368,diya kulkarni,vivaan.das713@yahoo.com,9544202351,surrat,63249,mid,diya,kulkarni
cust104655,priya kapoor,vihaan.kulkarni941@yahoo.com,7887070612,chennai,115496,luxury,priya,kapoor
cust100090,anaya shah,diya.iyer43@gmail.com,8996191335,nodia,226216,mid,anaya,shah
cust103752,rohan shah,rahul.das316@example.com,7871986814,mumbaai,479332,mid,rohan,shah
cust100663,priy anair,vihaan.kapoor734@outlook.com,7666160352,mumbaai,201086,premium,priy,anair
cust102523,diya shah,,6045349012,nodia,194224,mid,diya,shah
cust100885,rohan agarwal,aarav.agarwal197@yahoo.com,8241062433,gurugrm,421539,mid,rohan,agarwal
cust100245,kabir patel,vivaan.nair848@yahoo.com,938330106,noida,80519,mid,kabir,patel
cust101336,sneha das,sneha.patel582@outlook.com,7959372215,jaypur,104930,budget,sneha,das
cust100302,vihaan kapoor,ishaan.reddy450@gmail.com,7842199311,new delhi,62759,premium,vihaan,kapoor
cust103638,vihaan sharma,anita.das952@gmail.com,8032696589,hydrabad,133822,premium,vihaan,sharma
cust100366,vihaan nair,mira.khan570@outlook.com,6395114443,poona,170706,luxury,vihaan,nair
cust100821,sneha shah,ishaan.khan697@gmail.com,7126741614,jaipur,81186,luxury,sneha,shah
cust102387,anita kapoor,aarav.shah144@yahoo.com,1332916691,gurugram,241052,premium,anita,kapoor
cust102438,aditi nair,anita.reddy608@outlook.com,4436096372,ahmedabad,206473,budget,aditi,nair
cust100225,mira das,priya.singh506@gmail.com,4548368180,jaipur,164994,luxury,mira,das
cust104362,aditi mehta,ishaan.mehta504@gmail.com,6567908431,jaipur,77989,mid,aditi,mehta
cust104620,sneha chopra,vivaan.agarwal99@yahoo.com,9781928442,ahemdabad,137036,luxury,sneha,chopra
cust101718,anita agarwal,aarav.agarwal321@example.com,1181886306,surrat,589100,premium,anita,agarwal
cust103445,mira chopra,anaya.gupta137@yahoo.com,5317393515,calcutta,364666,budget,mira,chopra
cust103735,rahul singh,kabir.khan644@outlook.com,6255464102,mumbai,169793,mid,rahul,singh
cust100485,sneha kulkarni,anaya.singh120@example.com,4571374500,punna,110657,premium,sneha,kulkarni
cust100687,rohan singh,sachin.sharma127@example.com,8789274502,ahemdabad,237396,mid,rohan,singh
cust101869,ishaan gupta,aarav.singh791@outlook.com,6999190244,dehli,114176,mid,ishaan,gupta
cust100037,arjun shah,ishaan.kapoor327@gmail.com,1946530926,kalkata,391283,premium,arjun,shah
cust100659,rahul singh,kabir.chopra953@gmail.com,86402258,mumbai,42202,luxury,rahul,singh
cust104864,kabir kulkarni,anita.mehta8@yahoo.com,6807747785,calcutta,294156,premium,kabir,kulkarni
cust101600,aarav reddy,vihaan.gupta270@example.com,9990952302,hyderabad,177622,luxury,aarav,reddy
cust102614,aditi khan,vihaan.singh742@example.com,203312282,punna,116214,mid,aditi,khan
cust102206,ishaan patel,,8417971946,ahemdabad,43944,luxury,ishaan,patel
cust101815,aditi iyer,sneha.khan235@example.com,7967236787,chennai,134205,luxury,aditi,iyer
cust100076,priya iyer,aditi.singh662@yahoo.com,7322966451,surat,198627,mid,priya,iyer
cust103991,ishaan uklkarni,sachin.gupta874@outlook.com,7742079134,jaipur,345432,luxury,ishaan,uklkarni
cust100316,vihaan das,vihaan.agarwal920@gmail.com,3509687053,dehli,905860,budget,vihaan,das
cust104899,sneha shah,aditi.agarwal284@example.com,2001776292,jaypur,32895,budget,sneha,shah
cust104129,anaya das,ishaan.reddy720@yahoo.com,7796371108,jaypur,96598,premium,anaya,das
cust103426,vihaan mehta,aditi.iyer159@yahoo.com,5821307183,mumbay,49173,mid,vihaan,mehta
cust100803,diya singh,aditi.khan193@yahoo.com,6392235229,gurgaon,211606,budget,diya,singh
cust100143,aditi patel,,2813119469,new delhi,83019,budget,aditi,patel
cust104266,arjun chopra,aditi.chopra145@outlook.com,7131920945,pune,127779,budget,arjun,chopra
cust103994,ishaan reddy,sachin.kapoor117@gmail.com,7455435884,mumbay,143744,luxury,ishaan,reddy
cust100854,vivaan khan,anaya.iyer466@example.com,5651794698,bengluru,213462,mid,vivaan,khan
cust101725,priya singh,sachin.reddy962@outlook.com,4238808684,jaypur,180872,luxury,priya,singh
cust103566,rahul mehta,sneha.agarwal148@outlook.com,9787554410,poona,94335,budget,rahul,mehta
cust100173,arjun chopra,aarav.sharma549@outlook.com,8014577392,ahemdabad,288505,luxury,arjun,chopra
cust100391,anaya iyer,aditi.iyer505@yahoo.com,3874621426,jaypur,261105,budget,anaya,iyer
cust104541,vivaan agarwal,rohan.sharma606@outlook.com,9390389912,nodia,221406,mid,vivaan,agarwal
cust103808,mira patel,,4531849751,gurugrm,224905,premium,mira,patel
cust104165,vihaan kulkarni,anita.khan740@example.com,6089799372,hyderbad,370631,mid,vihaan,kulkarni
cust103707,diya singh,priya.kapoor196@gmail.com,912828475,surat,96536,luxury,diya,singh
cust102603,arjun reddy,vivaan.das995@gmail.com,2016085051,chennnai,211066,luxury,arjun,reddy
cust100839,vihaan agarwal,,7376723997,bengaluru,429828,budget,vihaan,agarwal
cust100560,sneha kapoor,diya.shah155@example.com,5399415957,bengluru,309322,budget,sneha,kapoor
cust101728,diya shah,vivaan.nair437@yahoo.com,3637128723,noida,155753,luxury,diya,shah
cust103176,rohan agarwal,sachin.reddy740@gmail.com,2960540062,kalkata,142183,budget,rohan,agarwal
cust101267,vivaan iyer,vihaan.chopra745@example.com,7577772077,hyderabad,66648,premium,vivaan,iyer
cust103506,anita chopra,sneha.singh30@gmail.com,1537934554,ahemdabad,190237,luxury,anita,chopra
cust100993,vivaan kulkarni,diya.agarwal218@yahoo.com,2269844106,noida,448216,luxury,vivaan,kulkarni
cust101067,kabir sharma,,1919260125,mumbai,37780,mid,kabir,sharma
cust101615,anita reddy,aarav.khan258@example.com,6785172346,hyderbad,39426,budget,anita,reddy
cust103523,aditi agarwal,priya.sharma467@example.com,244626388,hyderbad,69767,premium,aditi,agarwal
cust101661,rahul agarwal,rohan.khan391@example.com,5116965669,noida,164891,budget,rahul,agarwal
cust103236,aarav nair,arjun.singh172@yahoo.com,3856712707,ahmedabad,204520,budget,aarav,nair
cust103577,aditi das,sneha.das933@example.com,2092828608,mumbai,191653,premium,aditi,das
cust103304,vihaan iyer,sachin.kulkarni146@gmail.com,2797829570,mumbaai,64800,mid,vihaan,iyer
cust101967,ishaan gupta,mira.patel473@outlook.com,734379048,surrat,96721,mid,ishaan,gupta
cust100865,rahul singh,priya.reddy885@yahoo.com,3714657761,bengaluru,300676,luxury,rahul,singh
cust104284,aarav shah,aarav.iyer377@yahoo.com,2194738080,delhi,56825,luxury,aarav,shah
cust103660,rahul singh,arjun.chopra613@yahoo.com,5739239809,jaypur,112407,premium,rahul,singh
cust103891,priya singh,anita.iyer19@yahoo.com,2984977005,gurgaon,55976,mid,priya,singh
cust103908,mira sharma,vihaan.kulkarni852@example.com,1866711279,nodia,327118,budget,mira,sharma
cust102417,vihaan das,ishaan.reddy456@example.com,5747399297,bengaluru,148563,premium,vihaan,das
cust103488,sneha chopra,ishaan.das956@gmail.com,1844064946,bengluru,172756,budget,sneha,chopra
cust104545,kabir khan,priya.singh132@outlook.com,2588003126,pune,288834,premium,kabir,khan
cust102058,vihaan singh,anaya.shah238@gmail.com,2427376962,jaypur,97040,luxury,vihaan,singh
cust104257,anaya mehta,mira.agarwal805@outlook.com,8536472895,hydrabad,142149,luxury,anaya,mehta
cust103185,anita das,aditi.khan66@outlook.com,1643590261,kolkata,169911,luxury,anita,das
cust102483,rahlu reddy,aarav.iyer516@yahoo.com,215968269,chennai,108466,luxury,rahlu,reddy
cust101405,anaya chopra,rahul.das18@gmail.com,9218124551,bengluru,429013,premium,anaya,chopra
cust103726,ishaan sharma,mira.kulkarni15@yahoo.com,2632861016,chennai,194530,budget,ishaan,sharma
cust102687,rahul singh,aditi.khan828@outlook.com,3743295377,poona,90108,mid,rahul,singh
cust102855,rahul das,vihaan.singh272@gmail.com,5080234935,chennai,112045,premium,rahul,das
cust102925,aarav gupta,diya.khan77@outlook.com,4389618666,chennai,59556,luxury,aarav,gupta
cust101350,kabir kulkarni,arjun.gupta233@yahoo.com,7112619234,gurugrm,119494,mid,kabir,kulkarni
cust100095,rohan shah,mira.nair760@outlook.com,9098886435,chennai,157390,mid,rohan,shah
cust100604,vihaan singh,rahul.singh777@example.com,1359195921,ahmedabad,214886,budget,vihaan,singh
cust103862,aarav das,,1876024153,nodia,113640,luxury,aarav,das
cust104141,anita das,anita.das585@example.com,4805283000,mumbay,87225,luxury,anita,das
cust101404,ishaan agarwal,diya.chopra169@gmail.com,5675794752,chennnai,93367,mid,ishaan,agarwal
cust102063,ishaan singh,rohan.singh919@example.com,1088792439,dehli,267554,budget,ishaan,singh
cust101908,sneha sharma,vivaan.kulkarni467@gmail.com,176578232,ahemdabad,63151,luxury,sneha,sharma
cust102312,mira sinhg,mira.gupta504@outlook.com,9418867346,ahmedabad,206134,mid,mira,sinhg
cust101744,priya reddy,anita.singh230@yahoo.com,1305727223,chennnai,135230,premium,priya,reddy
cust104511,arjun mehta,,6206934210,new delhi,113289,mid,arjun,mehta
cust102470,sneh akapoor,kabir.iyer889@yahoo.com,6208591429,surat,338623,luxury,sneh,akapoor
cust101594,anita kapoor,aarav.chopra116@yahoo.com,6976316104,mumbaai,49050,premium,anita,kapoor
cust103604,adtii chopra,anita.chopra763@yahoo.com,774844634,surat,126120,mid,adtii,chopra
cust101551,aarav patel,aarav.nair43@example.com,4559818461,kolkata,150948,luxury,aarav,patel
cust104991,vihaan reddy,kabir.reddy533@gmail.com,5207381646,surrat,296691,premium,vihaan,reddy
cust104793,anaya mehta,vivaan.agarwal312@gmail.com,9342556799,ahmedabad,167525,premium,anaya,mehta
cust103915,ishaan patel,aditi.iyer265@outlook.com,3116496202,poona,115262,premium,ishaan,patel
cust104489,aarav kapoor,,5674808513,dehli,167116,budget,aarav,kapoor
cust103912,diya khan,sachin.singh347@example.com,5371167205,dehli,175311,premium,diya,khan
cust102393,aarav das,vihaan.kapoor699@example.com,7981235324,jaipur,137477,luxury,aarav,das
cust100881,sachin nair,anaya.agarwal816@example.com,7172183341,gurgaon,334156,premium,sachin,nair
cust101079,priya chopra,ishaan.sharma810@gmail.com,6152321047,dehli,90597,luxury,priya,chopra
cust100462,vihaan patel,diya.agarwal587@yahoo.com,6033205363,nodia,72252,budget,vihaan,patel
cust101159,sachin shah,aarav.agarwal478@example.com,6472891863,mumbai,57288,premium,sachin,shah
cust102450,kabir das,rahul.kulkarni470@outlook.com,2908207782,poona,277275,mid,kabir,das
cust102775,aarav agarwal,sachin.kapoor895@gmail.com,2219534463,gurugram,335035,mid,aarav,agarwal
cust101278,sneha chopra,vihaan.sharma594@yahoo.com,3253149271,nodia,316699,budget,sneha,chopra
cust100138,rohan sharma,rahul.das256@outlook.com,648742388,mumbaai,50454,mid,rohan,sharma
cust102424,vivaan singh,anita.iyer428@outlook.com,6229668802,new delhi,400608,luxury,vivaan,singh
cust103132,aditi das,rohan.singh244@gmail.com,9355870942,bengluru,168436,luxury,aditi,das
cust101700,aarav iyer,rohan.kapoor592@yahoo.com,1361439655,pune,117885,luxury,aarav,iyer
cust103106,arjun chopra,vihaan.khan258@gmail.com,5357611416,gurgaon,216599,budget,arjun,chopra
cust101289,diya das,,5513126067,jaypur,55824,mid,diya,das
cust102643,arjun reddy,rohan.iyer672@example.com,8843652831,calcutta,255565,budget,arjun,reddy
cust100750,rohan patel,aditi.singh79@outlook.com,5182172268,bangalore,581918,budget,rohan,patel
cust103359,sachin singh,vihaan.iyer814@outlook.com,1275028396,jaipur,190967,premium,sachin,singh
cust103822,sachin patel,aditi.gupta770@yahoo.com,8071639816,mumbaai,100662,luxury,sachin,patel
cust100508,diya chopra,rahul.iyer952@gmail.com,9608987073,gurgaon,357881,luxury,diya,chopra
cust100755,aarav reddy,vihaan.kapoor782@gmail.com,6097284020,hyderabad,395222,budget,aarav,reddy
cust102529,priya iyer,kabir.iyer134@example.com,5390886403,gurugrm,54781,premium,priya,iyer
cust101931,anita das,vivaan.agarwal790@yahoo.com,8329411555,delhi,240573,mid,anita,das
cust101491,mira kaopor,sneha.reddy89@gmail.com,9153834106,ahemdabad,108850,luxury,mira,kaopor
cust102888,sneha nair,sachin.mehta248@gmail.com,7741082929,jaipur,174080,mid,sneha,nair
cust102293,kabir chopra,diya.das673@example.com,8329170644,chennai,242866,luxury,kabir,chopra
cust100437,vihaan mehta,arjun.gupta731@yahoo.com,8292039584,surat,200680,luxury,vihaan,mehta
cust101253,sachin kapoor,sneha.kulkarni847@yahoo.com,1488709009,bengluru,221078,premium,sachin,kapoor
cust100039,rohan agarwal,anita.khan742@gmail.com,4707906361,hyderbad,133566,premium,rohan,agarwal
cust100818,mira mehta,vihaan.gupta570@gmail.com,3953185928,bangalore,265178,mid,mira,mehta
cust100575,sachin agarwal,diya.chopra331@outlook.com,752627208,gurugram,117623,mid,sachin,agarwal
cust104273,aara vagarwal,anita.sharma721@example.com,2517512391,mumbai,250542,mid,aara,vagarwal
cust104851,rohan kulkarni,priya.patel120@example.com,1941788635,poona,136713,premium,rohan,kulkarni
cust102933,vihaan khan,anaya.das131@example.com,3022614001,chennai,99148,premium,vihaan,khan
cust100544,aditi kulkarni,kabir.gupta273@example.com,2854231261,ahmedabad,53075,mid,aditi,kulkarni
cust102939,sachin mehta,mira.chopra643@yahoo.com,4832889159,jaipur,102754,mid,sachin,mehta
cust102449,priya das,diya.chopra98@outlook.com,3365065642,delhi,300420,premium,priya,das
cust104980,rahul patel,sneha.patel192@outlook.com,161435514,bengaluru,229818,luxury,rahul,patel
cust100401,rohan reddy,priya.sharma567@yahoo.com,7868406835,bengaluru,261088,mid,rohan,reddy
cust104739,aditi reddy,aditi.nair656@gmail.com,7505879278,nodia,223674,budget,aditi,reddy
cust100266,mira mehta,aarav.patel482@example.com,1335677559,pune,119417,premium,mira,mehta
cust102452,priya das,rohan.chopra397@gmail.com,1536962570,bengaluru,214155,budget,priya,das
cust100792,anita kapoor,,5545856939,nodia,195454,premium,anita,kapoor
cust102590,priya reddy,aarav.das962@yahoo.com,7676111462,dehli,578509,luxury,priya,reddy
cust102414,mira reddy,rohan.shah566@outlook.com,3619542028,ahmedabad,147477,premium,mira,reddy
cust102448,arjun reddy,kabir.shah919@outlook.com,1722076259,surrat,125570,budget,arjun,reddy
cust101425,pryia iyer,sachin.kapoor223@yahoo.com,8731605137,chennnai,332011,budget,pryia,iyer
cust101655,rahul gupta,aditi.sharma561@outlook.com,6684081009,chennai,186598,luxury,rahul,gupta
cust104919,kabir reddy,kabir.kapoor767@example.com,3714387962,chennai,150248,mid,kabir,reddy
cust103535,sneha khan,diya.kapoor489@yahoo.com,7220779775,punna,229839,luxury,sneha,khan
cust102697,vivaan shah,arjun.iyer315@example.com,3760333573,bengaluru,504236,premium,vivaan,shah
cust102892,diya iyer,arjun.nair588@outlook.com,5259987250,hyderabad,159087,luxury,diya,iyer
cust104024,vivaan iyer,mira.reddy76@gmail.com,561664244,bengaluru,250026,budget,vivaan,iyer
cust100741,anita das,rahul.mehta80@yahoo.com,6220037639,hyderbad,60582,premium,anita,das
cust101447,aarav das,sneha.kapoor477@yahoo.com,6627655480,new delhi,179962,luxury,aarav,das
cust101793,vihaan mheta,kabir.nair845@yahoo.com,4217495508,hyderbad,183495,premium,vihaan,mheta
cust102677,sneha hsarma,rohan.khan85@yahoo.com,4590515212,surrat,316700,premium,sneha,hsarma
cust103711,arjun kapoor,vivaan.chopra725@yahoo.com,9235911856,mumbay,132812,mid,arjun,kapoor
cust104722,rohan dsa,diya.das132@gmail.com,516463538,jaypur,135372,mid,rohan,dsa
cust103314,arjun kulkarni,aditi.nair812@yahoo.com,8358605278,kolkata,132522,luxury,arjun,kulkarni
cust103162,anita gupta,anita.iyer481@example.com,3996110873,nodia,272734,luxury,anita,gupta
cust104544,kabir patel,kabir.patel188@outlook.com,7657557844,mumbaai,175106,premium,kabir,patel
cust100883,kabir gupta,arjun.das70@outlook.com,2049169049,kolkata,194290,premium,kabir,gupta
cust104119,kabir reddy,anaya.shah186@gmail.com,746200660,mumbaai,146660,budget,kabir,reddy
cust100319,vivaan iyer,aditi.agarwal521@outlook.com,6312323737,gurugrm,195357,luxury,vivaan,iyer
cust101701,kabir reddy,aditi.sharma225@yahoo.com,293419754,gurugrm,196157,luxury,kabir,reddy
cust104783,anita agarwal,rohan.singh285@outlook.com,8108964062,chennai,144649,budget,anita,agarwal
cust102508,vivaan reddy,aditi.gupta205@gmail.com,5263022790,bengluru,281781,premium,vivaan,reddy
cust101188,rohan sharma,aarav.agarwal477@example.com,3730102466,bengluru,256861,premium,rohan,sharma
cust101546,vivaan agarwal,sneha.mehta409@gmail.com,7755139510,chennnai,117676,budget,vivaan,agarwal
cust100616,anaya patel,aarav.kapoor874@yahoo.com,1415802024,pune,123558,budget,anaya,patel
cust101198,rohan khan,sachin.agarwal42@gmail.com,5367809568,bangalore,515934,luxury,rohan,khan
cust101328,sachin shah,sneha.khan434@example.com,4341939653,calcutta,63201,luxury,sachin,shah
cust104610,arjun singh,anita.kapoor88@example.com,1828993008,ahmedabad,80054,mid,arjun,singh
cust103104,vihaan iyer,diya.kapoor931@outlook.com,2151194493,noida,84322,mid,vihaan,iyer
cust101441,priya reddy,vihaan.kulkarni159@outlook.com,5886449018,chennnai,64804,premium,priya,reddy
cust102610,mira khan,vihaan.reddy253@yahoo.com,3843405841,nodia,214436,luxury,mira,khan
cust102937,aarav kulkarni,aarav.iyer210@gmail.com,3248359724,jaypur,47417,luxury,aarav,kulkarni
cust101930,ishaan mehta,ishaan.gupta804@example.com,6314059256,jaipur,121685,premium,ishaan,mehta
cust104504,ishaan reddy,rahul.patel514@gmail.com,456647080,punna,200133,budget,ishaan,reddy
cust100688,anita singh,anaya.gupta901@yahoo.com,6791617097,bengaluru,318996,budget,anita,singh
cust102563,aarav singh,,8214480736,bengluru,197690,mid,aarav,singh
cust100476,rahul das,rohan.kulkarni561@yahoo.com,8706752703,kalkata,330844,premium,rahul,das
cust104394,diya das,sneha.nair4@outlook.com,1949486566,jaypur,219794,luxury,diya,das
cust100561,diya kulkarni,mira.das68@yahoo.com,124264238,ahmedabad,109144,mid,diya,kulkarni
cust101616,kabir iyer,aarav.reddy469@outlook.com,2657790835,nodia,116281,budget,kabir,iyer
cust103895,aditi sharma,ishaan.chopra198@yahoo.com,9404593404,bangalore,93113,premium,aditi,sharma
cust102292,priya nair,diya.reddy833@yahoo.com,7262315147,punna,48529,premium,priya,nair
cust103114,priya shah,aarav.reddy239@example.com,5715860319,poona,89608,luxury,priya,shah
cust103464,anita shah,aarav.das262@gmail.com,5564875496,mumbay,197239,luxury,anita,shah
cust103845,sachin sharma,,3715377927,surrat,450141,mid,sachin,sharma
cust100002,anaya khan,sachin.sharma224@example.com,504904134,chennnai,165992,mid,anaya,khan
cust100910,anita agarwal,rahul.khan133@outlook.com,1543831349,ahemdabad,404853,premium,anita,agarwal
cust103235,vivaan kulkarni,rohan.nair730@gmail.com,7262321096,dehli,131148,luxury,vivaan,kulkarni
cust102632,anaya gupta,arjun.khan462@yahoo.com,4075217108,hydrabad,98453,luxury,anaya,gupta
cust103545,rahul agarwal,vivaan.shah906@gmail.com,2655332341,dehli,86994,luxury,rahul,agarwal
cust102779,aditi iyer,ishaan.kulkarni584@yahoo.com,446017611,surrat,94164,premium,aditi,iyer
cust104233,anita shah,anaya.iyer522@yahoo.com,7659507986,punna,205847,mid,anita,shah
cust101976,anita nair,rohan.singh380@yahoo.com,9916839980,bengluru,152468,budget,anita,nair
cust102257,anaya kapoor,anaya.kapoor494@outlook.com,2426568293,mumbaai,184349,mid,anaya,kapoor
cust104035,vivaan nair,arjun.iyer880@gmail.com,1277664341,gurugrm,190949,budget,vivaan,nair
cust101152,mira chopra,sachin.patel138@example.com,3218122877,poona,142762,luxury,mira,chopra
cust102104,vihaan sharma,diya.khan915@yahoo.com,7689972058,ahmedabad,242130,luxury,vihaan,sharma
cust102157,rohan chopra,mira.singh874@example.com,1416203173,chennnai,256486,mid,rohan,chopra
cust102018,mira kulkarni,aditi.patel345@gmail.com,617310548,hyderabad,137600,mid,mira,kulkarni
cust101522,rohan chopra,vivaan.das833@gmail.com,3285433026,delhi,50828,mid,rohan,chopra
cust101563,aarav kulkarni,rohan.khan635@example.com,297163294,bengaluru,586710,mid,aarav,kulkarni
cust104599,aarav khan,kabir.agarwal279@yahoo.com,285741421,jaypur,101547,premium,aarav,khan
cust100364,kabir kapoor,vivaan.kulkarni490@example.com,2915256316,new delhi,109878,mid,kabir,kapoor
cust100581,anita das,rohan.kapoor923@outlook.com,6700479131,hydrabad,120700,premium,anita,das
cust102935,mira ugpta,sachin.reddy477@example.com,6254421832,chennnai,112211,premium,mira,ugpta
cust103303,sachin chopra,diya.mehta833@yahoo.com,2458985844,bengluru,313341,mid,sachin,chopra
cust103415,rahul patel,aarav.singh100@outlook.com,4341726877,gurgaon,60052,budget,rahul,patel
cust104769,mira das,mira.kulkarni261@example.com,7068596656,calcutta,252262,budget,mira,das
cust104538,vivaan das,arjun.khan510@example.com,2955634089,mumbai,161475,budget,vivaan,das
cust101892,vivaan das,anaya.shah520@yahoo.com,5459990734,bengaluru,176277,premium,vivaan,das
cust104937,rahul shah,arjun.kapoor946@outlook.com,8173664552,delhi,264811,premium,rahul,shah
cust103860,arjun iyer,priya.kapoor301@gmail.com,9242497875,surat,165770,premium,arjun,iyer
cust103969,rahul khan,rohan.shah216@gmail.com,8962971188,bengluru,421781,luxury,rahul,khan
cust104234,anita gupta,arjun.chopra549@gmail.com,4543240982,hyderbad,91604,premium,anita,gupta
cust103823,diya agarwal,aditi.iyer427@yahoo.com,1623859354,bengaluru,96520,budget,diya,agarwal
cust100328,aditi iyer,mira.das949@yahoo.com,2315958481,hyderbad,259159,mid,aditi,iyer
cust102317,anita agarwal,aarav.chopra88@outlook.com,232644606,mumbay,314029,mid,anita,agarwal
cust103096,ishaan chopra,sneha.kulkarni946@gmail.com,8705392595,jaypur,90398,luxury,ishaan,chopra
cust100778,rohan patel,aarav.agarwal204@example.com,4435083390,chennnai,187047,luxury,rohan,patel
cust102111,priya kapoor,rohan.nair915@yahoo.com,9867261936,chennnai,207610,mid,priya,kapoor
cust100349,ishaan singh,priya.agarwal921@yahoo.com,186616073,bengaluru,104610,budget,ishaan,singh
cust102962,vihaan sharma,sneha.gupta224@gmail.com,7244790350,ahemdabad,178388,budget,vihaan,sharma
cust100681,aarav kulkarni,rohan.nair48@yahoo.com,6761108351,hyderbad,88094,premium,aarav,kulkarni
cust102993,vivaan agarwal,rahul.das506@example.com,6974372926,punna,80214,budget,vivaan,agarwal
cust102323,arjun reddy,sachin.kapoor501@gmail.com,9180727832,jaypur,99775,budget,arjun,reddy
cust104405,sachin singh,arjun.shah88@example.com,4249946990,gurugram,171379,mid,sachin,singh
cust101548,diya reddy,,1755271231,dehli,232196,luxury,diya,reddy
cust103000,sachin chopra,vihaan.khan28@yahoo.com,2755086930,mumbaai,456879,mid,sachin,chopra
cust100506,anaya gupta,diya.nair778@outlook.com,7832527829,new delhi,74660,budget,anaya,gupta
cust104744,ishaan chopra,vivaan.sharma440@yahoo.com,7444854153,hyderabad,174064,premium,ishaan,chopra
cust100057,anaya patel,sneha.nair439@outlook.com,5874624206,punna,219910,premium,anaya,patel
cust102688,anaya kulkarni,mira.reddy155@example.com,503634696,jaipur,70574,budget,anaya,kulkarni
cust102163,diya khan,vivaan.mehta849@example.com,4171574558,new delhi,168278,mid,diya,khan
cust100823,mira singh,vihaan.iyer349@outlook.com,3409297878,calcutta,45185,premium,mira,singh
cust100014,anita reddy,,8136268491,surat,140695,mid,anita,reddy
cust101015,sachin sharma,vivaan.singh274@yahoo.com,4426188810,mumbai,230832,luxury,sachin,sharma
cust101307,ishaan sharma,rohan.das961@outlook.com,9528908446,chennai,170139,premium,ishaan,sharma
cust104582,aditi das,mira.sharma580@gmail.com,9742739151,delhi,188873,luxury,aditi,das
cust104674,diya patel,,4733920499,gurugrm,133223,mid,diya,patel
cust102150,anita shah,vivaan.shah393@example.com,8806143812,surat,136170,luxury,anita,shah
cust101005,kabir nair,vivaan.gupta124@outlook.com,2569414651,mumbai,411277,mid,kabir,nair
cust102023,vivaan kulkarni,sneha.kapoor853@example.com,7539439937,ahemdabad,81664,premium,vivaan,kulkarni
cust102219,rohan khan,diya.reddy468@outlook.com,1591706148,chennnai,212163,luxury,rohan,khan
cust103981,sneha kulkarni,vivaan.kapoor876@gmail.com,8686666756,ahmedabad,70444,premium,sneha,kulkarni
cust103251,kabir nair,aarav.mehta297@example.com,6448492420,ahemdabad,124282,luxury,kabir,nair
cust100706,diy ashah,vivaan.kulkarni832@example.com,8193145624,kolkata,136378,luxury,diy,ashah
cust101040,rahul nair,arjun.sharma491@gmail.com,515475259,mumbai,123833,budget,rahul,nair
cust104043,vivaan patel,priya.singh388@example.com,3575525558,pune,100326,luxury,vivaan,patel
cust100576,sneha kulkarni,anaya.khan188@gmail.com,5221454951,pune,242000,premium,sneha,kulkarni
cust104882,ishaan agarwal,sachin.khan782@yahoo.com,7722349083,mumbai,432999,luxury,ishaan,agarwal
cust101919,aditi das,priya.kulkarni399@gmail.com,5721459915,ahemdabad,109158,budget,aditi,das
cust104939,diya gupta,mira.khan316@yahoo.com,3415809959,dehli,190935,mid,diya,gupta
cust102072,mira mehta,priya.kapoor757@outlook.com,528966267,gurugram,195877,budget,mira,mehta
cust104113,diya reddy,vivaan.mehta40@yahoo.com,2198290660,jaipur,238494,luxury,diya,reddy
cust103844,rahul mehta,anaya.singh438@example.com,3495963602,bengluru,32225,mid,rahul,mehta
cust103320,sneha reddy,arjun.shah972@gmail.com,7892168489,poona,163720,premium,sneha,reddy
cust102572,vihaan das,anita.gupta47@outlook.com,7746293581,ahemdabad,120083,mid,vihaan,das
cust101203,mira das,anita.shah898@gmail.com,6228541816,delhi,165362,premium,mira,das
cust101973,aditi mehta,kabir.kulkarni148@example.com,7503016009,gurgaon,295095,mid,aditi,mehta
cust100756,mira nair,vivaan.patel569@yahoo.com,6214546280,chennnai,138356,luxury,mira,nair
cust100552,rohan khan,aditi.khan663@outlook.com,3957585914,jaipur,169164,luxury,rohan,khan
cust103471,priya sharma,aditi.chopra405@example.com,7645956821,chennai,133069,luxury,priya,sharma
cust101559,priya khan,sneha.mehta545@gmail.com,391731558,poona,196456,premium,priya,khan
cust100949,priya sharma,ishaan.mehta384@outlook.com,5698245919,pune,150613,mid,priya,sharma
cust100501,sneha chopra,diya.shah939@outlook.com,7142371827,bengluru,52797,luxury,sneha,chopra
cust103999,arjun gupta,aditi.singh582@yahoo.com,5977422917,chennnai,343982,budget,arjun,gupta
cust100670,rajun patel,arjun.iyer519@gmail.com,5102796457,hydrabad,83981,budget,rajun,patel
cust104678,aarav hsarma,ishaan.agarwal165@yahoo.com,9949210969,jaipur,601894,luxury,aarav,hsarma
cust104666,aarav singh,ishaan.agarwal409@outlook.com,3371546200,gurugrm,528411,budget,aarav,singh
cust102786,aditik apoor,diya.singh544@yahoo.com,1640938054,kolkata,158669,mid,aditik,apoor
cust103600,anaya shah,vihaan.sharma853@gmail.com,819414293,delhi,230107,mid,anaya,shah
cust100204,rahul gupta,vihaan.gupta383@example.com,8182683928,new delhi,131006,mid,rahul,gupta
cust100233,ishaan patel,arjun.shah39@yahoo.com,5501367919,chennai,172510,budget,ishaan,patel
cust104208,rohan kulkarni,arjun.gupta157@example.com,1331473786,bengluru,243898,mid,rohan,kulkarni
cust102769,aarav shah,,4825418422,punna,81889,luxury,aarav,shah
cust104452,rahul sharma,priya.singh634@gmail.com,9865673348,hyderbad,204067,budget,rahul,sharma
cust101781,mira patel,vivaan.sharma363@gmail.com,3702516513,jaipur,162090,budget,mira,patel
cust103715,anaya agarwal,arjun.mehta363@outlook.com,9052155553,mumbay,281189,budget,anaya,agarwal
cust102203,aditi khan,anaya.mehta873@example.com,7541253766,noida,62769,premium,aditi,khan
cust102484,mira shah,aditi.kulkarni933@example.com,8834804126,bengluru,265451,mid,mira,shah
cust102601,priy adas,rohan.kapoor23@example.com,1625329870,new delhi,108770,mid,priy,adas
cust100385,vivaan chopra,sneha.patel825@example.com,3776252830,pune,65460,premium,vivaan,chopra
cust102830,kabir das,diya.chopra755@yahoo.com,4466119931,hydrabad,157602,premium,kabir,das
cust102418,kaibr reddy,aarav.iyer451@gmail.com,5803215903,jaipur,141488,premium,kaibr,reddy
cust102400,diya gupta,vivaan.sharma295@example.com,9791063949,gurugram,199676,premium,diya,gupta
cust104092,sachin mehta,diya.sharma931@yahoo.com,9269757171,gurugrm,194644,premium,sachin,mehta
cust103533,arjun das,ishaan.agarwal425@yahoo.com,4970680490,nodia,290891,mid,arjun,das
cust103461,priya agarwal,,4940813210,new delhi,222600,budget,priya,agarwal
cust102087,vivaan gupta,aarav.patel770@outlook.com,2534919111,punna,198380,luxury,vivaan,gupta
cust104157,sneha khan,mira.nair398@outlook.com,943029658,chennai,54968,luxury,sneha,khan
cust103401,aditi chopra,sneha.khan615@yahoo.com,148607548,delhi,205196,premium,aditi,chopra
cust102505,aarav iyer,rohan.patel203@yahoo.com,7255207756,ahmedabad,262294,mid,aarav,iyer
cust101885,kabir kapoor,aditi.agarwal462@gmail.com,6689543872,ahemdabad,239401,mid,kabir,kapoor
cust101695,aarav iyer,sachin.gupta621@outlook.com,1045646191,calcutta,290982,luxury,aarav,iyer
cust104821,aditi mehta,anaya.shah50@gmail.com,3236814403,noida,129047,budget,aditi,mehta
cust102336,diya nair,aditi.mehta259@outlook.com,1985452657,jaypur,83411,budget,diya,nair
cust102604,sneha agarwal,rahul.das108@outlook.com,7592539642,hyderabad,84044,budget,sneha,agarwal
cust100717,sneha gupta,mira.sharma415@example.com,2253982998,hyderbad,73490,premium,sneha,gupta
cust102916,anaya reddy,sachin.gupta565@outlook.com,8433980307,new delhi,92791,luxury,anaya,reddy
cust104201,ishaan patel,diya.nair585@outlook.com,5041722428,surrat,234947,budget,ishaan,patel
cust102992,kabir shah,arjun.chopra525@yahoo.com,4648204765,calcutta,139875,budget,kabir,shah
cust101017,anita patel,diya.sharma813@example.com,2479769312,jaypur,50231,premium,anita,patel
cust103155,ishaan sharma,rahul.sharma225@yahoo.com,3000299821,chennnai,276332,mid,ishaan,sharma
cust100539,aditi kapoor,arjun.iyer331@gmail.com,3184860099,ahemdabad,134191,premium,aditi,kapoor
cust101760,vihaan chopra,rohan.nair195@gmail.com,5426828363,gurgaon,355830,mid,vihaan,chopra
cust100771,rohan mehta,mira.kapoor185@outlook.com,178373091,hyderabad,138249,mid,rohan,mehta
cust104743,kabir das,aarav.patel541@example.com,971191102,ahemdabad,140156,budget,kabir,das
cust104996,anaya iyer,kabir.iyer145@yahoo.com,4941880625,surrat,402944,budget,anaya,iyer
cust103875,rohan reddy,aarav.patel340@outlook.com,6850307109,kolkata,486793,budget,rohan,reddy
cust102754,kabir shah,ishaan.reddy876@gmail.com,9456308692,nodia,123990,budget,kabir,shah
cust103374,vihaan shah,sneha.kapoor481@outlook.com,8588350725,gurugram,23015,mid,vihaan,shah
cust101827,mira khan,anita.reddy92@outlook.com,6364168909,gurugram,76088,luxury,mira,khan
cust104040,sneha gupta,diya.das854@outlook.com,3799608973,pune,191927,budget,sneha,gupta
cust101924,sachin iyer,anaya.nair271@outlook.com,5497469621,ahmedabad,126882,luxury,sachin,iyer
cust104019,vihaan reddy,vivaan.agarwal553@example.com,1327866726,bengaluru,231687,budget,vihaan,reddy
cust104959,vihaan reddy,diya.kulkarni766@gmail.com,6240708657,gurugrm,324551,premium,vihaan,reddy
cust104697,aarav das,ishaan.nair403@yahoo.com,99510072,mumbai,179066,budget,aarav,das
cust102955,sneha sharma,vihaan.patel626@outlook.com,9437156616,noida,86136,premium,sneha,sharma
cust100238,vivaan khan,mira.khan237@outlook.com,2452583345,hydrabad,118746,luxury,vivaan,khan
cust103989,aarav shah,priya.patel422@gmail.com,1783116272,noida,138185,luxury,aarav,shah
cust101007,priya chopra,rahul.kulkarni914@example.com,3005479108,bengaluru,99707,premium,priya,chopra
cust102092,kabir iyer,rohan.nair302@gmail.com,7272894745,noida,117865,luxury,kabir,iyer
cust104050,arjun khan,rohan.agarwal897@gmail.com,1185348678,mumbay,122816,budget,arjun,khan
cust104953,anita gupta,arjun.kulkarni628@yahoo.com,7676603149,hyderabad,158687,premium,anita,gupta
cust101792,anaya kulkarni,aditi.khan720@yahoo.com,8785953018,surrat,145904,premium,anaya,kulkarni
cust104535,diya khan,vihaan.patel647@yahoo.com,296203279,mumbaai,217248,budget,diya,khan
cust101644,rohan reddy,mira.gupta38@example.com,8717143579,chennai,282023,budget,rohan,reddy
cust103467,aarav das,kabir.kapoor58@outlook.com,5242187199,gurgaon,324056,mid,aarav,das
cust101983,vivaan singh,kabir.mehta32@outlook.com,9091013408,mumbai,147342,mid,vivaan,singh
cust100377,sneha reddy,rahul.shah266@example.com,5820639911,chennai,328495,premium,sneha,reddy
cust102479,anaya iyer,rohan.chopra666@outlook.com,3838232002,jaypur,107828,premium,anaya,iyer
cust100982,sachin agarwal,aditi.singh42@outlook.com,9427353299,bangalore,132869,budget,sachin,agarwal
cust104042,rohan chopra,diya.das563@yahoo.com,8833869008,surat,42162,budget,rohan,chopra
cust104850,ishaan shah,priya.kulkarni452@example.com,1588337036,chennai,287413,luxury,ishaan,shah
cust103487,sneha sharma,ishaan.nair643@yahoo.com,9651341510,chennai,231762,premium,sneha,sharma
cust102346,arjun khan,anaya.reddy229@gmail.com,5095211537,surrat,155378,premium,arjun,khan
cust101088,priya iyer,anita.sharma745@gmail.com,5981376396,hyderbad,145945,budget,priya,iyer
cust100329,kabir khan,ishaan.shah419@example.com,5251234026,pune,140847,premium,kabir,khan
cust100679,adit igupta,,6983493604,punna,215137,budget,adit,igupta
cust102043,rohan reddy,vivaan.reddy443@example.com,2624027722,bangalore,291871,budget,rohan,reddy
cust100239,rohan chopra,arjun.iyer5@outlook.com,1067634338,mumbai,193027,luxury,rohan,chopra
cust103009,vihaan khna,vivaan.iyer268@example.com,502908711,gurgaon,249628,mid,vihaan,khna
cust103892,aditi shah,vivaan.reddy259@example.com,3614214057,calcutta,230173,premium,aditi,shah
cust101936,anaya gupta,rohan.chopra62@outlook.com,9008982740,hyderbad,239563,budget,anaya,gupta
cust104349,sneha kulkarni,mira.nair186@gmail.com,3274466989,hyderbad,124147,premium,sneha,kulkarni
cust100897,diya mehta,aditi.gupta565@example.com,1420548534,jaipur,86886,premium,diya,mehta
cust102472,rahul khan,diya.gupta984@gmail.com,5091419910,poona,72746,premium,rahul,khan
cust101866,mira khan,,3663467447,chennnai,100161,mid,mira,khan
cust102773,aditi singh,arjun.patel390@example.com,3152700451,kalkata,246893,premium,aditi,singh
cust104482,kabir agarwal,aarav.sharma718@example.com,285415101,chennai,128558,mid,kabir,agarwal
cust100248,aarav gputa,arjun.shah190@gmail.com,4692280187,jaipur,152573,budget,aarav,gputa
cust102877,anaya khan,aarav.chopra781@outlook.com,7189061134,dehli,215489,premium,anaya,khan
cust100650,rohan nair,priya.patel679@yahoo.com,1590582853,chennai,160666,premium,rohan,nair
cust101562,rahul reddy,rohan.chopra836@gmail.com,7258846730,mumbay,71710,luxury,rahul,reddy
cust103693,vihaan iyer,vivaan.patel482@gmail.com,9565386694,bangalore,216484,premium,vihaan,iyer
cust104194,vivaan das,,3828036335,surat,146053,luxury,vivaan,das
cust102430,rahul das,vihaan.khan757@gmail.com,5576524483,chennai,77028,premium,rahul,das
cust104178,diya sharma,anaya.reddy497@outlook.com,7542401518,jaipur,181011,budget,diya,sharma
cust101082,priya sharma,kabir.kapoor881@example.com,8377986729,mumbaai,76861,luxury,priya,sharma
cust100981,aarav kulkarni,aditi.kulkarni571@example.com,3001753907,poona,148715,luxury,aarav,kulkarni
cust102227,aarav chopra,mira.nair571@yahoo.com,7157082791,mumbaai,167220,mid,aarav,chopra
cust100132,rohan chopra,ishaan.chopra41@example.com,2698406925,delhi,119064,mid,rohan,chopra
cust100010,anaya nair,diya.sharma137@yahoo.com,7714741631,bangalore,111831,luxury,anaya,nair
cust103910,ishaan chopra,sneha.kulkarni900@outlook.com,3247668315,surrat,111962,premium,ishaan,chopra
cust100990,rohan agarwal,arjun.iyer535@yahoo.com,980463297,jaypur,144288,luxury,rohan,agarwal
cust104074,sneha shah,arjun.sharma343@example.com,2475506861,bengluru,280968,premium,sneha,shah
cust103846,aditi reddy,anita.reddy809@yahoo.com,1442803185,dehli,100447,mid,aditi,reddy
cust100547,diya chopra,mira.iyer862@outlook.com,4077031812,kalkata,179501,luxury,diya,chopra
cust104556,roha niyer,sachin.gupta486@yahoo.com,6294561246,hydrabad,72531,mid,roha,niyer
cust101524,anaya gupta,diya.patel840@example.com,8640618615,punna,331578,budget,anaya,gupta
cust103281,vivaan chopra,rahul.iyer422@gmail.com,1129553940,noida,317319,mid,vivaan,chopra
cust101398,aarav sharma,aditi.mehta457@gmail.com,6085588401,poona,117961,luxury,aarav,sharma
cust101232,priya iyer,kabir.kulkarni584@gmail.com,8633274297,gurgaon,295759,luxury,priya,iyer
cust100937,diya nair,anita.nair6@outlook.com,9801328923,nodia,94547,luxury,diya,nair
cust101228,sneha iyer,kabir.mehta453@gmail.com,2450281948,mumbai,250055,premium,sneha,iyer
cust101432,kabir shah,rohan.gupta320@yahoo.com,2234215408,new delhi,65416,budget,kabir,shah
cust102404,kabir singh,aditi.patel231@gmail.com,7742590377,jaipur,181588,mid,kabir,singh
cust100584,anaya kulkarni,aditi.patel766@outlook.com,2386334073,punna,347551,mid,anaya,kulkarni
cust104302,priya gupta,kabir.patel180@gmail.com,5319197147,bengluru,84069,budget,priya,gupta
cust102690,sneha gupta,sneha.kapoor501@gmail.com,2873662756,ahemdabad,228223,premium,sneha,gupta
cust101444,sachin iyer,vivaan.kulkarni579@outlook.com,3874474697,mumbaai,74576,mid,sachin,iyer
cust103274,aarav khan,sachin.singh680@yahoo.com,1570813823,ahemdabad,153691,mid,aarav,khan
cust101396,arjun shah,sneha.agarwal743@outlook.com,997915831,gurgaon,64120,premium,arjun,shah
cust102097,anaya khan,vihaan.singh871@gmail.com,6985692970,mumbay,305381,budget,anaya,khan
cust103040,vivaan chopra,anita.shah379@example.com,4605358232,jaypur,232602,mid,vivaan,chopra
cust101681,vihaan mehta,sachin.das326@example.com,3737383194,bangalore,204987,mid,vihaan,mehta
cust103973,priya das,sachin.sharma4@gmail.com,4895745808,bengluru,104264,budget,priya,das
cust103197,rohan agarwal,aditi.singh830@example.com,3634967978,kolkata,53781,luxury,rohan,agarwal
cust101071,vivaan patel,diya.sharma606@gmail.com,7146359372,surat,126311,premium,vivaan,patel
cust100533,ishaan singh,rahul.patel14@outlook.com,7287948660,jaipur,76411,luxury,ishaan,singh
cust102469,aarav agarwal,anaya.mehta862@example.com,6800557332,ahemdabad,77241,luxury,aarav,agarwal
cust103413,rohan iyer,rohan.nair124@gmail.com,6497431542,surat,122760,mid,rohan,iyer
cust102384,sneha singh,diya.patel296@yahoo.com,7482050145,mumbay,283403,luxury,sneha,singh
cust102824,rohan singh,sneha.mehta755@outlook.com,150861683,ahemdabad,314302,premium,rohan,singh
cust102398,sachin kapoor,rahul.gupta690@yahoo.com,9453006947,hydrabad,77711,premium,sachin,kapoor
cust101649,ishaan das,,3754970527,mumbai,232171,luxury,ishaan,das
cust104977,aarav reddy,vihaan.kulkarni207@outlook.com,1937473993,pune,158115,budget,aarav,reddy
cust104809,rahul reddy,ishaan.nair308@outlook.com,122258448,ahmedabad,129148,mid,rahul,reddy
cust103847,arjun iyer,priya.das670@outlook.com,4887388108,mumbai,214324,luxury,arjun,iyer
cust104230,vivaan mehta,anaya.sharma890@yahoo.com,8345680238,bangalore,146903,mid,vivaan,mehta
cust102927,vihaan patel,diya.sharma348@outlook.com,3338651110,ahmedabad,104631,premium,vihaan,patel
cust103421,aarav shah,anaya.patel208@outlook.com,5034114637,mumbay,201381,luxury,aarav,shah
cust104183,mira patel,mira.sharma864@yahoo.com,7223087276,mumbay,233516,premium,mira,patel
cust104020,anaya chopra,kabir.nair605@gmail.com,2793613816,gurgaon,71742,premium,anaya,chopra
cust102250,aditi singh,,6846983355,ahemdabad,264229,mid,aditi,singh
cust101977,priya das,mira.agarwal577@gmail.com,8316329822,jaipur,62499,budget,priya,das
cust102009,anita singh,sneha.chopra891@gmail.com,3702740084,gurugrm,69892,luxury,anita,singh
cust103372,anita khan,sachin.singh420@outlook.com,2290739605,hydrabad,170234,luxury,anita,khan
cust104159,arjun reddy,rahul.khan587@outlook.com,2528614477,calcutta,85384,mid,arjun,reddy
cust102297,rohan reddy,aditi.agarwal286@outlook.com,823064036,chennai,374824,budget,rohan,reddy
cust101111,rohan agarwal,anita.reddy332@example.com,4770073345,noida,226876,premium,rohan,agarwal
cust101460,anita das,ishaan.singh793@example.com,6324868622,bengaluru,421102,mid,anita,das
cust103629,arjun shah,arjun.iyer712@outlook.com,1534102598,kalkata,237324,luxury,arjun,shah
cust103853,mira shah,sachin.mehta399@example.com,6186166059,noida,166157,mid,mira,shah
cust103800,aditi agarwal,kabir.chopra863@example.com,8290329332,mumbai,190366,premium,aditi,agarwal
cust102210,mira mehta,rohan.shah130@outlook.com,2206072323,ahemdabad,201266,luxury,mira,mehta
cust101705,aditi das,vivaan.das377@yahoo.com,6197827224,bangalore,175735,budget,aditi,das
cust101220,diya khan,anaya.kapoor440@yahoo.com,3026765254,kolkata,237509,luxury,diya,khan
cust100742,diya sharma,arjun.agarwal410@yahoo.com,4192305535,surrat,278905,luxury,diya,sharma
cust100240,aarav agarwal,kabir.agarwal726@gmail.com,72293721,chennnai,150291,mid,aarav,agarwal
cust104701,rohan mehta,priya.chopra752@outlook.com,6661404451,hydrabad,124921,mid,rohan,mehta
cust104704,diya singh,rohan.kulkarni371@outlook.com,6477518786,bengluru,148770,luxury,diya,singh
cust103427,kabi riyer,sneha.shah523@example.com,5236954400,mumbaai,94152,mid,kabi,riyer
cust100318,anaya patel,anaya.singh673@gmail.com,6479431493,surrat,103031,luxury,anaya,patel
cust102514,kabir agarwal,aarav.gupta185@outlook.com,2768244524,gurgaon,397309,mid,kabir,agarwal
cust101024,vihaan chopra,rahul.agarwal954@example.com,6025847501,hydrabad,176561,budget,vihaan,chopra
cust102647,mira shamra,vivaan.kapoor485@example.com,4146241944,surat,95928,luxury,mira,shamra
cust102068,aditi iyer,anaya.kapoor67@yahoo.com,9476559898,bangalore,247808,mid,aditi,iyer
cust103587,anita kapoor,rahul.das353@outlook.com,6644415103,hydrabad,131228,luxury,anita,kapoor
cust100254,vihaan sharma,arjun.reddy455@gmail.com,2619277823,bengaluru,168756,mid,vihaan,sharma
cust102841,vihaan kapoor,kabir.chopra9@gmail.com,2219340721,surat,112906,budget,vihaan,kapoor
cust104443,sneha iyer,,4559964407,jaypur,339699,luxury,sneha,iyer
cust104330,kabir reddy,rahul.sharma572@gmail.com,8549018846,mumbai,180779,budget,kabir,reddy
cust104121,arjun reddy,aditi.singh34@outlook.com,9631365051,noida,191237,mid,arjun,reddy
cust100074,rahul khan,vihaan.patel841@yahoo.com,4369166579,pune,401110,luxury,rahul,khan
cust103351,vivaan patel,arjun.khan858@gmail.com,79732039,dehli,148323,budget,vivaan,patel
cust100346,anita shah,diya.reddy791@gmail.com,1207985879,bangalore,209500,luxury,anita,shah
cust104281,rohan kulkarni,diya.reddy146@example.com,3070811267,bangalore,564966,mid,rohan,kulkarni
cust100810,sneha khan,sachin.reddy876@outlook.com,8256518496,ahemdabad,150737,premium,sneha,khan
cust100920,priya agarwal,anaya.patel361@gmail.com,8420714830,gurugram,258326,budget,priya,agarwal
cust103343,arjun sharma,anita.khan446@gmail.com,464410594,hyderbad,230193,budget,arjun,sharma
cust100064,vivaan agarwal,vihaan.sharma13@outlook.com,9462695537,dehli,129307,luxury,vivaan,agarwal
cust102335,aarav singh,aditi.iyer9@outlook.com,862231072,surat,117640,luxury,aarav,singh
cust104854,anita kaporo,anita.khan655@outlook.com,145700575,bengaluru,323837,luxury,anita,kaporo
cust102568,priya agarwal,aditi.agarwal336@gmail.com,9796295289,surat,160209,luxury,priya,agarwal
cust101134,anayaa garwal,ishaan.das517@gmail.com,3079770393,surrat,78944,mid,anayaa,garwal
cust104733,ishaan kapoor,diya.kulkarni570@outlook.com,6184041673,gurugram,181140,budget,ishaan,kapoor
cust103113,vihaan patel,rohan.mehta687@example.com,491252197,ahmedabad,233249,mid,vihaan,patel
cust104813,anita agarwal,rahul.kapoor447@yahoo.com,2643291473,calcutta,120179,premium,anita,agarwal
cust101928,kabir mehta,aarav.sharma874@example.com,4402332202,gurugram,261011,premium,kabir,mehta
cust103618,diya mehta,aditi.das373@yahoo.com,8450176662,nodia,112888,premium,diya,mehta
cust104970,rahul kulkarni,vivaan.iyer990@outlook.com,26235272,chennai,204611,budget,rahul,kulkarni
cust101821,sachin chopra,mira.nair75@yahoo.com,1120078172,jaipur,127352,budget,sachin,chopra
cust100565,vivaan reddy,diya.iyer143@yahoo.com,4695408373,mumbaai,216441,premium,vivaan,reddy
cust104688,vihaan sharma,sneha.mehta41@outlook.com,6801231355,delhi,107650,budget,vihaan,sharma
cust101532,vivaan shah,kabir.nair419@example.com,5743702412,poona,150303,budget,vivaan,shah
cust103350,anaya sharma,vihaan.sharma484@yahoo.com,4612984802,punna,67990,premium,anaya,sharma
cust104770,sneha singh,kabir.kapoor646@example.com,1828529216,kalkata,310856,premium,sneha,singh
cust101784,vihaan iyer,anita.patel740@gmail.com,2374195732,nodia,134172,mid,vihaan,iyer
cust102985,anita khan,sachin.chopra660@yahoo.com,2772451215,jaipur,190163,premium,anita,khan
cust100335,sneha iyer,vivaan.kulkarni733@yahoo.com,973080483,chennai,68634,budget,sneha,iyer
cust104705,sneha patel,vihaan.iyer561@outlook.com,7065572788,noida,260935,budget,sneha,patel
cust100598,vihaan iyer,,4418705115,chennnai,510213,premium,vihaan,iyer
cust101529,rahul mehta,priya.mehta434@gmail.com,8194997223,ahemdabad,119235,luxury,rahul,mehta
cust102175,sneha gupta,mira.singh810@gmail.com,1843813363,ahemdabad,227338,premium,sneha,gupta
cust103497,rahul chopra,sachin.nair179@yahoo.com,1859863841,mumbay,109414,luxury,rahul,chopra
cust103010,priya kapoor,anita.kulkarni758@yahoo.com,4531157028,nodia,357616,budget,priya,kapoor
cust101828,arjun reddy,rohan.shah664@yahoo.com,1418773136,surat,96292,budget,arjun,reddy
cust102744,diya iyer,anaya.khan524@gmail.com,7464926842,hyderabad,95192,premium,diya,iyer
cust101789,aarav reddy,priya.sharma661@yahoo.com,7221103506,new delhi,115043,premium,aarav,reddy
cust103032,vihaan sharma,vihaan.mehta21@outlook.com,290068969,gurugram,155269,premium,vihaan,sharma
cust100578,vivaan gupta,ishaan.agarwal302@yahoo.com,2351282038,ahemdabad,177566,premium,vivaan,gupta
cust102287,aarav reddy,priya.kulkarni4@outlook.com,7805067391,jaypur,313158,mid,aarav,reddy
cust102084,sachin mehta,rohan.agarwal656@outlook.com,6765816702,delhi,660264,budget,sachin,mehta
cust104884,anaya sharma,rahul.patel727@gmail.com,3797301190,ahemdabad,146571,premium,anaya,sharma
cust103076,rahul kulkarni,sachin.gupta743@yahoo.com,5674688613,kalkata,126127,luxury,rahul,kulkarni
cust104414,arjun agarwal,sachin.singh195@gmail.com,4243189713,chennnai,35376,premium,arjun,agarwal
cust104772,vivaan agarwal,vivaan.patel559@example.com,6430558585,gurugram,59588,premium,vivaan,agarwal
cust100454,aarav kulkanri,aarav.reddy805@yahoo.com,6769972183,hyderbad,110793,mid,aarav,kulkanri
cust102341,aarav mehta,kabir.sharma192@yahoo.com,3724233981,noida,137497,luxury,aarav,mehta
cust103797,aarav das,rahul.reddy548@gmail.com,7818967755,surrat,207669,premium,aarav,das
cust101109,mira mehta,rahul.sharma528@gmail.com,3704096406,hyderabad,136508,mid,mira,mehta
cust100888,ishaan chopra,anaya.kulkarni267@example.com,8862953493,delhi,57275,budget,ishaan,chopra
cust103518,anaya iyer,aarav.sharma804@outlook.com,5638139655,ahemdabad,254059,premium,anaya,iyer
cust103684,priya agarwal,rohan.shah880@gmail.com,7140946132,gurugram,116119,mid,priya,agarwal
cust103968,sachin agarwal,ishaan.khan227@example.com,868455588,ahemdabad,126078,mid,sachin,agarwal
cust103791,mira nair,sneha.shah243@example.com,3997200761,ahmedabad,220049,luxury,mira,nair
cust101530,aarav chopra,mira.kapoor809@outlook.com,1298758250,noida,94245,luxury,aarav,chopra
cust104648,sneha shah,arjun.shah364@example.com,8574201234,gurugram,301447,mid,sneha,shah
cust104269,priya mehta,diya.singh752@example.com,2799054009,ahemdabad,60094,luxury,priya,mehta
cust100708,rohan chopra,vihaan.shah275@outlook.com,3524229876,delhi,182260,budget,rohan,chopra
cust103979,rohan nair,sachin.iyer61@yahoo.com,6855885921,chennnai,294904,budget,rohan,nair
cust101274,diya reddy,vivaan.das585@gmail.com,5092139079,hyderbad,128285,mid,diya,reddy
cust100736,sachin shah,,2876580895,kolkata,109533,premium,sachin,shah
cust102936,anita sharma,,5112163543,gurgaon,157862,budget,anita,sharma
cust103651,vivaan das,vivaan.das571@example.com,4314342324,calcutta,144134,premium,vivaan,das
cust102512,mira mehta,ishaan.kapoor524@outlook.com,1211503005,bengluru,268516,premium,mira,mehta
cust103500,sneha khan,kabir.chopra603@outlook.com,603297355,hydrabad,192581,premium,sneha,khan
cust101355,anaya shah,anaya.kapoor825@outlook.com,1340191199,gurugram,297226,budget,anaya,shah
cust101417,sneha emhta,vihaan.nair626@outlook.com,252183143,chennnai,164272,budget,sneha,emhta
cust104153,sneha shah,anita.gupta57@example.com,2300525798,ahmedabad,195037,premium,sneha,shah
cust103811,vivaan kulkarni,rahul.iyer829@outlook.com,950836032,noida,335011,mid,vivaan,kulkarni
cust103131,anita gupta,sneha.khan201@yahoo.com,4800527481,kolkata,191257,budget,anita,gupta
cust103424,mira kapoor,sachin.gupta207@yahoo.com,1577379461,calcutta,58758,budget,mira,kapoor
cust104992,aarva kapoor,ishaan.kapoor490@example.com,3146521603,gurugram,96555,luxury,aarva,kapoor
cust104818,anaya shah,rohan.kulkarni789@yahoo.com,3039316593,chennai,217174,luxury,anaya,shah
cust102662,sachin gupta,rohan.reddy327@gmail.com,1126956180,jaipur,237962,luxury,sachin,gupta
cust103108,ishaan singh,mira.iyer579@gmail.com,3975365679,mumbaai,69473,mid,ishaan,singh
cust101859,ishaan nair,rohan.shah22@example.com,4636884216,chennnai,290410,budget,ishaan,nair
cust102191,anita kapoor,mira.singh960@example.com,7254064029,dehli,117450,budget,anita,kapoor
cust103291,pirya agarwal,vivaan.nair713@gmail.com,8236948872,chennai,204622,mid,pirya,agarwal
cust100458,dyia sharma,anita.reddy415@outlook.com,6899835811,hydrabad,135095,mid,dyia,sharma
cust103246,vihaan nair,rohan.shah226@yahoo.com,9706921253,ahmedabad,48960,premium,vihaan,nair
cust104327,priya mehta,arjun.kulkarni671@example.com,8329420889,kalkata,144026,mid,priya,mehta
cust101360,arjun shah,aarav.kulkarni383@gmail.com,187862326,hyderabad,152388,budget,arjun,shah
cust102752,rahul singh,sachin.kulkarni198@gmail.com,9715004205,noida,247693,premium,rahul,singh
cust103148,ishaan singh,anaya.mehta814@outlook.com,866505642,surat,163861,luxury,ishaan,singh
cust103483,diya das,kabir.nair292@gmail.com,2106099910,bangalore,135816,premium,diya,das
cust100386,vihaan sharma,arjun.singh881@gmail.com,8081202127,surat,156099,premium,vihaan,sharma
cust101384,ishaan kapoor,anita.iyer122@gmail.com,6997127936,jaypur,113217,luxury,ishaan,kapoor
cust100777,vihaan nair,vihaan.chopra29@outlook.com,8632928771,chennnai,155629,mid,vihaan,nair
cust101709,priya shah,diya.nair817@example.com,4402521438,pune,75921,budget,priya,shah
cust104404,anaya iyer,diya.khan575@outlook.com,5645926410,chennnai,272805,luxury,anaya,iyer
cust101599,anita das,sneha.nair322@gmail.com,6100085112,dehli,199364,mid,anita,das
cust103380,aditi reddy,rahul.singh497@example.com,6071067606,hydrabad,60297,luxury,aditi,reddy
cust102190,sachin reddy,vihaan.khan141@gmail.com,3201934908,hydrabad,98042,luxury,sachin,reddy
cust104958,sneha iyer,ishaan.shah673@yahoo.com,9190812655,jaipur,118218,budget,sneha,iyer
cust102542,aarav das,rohan.patel595@gmail.com,9305916494,pune,235927,mid,aarav,das
cust102314,kabir iyer,sachin.mehta392@gmail.com,3362163528,pune,154336,premium,kabir,iyer
cust104893,vihaan gupta,sneha.iyer550@gmail.com,7052621086,hyderbad,91151,luxury,vihaan,gupta
cust100031,rahul sharma,anita.agarwal82@outlook.com,8526221337,poona,309738,budget,rahul,sharma
cust100343,kabirk ulkarni,vivaan.mehta168@yahoo.com,7696695600,gurugrm,110447,mid,kabirk,ulkarni
cust100418,rahul kapoor,sneha.khan185@outlook.com,9171305288,dehli,218157,mid,rahul,kapoor
cust100740,vihaan kapoor,ishaan.sharma515@example.com,1621862634,hydrabad,191128,luxury,vihaan,kapoor
cust102527,ishaan shah,kabir.singh911@gmail.com,6428065464,hyderbad,76572,mid,ishaan,shah
cust101465,kabir agarwal,aditi.patel85@outlook.com,3366754792,poona,108939,mid,kabir,agarwal
cust102441,rahul kapoor,sneha.iyer427@gmail.com,3479692875,hyderabad,190722,budget,rahul,kapoor
cust103851,anaya nair,aarav.das238@example.com,487063324,jaypur,145721,mid,anaya,nair
cust101103,rahul mehta,aarav.kulkarni580@gmail.com,9806922257,delhi,23079,premium,rahul,mehta
cust101004,vivaan nair,,602410322,noida,255506,luxury,vivaan,nair
cust100005,mira sharma,priya.nair163@example.com,4313126075,chennai,162957,mid,mira,sharma
cust101987,anaya agarwal,arjun.nair680@outlook.com,8904960602,kalkata,293978,budget,anaya,agarwal
cust104351,vivaan shah,aarav.nair832@gmail.com,5608867584,kalkata,126056,budget,vivaan,shah
cust104205,anaya mehta,mira.mehta258@yahoo.com,1378081278,jaypur,318206,luxury,anaya,mehta
cust101284,rahul patel,arjun.reddy942@example.com,3253507244,gurgaon,57316,mid,rahul,patel
cust101605,priyaa garwal,rohan.khan295@example.com,46642761,jaypur,160632,budget,priyaa,garwal
cust103022,rahul shah,ishaan.sharma552@outlook.com,6269501273,pune,256029,premium,rahul,shah
cust101313,vivaan sharma,,9236972615,jaypur,313814,luxury,vivaan,sharma
cust100053,diya shah,diya.kulkarni277@yahoo.com,3328637959,gurugrm,189387,luxury,diya,shah
cust104104,arjun singh,rohan.patel621@gmail.com,8634264699,surrat,591441,budget,arjun,singh
cust102577,diya kapoor,diya.iyer360@outlook.com,9739602835,gurugram,209282,budget,diya,kapoor
cust103217,anaya das,vihaan.agarwal772@gmail.com,5745521436,kalkata,137166,luxury,anaya,das
cust103840,kabir iyer,anita.chopra812@example.com,7569532963,ahmedabad,150727,mid,kabir,iyer
cust104427,anita das,rohan.khan349@outlook.com,2122501586,poona,41477,budget,anita,das
cust103225,anaya gupta,arjun.kapoor89@example.com,7072235770,new delhi,433687,luxury,anaya,gupta
cust103420,sneha das,priya.nair261@example.com,6096628167,surrat,448041,budget,sneha,das
cust101191,sachin patel,mira.agarwal304@gmail.com,6613360525,bangalore,187202,premium,sachin,patel
cust100369,aditi nair,rahul.reddy972@example.com,5116580025,pune,43122,premium,aditi,nair
cust104342,rohan reddy,vivaan.agarwal329@yahoo.com,3406320347,jaypur,268919,premium,rohan,reddy
cust101831,arjun singh,priya.reddy850@example.com,8272317992,surrat,229218,premium,arjun,singh
cust104039,aditi shah,vivaan.mehta721@example.com,8129979276,mumbaai,189274,budget,aditi,shah
cust102644,rahul das,arjun.kapoor130@example.com,5564255092,bengaluru,111804,premium,rahul,das
cust103049,rahul iyer,mira.agarwal339@yahoo.com,2039246997,nodia,258378,mid,rahul,iyer
cust103520,anita das,aditi.shah569@outlook.com,4451250443,jaypur,88599,premium,anita,das
cust100927,vihaan gupta,ishaan.gupta477@example.com,4862041295,hyderabad,166110,mid,vihaan,gupta
cust104286,rohna singh,sneha.agarwal740@outlook.com,6694692135,mumbai,381462,luxury,rohna,singh
cust102492,anita khan,anaya.gupta128@gmail.com,7471674121,bengaluru,875291,luxury,anita,khan
cust104044,kabir chopra,vihaan.iyer860@yahoo.com,3825321349,mumbay,153132,premium,kabir,chopra
cust104433,anita kulkarni,ishaan.chopra268@yahoo.com,7715391832,jaipur,155984,luxury,anita,kulkarni
cust103355,aarav aptel,aarav.chopra129@gmail.com,9505847736,pune,117427,budget,aarav,aptel
cust100381,sachin iyer,rohan.iyer902@gmail.com,2367005486,hyderabad,158039,budget,sachin,iyer
cust104488,rohan iyer,vihaan.sharma193@gmail.com,9045263151,poona,41014,premium,rohan,iyer
cust101113,mira reddy,rahul.gupta566@gmail.com,3349138274,jaipur,214820,budget,mira,reddy
cust101847,aarav kapoor,rohan.khan518@gmail.com,5943012993,ahemdabad,99451,premium,aarav,kapoor
cust104624,mira shah,aarav.khan185@example.com,8971424077,ahmedabad,102653,budget,mira,shah
cust100144,rohan sharma,aditi.chopra392@example.com,3482280363,bengaluru,77180,luxury,rohan,sharma
cust100729,priya kapoor,aarav.agarwal281@gmail.com,1140487731,hyderbad,77378,mid,priya,kapoor
cust102464,sachin mehta,rahul.iyer677@gmail.com,6171455449,ahmedabad,136847,budget,sachin,mehta
cust104689,vivaan agarwal,anita.patel397@yahoo.com,1433631444,pune,133673,luxury,vivaan,agarwal
cust102359,aarav sharma,vivaan.kulkarni980@example.com,2583619339,new delhi,187931,mid,aarav,sharma
cust104340,vivaan iyer,diya.singh216@example.com,8422167334,poona,250512,mid,vivaan,iyer
cust103383,priya sharma,anaya.sharma576@example.com,358861061,mumbaai,387737,mid,priya,sharma
cust100873,priya chopra,vihaan.khan4@outlook.com,807094394,kalkata,115461,budget,priya,chopra
cust102235,vihaan nair,rahul.shah844@outlook.com,1493552783,gurgaon,85522,luxury,vihaan,nair
cust101238,sachin singh,ishaan.iyer989@example.com,5500058937,mumbai,398020,luxury,sachin,singh
cust100033,anita sharma,kabir.nair153@outlook.com,1782997036,gurugram,224416,budget,anita,sharma
cust101768,kabir kulkarni,rohan.chopra519@outlook.com,1254721297,kolkata,155293,premium,kabir,kulkarni
cust104720,aditi reddy,arjun.khan133@outlook.com,9166985874,chennnai,148872,premium,aditi,reddy
cust100179,adtii patel,anita.mehta200@gmail.com,3598800063,jaypur,242589,luxury,adtii,patel
cust102922,kabir kulkarni,diya.patel855@example.com,8611090092,hydrabad,150364,luxury,kabir,kulkarni
cust103514,vihaan chopra,priya.kapoor524@gmail.com,2224509365,ahemdabad,316290,premium,vihaan,chopra
cust102320,arjun reddy,diya.singh194@example.com,5989167813,calcutta,109212,budget,arjun,reddy
cust103054,rohan mehta,vihaan.shah101@gmail.com,2880020260,nodia,94163,mid,rohan,mehta
cust104914,kabir sharma,diya.kapoor249@example.com,8790635425,nodia,176819,premium,kabir,sharma
cust100334,sachin mehta,aarav.sharma654@example.com,1541440622,hyderabad,197503,budget,sachin,mehta
cust100514,sneh adas,diya.iyer749@gmail.com,9025543564,surat,424972,mid,sneh,adas
cust102704,priya patel,sachin.kapoor966@yahoo.com,7228823074,chennai,230561,budget,priya,patel
cust103558,rahul patel,rohan.mehta393@outlook.com,2384169126,jaipur,92460,premium,rahul,patel
cust100023,ainta singh,anita.das686@yahoo.com,6382146086,delhi,549873,luxury,ainta,singh
cust101187,aarav shah,mira.iyer672@yahoo.com,7495103354,nodia,61684,budget,aarav,shah
cust102446,aarav nair,rohan.chopra242@example.com,54968541,surat,111348,mid,aarav,nair
cust100355,mira mehta,anita.agarwal499@outlook.com,3520422778,bangalore,169992,premium,mira,mehta
cust103067,rahul das,priya.kulkarni766@yahoo.com,4484665129,ahemdabad,203475,mid,rahul,das
cust104708,mira mehta,arjun.kulkarni737@gmail.com,3422223702,chennai,141718,mid,mira,mehta
cust101029,vivaan khan,vihaan.reddy73@gmail.com,9848381204,chennnai,276932,luxury,vivaan,khan
cust102099,arjun sharma,sneha.mehta879@example.com,2186055560,surrat,183219,mid,arjun,sharma
cust100987,kabir shah,priya.chopra293@outlook.com,8551816061,chennnai,421453,premium,kabir,shah
cust101840,anita das,mira.agarwal938@gmail.com,6762202173,mumbay,156908,budget,anita,das
cust102725,anaya iyer,aditi.patel847@yahoo.com,749928382,delhi,82895,luxury,anaya,iyer
cust100862,aditi singh,kabir.gupta140@gmail.com,5762041739,surrat,130557,premium,aditi,singh
cust102410,arjun patel,vivaan.nair397@gmail.com,399793296,mumbay,87863,luxury,arjun,patel
cust102179,vivaan kapoor,ishaan.nair254@outlook.com,3154322691,chennnai,152358,mid,vivaan,kapoor
cust104345,ajrun chopra,mira.nair530@outlook.com,9166435621,delhi,116887,budget,ajrun,chopra
cust104239,aditi das,aarav.sharma56@gmail.com,6476386595,nodia,548952,premium,aditi,das
cust102975,kabir mehta,priya.patel341@yahoo.com,6566659469,bengaluru,136139,premium,kabir,mehta
cust103539,arjun mehta,ishaan.kapoor121@outlook.com,3595552302,hyderbad,92058,mid,arjun,mehta
cust103398,priya sharma,,4993040176,jaypur,218869,premium,priya,sharma
cust102487,anaya das,aarav.gupta622@yahoo.com,6003812903,delhi,231505,mid,anaya,das
cust104013,vivaan nair,ishaan.nair23@yahoo.com,1388879473,gurgaon,106403,premium,vivaan,nair
cust100966,sachin das,anaya.mehta873@yahoo.com,2674841683,jaypur,246151,budget,sachin,das
cust103425,mira iyer,anita.agarwal80@yahoo.com,2852689275,surrat,54521,premium,mira,iyer
cust103652,anaya reddy,aditi.patel224@yahoo.com,6298536395,mumbai,132228,premium,anaya,reddy
cust101195,vihaan agarwal,vihaan.gupta220@gmail.com,7792004095,surrat,182537,luxury,vihaan,agarwal
cust101489,vihaan singh,,8414795065,jaipur,432921,luxury,vihaan,singh
cust104207,anaya nair,vivaan.kapoor21@example.com,1711993219,ahemdabad,220513,premium,anaya,nair
cust101610,kabir kapoor,kabir.nair335@gmail.com,4634512921,nodia,105183,mid,kabir,kapoor
cust103898,arjun das,anita.gupta820@gmail.com,7315670753,hydrabad,138965,mid,arjun,das
cust102290,sachin kapoor,sneha.iyer18@yahoo.com,6401227973,chennnai,127055,mid,sachin,kapoor
cust101782,sneha kulkarni,sachin.kulkarni718@yahoo.com,1186419300,new delhi,103064,premium,sneha,kulkarni
cust101870,diya chopra,vivaan.khan136@yahoo.com,1611345398,dehli,503424,budget,diya,chopra
cust102086,aarav patel,rahul.kulkarni356@gmail.com,1845670725,chennnai,78225,premium,aarav,patel
cust104976,anaya patel,diya.shah170@example.com,2049746251,poona,200000,budget,anaya,patel
cust100516,mira agarwal,mira.singh858@outlook.com,2571313379,surat,86934,premium,mira,agarwal
cust102376,aarav patel,sachin.sharma954@example.com,6607618063,nodia,216545,premium,aarav,patel
cust102903,anita patel,vivaan.mehta703@outlook.com,1381433532,surrat,151555,premium,anita,patel
cust104885,vivaan agarwal,aditi.khan328@gmail.com,6984914788,hyderabad,214353,mid,vivaan,agarwal
cust101369,diya iyer,rahul.kapoor421@example.com,233299419,kalkata,134158,premium,diya,iyer
cust104895,aarav chopra,ishaan.sharma936@gmail.com,2133997068,dehli,96161,budget,aarav,chopra
cust104559,aditi shah,anita.khan388@example.com,9656472820,chennnai,105723,mid,aditi,shah
cust103317,diya iyer,priya.chopra193@example.com,4683828157,bangalore,124442,mid,diya,iyer
cust104857,diya sharma,rahul.reddy457@gmail.com,543194617,nodia,86703,mid,diya,sharma
cust104245,aarav khan,rohan.agarwal617@gmail.com,932864438,kalkata,304389,luxury,aarav,khan
cust100701,rohan singh,arjun.mehta363@outlook.com,7368873672,surrat,223117,luxury,rohan,singh
cust104313,sneha sharma,kabir.agarwal733@outlook.com,7061278222,punna,51794,mid,sneha,sharma
cust103020,kabir sharma,anita.agarwal176@gmail.com,1441910201,ahmedabad,250507,premium,kabir,sharma
cust102954,miar das,ishaan.agarwal314@gmail.com,6098190193,gurugram,134846,mid,miar,das
cust103814,sachin reddy,vivaan.reddy780@gmail.com,9047983861,ahmedabad,133310,premium,sachin,reddy
cust102663,priya rdedy,vihaan.nair83@gmail.com,999233611,ahmedabad,251971,mid,priya,rdedy
cust101775,aarav mehta,sachin.reddy373@outlook.com,338575747,surrat,86164,budget,aarav,mehta
cust103136,anitac hopra,anita.chopra339@gmail.com,2689847347,surat,162051,mid,anitac,hopra
cust101470,ajrun sharma,anita.das424@example.com,4830642347,poona,302690,luxury,ajrun,sharma
cust100764,aarav khan,vihaan.gupta206@yahoo.com,2362986083,bengaluru,96149,premium,aarav,khan
cust100568,sachin reddy,aarav.iyer811@yahoo.com,3462609165,punna,284915,luxury,sachin,reddy
cust101945,aditi agarwal,ishaan.nair735@example.com,2311925360,surat,124650,luxury,aditi,agarwal
cust101625,arjun gupta,anita.nair517@example.com,3026842995,mumbai,60692,mid,arjun,gupta
cust100989,anaya iyer,diya.khan271@gmail.com,6562862491,gurgaon,61842,luxury,anaya,iyer
cust104264,priya ptael,sneha.agarwal144@gmail.com,5996530394,mumbai,282610,premium,priya,ptael
cust101634,vihaan singh,diya.kapoor688@gmail.com,6958841485,chennai,60772,luxury,vihaan,singh
cust100492,rohan singh,arjun.patel613@example.com,63994957,ahmedabad,300313,luxury,rohan,singh
cust102762,aarav mehta,aarav.agarwal847@yahoo.com,7170887518,bangalore,142812,luxury,aarav,mehta
cust104982,aditi kapoor,aditi.khan828@gmail.com,4993875764,poona,196899,luxury,aditi,kapoor
cust103753,sachin kulkarni,ishaan.gupta549@outlook.com,2722906960,chennai,384297,premium,sachin,kulkarni
cust103280,diya nair,arjun.das991@gmail.com,9174086043,gurugrm,296247,premium,diya,nair
cust102363,ishaan khan,diya.gupta390@yahoo.com,2565766291,punna,182965,mid,ishaan,khan
cust101106,aarav patel,aarav.nair598@outlook.com,5800331178,jaypur,167931,mid,aarav,patel
cust102040,rahul patel,,5060682897,bengaluru,77779,premium,rahul,patel
cust102721,priya sharma,ishaan.das460@yahoo.com,6800580521,ahmedabad,177551,luxury,priya,sharma
cust103778,arjun nair,vivaan.reddy66@gmail.com,5710678220,jaypur,72355,luxury,arjun,nair
cust104125,arjun singh,mira.shah685@gmail.com,5537548020,jaypur,78600,premium,arjun,singh
cust101420,vivaan chopra,aarav.kulkarni494@yahoo.com,2053341770,kolkata,217185,luxury,vivaan,chopra
cust100293,kabir khan,sneha.chopra200@outlook.com,5556599303,surrat,91976,budget,kabir,khan
cust101560,aarav singh,kabir.gupta41@yahoo.com,569266379,kolkata,154244,mid,aarav,singh
cust101939,priya iyer,aarav.agarwal365@outlook.com,1853914108,bangalore,76331,premium,priya,iyer
cust100197,sneha das,vivaan.iyer942@example.com,5662108517,chennai,238434,luxury,sneha,das
cust102381,mira agarwal,rohan.khan122@yahoo.com,437769107,mumbay,87988,mid,mira,agarwal
cust103349,kabir gupta,sachin.mehta528@gmail.com,7828490519,gurugrm,184414,luxury,kabir,gupta
cust100830,priya agarwal,,7364684859,delhi,105084,premium,priya,agarwal
cust104938,anita khan,mira.nair421@example.com,4090302846,bangalore,237452,premium,anita,khan
cust102344,priya nair,,9808799034,chennnai,162420,budget,priya,nair
cust100657,vivaan gupta,anaya.mehta903@outlook.com,8652120221,bangalore,113096,premium,vivaan,gupta
cust101397,anaya kapoor,diya.sharma363@example.com,107620488,gurugram,80196,luxury,anaya,kapoor
cust102194,kabir das,kabir.gupta202@outlook.com,9860082624,hyderbad,102020,budget,kabir,das
cust101065,aarav chopra,mira.nair554@example.com,9360757639,hydrabad,223501,budget,aarav,chopra
cust102303,anita reddy,priya.shah754@outlook.com,575022329,jaypur,503108,budget,anita,reddy
cust100770,vihaan kulkarni,priya.chopra623@gmail.com,806144074,nodia,182486,luxury,vihaan,kulkarni
cust103947,adiit shah,,701711803,nodia,373754,mid,adiit,shah
cust103082,rohan sharma,sachin.singh687@example.com,9401023677,mumbay,280496,luxury,rohan,sharma
cust103919,diya sharma,sneha.chopra79@yahoo.com,5691255671,kolkata,145063,budget,diya,sharma
cust102524,mira kapoor,aarav.gupta897@outlook.com,3903772020,bengaluru,356064,budget,mira,kapoor
cust100001,vihaan patel,sachin.reddy907@yahoo.com,9686322281,mumbai,123061,premium,vihaan,patel
cust101068,kabir mehta,priya.kulkarni145@example.com,9864317195,hyderabad,349688,premium,kabir,mehta
cust103036,kabir reddy,rohan.kulkarni840@example.com,2297877934,jaipur,235933,luxury,kabir,reddy
cust102169,kbair das,ishaan.agarwal643@gmail.com,7121143430,gurugrm,283658,premium,kbair,das
cust101477,kabir das,aarav.chopra232@example.com,5284434893,bangalore,228654,budget,kabir,das
cust103781,aditi shah,aarav.iyer290@yahoo.com,2636725088,jaypur,155899,mid,aditi,shah
cust102946,aarav sharma,,2908848028,nodia,50773,luxury,aarav,sharma
cust102776,mira agarwal,aditi.nair994@gmail.com,2158596768,poona,191971,budget,mira,agarwal
cust104210,arjun reddy,vivaan.mehta306@yahoo.com,3044245117,ahemdabad,114995,mid,arjun,reddy
cust100714,aarav das,rahul.kulkarni246@gmail.com,983684545,surrat,238058,luxury,aarav,das
cust102817,kabir reddy,vivaan.das79@gmail.com,6881564749,gurgaon,111563,luxury,kabir,reddy
cust102109,diya agarwal,arjun.nair110@outlook.com,1445384054,calcutta,717416,budget,diya,agarwal
cust104331,diya shah,priya.kulkarni195@yahoo.com,8755403576,chennnai,166136,budget,diya,shah
cust103031,kabir kapoor,rahul.chopra87@gmail.com,1158225489,gurugram,111439,budget,kabir,kapoor
cust102015,rahul singh,sneha.iyer205@example.com,4975127158,surat,87164,mid,rahul,singh
cust101622,ishaan iyer,rohan.kulkarni398@outlook.com,7607304931,mumbaai,91990,mid,ishaan,iyer
cust104672,ishaan patel,diya.shah809@example.com,7925918077,kolkata,119298,mid,ishaan,patel
cust102412,sachin chopra,,1584260993,ahemdabad,340296,budget,sachin,chopra
cust101161,priya nair,sneha.nair625@yahoo.com,846599926,hyderbad,172376,luxury,priya,nair
cust104764,anaya singh,diya.shah123@yahoo.com,142108135,poona,369884,premium,anaya,singh
cust102406,vivaan patel,ishaan.das485@outlook.com,1529603042,nodia,65221,mid,vivaan,patel
cust100121,ishaan reddy,vihaan.khan193@example.com,9588169254,gurgaon,97973,mid,ishaan,reddy
cust100503,aditi agarwal,mira.kapoor692@outlook.com,6181361081,pune,134837,premium,aditi,agarwal
cust101888,priya reddy,mira.das846@gmail.com,90433018,hyderbad,212060,mid,priya,reddy
cust100545,rahul reddy,vihaan.agarwal619@example.com,7926804688,mumbai,199353,luxury,rahul,reddy
cust102499,priya khan,,6516364887,punna,261415,budget,priya,khan
cust103606,priya das,diya.iyer285@yahoo.com,9443631763,hyderabad,183023,luxury,priya,das
cust100268,mira khan,ishaan.gupta686@gmail.com,3147961273,dehli,120337,luxury,mira,khan
cust100700,diya das,vivaan.das123@example.com,5500844207,calcutta,142284,premium,diya,das
cust103607,rohan khan,aditi.iyer202@example.com,4714949026,hydrabad,355679,premium,rohan,khan
cust101326,rohan chopra,,7801673498,new delhi,377969,premium,rohan,chopra
cust103793,arujn singh,sneha.patel778@outlook.com,997373354,chennai,113565,luxury,arujn,singh
cust103924,diya kulkarni,anita.patel448@outlook.com,4311400250,bengaluru,56372,budget,diya,kulkarni
cust100486,aditi das,sachin.chopra52@example.com,2116495894,poona,115701,mid,aditi,das
cust101011,rahul patel,rahul.iyer654@yahoo.com,3828315296,hyderbad,152042,luxury,rahul,patel
cust100154,diya singh,sneha.gupta214@outlook.com,4327098152,surrat,313377,budget,diya,singh
cust104471,sachin kapoor,rohan.nair33@outlook.com,4579818323,ahemdabad,250819,premium,sachin,kapoor
cust100675,vivaan kapoor,vivaan.agarwal976@outlook.com,5707597011,pune,56317,mid,vivaan,kapoor
cust100376,anaya singh,ishaan.gupta885@yahoo.com,2774951631,gurugram,67731,mid,anaya,singh
cust102462,anaya kapoor,aarav.kapoor91@yahoo.com,9608322659,poona,453597,mid,anaya,kapoor
cust104083,anaya chopra,rahul.kapoor776@example.com,4759151962,jaipur,124050,mid,anaya,chopra
cust104907,sneha patel,arjun.kapoor480@yahoo.com,9418896487,noida,612986,mid,sneha,patel
cust104413,mira mehta,vihaan.singh120@example.com,9910818656,bengaluru,62212,premium,mira,mehta
cust103654,vihaan agarwal,arjun.singh727@gmail.com,573160837,kolkata,455973,luxury,vihaan,agarwal
cust102511,rohan kapoor,aarav.agarwal488@yahoo.com,8280583306,surrat,105568,mid,rohan,kapoor
cust101537,vihaan reddy,aarav.khan336@gmail.com,5283199569,ahmedabad,239319,premium,vihaan,reddy
cust101818,kabir das,anaya.shah479@gmail.com,5097145918,surat,96078,budget,kabir,das
cust101858,mira patel,ishaan.chopra61@outlook.com,5416899654,jaypur,141857,mid,mira,patel
cust103940,mira patel,ishaan.shah763@example.com,4361280668,gurgaon,801137,budget,mira,patel
cust100833,ishaan patel,ishaan.shah314@yahoo.com,8791167281,poona,144556,budget,ishaan,patel
cust104621,vivaan sharma,diya.mehta403@example.com,1109406553,nodia,121955,premium,vivaan,sharma
cust102442,aditi kapoor,priya.kapoor518@outlook.com,2509063489,noida,265023,luxury,aditi,kapoor
cust104633,vivaan rdedy,anaya.agarwal126@yahoo.com,2523602694,ahmedabad,154481,luxury,vivaan,rdedy
cust104551,anaya chopra,rahul.kulkarni788@outlook.com,2632177379,hyderbad,210511,budget,anaya,chopra
cust102347,sachin gupta,rahul.mehta503@example.com,4665090841,pune,69223,luxury,sachin,gupta
cust104880,rahul gupta,mira.reddy331@yahoo.com,2737689237,poona,89221,budget,rahul,gupta
cust100998,kabir nair,aarav.gupta322@yahoo.com,3608491971,kalkata,111624,budget,kabir,nair
cust102397,diya kapoor,sneha.mehta120@example.com,7766311403,new delhi,132962,budget,diya,kapoor
cust101774,vivaan das,rahul.khan366@outlook.com,429377991,surat,195476,budget,vivaan,das
cust100921,sacihn shah,aditi.sharma878@example.com,5640121800,gurugrm,503936,mid,sacihn,shah
cust102873,ishaan das,mira.gupta87@outlook.com,7578131407,delhi,183048,premium,ishaan,das
cust103695,priya reddy,aditi.gupta290@example.com,7524246433,hydrabad,104174,budget,priya,reddy
cust101609,sneha das,kabir.gupta523@outlook.com,1264184246,dehli,205946,luxury,sneha,das
cust101279,sachin patel,sachin.kulkarni219@gmail.com,4931016174,gurugrm,195517,mid,sachin,patel
cust101630,ishaan patel,,3783157449,bengluru,551275,mid,ishaan,patel
cust100403,rohan patel,mira.reddy572@gmail.com,9901576069,mumbay,211155,budget,rohan,patel
cust102813,kabir kulkarni,anita.chopra119@outlook.com,6531032866,gurugrm,249613,premium,kabir,kulkarni
cust102599,rohan kulkarni,arjun.kapoor77@yahoo.com,3337383812,surrat,104796,luxury,rohan,kulkarni
cust102186,vihaan khan,vivaan.gupta618@example.com,7178437635,mumbay,102525,budget,vihaan,khan
cust100378,aditi singh,arjun.das840@example.com,2763058311,jaipur,161108,budget,aditi,singh
cust100356,anaya kulkarni,diya.khan897@example.com,8722420784,pune,40964,budget,anaya,kulkarni
cust104986,aarav kapoor,anaya.singh173@example.com,8292614954,hyderbad,137864,budget,aarav,kapoor
cust100951,rohan reddy,mira.singh984@yahoo.com,2507863818,punna,117715,mid,rohan,reddy
cust104835,rohan kulkarni,arjun.mehta212@example.com,832229879,poona,156744,premium,rohan,kulkarni
cust101182,anita agarwal,mira.das948@gmail.com,9308905799,punna,606553,premium,anita,agarwal
cust102719,ishaan agarwla,vivaan.shah641@example.com,4370754930,bengluru,100482,premium,ishaan,agarwla
cust103095,rahul sharma,rahul.reddy158@gmail.com,7449616341,kolkata,264368,mid,rahul,sharma
cust104408,anaya agarwal,arjun.kulkarni416@yahoo.com,7967744378,jaypur,148873,luxury,anaya,agarwal
cust102310,vihaan nair,arjun.reddy585@outlook.com,1958926811,noida,103372,mid,vihaan,nair
cust104290,sachin iyer,rahul.agarwal565@yahoo.com,1612821060,noida,411543,budget,sachin,iyer
cust100008,viahan iyer,anita.kapoor194@example.com,5757669184,mumbaai,299717,mid,viahan,iyer
cust103056,sneha iyer,aditi.chopra69@yahoo.com,4020420728,calcutta,258661,budget,sneha,iyer
cust104075,ishaan agarwal,rahul.kapoor541@gmail.com,5919641178,hyderabad,231270,budget,ishaan,agarwal
cust100429,anita iyer,priya.sharma31@outlook.com,4784718687,delhi,129774,premium,anita,iyer
cust101711,aditid as,mira.agarwal414@outlook.com,8364183424,noida,103747,mid,aditid,as
cust101158,arjun agarwal,ishaan.mehta241@yahoo.com,840016855,surat,107776,mid,arjun,agarwal
cust102248,aditi singh,rahul.singh727@gmail.com,8080958857,noida,242757,budget,aditi,singh
cust102212,sachin singh,anaya.khan933@example.com,9618813939,ahmedabad,428400,luxury,sachin,singh
cust103588,vihaan mehta,aditi.reddy98@gmail.com,8611140659,mumbay,87946,luxury,vihaan,mehta
cust103920,mira singh,anaya.chopra902@outlook.com,9868017085,dehli,77174,budget,mira,singh
cust104984,vivaan mehta,kabir.kulkarni988@outlook.com,9616942891,chennnai,261368,luxury,vivaan,mehta
cust100686,anaya das,,2531262194,ahmedabad,158028,mid,anaya,das
cust100243,vihaan das,aarav.gupta90@yahoo.com,558174918,jaypur,164657,luxury,vihaan,das
cust103658,sneha das,anita.sharma254@gmail.com,1707891531,jaipur,266845,budget,sneha,das
cust100499,priya das,vihaan.kulkarni540@yahoo.com,1587659672,jaipur,191005,premium,priya,das
cust104106,arjun reddy,anita.khan419@example.com,7214503675,gurugram,128650,mid,arjun,reddy
cust102613,anaya shah,aditi.kulkarni638@yahoo.com,38643456,hydrabad,163228,budget,anaya,shah
cust104293,arjun reddy,ishaan.das700@gmail.com,1308176446,bangalore,826909,premium,arjun,reddy
cust102220,ishaan singh,anita.chopra418@yahoo.com,5584146226,chennnai,47473,premium,ishaan,singh
cust102497,aditi nair,mira.shah224@yahoo.com,5872245247,noida,433818,premium,aditi,nair
cust104839,sneha das,ishaan.reddy911@example.com,5655959862,jaypur,151427,premium,sneha,das
cust101299,rohan sharma,vivaan.sharma100@outlook.com,9918351416,ahmedabad,563573,budget,rohan,sharma
cust100017,ishaan agarwal,anita.agarwal57@outlook.com,8717477497,pune,175313,luxury,ishaan,agarwal
cust103178,vivaan shah,anita.iyer458@outlook.com,9044178505,bengluru,109997,budget,vivaan,shah
cust104137,sachin das,priya.chopra357@yahoo.com,8815672089,ahemdabad,64840,budget,sachin,das
cust104623,ishaan iyer,sneha.iyer822@gmail.com,5563970890,chennnai,94660,luxury,ishaan,iyer
cust101712,anaya chopra,aditi.kulkarni789@outlook.com,9820800324,chennai,141808,premium,anaya,chopra
cust103633,anaya khan,vihaan.iyer738@gmail.com,6392467273,bengaluru,201394,budget,anaya,khan
cust100263,aditi sharma,rahul.kapoor957@outlook.com,8235865772,punna,204073,luxury,aditi,sharma
cust100003,kabir sharma,arjun.khan768@gmail.com,8970484615,nodia,207837,luxury,kabir,sharma
cust104827,priya chopra,rahul.sharma839@yahoo.com,6427961626,gurugram,108849,premium,priya,chopra
cust103089,vihaan shah,diya.singh636@outlook.com,6288711862,poona,269552,mid,vihaan,shah
cust101070,vihaan gupta,sachin.mehta397@example.com,2982487582,ahmedabad,407139,premium,vihaan,gupta
cust104308,rohan mehta,,9219847955,ahemdabad,106803,luxury,rohan,mehta
cust103357,rahul iyer,aarav.khan91@outlook.com,8418867644,surat,193373,mid,rahul,iyer
cust100715,priya shah,aditi.singh227@yahoo.com,1013340249,gurugrm,277815,mid,priya,shah
cust103517,vihaan chopra,sachin.shah415@example.com,3052756066,ahemdabad,113882,luxury,vihaan,chopra
cust102798,sachin sharma,priya.nair107@yahoo.com,3911472436,hydrabad,109083,luxury,sachin,sharma
cust101943,ishaan khan,mira.nair762@outlook.com,7723513232,jaypur,211029,premium,ishaan,khan
cust101538,aditi mehta,mira.kapoor785@gmail.com,2441330062,ahemdabad,105507,luxury,aditi,mehta
cust103335,arjun sharma,,6129002811,ahemdabad,105049,budget,arjun,sharma
cust102714,vihaan gupta,rahul.sharma25@gmail.com,3872763133,gurgaon,242186,premium,vihaan,gupta
cust100306,anaya das,,6888635624,chennnai,156018,budget,anaya,das
cust103345,anaya singh,vihaan.shah616@example.com,558099050,chennai,364463,premium,anaya,singh
cust103556,rohan khan,rahul.patel802@yahoo.com,2465528414,surat,222395,luxury,rohan,khan
cust103101,anaya shah,arjun.agarwal761@example.com,6944553627,bengaluru,91540,budget,anaya,shah
cust100412,rohan kapoor,vivaan.reddy402@yahoo.com,6392635997,ahmedabad,98910,budget,rohan,kapoor
cust104645,arjun gupta,ishaan.singh474@example.com,1149366950,hydrabad,119724,mid,arjun,gupta
cust100047,vihaan das,priya.chopra611@outlook.com,8706040974,jaipur,626909,premium,vihaan,das
cust104776,priya das,,1273103840,chennnai,89281,mid,priya,das
cust101948,anaya chopra,sachin.kapoor147@example.com,2769899264,hyderbad,137851,budget,anaya,chopra
cust101863,anaya gupta,vihaan.reddy626@outlook.com,5063754565,surrat,265648,premium,anaya,gupta
cust101915,sneha khan,rahul.sharma257@yahoo.com,7961530320,ahmedabad,171138,luxury,sneha,khan
cust103679,anita gupta,vihaan.patel583@example.com,9576989310,bengluru,684429,mid,anita,gupta
cust102089,sneha mehta,priya.kapoor278@example.com,6038984854,kolkata,179456,mid,sneha,mehta
cust101314,anita sharma,arjun.singh620@yahoo.com,3774565301,ahemdabad,140092,luxury,anita,sharma
cust103332,ishaan patel,sachin.kulkarni850@example.com,9211626487,mumbay,230777,premium,ishaan,patel
cust104527,diya gupta,sachin.chopra572@yahoo.com,3286244512,jaypur,200772,mid,diya,gupta
cust101164,arjun shah,aditi.kulkarni192@outlook.com,2739735157,mumbaai,178816,mid,arjun,shah
cust103576,kabir iyer,rohan.patel347@outlook.com,2709000594,bengaluru,542156,mid,kabir,iyer
cust101061,rahul das,vivaan.mehta801@gmail.com,9182598696,bengluru,248927,premium,rahul,das
cust101984,vivaan shah,rahul.agarwal146@example.com,3062728972,bengluru,196423,premium,vivaan,shah
cust103183,aarav mehta,rohan.singh921@yahoo.com,9913441781,dehli,152679,luxury,aarav,mehta
cust103561,anita agarwal,aarav.kulkarni864@gmail.com,5633155696,jaypur,253584,mid,anita,agarwal
cust102356,diya das,diya.singh145@yahoo.com,1001020649,jaipur,136521,premium,diya,das
cust102517,rahul emhta,arjun.gupta246@yahoo.com,8911222817,delhi,443336,premium,rahul,emhta
cust102554,aditi das,kabir.chopra403@outlook.com,6859439526,bengaluru,158161,mid,aditi,das
cust102986,vivaan chopra,vivaan.khan425@gmail.com,403015422,hyderabad,245831,premium,vivaan,chopra
cust104012,sneha hsarma,,8448124406,surat,150784,premium,sneha,hsarma
cust103059,anaya das,rahul.shah185@yahoo.com,3762204563,jaipur,160874,premium,anaya,das
cust103263,sneha kulkarni,sachin.iyer888@gmail.com,826143048,hyderabad,145484,budget,sneha,kulkarni
cust102308,mira shah,anaya.chopra794@gmail.com,2370463534,ahemdabad,54559,mid,mira,shah
cust103313,anaya sharma,kabir.agarwal444@yahoo.com,464280867,punna,184108,budget,anaya,sharma
cust100648,aditi kapoor,vihaan.agarwal14@example.com,441838939,bangalore,236470,premium,aditi,kapoor
cust101799,rohan nair,arjun.khan932@example.com,6180160801,gurugram,195436,mid,rohan,nair
cust104048,rahul agarwal,aarav.nair155@gmail.com,9076636193,surat,365333,budget,rahul,agarwal
cust104750,anaya kulkarni,sneha.shah899@gmail.com,9615529721,mumbay,125832,luxury,anaya,kulkarni
cust102856,priya singh,rohan.sharma731@yahoo.com,3640779120,jaipur,309184,mid,priya,singh
cust103756,naaya iyer,arjun.kapoor270@outlook.com,5764806086,surrat,243018,mid,naaya,iyer
cust103234,priya kapoor,aditi.das503@yahoo.com,1992064790,mumbaai,129238,mid,priya,kapoor
cust104051,rohan iyer,sneha.mehta254@example.com,2832899795,kalkata,221859,premium,rohan,iyer
cust100824,vihaan nair,anita.das557@example.com,9168210839,gurgaon,128724,luxury,vihaan,nair
cust101387,rohan khan,diya.khan417@example.com,414605471,bangalore,245276,mid,rohan,khan
cust104926,sachin reddy,priya.agarwal942@outlook.com,9916926029,ahemdabad,358072,budget,sachin,reddy
cust104995,ishaan singh,arjun.agarwal686@outlook.com,5881423676,jaypur,157103,budget,ishaan,singh
cust103389,aarav reddy,aditi.reddy912@gmail.com,8929558107,new delhi,288025,luxury,aarav,reddy
cust100358,diay sharma,ishaan.reddy486@example.com,1302214095,punna,144337,luxury,diay,sharma
cust103615,mira sharma,mira.nair460@example.com,6650275723,ahmedabad,40952,budget,mira,sharma
cust103006,scahin patel,aarav.shah89@outlook.com,2615498238,dehli,126099,mid,scahin,patel
cust101145,vihaan singh,anita.das432@gmail.com,1125464359,noida,301447,budget,vihaan,singh
cust103158,akbir patel,kabir.patel5@example.com,2799738594,nodia,113489,mid,akbir,patel
cust101633,rohan agarwal,vivaan.das894@example.com,4788957891,hyderabad,273677,premium,rohan,agarwal
cust104861,sachin agarwal,vihaan.gupta592@yahoo.com,3664542332,gurgaon,248561,luxury,sachin,agarwal
cust104533,ishaan nair,aditi.patel22@gmail.com,3641393016,hydrabad,99240,budget,ishaan,nair
cust101525,anita chopra,priya.kapoor248@outlook.com,6644477613,kalkata,76344,budget,anita,chopra
cust101413,aditi nair,anaya.das914@outlook.com,2439455589,jaipur,97255,luxury,aditi,nair
cust102181,sachin iyer,anaya.shah985@gmail.com,7547476659,poona,182420,premium,sachin,iyer
cust100315,ishaan iyer,arjun.singh899@outlook.com,5983662410,hyderbad,112568,luxury,ishaan,iyer
cust104177,rahul agarwal,sachin.nair38@yahoo.com,9985847845,hyderbad,380965,mid,rahul,agarwal
cust104696,mira mehta,anita.reddy646@yahoo.com,894882971,dehli,214819,luxury,mira,mehta
cust101003,diya singh,sneha.patel159@yahoo.com,2463712823,ahemdabad,171461,luxury,diya,singh
cust104347,anaya reddy,aditi.chopra564@outlook.com,4644572623,noida,219554,luxury,anaya,reddy
cust104139,aarav das,rohan.shah226@gmail.com,5745279429,nodia,148013,luxury,aarav,das
cust102910,anaya das,kabir.kapoor368@outlook.com,9123852938,chennnai,61198,premium,anaya,das
cust100089,aarav sharma,sneha.agarwal410@gmail.com,7094429841,chennnai,243203,luxury,aarav,sharma
cust100402,arjun gupta,vivaan.patel287@gmail.com,8121205375,delhi,68939,mid,arjun,gupta
cust101063,vivaan kulkarni,,8122407383,gurugrm,84323,premium,vivaan,kulkarni
cust100285,arjun kulkarni,rohan.nair643@example.com,9486059709,jaipur,154286,premium,arjun,kulkarni
cust104211,aditi reddy,vihaan.das392@gmail.com,9263860477,gurgaon,293895,budget,aditi,reddy
cust104480,rahul chopra,kabir.reddy656@gmail.com,100523141,pune,162403,premium,rahul,chopra
cust104507,rohan reddy,rahul.chopra855@yahoo.com,6349765240,kolkata,235326,budget,rohan,reddy
cust104652,sneha agarwal,aditi.iyer106@yahoo.com,5007759971,hyderbad,129122,premium,sneha,agarwal
cust102547,mira kapoor,priya.reddy994@gmail.com,3922855385,jaypur,278185,premium,mira,kapoor
cust101450,aarav mehta,diya.agarwal373@gmail.com,1695301133,dehli,224014,premium,aarav,mehta
cust100427,rahul nair,aditi.singh465@example.com,2083709087,new delhi,161478,mid,rahul,nair
cust103453,arjun nair,vihaan.shah790@yahoo.com,5583986172,mumbai,176859,mid,arjun,nair
cust101178,rahul reddy,aditi.shah538@gmail.com,1519905256,chennai,549671,budget,rahul,reddy
cust102162,diya singh,anita.mehta604@yahoo.com,5964673548,mumbai,229737,budget,diya,singh
cust102548,vviaan das,rohan.agarwal341@outlook.com,2640190397,new delhi,183123,luxury,vviaan,das
cust101338,mira singh,vivaan.agarwal630@gmail.com,1285517751,surrat,91830,mid,mira,singh
cust102546,rahul shah,anaya.iyer95@gmail.com,5034935478,nodia,185916,premium,rahul,shah
cust103532,arjun das,anaya.sharma7@outlook.com,6044159722,surrat,166631,mid,arjun,das
cust104967,vihaan gupta,vihaan.reddy111@outlook.com,1696871536,delhi,191058,premium,vihaan,gupta
cust102031,ishaan sharma,ishaan.reddy468@yahoo.com,2777516783,ahemdabad,168968,budget,ishaan,sharma
cust100673,vivaan kulkarni,kabir.reddy924@example.com,7018193870,noida,170057,luxury,vivaan,kulkarni
cust100930,anita reddy,sachin.kapoor171@gmail.com,6584624615,calcutta,182808,budget,anita,reddy
cust102713,aarav shah,rohan.singh116@gmail.com,5238594559,kolkata,142417,mid,aarav,shah
cust104566,aarav shah,aditi.chopra364@gmail.com,1990806306,ahemdabad,165235,luxury,aarav,shah
cust100850,vihaan reddy,anaya.reddy566@outlook.com,2987543368,ahemdabad,117336,mid,vihaan,reddy
cust100571,vihaan das,ishaan.gupta607@outlook.com,5116130843,dehli,254335,mid,vihaan,das
cust103526,priya kapoor,priya.gupta717@example.com,8396067353,ahmedabad,42141,budget,priya,kapoor
cust104676,kabir kapoor,diya.khan564@example.com,9570425864,jaipur,532961,budget,kabir,kapoor
cust104108,mira sharma,rahul.agarwal341@yahoo.com,3350119573,hydrabad,224078,luxury,mira,sharma
cust102629,sachin kulkarni,aditi.shah765@outlook.com,9144741323,chennnai,250481,luxury,sachin,kulkarni
cust100288,rahul singh,kabir.singh961@outlook.com,7906927079,chennai,72779,premium,rahul,singh
cust100738,priya chopra,mira.agarwal706@gmail.com,4498438642,punna,259674,mid,priya,chopra
cust101097,anaya sharma,sachin.gupta151@example.com,6650414646,gurgaon,138276,luxury,anaya,sharma
cust101244,ishaan das,sachin.nair352@gmail.com,3251592234,chennai,106942,budget,ishaan,das
cust100242,kabir singh,anaya.mehta289@gmail.com,3601841600,pune,349835,premium,kabir,singh
cust101528,priya iyer,rohan.sharma348@outlook.com,4621684644,gurugram,175157,budget,priya,iyer
cust102242,sneha das,diya.chopra82@example.com,4186416389,chennai,35117,budget,sneha,das
cust102115,aditi reddy,arjun.nair479@yahoo.com,562801290,hydrabad,172568,premium,aditi,reddy
cust104807,mira mehta,diya.shah211@gmail.com,3286797287,poona,353966,budget,mira,mehta
cust102434,arjun chopra,ishaan.agarwal24@gmail.com,7631130184,jaipur,283217,luxury,arjun,chopra
cust103998,rohan khan,sneha.reddy605@outlook.com,8184268660,hyderabad,340261,premium,rohan,khan
cust104593,anita mehta,priya.kulkarni499@outlook.com,3623220266,ahemdabad,55009,mid,anita,mehta
cust100236,diya shah,rohan.reddy798@outlook.com,1849819392,ahemdabad,323576,budget,diya,shah
cust103984,kabir nair,diya.mehta763@yahoo.com,578897445,mumbaai,101774,mid,kabir,nair
cust102315,aarav sharma,kabir.iyer945@gmail.com,5398185035,chennai,185996,premium,aarav,sharma
cust103965,vivaan kapoor,vihaan.das450@gmail.com,5828256825,kolkata,1376316,premium,vivaan,kapoor
cust101074,aarav reddy,aarav.patel321@outlook.com,6933587567,calcutta,327731,luxury,aarav,reddy
cust101654,arjun reddy,vivaan.singh124@example.com,8850347317,gurgaon,98649,luxury,arjun,reddy
cust101702,sachin nair,aditi.singh230@outlook.com,6455198200,dehli,225805,budget,sachin,nair
cust100282,vivaan mehta,vihaan.das876@outlook.com,9827664217,nodia,56316,mid,vivaan,mehta
cust102375,ishaan iyer,sachin.gupta789@gmail.com,6124650341,new delhi,644423,luxury,ishaan,iyer
cust100855,arjun hsarma,mira.mehta886@gmail.com,2821863418,dehli,157075,premium,arjun,hsarma
cust101940,sneha das,anaya.gupta13@gmail.com,1589486544,chennnai,715425,mid,sneha,das
cust104393,anaya sharma,arjun.mehta705@gmail.com,8059851233,ahmedabad,285085,budget,anaya,sharma
cust101801,sachin sharma,sneha.patel681@gmail.com,3199729659,hyderbad,463323,budget,sachin,sharma
cust103105,anita patel,sachin.singh938@outlook.com,574219924,kalkata,289441,premium,anita,patel
cust104232,ishaan kapoor,priya.singh833@example.com,4418943748,mumbai,59020,budget,ishaan,kapoor
cust104622,ishaan nair,anaya.singh974@yahoo.com,8397870818,hyderbad,86351,mid,ishaan,nair
cust104155,arjun patel,vihaan.kulkarni153@gmail.com,3941552003,surrat,60567,luxury,arjun,patel
cust103100,aditi reddy,vihaan.khan786@yahoo.com,4678445562,bengluru,459569,luxury,aditi,reddy
cust101911,vihaan das,priya.shah821@yahoo.com,1339745957,surrat,166738,luxury,vihaan,das
cust104127,arjun iyer,aditi.kapoor322@outlook.com,9187457495,hydrabad,161464,premium,arjun,iyer
cust103722,rohan das,sachin.agarwal317@example.com,3961056609,calcutta,274081,premium,rohan,das
cust102634,anaya patel,vivaan.gupta584@example.com,9473840927,bengluru,457617,mid,anaya,patel
cust104329,mira chopra,arjun.chopra904@outlook.com,6373361526,jaipur,119352,premium,mira,chopra
cust103207,anaya patel,anita.chopra959@yahoo.com,9408072204,mumbay,118330,budget,anaya,patel
cust103008,rohan kulkarni,aarav.khan269@yahoo.com,9293224224,pune,108250,premium,rohan,kulkarni
cust103243,anaya kulkarni,diya.agarwal738@yahoo.com,9224763795,ahemdabad,136361,budget,anaya,kulkarni
cust104197,vivaan mehta,sachin.sharma155@yahoo.com,1584601910,mumbaai,127290,luxury,vivaan,mehta
cust102944,diya kulkarni,ishaan.mehta320@gmail.com,3903692840,noida,120759,luxury,diya,kulkarni
cust101409,mira reddy,aditi.das504@yahoo.com,3330946070,pune,76361,mid,mira,reddy
cust100042,diya iyer,sneha.shah417@gmail.com,9585963090,chennai,228853,mid,diya,iyer
cust104965,kabir agarwal,aarav.singh609@outlook.com,7300711016,poona,191479,mid,kabir,agarwal
cust103293,kabir singh,anita.shah178@example.com,5120344793,chennnai,197110,mid,kabir,singh
cust104794,anaya kulkarni,vivaan.patel451@example.com,8743742740,new delhi,211697,mid,anaya,kulkarni
cust103440,vivaan singh,rahul.singh243@example.com,9096507960,ahemdabad,526630,mid,vivaan,singh
cust103941,arjun kulkarni,priya.gupta524@gmail.com,2204597227,hydrabad,118120,premium,arjun,kulkarni
cust100790,rahul gupta,vihaan.agarwal38@gmail.com,6520321556,chennai,166036,mid,rahul,gupta
cust101347,diya khan,aditi.patel542@example.com,9184486826,hyderbad,132653,premium,diya,khan
cust104322,priya kapoor,diya.shah631@example.com,7520863760,bengaluru,78952,mid,priya,kapoor
cust104608,priya kapoor,sachin.agarwal963@yahoo.com,1399488732,punna,98135,premium,priya,kapoor
cust104276,vivaan agarwal,rohan.shah735@example.com,4815077686,calcutta,63523,budget,vivaan,agarwal
cust101454,ishaan nair,ishaan.kapoor119@gmail.com,651714899,mumbai,172347,mid,ishaan,nair
cust101918,rohan khan,rohan.reddy738@example.com,7080243716,gurugram,143163,luxury,rohan,khan
cust104883,aditi mehta,vihaan.reddy143@gmail.com,5916154434,mumbai,470161,budget,aditi,mehta
cust103130,kabir das,sneha.chopra263@outlook.com,518817652,pune,87125,premium,kabir,das
cust100252,anaya kulkarni,anaya.sharma393@gmail.com,6818649058,chennnai,145624,luxury,anaya,kulkarni
cust103685,sachin chopra,priya.khan874@example.com,1702331792,surrat,368811,mid,sachin,chopra
cust100908,sneha reddy,priya.gupta29@gmail.com,7582545390,hyderabad,66566,luxury,sneha,reddy
cust104105,aditi sharma,sachin.shah261@example.com,6955230472,jaypur,188250,premium,aditi,sharma
cust103405,vivaan agarwal,vivaan.agarwal408@outlook.com,2574494679,ahemdabad,279454,premium,vivaan,agarwal
cust101584,anita patel,diya.shah545@example.com,8220228875,surrat,1537602,budget,anita,patel
cust100022,ishaan chopra,,7374799974,jaipur,129019,budget,ishaan,chopra
cust100876,aditi gupta,kabir.reddy872@outlook.com,5183650411,jaipur,120991,premium,aditi,gupta
cust104366,mira gupta,aditi.reddy297@yahoo.com,4511157524,kolkata,241791,mid,mira,gupta
cust102386,sachin kapoor,kabir.patel852@yahoo.com,487638884,gurgaon,163047,premium,sachin,kapoor
cust102385,anaya iyer,anita.agarwal452@gmail.com,97372600,surat,229393,budget,anaya,iyer
cust102648,sneha shah,sachin.kapoor272@example.com,2213262353,punna,228915,budget,sneha,shah
cust104213,diya das,mira.patel377@outlook.com,6795050537,nodia,108432,budget,diya,das
cust102539,priya reddy,arjun.das273@example.com,3235103154,jaypur,118188,luxury,priya,reddy
cust103854,diya kapoor,ishaan.mehta939@outlook.com,5447527774,ahmedabad,237268,budget,diya,kapoor
cust104768,priya shah,sachin.mehta965@example.com,8869559040,hyderabad,506030,premium,priya,shah
cust100146,kabir kapoor,aditi.khan404@gmail.com,2491751498,delhi,138133,premium,kabir,kapoor
cust102096,priya gupta,sneha.sharma805@outlook.com,5358528642,hyderabad,85505,budget,priya,gupta
cust103723,mira nair,arjun.nair233@yahoo.com,823034353,chennai,74598,mid,mira,nair
cust103783,anaya kulkarni,ishaan.das848@example.com,1267856571,noida,97529,premium,anaya,kulkarni
cust103608,vihaan sharma,ishaan.sharma586@example.com,1457995156,calcutta,93001,premium,vihaan,sharma
cust101665,sneha kulkarni,rohan.agarwal554@example.com,4327516099,nodia,56103,luxury,sneha,kulkarni
cust102804,diya kuklarni,sachin.nair473@outlook.com,3982769648,hydrabad,196136,premium,diya,kuklarni
cust104962,kabir chopra,priya.sharma285@gmail.com,6769677169,hyderbad,78201,budget,kabir,chopra
cust102340,vihaan chopra,kabir.chopra834@example.com,5695260107,chennai,424918,budget,vihaan,chopra
cust100941,rohan kapoor,mira.khan684@example.com,4647919334,nodia,299212,premium,rohan,kapoor
cust102541,vihaan reddy,vivaan.mehta530@outlook.com,3040238401,ahemdabad,162006,mid,vihaan,reddy
cust102049,ishaan das,rohan.nair708@gmail.com,5165611081,chennai,114378,luxury,ishaan,das
cust101357,rohan reddy,diya.kapoor692@yahoo.com,4808304769,gurugram,100697,luxury,rohan,reddy
cust100519,anaya das,anaya.iyer192@yahoo.com,9875679720,hyderbad,133052,mid,anaya,das
cust103590,vivaan shah,anita.shah313@gmail.com,850979723,nodia,131242,budget,vivaan,shah
cust103186,sneha shah,kabir.kulkarni632@outlook.com,170992456,nodia,172568,budget,sneha,shah
cust100509,sneha singh,diya.kulkarni35@example.com,5252124314,punna,180957,premium,sneha,singh
cust102378,sachinr eddy,diya.khan748@yahoo.com,7947367571,pune,215010,premium,sachinr,eddy
cust101704,rohan gupta,ishaan.singh322@yahoo.com,1936236437,mumbay,52671,premium,rohan,gupta
cust104354,rohan iyer,arjun.mehta932@example.com,4271380161,calcutta,165457,mid,rohan,iyer
cust100338,ishaan das,rahul.kulkarni428@gmail.com,4536440882,hyderabad,153349,mid,ishaan,das
cust100209,sneha agarwal,sachin.patel24@outlook.com,8524972767,mumbaai,146780,mid,sneha,agarwal
cust100309,anita gupta,vihaan.sharma671@yahoo.com,8922248065,noida,66267,luxury,anita,gupta
cust102766,sachin sharma,aarav.gupta957@example.com,7930665436,hyderabad,363830,luxury,sachin,sharma
cust104644,diya agarwal,,8987009552,poona,341099,mid,diya,agarwal
cust103058,mira singh,mira.shah769@outlook.com,8073108446,jaipur,218829,premium,mira,singh
cust102332,vihaan khan,ishaan.kapoor919@outlook.com,9867188399,surrat,80252,mid,vihaan,khan
cust104993,mira kapoor,,4669658817,chennnai,150381,mid,mira,kapoor
cust103308,sachin iyer,anita.nair70@example.com,7101152749,delhi,68842,budget,sachin,iyer
cust100286,priya das,priya.nair127@gmail.com,6856578052,new delhi,216007,mid,priya,das
cust104263,ishaan agarwal,vivaan.khan770@gmail.com,3769223890,gurugram,108332,budget,ishaan,agarwal
cust101972,vihaan iyer,mira.patel286@example.com,5796099153,mumbaai,270006,luxury,vihaan,iyer
cust103864,vivaan shah,rohan.reddy316@example.com,710799843,mumbaai,215942,mid,vivaan,shah
cust104252,kabir aptel,anita.nair675@yahoo.com,412306326,hyderbad,130347,mid,kabir,aptel
cust101727,vihaan sharma,rahul.khan951@example.com,444813557,gurugrm,114159,luxury,vihaan,sharma
cust100849,sachin nair,anita.singh924@gmail.com,9863604632,surat,523958,luxury,sachin,nair
cust102560,vivaan agarwal,priya.khan409@example.com,5579991322,dehli,173334,budget,vivaan,agarwal
cust100269,kabir sharma,mira.patel609@gmail.com,3538254714,jaipur,238821,budget,kabir,sharma
cust101032,rahul agarwal,sachin.khan496@outlook.com,5586209394,gurgaon,187988,premium,rahul,agarwal
cust101130,arjun mehta,rohan.kapoor146@outlook.com,8228479566,pune,197388,budget,arjun,mehta
cust104027,aditi kapoor,ishaan.shah597@gmail.com,4707446926,hyderbad,192128,budget,aditi,kapoor
cust100902,anaya gupta,aditi.iyer877@example.com,9147263460,hyderabad,105193,luxury,anaya,gupta
cust102655,diya singh,rahul.kulkarni528@yahoo.com,5936012653,delhi,111018,budget,diya,singh
cust102847,sneha singh,rohan.singh200@gmail.com,1469740547,surat,53409,budget,sneha,singh
cust102774,anaya reddy,anaya.khan788@yahoo.com,5389974534,chennai,243288,luxury,anaya,reddy
cust101946,vivaan snigh,aditi.singh754@yahoo.com,915821982,jaipur,265139,luxury,vivaan,snigh
cust101027,ishaan agarwal,sachin.nair800@gmail.com,3394920533,gurugram,179349,budget,ishaan,agarwal
cust104597,arjun shah,priya.reddy763@yahoo.com,9970770811,new delhi,209553,luxury,arjun,shah
cust104600,anaya sharma,rahul.sharma231@gmail.com,9267098665,bengluru,58886,luxury,anaya,sharma
cust102322,arjun patel,kabir.agarwal563@outlook.com,3438650564,bengaluru,297341,premium,arjun,patel
cust103273,mira iyer,priya.singh372@outlook.com,5160870971,gurgaon,146132,mid,mira,iyer
cust100045,diya singh,priya.mehta840@yahoo.com,568086021,calcutta,55168,luxury,diya,singh
cust101168,anita kulkarni,anita.chopra997@gmail.com,9203746344,hydrabad,240287,premium,anita,kulkarni
cust101486,aditi reddy,rahul.gupta255@gmail.com,9794661354,gurugrm,221159,mid,aditi,reddy
cust103773,ishaan singh,mira.shah834@gmail.com,914113741,mumbaai,363436,mid,ishaan,singh
cust103834,anaya das,ishaan.agarwal820@yahoo.com,1989286651,mumbaai,182232,premium,anaya,das
cust101686,diya iyer,ishaan.kapoor753@yahoo.com,6054241978,mumbay,399967,premium,diya,iyer
cust103222,rohan kapoor,priya.gupta604@gmail.com,1004609589,new delhi,456643,mid,rohan,kapoor
cust100694,sachin patel,diya.kapoor160@gmail.com,4222579724,surrat,152097,premium,sachin,patel
cust103179,rohan das,sneha.shah485@gmail.com,8142946909,gurugrm,111778,premium,rohan,das
cust103309,diya patel,arjun.agarwal539@yahoo.com,4261877669,noida,161136,mid,diya,patel
cust103635,mira sharma,kabir.gupta975@yahoo.com,5500881168,jaipur,147330,premium,mira,sharma
cust100229,priya kapoor,anaya.sharma31@yahoo.com,8708409920,punna,250480,mid,priya,kapoor
cust101493,anaya chopra,kabir.kapoor953@outlook.com,1110312607,jaypur,269595,luxury,anaya,chopra
cust104816,anaya agarwal,sneha.chopra145@yahoo.com,7368105164,hyderbad,309587,premium,anaya,agarwal
cust102750,aarav shah,priya.agarwal654@example.com,479249410,bangalore,42420,budget,aarav,shah
cust102391,aditi shah,vihaan.patel213@gmail.com,1095904167,pune,335852,premium,aditi,shah
cust104742,ishaan khan,sneha.mehta541@example.com,9300389996,ahemdabad,289506,budget,ishaan,khan
cust104565,diya das,diya.sharma697@yahoo.com,1219481412,pune,295196,budget,diya,das
cust103463,vivaan singh,rohan.das600@gmail.com,5817594579,surat,204482,budget,vivaan,singh
cust100724,kabir gupta,arjun.patel661@gmail.com,3815501535,hyderabad,275006,luxury,kabir,gupta
cust102771,vivaan chopra,mira.shah588@gmail.com,918857453,gurugrm,140963,premium,vivaan,chopra
cust102683,aarav kulkarni,diya.das689@gmail.com,1433472188,ahmedabad,200772,luxury,aarav,kulkarni
cust100142,rohan nair,aditi.sharma233@outlook.com,9367965528,bengluru,118360,premium,rohan,nair
cust103138,ishaan iyer,vivaan.kulkarni695@gmail.com,6124684229,hyderabad,187491,premium,ishaan,iyer
cust100353,rahul reddy,vivaan.mehta904@example.com,8067850119,mumbaai,41157,budget,rahul,reddy
cust104613,arjun mehta,ishaan.nair197@gmail.com,6172725219,hyderbad,66376,luxury,arjun,mehta
cust104536,anita singh,kabir.iyer573@outlook.com,6459092224,jaipur,301871,budget,anita,singh
cust102494,anita mehta,rahul.shah96@yahoo.com,4533770894,jaipur,205634,luxury,anita,mehta
cust104462,anita agarwal,kabir.reddy84@example.com,3868208936,chennai,214727,mid,anita,agarwal
cust103490,vivaan agarwal,ishaan.singh341@yahoo.com,5226922110,delhi,156893,mid,vivaan,agarwal
cust102422,mira shah,vihaan.das214@gmail.com,4089824226,jaypur,440086,mid,mira,shah
cust101154,rohan agarwal,anita.mehta354@gmail.com,7248370750,bangalore,375997,budget,rohan,agarwal
cust104785,priya singh,sachin.chopra687@yahoo.com,7321433346,kalkata,956897,mid,priya,singh
cust103873,anaya agarwal,anaya.khan335@example.com,3122940704,mumbai,118035,mid,anaya,agarwal
cust100674,arjun mehta,sachin.iyer430@example.com,4831247247,punna,148605,premium,arjun,mehta
cust102727,priya singh,kabir.iyer152@yahoo.com,7621071857,surrat,137229,premium,priya,singh
cust101026,arjun kulkarni,priya.kapoor113@gmail.com,860502948,gurugrm,130284,mid,arjun,kulkarni
cust102282,arjun kapoor,anaya.singh447@gmail.com,9991033063,mumbai,96351,premium,arjun,kapoor
cust104755,rohan reddy,kabir.kapoor682@example.com,222705268,jaypur,144459,mid,rohan,reddy
cust104142,mira chopra,aarav.singh497@gmail.com,6247350710,chennai,325034,luxury,mira,chopra
cust104046,mira sharma,mira.singh659@yahoo.com,5619908376,hyderabad,134245,luxury,mira,sharma
cust100105,vihaan iyer,mira.chopra867@gmail.com,2816202268,mumbay,115649,premium,vihaan,iyer
cust104446,kabir gupta,sachin.shah695@gmail.com,7243590219,hyderbad,133405,luxury,kabir,gupta
cust101932,rohan nair,mira.sharma292@gmail.com,833251625,chennnai,99780,mid,rohan,nair
cust104376,ishaan iyer,vihaan.agarwal193@yahoo.com,3717453414,new delhi,293586,budget,ishaan,iyer
cust100504,rahul gupta,mira.shah863@outlook.com,3481840841,gurugrm,97401,mid,rahul,gupta
cust100991,sachin iyer,rohan.reddy540@yahoo.com,1809284667,nodia,125544,luxury,sachin,iyer
cust104737,priya gupta,sneha.shah31@example.com,6210933683,nodia,174614,budget,priya,gupta
cust103832,aditi kapoor,arjun.sharma818@outlook.com,6153924133,surrat,325783,luxury,aditi,kapoor
cust102258,anaya gupta,priya.khan216@example.com,1407654869,kolkata,234399,premium,anaya,gupta
cust100500,aditi shah,rahul.patel949@example.com,8321753276,gurugram,406281,luxury,aditi,shah
cust102979,ishaan chopra,sachin.nair584@gmail.com,9268401988,mumbai,75117,luxury,ishaan,chopra
cust104440,priya reddy,ishaan.shah522@yahoo.com,5142914089,hydrabad,185304,premium,priya,reddy
cust100394,aditi patel,rahul.singh829@example.com,4204723943,jaypur,62049,luxury,aditi,patel
cust103365,sneha iyer,aarav.shah116@example.com,9382764614,pune,266637,budget,sneha,iyer
cust100891,rahul chopra,arjun.reddy668@example.com,8666442422,kalkata,108759,budget,rahul,chopra
cust103712,sneha patel,rohan.reddy235@outlook.com,4064070419,hyderbad,832588,premium,sneha,patel
cust100666,rohan mehta,rahul.singh543@gmail.com,4521232530,nodia,202496,mid,rohan,mehta
cust101022,rohand as,,6019799242,mumbai,208949,premium,rohand,as
cust100624,anita das,anaya.sharma384@outlook.com,4725389472,jaipur,227605,mid,anita,das
cust100977,vivaan chopra,anaya.das393@outlook.com,8260252400,mumbai,167467,premium,vivaan,chopra
cust103240,anaya agarwal,rahul.shah980@gmail.com,6494714000,bangalore,216818,premium,anaya,agarwal
cust102780,priya singh,kabir.kapoor575@example.com,3821693244,hydrabad,177620,mid,priya,singh
cust100814,diya singh,priya.chopra490@outlook.com,6069619209,surat,187245,mid,diya,singh
cust100050,vihaan iyer,kabir.nair561@gmail.com,1001168043,delhi,512580,mid,vihaan,iyer
cust102726,sachin nair,aarav.singh38@outlook.com,1885804043,kalkata,245577,budget,sachin,nair
cust101691,vivaan nair,vivaan.khan938@outlook.com,9843976422,hyderbad,143612,premium,vivaan,nair
cust104836,sachin reddy,arjun.agarwal432@yahoo.com,2134825129,bangalore,84131,premium,sachin,reddy
cust102934,sachin nair,diya.shah517@gmail.com,2666353743,surat,74158,budget,sachin,nair
cust102164,mira singh,sneha.chopra174@yahoo.com,4948870263,ahemdabad,275456,premium,mira,singh
cust101899,sachin mehta,sneha.chopra486@yahoo.com,7838497284,kolkata,209492,mid,sachin,mehta
cust101376,rahul agarwal,kabir.shah189@outlook.com,3871683150,surrat,142040,budget,rahul,agarwal
cust102101,rahul singh,kabir.singh704@example.com,1778208733,hyderabad,151224,luxury,rahul,singh
cust104825,priya singh,aditi.gupta837@gmail.com,4194954201,new delhi,113564,premium,priya,singh
cust103184,anaya agarwal,,3178662649,jaipur,118375,budget,anaya,agarwal
cust102964,rahul patel,kabir.nair21@gmail.com,1757788625,mumbai,229894,premium,rahul,patel
cust104193,sachin kapoor,,3976513337,ahemdabad,212910,premium,sachin,kapoor
cust104587,sneha shah,sachin.reddy615@outlook.com,9080713458,ahmedabad,201746,budget,sneha,shah
cust102848,rohan agarwal,kabir.nair410@gmail.com,2899378886,mumbai,158169,luxury,rohan,agarwal
cust100234,anita shah,kabir.patel804@outlook.com,689611364,chennai,206476,mid,anita,shah
cust100802,anita kapoor,vihaan.nair540@yahoo.com,6172505038,calcutta,65681,premium,anita,kapoor
cust101048,aditi khan,vivaan.das498@gmail.com,3110292370,chennnai,77083,mid,aditi,khan
cust102080,aditi nair,sachin.das452@gmail.com,3520675295,mumbay,70799,luxury,aditi,nair
cust104706,mira nair,sachin.kulkarni810@gmail.com,8425397929,pune,174379,premium,mira,nair
cust103858,priya kulkarni,arjun.chopra85@outlook.com,7731447282,ahmedabad,217940,premium,priya,kulkarni
cust102867,diya shah,arjun.nair694@outlook.com,2831881908,jaypur,74602,mid,diya,shah
cust103244,anita sharma,mira.mehta449@gmail.com,3584900362,gurgaon,165180,luxury,anita,sharma
cust103789,mira chopra,vihaan.chopra124@gmail.com,4435805220,gurugram,304064,budget,mira,chopra
cust103494,sachin das,rohan.singh244@outlook.com,3648961385,chennnai,547270,mid,sachin,das
cust104920,ishaan mehta,arjun.reddy89@example.com,3242271056,ahemdabad,216815,mid,ishaan,mehta
cust100890,anaya patel,vivaan.kapoor27@gmail.com,9864458410,calcutta,129665,luxury,anaya,patel
cust102178,vivaan kapoor,priya.chopra450@yahoo.com,6919024837,gurgaon,404209,mid,vivaan,kapoor
cust102428,priya sharma,kabir.chopra560@example.com,4906972828,bengluru,154736,premium,priya,sharma
cust101921,vihaan iyer,diya.nair519@yahoo.com,5590574144,mumbaai,288550,mid,vihaan,iyer
cust100781,mira nair,aditi.patel726@outlook.com,5256941741,ahemdabad,97720,mid,mira,nair
cust104419,vivaan singh,sachin.nair688@gmail.com,879092810,noida,230434,premium,vivaan,singh
cust102047,sneha chopra,sneha.shah200@yahoo.com,4867597565,ahmedabad,216972,premium,sneha,chopra
cust101302,kabir iyer,aarav.chopra538@outlook.com,91074319,ahemdabad,246398,budget,kabir,iyer
cust102136,anita nair,vivaan.sharma197@yahoo.com,8430581925,chennai,177717,premium,anita,nair
cust103825,diya kapoor,aditi.reddy697@example.com,191254148,pune,66739,premium,diya,kapoor
cust101865,kabir khan,,5335951147,hyderbad,142212,premium,kabir,khan
cust103342,rohan agarwal,mira.agarwal178@outlook.com,4427961329,delhi,102406,budget,rohan,agarwal
cust101587,anaya iyer,anita.das22@yahoo.com,7021280586,surat,156577,mid,anaya,iyer
cust102260,arjun singh,anaya.gupta178@outlook.com,1636023584,surat,79730,mid,arjun,singh
cust100585,priya das,aarav.nair517@example.com,4065076528,gurgaon,195034,budget,priya,das
cust100044,ishaan kapoor,ishaan.nair701@yahoo.com,2488857722,nodia,58396,premium,ishaan,kapoor
cust102468,mira kapoor,rohan.chopra721@example.com,8869184210,noida,212065,budget,mira,kapoor
cust101291,ishaan nair,anita.agarwal574@gmail.com,7619662280,hyderbad,73663,mid,ishaan,nair
cust100795,rahul das,sachin.reddy694@gmail.com,6494889344,ahemdabad,120039,mid,rahul,das
cust101991,priya sharma,rahul.chopra355@gmail.com,7412851295,delhi,73818,mid,priya,sharma
cust100114,priya patel,ishaan.iyer142@outlook.com,3646665995,chennnai,77644,luxury,priya,patel
cust102980,diya das,aditi.agarwal285@example.com,4973225196,gurugrm,366076,budget,diya,das
cust101136,anita gupta,sneha.singh755@outlook.com,5181057147,nodia,325160,luxury,anita,gupta
cust102915,vihaan khan,ishaan.agarwal489@gmail.com,8926523756,new delhi,115911,premium,vihaan,khan
cust102093,rahul kulkarni,priya.agarwal271@outlook.com,7784660085,ahmedabad,249027,budget,rahul,kulkarni
cust101459,diya khan,anita.patel662@outlook.com,2682057395,ahemdabad,551145,mid,diya,khan
cust101637,ishaan kulkarni,diya.sharma476@gmail.com,862164112,mumbaai,99706,luxury,ishaan,kulkarni
cust101638,vivaan shah,rahul.shah390@gmail.com,1239260246,jaypur,173855,luxury,vivaan,shah
cust100273,rohan chopra,aditi.singh130@outlook.com,2622366905,chennnai,105416,mid,rohan,chopra
cust103496,anaya singh,anaya.nair848@yahoo.com,2952825073,jaypur,301175,mid,anaya,singh
cust104723,rohan shah,priya.khan219@gmail.com,3716856374,surrat,172911,mid,rohan,shah
cust104238,rahul shah,priya.agarwal303@gmail.com,547100540,jaipur,157235,luxury,rahul,shah
cust101115,ishaan das,anita.gupta602@yahoo.com,6458740615,jaipur,84437,mid,ishaan,das
cust102659,priya kapoor,arjun.khan302@yahoo.com,8582469196,kalkata,115751,luxury,priya,kapoor
cust100231,sneha das,rohan.shah567@outlook.com,7389106177,gurugrm,119195,premium,sneha,das
cust104458,vihaan khan,rahul.agarwal774@yahoo.com,6384391877,mumbay,111174,premium,vihaan,khan
cust104838,kabir das,anita.singh693@yahoo.com,1043877699,gurugrm,139653,mid,kabir,das
cust102755,kabir chopra,arjun.chopra848@example.com,2894102817,mumbaai,98767,luxury,kabir,chopra
cust101855,vivaan chopra,ishaan.gupta971@gmail.com,6956729245,kalkata,67692,budget,vivaan,chopra
cust104974,anaya das,sneha.nair921@outlook.com,506486279,noida,201494,luxury,anaya,das
cust101089,rohan kulkarni,sneha.das401@yahoo.com,6691077950,dehli,291747,luxury,rohan,kulkarni
cust101626,anaya kapoor,aditi.reddy656@outlook.com,8648326522,surat,212512,budget,anaya,kapoor
cust101762,sachin chopra,vihaan.iyer39@gmail.com,1526609955,gurugrm,170433,luxury,sachin,chopra
cust104631,rahul patel,rohan.mehta799@yahoo.com,7075597273,jaipur,71612,premium,rahul,patel
cust103759,vivaan nair,vivaan.chopra585@outlook.com,4780562481,chennnai,70285,premium,vivaan,nair
cust101568,vivaan nair,arjun.das826@example.com,4576405738,bengluru,268264,luxury,vivaan,nair
cust102989,anita gupta,aarav.kulkarni961@yahoo.com,3630321467,hyderbad,144709,mid,anita,gupta
cust102884,sachin sharma,mira.khan963@yahoo.com,3277067382,kolkata,28433,luxury,sachin,sharma
cust104468,vihaan kulkarni,rohan.mehta190@example.com,6047015718,bangalore,205055,luxury,vihaan,kulkarni
cust103385,kabir mehta,arjun.kulkarni990@gmail.com,2414658673,kalkata,818101,premium,kabir,mehta
cust100162,rohan khan,aarav.agarwal707@gmail.com,7966404401,hyderbad,496845,luxury,rohan,khan
cust104917,vihaan iyer,mira.gupta942@yahoo.com,7820137246,bengluru,84490,luxury,vihaan,iyer
cust100811,arjun reddy,sneha.das315@outlook.com,5246567738,ahmedabad,149219,mid,arjun,reddy
cust101287,sneha gupta,ishaan.iyer115@example.com,3513343012,noida,132084,luxury,sneha,gupta
cust101501,sneha das,ishaan.patel624@outlook.com,3448917801,ahemdabad,115883,budget,sneha,das
cust102987,vihaan kapoor,anaya.mehta349@gmail.com,8318067535,delhi,226395,mid,vihaan,kapoor
cust104397,rohan kapoor,sneha.shah292@example.com,567265620,mumbaai,240271,mid,rohan,kapoor
cust100635,priya kapoor,priya.reddy499@example.com,3343377295,ahemdabad,86817,luxury,priya,kapoor
cust100531,priya singh,ishaan.reddy927@gmail.com,7046712791,poona,189742,luxury,priya,singh
cust101286,vivaan hkan,vivaan.shah282@outlook.com,1551127525,nodia,89037,budget,vivaan,hkan
cust104369,rohan kapoor,mira.kapoor376@outlook.com,6684073250,jaipur,110323,mid,rohan,kapoor
cust101668,sneha reddy,sneha.khan444@yahoo.com,5418077130,kalkata,154211,mid,sneha,reddy
cust104844,kabir mehta,kabir.khan727@outlook.com,2075332276,hyderabad,108548,premium,kabir,mehta
cust104603,miar nair,vihaan.sharma59@gmail.com,6724349044,nodia,64806,mid,miar,nair
cust101226,aditi kulkarni,aarav.kapoor3@example.com,2751670345,jaypur,209898,budget,aditi,kulkarni
cust103601,anaya agarwal,rahul.mehta365@example.com,9453599082,gurugram,220124,budget,anaya,agarwal
cust102152,rahul nair,aarav.mehta418@gmail.com,9315678392,nodia,118633,budget,rahul,nair
cust104568,ishaan das,aarav.nair612@example.com,4247725160,ahmedabad,144621,mid,ishaan,das
cust102141,aditi gupta,rohan.nair393@yahoo.com,6059305446,bengluru,269121,luxury,aditi,gupta
cust100210,rahul singh,anita.singh353@example.com,6179817006,nodia,82266,luxury,rahul,singh
cust102374,rahul singh,rohan.sharma937@yahoo.com,7551596447,dehli,172937,luxury,rahul,singh
cust101819,kabir nair,anaya.reddy938@example.com,4615226671,noida,164229,premium,kabir,nair
cust102271,rahul chopra,diya.singh665@gmail.com,2706648624,bengluru,90147,mid,rahul,chopra
cust101780,mira sharma,priya.nair354@yahoo.com,5656968224,jaypur,191359,budget,mira,sharma
cust100685,sneha nair,anita.mehta834@example.com,1857709755,kolkata,26898,luxury,sneha,nair
cust103128,rahul patel,vivaan.mehta547@example.com,3937660071,jaipur,301852,mid,rahul,patel
cust100459,ishaan khan,mira.singh497@yahoo.com,9213106472,mumbay,196267,mid,ishaan,khan
cust100440,sachin patel,anaya.iyer114@example.com,9289344163,jaypur,125982,mid,sachin,patel
cust104341,aarav agarwal,ishaan.kapoor741@example.com,4134972748,kalkata,169614,premium,aarav,agarwal
cust103370,diya shah,priya.sharma993@yahoo.com,1111001834,mumbai,139411,premium,diya,shah
cust100924,vihaan agarwal,sneha.nair429@example.com,895381280,noida,104955,luxury,vihaan,agarwal
cust100054,rahlu nair,mira.kapoor895@yahoo.com,5495594879,nodia,150328,budget,rahlu,nair
cust101985,sachin iyer,vihaan.agarwal413@gmail.com,9536862079,mumbai,246099,mid,sachin,iyer
cust103772,rahul reddy,aditi.gupta354@gmail.com,5117885775,noida,89038,budget,rahul,reddy
cust104843,anaya patel,aarav.singh195@gmail.com,1602950059,nodia,100163,premium,anaya,patel
cust101479,vihaan kulkarni,anaya.mehta30@outlook.com,8256856070,dehli,156805,luxury,vihaan,kulkarni
cust103771,rahul shah,ishaan.sharma671@outlook.com,824608052,gurugrm,206422,luxury,rahul,shah
cust101671,mira agarwal,vivaan.mehta30@outlook.com,8349511227,bengaluru,187110,mid,mira,agarwal
cust102144,rahul das,mira.mehta813@example.com,9398707114,hyderbad,109374,premium,rahul,das
cust104969,diya iyer,priya.reddy47@outlook.com,5323343017,bengluru,206609,budget,diya,iyer
cust102509,vihaan nair,ishaan.agarwal344@example.com,207068231,ahmedabad,167386,premium,vihaan,nair
cust101402,mira kulkarni,sachin.sharma523@gmail.com,5526319819,hydrabad,53509,premium,mira,kulkarni
cust100115,mira patel,diya.kapoor886@example.com,8922100768,gurugram,181632,luxury,mira,patel
cust102205,vihaan chopra,vivaan.sharma246@gmail.com,8147990742,chennai,162181,premium,vihaan,chopra
cust104268,diya iyer,sachin.agarwal185@yahoo.com,296238898,surrat,51591,mid,diya,iyer
cust101717,aditi das,rohan.khan610@gmail.com,2857764855,calcutta,42848,budget,aditi,das
cust102117,rahul das,vivaan.chopra703@gmail.com,2167373933,gurugram,168925,budget,rahul,das
cust104985,mira kulkarni,ishaan.kulkarni329@yahoo.com,240297925,nodia,315881,luxury,mira,kulkarni
cust103742,rohan shah,kabir.singh517@gmail.com,3042291507,ahemdabad,162996,premium,rohan,shah
cust104978,sneha mehta,aarav.kapoor720@yahoo.com,6269118821,hyderbad,158258,budget,sneha,mehta
cust101766,aditi khan,sachin.gupta234@outlook.com,8062854808,gurgaon,107766,premium,aditi,khan
cust100857,adtii iyer,anita.iyer145@example.com,4098147348,surat,200320,budget,adtii,iyer
cust103003,aditik apoor,aarav.chopra360@gmail.com,5146728428,calcutta,76402,premium,aditik,apoor
cust103743,anita mehta,priya.mehta196@yahoo.com,9233794962,gurugrm,125827,budget,anita,mehta
cust102521,anita chopra,sneha.chopra711@yahoo.com,7115619997,bengaluru,217890,budget,anita,chopra
cust103476,aditi singh,anita.mehta930@example.com,5942753611,ahmedabad,75243,luxury,aditi,singh
cust100183,sachin chopra,rahul.nair411@yahoo.com,1434944950,kalkata,338267,mid,sachin,chopra
cust104343,kabir das,kabir.singh628@gmail.com,6411549802,ahemdabad,366822,luxury,kabir,das
cust104168,vivaan patel,anaya.kapoor160@outlook.com,7819717576,bangalore,142242,premium,vivaan,patel
cust104161,sachin khan,vivaan.patel825@outlook.com,108670293,chennai,162766,premium,sachin,khan
cust100480,sneha chopra,aarav.mehta107@gmail.com,1994014510,ahmedabad,309592,luxury,sneha,chopra
cust104117,anaya iyer,rahul.kapoor697@example.com,2733603618,jaypur,86044,mid,anaya,iyer
cust101377,priya gupta,sneha.shah556@example.com,7403852990,delhi,135260,mid,priya,gupta
cust103580,kabir agarwal,arjun.reddy851@gmail.com,2468273600,gurgaon,129736,luxury,kabir,agarwal
cust104786,vihaan reddy,anaya.sharma761@yahoo.com,2839292841,ahemdabad,249736,budget,vihaan,reddy
cust104422,mira shah,ishaan.gupta777@yahoo.com,5969606725,delhi,161649,luxury,mira,shah
cust100111,rohan mehta,arjun.mehta535@example.com,5104630083,poona,194830,mid,rohan,mehta
cust100062,rahul gupta,anita.iyer823@gmail.com,7640212277,punna,153313,mid,rahul,gupta
cust102816,aarav khan,sneha.reddy579@outlook.com,8523666608,poona,352368,mid,aarav,khan
cust101627,diya mehta,vivaan.kapoor220@example.com,2158795074,poona,183029,mid,diya,mehta
cust101952,vivaan kapoor,anita.kulkarni144@gmail.com,8735157665,jaypur,154548,luxury,vivaan,kapoor
cust103977,priya sharma,aarav.iyer616@outlook.com,967054203,dehli,489721,luxury,priya,sharma
cust103974,rahul kapoor,priya.patel306@outlook.com,7587153525,delhi,118683,premium,rahul,kapoor
cust101170,diya patel,arjun.singh510@outlook.com,869012576,chennai,344435,mid,diya,patel
cust103230,sachin kapoor,mira.agarwal140@example.com,6492944704,jaipur,463749,premium,sachin,kapoor
cust102940,sneha patel,vivaan.sharma498@gmail.com,3328742174,kolkata,243916,premium,sneha,patel
cust100935,priya reddy,diya.agarwal133@gmail.com,1101545633,pune,305138,budget,priya,reddy
cust100098,mira kulkarni,arjun.agarwal427@outlook.com,6228368851,hyderabad,132552,premium,mira,kulkarni
cust102130,rohan kapoor,diya.chopra297@outlook.com,8547806539,kalkata,260379,premium,rohan,kapoor
cust100651,arjun das,anaya.kapoor828@gmail.com,823360390,chennai,356077,mid,arjun,das
cust101690,vivaan chopra,ishaan.gupta205@gmail.com,9588396520,nodia,227305,budget,vivaan,chopra
cust102777,ishaan shah,vivaan.sharma459@outlook.com,8242087921,jaipur,125009,premium,ishaan,shah
cust101916,ishaan gupta,ishaan.chopra693@yahoo.com,866159229,mumbaai,194740,mid,ishaan,gupta
cust100322,sachin nair,kabir.gupta984@gmail.com,9713884077,bengluru,94355,budget,sachin,nair
cust100944,rahul kapoor,ishaan.chopra519@outlook.com,2110776995,jaipur,316109,luxury,rahul,kapoor
cust103639,snhea reddy,sneha.mehta659@outlook.com,1020599666,bengaluru,126423,luxury,snhea,reddy
cust102143,kabir das,priya.iyer179@gmail.com,5657713160,hyderabad,223421,budget,kabir,das
cust103896,aarav singh,vihaan.kapoor749@outlook.com,6820476444,hyderbad,141927,luxury,aarav,singh
cust100445,mira reddy,sachin.khan967@example.com,4510173289,gurgaon,130646,budget,mira,reddy
cust101832,ishaan shah,kabir.khan530@yahoo.com,1316908775,gurugram,59759,mid,ishaan,shah
cust103387,priya das,,1371341462,ahmedabad,130720,premium,priya,das
cust102232,vivaan gupta,sachin.iyer583@outlook.com,1238371272,dehli,344997,mid,vivaan,gupta
cust100820,anita kapoor,diya.iyer217@gmail.com,8654620943,ahemdabad,144857,luxury,anita,kapoor
cust101902,kabir patel,rahul.nair973@yahoo.com,9453782179,noida,137304,mid,kabir,patel
cust101189,sneha agarwal,vihaan.das259@outlook.com,3270484081,bangalore,78695,premium,sneha,agarwal
cust101575,ishaan kapoor,anaya.agarwal268@example.com,6627520253,chennnai,106151,mid,ishaan,kapoor
cust102966,kabir agarwal,aditi.patel347@outlook.com,4776606833,chennnai,109575,mid,kabir,agarwal
cust103757,rahul agarwal,arjun.reddy978@example.com,8959759642,chennai,118088,mid,rahul,agarwal
cust102947,sneha khan,rohan.singh430@yahoo.com,1758428613,dehli,140999,mid,sneha,khan
cust101147,sachin shah,,9124972446,dehli,100798,premium,sachin,shah
cust101041,diya agawral,sachin.patel644@gmail.com,8640269087,bengaluru,73345,luxury,diya,agawral
cust103231,ishaan reddy,rohan.kapoor218@example.com,8076365692,bangalore,132843,premium,ishaan,reddy
cust104337,sneha chopra,anaya.das225@yahoo.com,2282800729,chennai,81144,luxury,sneha,chopra
cust102543,mira anir,mira.iyer480@outlook.com,7514590695,hyderbad,202138,mid,mira,anir
cust103219,rahul agarwal,kabir.singh525@yahoo.com,9592428275,calcutta,120436,premium,rahul,agarwal
cust102165,anaya gupta,sneha.reddy177@outlook.com,5705277775,ahemdabad,178290,luxury,anaya,gupta
cust100971,ishaan mehta,arjun.khan318@gmail.com,7774362939,nodia,102309,premium,ishaan,mehta
cust100203,diya agarwal,aditi.kapoor975@yahoo.com,8457907385,ahemdabad,72680,budget,diya,agarwal
cust101632,aditi kulkarni,mira.patel313@yahoo.com,597413914,jaipur,129697,mid,aditi,kulkarni
cust102022,diya sharma,sachin.sharma365@example.com,1129419602,chennai,103669,luxury,diya,sharma
cust101475,rahul singh,anita.kulkarni474@yahoo.com,5698298384,noida,166296,premium,rahul,singh
cust104355,aarav iyer,arjun.chopra395@yahoo.com,1024715512,chennnai,100801,budget,aarav,iyer
cust100734,rahul nair,aarav.chopra652@example.com,6224666719,jaipur,305715,budget,rahul,nair
cust103934,aditi das,anaya.patel806@example.com,2358095221,delhi,207612,budget,aditi,das
cust100959,rhoan iyer,vivaan.kulkarni510@outlook.com,6841379336,surat,115989,mid,rhoan,iyer
cust104955,vivaan kapoor,diya.nair319@yahoo.com,6704943153,mumbay,58152,luxury,vivaan,kapoor
cust101185,aditi nair,kabir.gupta79@example.com,9655833519,hyderbad,333212,mid,aditi,nair
cust102595,aditi kapoor,rahul.chopra443@example.com,1340728692,chennai,509819,budget,aditi,kapoor
cust104921,sneha nair,anita.kulkarni812@gmail.com,3934082888,gurugram,292475,luxury,sneha,nair
cust104761,anaya iyer,rahul.kapoor657@example.com,5307440628,hyderbad,219420,mid,anaya,iyer
cust102107,kabir shah,,6772275298,gurugrm,226383,budget,kabir,shah
cust104225,sneha das,,3310616816,gurugram,125373,mid,sneha,das
cust100195,rohan reddy,sneha.khan272@example.com,6885228118,nodia,561450,premium,rohan,reddy
cust102044,aarav kapoor,aarav.kapoor426@example.com,9410537575,calcutta,60030,budget,aarav,kapoor
cust103187,sachin patel,vihaan.kapoor164@outlook.com,9555445834,ahemdabad,102503,budget,sachin,patel
cust103548,mira sharma,anaya.nair940@yahoo.com,2731684076,calcutta,160567,mid,mira,sharma
cust104922,vivaan khan,sneha.singh67@yahoo.com,7964151051,jaipur,237861,mid,vivaan,khan
cust100461,vihaan agarwal,diya.shah938@example.com,8757797734,bangalore,132312,budget,vihaan,agarwal
cust100073,rahul das,rahul.shah686@outlook.com,3020290443,gurugram,385750,budget,rahul,das
cust103641,anaya khan,arjun.kapoor998@example.com,178109278,mumbaai,75388,mid,anaya,khan
cust101281,rajun das,rahul.shah971@example.com,1774522715,gurugram,327071,mid,rajun,das
cust101496,anaya shah,sneha.reddy325@example.com,9387513867,mumbai,246624,mid,anaya,shah
cust102746,anaya das,diya.nair753@outlook.com,265349959,delhi,113868,luxury,anaya,das
cust104752,sachin reddy,rahul.chopra343@yahoo.com,347259058,mumbaai,73782,luxury,sachin,reddy
cust102413,mira reddy,sachin.patel824@outlook.com,1661827959,nodia,140737,budget,mira,reddy
cust104521,priya khan,kabir.das310@yahoo.com,8255089644,poona,73291,luxury,priya,khan
cust104960,rohan kapoor,mira.reddy380@gmail.com,7482974103,kolkata,93823,luxury,rohan,kapoor
cust102619,diya sharma,rohan.khan548@example.com,8901908827,surrat,75747,budget,diya,sharma
cust103766,kabir singh,priya.kulkarni160@yahoo.com,3203439658,surrat,272424,premium,kabir,singh
cust100141,anaya ads,arjun.sharma22@gmail.com,4934254766,ahmedabad,219186,luxury,anaya,ads
cust100698,rahul gupta,aditi.iyer763@example.com,4856352030,poona,203963,mid,rahul,gupta
cust100110,anita shah,vihaan.das11@example.com,6556125254,calcutta,136928,budget,anita,shah
cust100727,mira kulkarni,kabir.singh272@yahoo.com,3240123837,bengluru,360572,mid,mira,kulkarni
cust101348,rahul mehta,kabir.shah257@gmail.com,7598862509,surat,88054,mid,rahul,mehta
cust100840,aarav kapoor,priya.kulkarni61@outlook.com,2302488976,bangalore,226975,premium,aarav,kapoor
cust104186,kabir shah,,1706458745,calcutta,349724,luxury,kabir,shah
cust103241,vihaan nair,anaya.chopra226@yahoo.com,1108499490,ahmedabad,60843,luxury,vihaan,nair
cust103820,arjun gupta,vivaan.mehta395@outlook.com,7902085954,kolkata,49426,budget,arjun,gupta
cust102027,anita agarwal,vivaan.reddy795@yahoo.com,4016222585,gurgaon,76547,mid,anita,agarwal
cust102259,mira sharma,sachin.singh262@gmail.com,2869138191,delhi,110002,budget,mira,sharma
cust102581,priya gupta,aditi.sharma368@example.com,216486982,ahemdabad,75377,mid,priya,gupta
cust102545,mira iyer,arjun.singh525@example.com,8581363005,punna,274319,mid,mira,iyer
cust101829,aarav sharma,vihaan.mehta990@gmail.com,7670833939,gurugram,116357,premium,aarav,sharma
cust102650,vivaan gupta,priya.sharma242@outlook.com,2676871294,surat,46222,budget,vivaan,gupta
cust102520,vihaan singh,aarav.sharma397@yahoo.com,4632939571,hyderabad,448847,premium,vihaan,singh
cust104512,arjun nair,priya.patel493@yahoo.com,9772613863,ahemdabad,381655,premium,arjun,nair
cust104374,arjun shah,vihaan.sharma491@outlook.com,9678690315,hydrabad,657075,budget,arjun,shah
cust101737,sachin singh,aarav.nair410@example.com,7137588661,mumbaai,164915,luxury,sachin,singh
cust104016,anaya mehta,arjun.singh393@example.com,6260807642,gurugrm,148891,premium,anaya,mehta
cust104476,arjun kapoor,,7483586677,poona,342184,premium,arjun,kapoor
cust101216,kabir agarwal,aditi.kulkarni352@example.com,3925528508,noida,169976,mid,kabir,agarwal
cust102168,anita kulkarni,anaya.chopra499@yahoo.com,1233558345,jaypur,125647,budget,anita,kulkarni
cust101181,sachin agarwal,ishaan.das236@outlook.com,2454310478,nodia,211392,budget,sachin,agarwal
cust101848,sneha kulkarni,diya.chopra825@gmail.com,1087387415,chennnai,1329138,luxury,sneha,kulkarni
cust104258,kabir reddy,aditi.gupta917@example.com,9008070305,chennai,86880,luxury,kabir,reddy
cust102812,vivaan mehta,rahul.khan821@gmail.com,629665641,surrat,52722,mid,vivaan,mehta
cust100314,vivaan shah,mira.patel572@yahoo.com,8598038227,chennnai,96911,budget,vivaan,shah
cust102883,diya iyer,vivaan.patel86@example.com,7481237674,jaipur,197832,luxury,diya,iyer
cust100731,diya kulkarni,sneha.reddy845@gmail.com,2825860075,surrat,48592,premium,diya,kulkarni
cust103133,anita isngh,sneha.khan254@yahoo.com,6944239397,hyderbad,215482,luxury,anita,isngh
cust100040,rahul reddy,aditi.reddy845@outlook.com,6506947898,pune,269531,budget,rahul,reddy
cust102012,vivaan patel,vivaan.kapoor966@outlook.com,120587681,kolkata,67203,premium,vivaan,patel
cust102857,sachin sharma,kabir.nair925@example.com,921032506,gurugram,137959,budget,sachin,sharma
cust102555,anita das,diya.kapoor240@example.com,2107582680,calcutta,201233,mid,anita,das
cust103700,mira shah,anita.kulkarni251@yahoo.com,220262495,mumbai,115760,luxury,mira,shah
cust100851,priya gupta,rohan.kapoor276@example.com,8950552636,hydrabad,190117,mid,priya,gupta
cust101173,ishaan gupta,anaya.singh16@example.com,5404750985,ahmedabad,79112,luxury,ishaan,gupta
cust102003,rohan mehta,rahul.kapoor138@yahoo.com,8849043649,chennai,222503,budget,rohan,mehta
cust101175,vihaan khan,aarav.reddy886@yahoo.com,8711679486,punna,66763,luxury,vihaan,khan
cust104497,aarav kulkarni,sachin.reddy348@example.com,1039318409,nodia,339395,premium,aarav,kulkarni
cust102274,kabir das,sachin.das73@gmail.com,6433497123,delhi,220222,budget,kabir,das
cust104562,mira sharma,sachin.patel222@example.com,8839637186,ahmedabad,182771,mid,mira,sharma
cust104554,mira gupta,arjun.das899@example.com,5051267080,jaypur,82868,premium,mira,gupta
cust101433,kabir kapoor,,8192522297,chennai,85605,mid,kabir,kapoor
cust101895,sneha nair,sachin.khan513@gmail.com,8169569907,pune,191515,premium,sneha,nair
cust104636,ishaan agarwal,sneha.das16@example.com,1669696410,ahemdabad,257101,budget,ishaan,agarwal
cust104784,vihaan chopra,priya.sharma546@outlook.com,222706519,chennnai,39661,premium,vihaan,chopra
cust104150,vivaan patel,rahul.das774@yahoo.com,6948115226,hyderabad,109317,luxury,vivaan,patel
cust102008,anita gupta,arjun.shah608@example.com,3812330742,mumbai,143013,mid,anita,gupta
cust104832,anita singh,sneha.reddy21@yahoo.com,917878583,jaypur,72254,luxury,anita,singh
cust104892,vihaan reddy,priya.singh107@yahoo.com,2139092578,chennai,152057,budget,vihaan,reddy
cust102626,diya shah,rahul.shah940@outlook.com,3946516442,kalkata,154250,budget,diya,shah
cust104661,rohan kapoor,rahul.singh205@gmail.com,1746428618,chennnai,293790,budget,rohan,kapoor
cust100644,vihaan kapoor,vihaan.das64@yahoo.com,2951154663,jaipur,123090,budget,vihaan,kapoor
cust101310,ishaan gupta,anita.reddy100@gmail.com,4070768449,surrat,132470,budget,ishaan,gupta
cust102558,sachin mehta,arjun.agarwal967@outlook.com,7112711144,bengluru,91677,luxury,sachin,mehta
cust104878,anaya chopra,aarav.iyer650@yahoo.com,6949958808,noida,131349,premium,anaya,chopra
cust101468,mira gupta,kabir.shah31@outlook.com,9768367789,jaypur,185707,budget,mira,gupta
cust100610,vihaan das,priya.sharma988@example.com,4698576323,calcutta,186525,budget,vihaan,das
cust100853,rohan reddy,rahul.shah808@gmail.com,7729132610,kolkata,121114,luxury,rohan,reddy
cust101487,vihaan iyer,kabir.reddy814@example.com,8307085871,jaipur,183232,premium,vihaan,iyer
cust104047,vihaan gputa,rohan.khan461@example.com,1550880514,pune,70176,luxury,vihaan,gputa
cust102528,aarav patel,aarav.gupta765@gmail.com,3759034744,poona,280399,mid,aarav,patel
cust102481,aditi gupta,,6779766831,surat,53872,budget,aditi,gupta
cust100278,kabir sharma,sachin.sharma464@yahoo.com,9812822894,gurugram,40818,luxury,kabir,sharma
cust104318,ishaan kapoor,vihaan.sharma839@example.com,4789169031,ahmedabad,129740,luxury,ishaan,kapoor
cust100614,arjun nair,mira.nair847@outlook.com,6486696763,calcutta,92412,luxury,arjun,nair
cust104474,arjun sharma,anita.sharma407@gmail.com,9187901750,noida,208739,luxury,arjun,sharma
cust101726,diya singh,kabir.agarwal701@yahoo.com,6622907137,ahemdabad,198183,mid,diya,singh
cust100280,ishaan singh,rahul.kapoor672@outlook.com,307644181,punna,114388,mid,ishaan,singh
cust103599,sachin kulkarni,sneha.shah729@example.com,5673007778,bengluru,289522,mid,sachin,kulkarni
cust103456,aarav kapoor,vihaan.khan728@example.com,4947667273,ahmedabad,126427,budget,aarav,kapoor
cust100551,anita sharma,mira.reddy119@yahoo.com,9422715521,gurgaon,95244,budget,anita,sharma
cust101403,anaya mehta,kabir.das661@gmail.com,1368235019,hydrabad,320884,premium,anaya,mehta
cust102443,rahul shah,aditi.mehta388@outlook.com,5848224976,poona,216590,luxury,rahul,shah
cust100652,rahul chopra,priya.mehta824@outlook.com,3392204318,ahmedabad,114490,premium,rahul,chopra
cust101646,vivaan agarwal,vivaan.patel365@outlook.com,8939789554,mumbai,67366,premium,vivaan,agarwal
cust102609,rahul nair,mira.agarwal503@gmail.com,5400117820,gurgaon,81243,mid,rahul,nair
cust103419,rahul iyer,vivaan.khan163@example.com,6499342778,ahemdabad,79161,luxury,rahul,iyer
cust102886,aditi shah,anaya.nair840@gmail.com,6127783264,surat,337094,mid,aditi,shah
cust102264,arjun gupta,arjun.shah5@outlook.com,3753340025,nodia,208766,premium,arjun,gupta
cust100703,sneha khan,aditi.khan222@outlook.com,9874088018,mumbay,58795,luxury,sneha,khan
cust102627,aditi singh,anita.shah848@gmail.com,467206686,noida,63544,premium,aditi,singh
cust100442,anaya kapoor,mira.sharma473@example.com,7035939292,gurugrm,602701,premium,anaya,kapoor
cust100261,sachin kapoor,rohan.gupta164@outlook.com,858937714,noida,265230,premium,sachin,kapoor
cust102154,anaya das,mira.agarwal780@gmail.com,2299844118,hyderabad,403250,luxury,anaya,das
cust100976,diya singh,vihaan.chopra210@example.com,1501300491,hyderbad,92121,budget,diya,singh
cust104942,arjun iyer,diya.kulkarni483@example.com,1023871109,chennnai,267652,mid,arjun,iyer
cust104949,aditi reddy,vivaan.das321@example.com,5568643296,kalkata,115910,luxury,aditi,reddy
cust103616,dyia singh,arjun.shah135@outlook.com,6801328430,calcutta,149022,luxury,dyia,singh
cust100414,aditi gupta,aarav.patel242@example.com,4195166924,poona,150415,luxury,aditi,gupta
cust101297,kabir agarwal,priya.kapoor793@example.com,6560441328,ahemdabad,93635,premium,kabir,agarwal
cust103642,vivaan kapoor,kabir.das990@gmail.com,2551696238,kolkata,93042,luxury,vivaan,kapoor
cust103012,sneha patel,aditi.gupta404@gmail.com,9114208246,dehli,217945,premium,sneha,patel
cust101933,anita chopra,ishaan.mehta226@example.com,6276034991,hyderabad,140988,premium,anita,chopra
cust104777,vihaan sharma,sachin.patel995@gmail.com,2083990332,calcutta,100695,premium,vihaan,sharma
cust103966,sachin patel,kabir.patel541@yahoo.com,7086005711,kalkata,215514,mid,sachin,patel
cust102820,sneha patel,aarav.patel982@outlook.com,6441631463,jaipur,772636,budget,sneha,patel
cust103992,rahul patel,priya.kulkarni878@yahoo.com,1656932010,noida,603965,budget,rahul,patel
cust103995,sachin mehta,ishaan.das695@example.com,8768729417,hyderabad,207309,premium,sachin,mehta
cust104814,anita shah,anaya.sharma21@gmail.com,3755227373,nodia,149577,mid,anita,shah
cust104791,priya khan,vivaan.gupta168@example.com,6038155404,ahemdabad,222026,luxury,priya,khan
cust101092,rohan gupta,kabir.kulkarni86@gmail.com,4659984375,mumbay,236011,budget,rohan,gupta
cust100611,vihaan kulkarni,priya.reddy801@example.com,6333438952,delhi,319647,mid,vihaan,kulkarni
cust104840,arjun sharma,sachin.sharma109@example.com,1126700870,hyderbad,170522,budget,arjun,sharma
cust102679,arjun nair,ishaan.reddy709@yahoo.com,1012005293,gurugrm,143724,mid,arjun,nair
cust102207,vivaan mehta,vivaan.singh97@yahoo.com,2427456134,ahmedabad,59081,premium,vivaan,mehta
cust102119,vivaan nair,kabir.kulkarni101@yahoo.com,6215371192,punna,301230,luxury,vivaan,nair
cust104570,vivaan khan,anita.agarwal129@gmail.com,5473106985,jaypur,241310,luxury,vivaan,khan
cust104713,vihaan das,anita.singh516@yahoo.com,2882378928,chennai,57164,budget,vihaan,das
cust100917,mira agarwal,rohan.khan239@gmail.com,7225103723,gurugram,134692,premium,mira,agarwal
cust100249,anita sharma,anaya.iyer428@outlook.com,4623754840,bengluru,70203,luxury,anita,sharma
cust102331,arjun patel,mira.khan842@example.com,4104432707,punna,394543,premium,arjun,patel
cust104677,rahul patel,arjun.das745@example.com,6646402115,dehli,40732,luxury,rahul,patel
cust103344,vivaan kulkarni,anaya.agarwal512@gmail.com,4444489115,jaypur,125133,luxury,vivaan,kulkarni
cust102736,mira das,vivaan.iyer714@gmail.com,1942720460,hyderbad,292629,premium,mira,das
cust104909,mira shah,mira.kapoor735@example.com,4333669128,hyderbad,131293,budget,mira,shah
cust104218,sneha kapoor,anaya.khan794@example.com,6010181210,mumbay,66997,luxury,sneha,kapoor
cust104542,rahul agarwal,sachin.agarwal516@yahoo.com,6911143636,gurugram,184042,budget,rahul,agarwal
cust103863,anita iyer,sachin.reddy150@yahoo.com,141614052,ahmedabad,72952,luxury,anita,iyer
cust103146,sachin kapoor,mira.khan314@gmail.com,4849724255,surat,182657,mid,sachin,kapoor
cust104078,rahul gupta,diya.khan469@example.com,8621229342,gurugrm,323059,luxury,rahul,gupta
cust100583,mira reddy,anita.iyer802@yahoo.com,7436816108,dehli,279072,budget,mira,reddy
cust104670,mira shah,,4497976480,chennai,210428,luxury,mira,shah
cust104373,aditi agarwal,rohan.gupta307@outlook.com,1420892174,bengluru,152793,luxury,aditi,agarwal
cust103477,sachin kulkarni,anita.das785@yahoo.com,1114596515,noida,144886,budget,sachin,kulkarni
cust100964,ishaan gupta,rahul.kapoor287@example.com,3473693874,jaipur,319862,budget,ishaan,gupta
cust104005,vivaa nshah,vihaan.khan33@yahoo.com,2822972138,bangalore,98272,luxury,vivaa,nshah
cust103164,vivaan gupta,rohan.khan236@gmail.com,4838107740,surat,157552,luxury,vivaan,gupta
cust101659,vivaan das,vivaan.khan102@gmail.com,3575594768,new delhi,237470,luxury,vivaan,das
cust103944,mira mehta,mira.gupta304@outlook.com,4113955423,jaypur,211135,premium,mira,mehta
cust103630,sachin reddy,ishaan.shah570@example.com,697472467,new delhi,141977,budget,sachin,reddy
cust103092,arjun agarwal,mira.patel84@outlook.com,7345646200,jaypur,141268,budget,arjun,agarwal
cust101135,vivaan mehta,sneha.shah800@outlook.com,9575542853,bengaluru,217252,budget,vivaan,mehta
cust103890,kabir agarwal,aarav.singh648@yahoo.com,4754729760,bengluru,184150,budget,kabir,agarwal
cust101771,anita khan,priya.chopra434@yahoo.com,671217789,mumbaai,118458,premium,anita,khan
cust101670,vihaan iyer,,9827654771,kalkata,197536,luxury,vihaan,iyer
cust103732,kabir singh,,9261259935,hyderbad,187283,premium,kabir,singh
cust101132,aarav sharma,rahul.gupta585@example.com,1214179504,bangalore,120305,luxury,aarav,sharma
cust104401,arjun mehta,aditi.sharma441@outlook.com,7384674092,jaipur,65601,mid,arjun,mehta
cust103760,rahul patel,vihaan.kapoor313@yahoo.com,1590573642,jaipur,130197,luxury,rahul,patel
cust101394,mira chopra,aarav.nair329@example.com,1662444613,ahemdabad,119090,premium,mira,chopra
cust100308,rohan mehta,aarav.kulkarni233@example.com,2937818911,bangalore,76893,budget,rohan,mehta
cust100895,sneha khan,,2760299600,jaipur,118384,budget,sneha,khan
cust103364,sachin das,sachin.reddy829@yahoo.com,2771371751,mumbai,163617,premium,sachin,das
cust104718,arjunr eddy,diya.kapoor805@example.com,3107129637,gurugrm,98961,budget,arjunr,eddy
cust102562,diya patel,sneha.das570@gmail.com,7060425661,hydrabad,167248,premium,diya,patel
cust100228,diya gupta,anaya.shah143@outlook.com,1813909280,ahmedabad,157976,premium,diya,gupta
cust102866,aditi khan,rahul.patel856@outlook.com,9752533847,nodia,161582,luxury,aditi,khan
cust103208,aditi shah,priya.gupta855@outlook.com,7418266833,mumbai,165280,luxury,aditi,shah
cust104377,anaya singh,diya.singh585@example.com,9179363702,chennai,245014,luxury,anaya,singh
cust103192,kabir das,rohan.mehta655@example.com,3374892832,surrat,150757,mid,kabir,das
cust103034,ishaan khan,,1189671539,dehli,170250,premium,ishaan,khan
cust103085,anita mehta,,6890532642,mumbay,337586,premium,anita,mehta
cust104657,anaya sharma,arjun.shah161@outlook.com,1960025313,mumbaai,78703,budget,anaya,sharma
cust104795,aarav kapoor,vivaan.mehta830@gmail.com,4755620067,new delhi,115018,luxury,aarav,kapoor
cust103341,rohan aagrwal,mira.iyer133@example.com,7818467502,mumbai,20965,budget,rohan,aagrwal
cust100494,aditi das,rahul.khan98@example.com,3610948047,bengaluru,69127,luxury,aditi,das
cust100083,arjun das,rahul.kapoor196@outlook.com,8468255987,surrat,93515,premium,arjun,das
cust100984,mira khan,vihaan.das787@outlook.com,8528135854,hydrabad,232259,budget,mira,khan
cust103399,vivaan kapoor,rohan.chopra733@yahoo.com,1457345226,gurugrm,337697,mid,vivaan,kapoor
cust103787,vihaan khan,aditi.reddy768@yahoo.com,1105007286,jaypur,161159,luxury,vihaan,khan
cust103125,ishaan agarwal,diya.iyer816@outlook.com,5797223497,gurugrm,72705,premium,ishaan,agarwal
cust101280,anaya chopra,,270455901,new delhi,333737,mid,anaya,chopra
cust103716,vivaan sharma,aarav.nair967@outlook.com,9436859030,hyderabad,110181,premium,vivaan,sharma
cust103041,vihaan sharma,arjun.gupta782@yahoo.com,5405465554,jaypur,326347,budget,vihaan,sharma
cust100832,rahul patel,sachin.das480@outlook.com,8937456167,jaipur,168220,budget,rahul,patel
cust100456,kabir singh,mira.patel865@yahoo.com,2538434462,hydrabad,509486,luxury,kabir,singh
cust104679,anaya reddy,aarav.reddy541@gmail.com,3607829097,surrat,299524,premium,anaya,reddy
cust100230,rohan singh,anita.singh340@outlook.com,6570261953,ahmedabad,150822,luxury,rohan,singh
cust103703,anita singh,priya.kulkarni727@gmail.com,2136445088,bengluru,94118,premium,anita,singh
cust101741,rohan shah,vihaan.singh69@outlook.com,3127965791,chennnai,183302,premium,rohan,shah
cust104798,mira gupta,anaya.nair84@gmail.com,5665052253,jaipur,253499,budget,mira,gupta
cust101990,vihaan kapoor,mira.kapoor558@gmail.com,5549190358,surat,132559,premium,vihaan,kapoor
cust104611,aditi khan,vihaan.nair703@gmail.com,4531724830,dehli,173202,premium,aditi,khan
cust103571,arjun mehta,anita.agarwal955@example.com,4524926259,surat,173533,budget,arjun,mehta
cust102126,priyan air,aarav.agarwal472@gmail.com,6429622377,pune,79083,budget,priyan,air
cust103143,sachin shah,anita.singh397@yahoo.com,3267190573,hyderbad,348863,mid,sachin,shah
cust102700,aarav khan,sneha.gupta142@gmail.com,9907636195,mumbai,92256,luxury,aarav,khan
cust104571,diya nair,rohan.reddy437@outlook.com,1980514025,noida,193398,premium,diya,nair
cust102561,anita chopra,vihaan.reddy815@outlook.com,7837603698,chennai,32561,premium,anita,chopra
cust103201,vivaan kapoor,rahul.kulkarni890@gmail.com,3773703798,bengluru,104588,budget,vivaan,kapoor
cust100168,vivaan kapoor,kabir.kapoor463@gmail.com,1631011782,bangalore,85602,mid,vivaan,kapoor
cust104515,kabir patel,rahul.mehta239@gmail.com,994792194,delhi,150283,luxury,kabir,patel
cust101612,ishaan sharma,aditi.chopra460@yahoo.com,6496236428,surrat,140344,premium,ishaan,sharma
cust100513,aditi shah,rohan.sharma234@outlook.com,6766659265,nodia,53921,budget,aditi,shah
cust104780,aditi iyer,kabir.agarwal997@example.com,8496964225,chennnai,59115,budget,aditi,iyer
cust100877,kabir agarwal,arjun.shah146@yahoo.com,6423058923,surat,374739,luxury,kabir,agarwal
cust101251,mira gupta,ishaan.chopra69@outlook.com,5596352425,chennai,130516,budget,mira,gupta
cust103901,mira khan,anaya.agarwal453@gmail.com,7874585390,mumbaai,126259,mid,mira,khan
cust104087,rahul iyer,sachin.shah330@yahoo.com,6751933565,chennai,131004,budget,rahul,iyer
cust104848,mira reddy,diya.reddy556@gmail.com,2226185270,hydrabad,280599,mid,mira,reddy
cust100016,sachin khan,arjun.nair635@gmail.com,6975914144,gurugrm,227010,premium,sachin,khan
cust103734,vihaan khan,sneha.singh110@gmail.com,3941773548,gurugrm,54859,premium,vihaan,khan
cust103690,priya singh,mira.patel577@example.com,4869770730,pune,126620,luxury,priya,singh
cust100606,diya chopra,vivaan.gupta428@gmail.com,1873186484,jaypur,319999,premium,diya,chopra
cust104514,rohan iyer,rohan.patel959@outlook.com,5336406516,new delhi,100348,mid,rohan,iyer
cust102835,aarav sharma,ishaan.kapoor967@yahoo.com,9680563056,jaipur,173351,luxury,aarav,sharma
cust102703,sachin patel,sneha.gupta200@example.com,9312963042,new delhi,115909,mid,sachin,patel
cust100538,rahul nair,sneha.shah799@yahoo.com,9551860211,mumbai,87935,premium,rahul,nair
cust103568,anita singh,priya.reddy777@gmail.com,6230378782,jaipur,204204,budget,anita,singh
cust102891,sachin gupta,anita.nair562@outlook.com,7694847389,kalkata,170866,mid,sachin,gupta
cust100903,rohan mehta,vihaan.agarwal409@gmail.com,3486204848,kalkata,149921,budget,rohan,mehta
cust103502,sneha sharma,rohan.shah621@outlook.com,4797120529,jaipur,710770,budget,sneha,sharma
cust102728,anita mehta,ishaan.kapoor636@yahoo.com,7478228028,calcutta,249879,luxury,anita,mehta
cust104454,rohan sharma,rahul.singh902@example.com,5557607289,surrat,223987,mid,rohan,sharma
cust104596,sneha chopra,,3464688385,surat,237148,premium,sneha,chopra
cust102699,arjun mehta,ishaan.kapoor638@gmail.com,7149299660,kalkata,83393,budget,arjun,mehta
cust104319,rohan agarwal,priya.singh830@example.com,8690446109,delhi,300281,budget,rohan,agarwal
cust102995,sachin das,anaya.shah871@yahoo.com,449315092,new delhi,344853,premium,sachin,das
cust100200,aarav kapoor,rahul.sharma865@outlook.com,1193682857,jaypur,59276,luxury,aarav,kapoor
cust102691,aarav nair,aarav.khan372@outlook.com,2738908301,ahmedabad,260393,mid,aarav,nair
cust101301,anaya patel,rahul.das813@yahoo.com,8041775679,gurgaon,81901,premium,anaya,patel
cust102112,diya agarwal,rahul.chopra118@gmail.com,2675229704,jaipur,105838,budget,diya,agarwal
cust102362,priya kulkarni,priya.iyer108@gmail.com,3012708969,punna,155837,mid,priya,kulkarni
cust103156,rahul mehta,sneha.singh197@yahoo.com,8762093132,ahemdabad,299176,budget,rahul,mehta
cust104301,kabir agarwal,vihaan.khan100@yahoo.com,1071071799,gurugram,249309,mid,kabir,agarwal
cust102243,sneha shah,sneha.mehta695@outlook.com,3708593606,poona,419290,budget,sneha,shah
cust102423,vivaan gupta,anita.shah937@example.com,2552805119,mumbay,287392,budget,vivaan,gupta
cust103777,aditi kulkarni,ishaan.shah32@outlook.com,2321984387,delhi,95599,luxury,aditi,kulkarni
cust100601,arjun nair,anita.chopra220@outlook.com,6161329546,noida,82128,luxury,arjun,nair
cust103798,vihaan das,ishaan.das340@outlook.com,8843869837,new delhi,87938,luxury,vihaan,das
cust100872,daiti singh,,2736961434,chennai,105330,premium,daiti,singh
cust103327,diya gupta,vivaan.kapoor247@gmail.com,5080315254,gurugram,129543,premium,diya,gupta
cust102823,arjun kapoor,ishaan.khan468@gmail.com,210534883,ahemdabad,200181,mid,arjun,kapoor
cust102302,diya iyer,vivaan.kulkarni85@outlook.com,4575983324,noida,195420,premium,diya,iyer
cust103126,sachin mehta,rahul.kulkarni691@gmail.com,7543623373,mumbaai,91936,premium,sachin,mehta
cust104692,aditi chopra,ishaan.mehta529@outlook.com,4513380970,mumbai,191809,budget,aditi,chopra
cust102218,kabir gupta,vivaan.mehta374@yahoo.com,9732656607,mumbai,102356,budget,kabir,gupta
cust100569,anaya kapoor,anaya.gupta77@outlook.com,6406425141,ahemdabad,234415,premium,anaya,kapoor
cust102861,aarav gupta,sachin.nair34@outlook.com,5945408404,ahmedabad,127057,luxury,aarav,gupta
cust104760,kabir patel,rohan.iyer333@outlook.com,6406807806,gurugrm,92199,budget,kabir,patel
cust102137,diya singh,rahul.agarwal465@example.com,7940619477,bangalore,303507,premium,diya,singh
cust101085,vivaan khan,rohan.chopra2@yahoo.com,3930037806,hydrabad,157637,premium,vivaan,khan
cust103655,rahul iyer,priya.reddy556@gmail.com,7517872871,chennnai,187292,budget,rahul,iyer
cust101937,sneha khan,aditi.iyer955@outlook.com,1709767177,mumbai,220575,premium,sneha,khan
cust104519,kabir kulkarni,aarav.das584@example.com,3498213851,kalkata,279558,budget,kabir,kulkarni
cust104729,mira gupta,diya.nair413@yahoo.com,2858783056,hyderbad,166624,mid,mira,gupta
cust103393,ishaan nair,vihaan.singh625@gmail.com,8157208520,mumbaai,87336,budget,ishaan,nair
cust100829,mira das,sachin.patel119@yahoo.com,7455771006,nodia,69144,premium,mira,das
cust101591,arjun aptel,diya.kulkarni97@gmail.com,6076022103,chennnai,299603,luxury,arjun,aptel
cust102367,rahul mehta,ishaan.chopra718@gmail.com,6438817183,surat,383909,mid,rahul,mehta
cust104298,roha nkhan,vihaan.das489@yahoo.com,8864864106,new delhi,131085,mid,roha,nkhan
cust100662,sachin chopra,ishaan.das343@gmail.com,7749581339,kolkata,430147,budget,sachin,chopra
cust101049,arjun khan,priya.nair460@example.com,3466791375,chennai,99069,premium,arjun,khan
cust101723,diya patel,sachin.singh917@gmail.com,1856580188,jaipur,125097,mid,diya,patel
cust100061,ishaan sahh,diya.das214@gmail.com,6668100731,ahmedabad,51854,budget,ishaan,sahh
cust101318,mira patel,aditi.nair615@gmail.com,8309409439,kalkata,70526,mid,mira,patel
cust102433,rahul chopra,aditi.reddy367@outlook.com,4499761790,pune,111655,mid,rahul,chopra
cust100345,sneha patel,ishaan.iyer788@yahoo.com,4391343767,gurgaon,114250,budget,sneha,patel
cust100426,aarav sharma,diya.khan436@yahoo.com,3045910580,gurugram,67437,luxury,aarav,sharma
cust103140,vivaan shah,diya.khan292@outlook.com,2012007542,punna,221986,mid,vivaan,shah
cust101803,ishaan agarwal,vivaan.patel705@yahoo.com,1555783345,mumbai,164963,mid,ishaan,agarwal
cust103154,diya gupta,priya.kulkarni149@example.com,5395924781,pune,280424,luxury,diya,gupta
cust100980,diya kapoor,vivaan.mehta276@gmail.com,4004245340,gurgaon,298440,luxury,diya,kapoor
cust101631,sachin chopra,vivaan.kulkarni864@example.com,7493441158,mumbay,174598,luxury,sachin,chopra
cust103696,vivaan agarwal,sneha.shah755@yahoo.com,5053286095,kolkata,395319,luxury,vivaan,agarwal
cust100275,ishaan mehta,mira.kapoor791@yahoo.com,3665194511,bengaluru,285389,premium,ishaan,mehta
cust103597,sachin shha,aarav.singh448@outlook.com,3943558481,gurugrm,237734,budget,sachin,shha
cust101311,diya iyer,sachin.patel970@gmail.com,4236058213,surrat,233370,mid,diya,iyer
cust100718,vihaan mehta,priya.iyer989@outlook.com,7804398998,bengaluru,142119,luxury,vihaan,mehta
cust102851,aarav reddy,vihaan.sharma748@yahoo.com,9527619048,surat,198191,budget,aarav,reddy
cust101685,priya khan,anita.nair812@yahoo.com,1274450434,mumbai,258712,premium,priya,khan
cust101401,vivaan mehta,ishaan.kapoor184@outlook.com,406457298,chennai,193474,budget,vivaan,mehta
cust102466,aarav iyer,mira.khan548@outlook.com,6108046598,jaipur,219801,mid,aarav,iyer
cust104902,anita singh,aditi.iyer354@gmail.com,4143153005,bangalore,417687,premium,anita,singh
cust104214,aditi kapoor,sachin.shah12@outlook.com,3528042553,mumbaai,149396,mid,aditi,kapoor
cust104647,miram ehta,priya.agarwal203@outlook.com,9848858391,gurgaon,694633,mid,miram,ehta
cust101875,arjun shah,,6318547716,jaypur,126579,budget,arjun,shah
cust102931,anita sharma,rohan.khan302@gmail.com,1420570978,ahemdabad,104037,budget,anita,sharma
cust103266,mira das,aditi.khan672@example.com,763215077,gurugram,96541,budget,mira,das
cust100443,vihaan patel,rahul.patel451@gmail.com,6145165213,mumbaai,98906,premium,vihaan,patel
cust100842,naaya nair,anaya.reddy603@gmail.com,945453690,chennai,241973,budget,naaya,nair
cust101421,rohan nair,priya.agarwal435@example.com,7603252920,mumbay,188384,luxury,rohan,nair
cust103118,kabir sharma,priya.reddy264@example.com,1265867725,jaypur,374398,mid,kabir,sharma
cust103872,aditi singh,,1264948430,mumbai,204674,budget,aditi,singh
cust101975,aditi chopra,vivaan.shah182@yahoo.com,6985453680,noida,173821,budget,aditi,chopra
cust104699,anita niar,sneha.nair378@yahoo.com,4561372672,mumbai,86026,premium,anita,niar
cust101354,rohan agarwal,arjun.das311@yahoo.com,2822119563,gurgaon,268204,budget,rohan,agarwal
cust100827,arjun reddy,sachin.mehta859@outlook.com,3034793162,gurugram,162695,mid,arjun,reddy
cust101270,rohan chopra,sachin.chopra375@outlook.com,385101397,noida,56651,luxury,rohan,chopra
cust102784,aarav chopra,diya.singh428@gmail.com,2158565140,ahemdabad,270234,mid,aarav,chopra
cust101517,ivvaan mehta,aarav.shah626@gmail.com,2001359105,poona,46617,luxury,ivvaan,mehta
cust103739,anaya kulkarni,anita.kulkarni872@example.com,4748564646,bengluru,90083,budget,anaya,kulkarni
cust104738,diya khan,sneha.patel703@yahoo.com,5036580332,mumbaai,141010,premium,diya,khan
cust102785,mira iyer,priya.chopra833@outlook.com,9429228179,ahmedabad,276237,budget,mira,iyer
cust102083,rohan chopra,anaya.shah940@example.com,2249761602,kalkata,127183,mid,rohan,chopra
cust100296,aditi chopra,anaya.mehta191@yahoo.com,5221597393,jaipur,490253,luxury,aditi,chopra
cust104006,sneha kapoor,rahul.iyer121@yahoo.com,9639688146,surrat,165198,luxury,sneha,kapoor
cust100762,vihaan khan,vihaan.gupta677@yahoo.com,2919525698,chennnai,190934,budget,vihaan,khan
cust102729,arjun das,sneha.shah51@gmail.com,5512690913,poona,72673,premium,arjun,das
cust103260,sneha das,sneha.khan713@outlook.com,8072152115,noida,179889,budget,sneha,das
cust102316,vihaan kulkarni,arjun.chopra556@gmail.com,828795875,ahmedabad,108846,budget,vihaan,kulkarni
cust102504,sneha kulkarni,rahul.kulkarni946@example.com,7285373432,ahemdabad,124343,premium,sneha,kulkarni
cust104163,aarav singh,rahul.mehta627@example.com,3077299830,new delhi,149542,premium,aarav,singh
cust101199,diya mehta,mira.nair317@example.com,5995991589,chennai,174072,premium,diya,mehta
cust103546,ajrun iyer,aditi.sharma836@yahoo.com,9987896385,hyderbad,204743,premium,ajrun,iyer
cust100181,aschin shah,sachin.shah674@yahoo.com,9853486101,chennnai,205096,luxury,aschin,shah
cust103475,ishaan singh,ishaan.singh188@gmail.com,9469003288,poona,131732,budget,ishaan,singh
cust103386,ishaan chopra,diya.patel656@example.com,136154171,ahemdabad,295357,premium,ishaan,chopra
cust103529,anaya kapoor,anita.sharma28@gmail.com,2312661509,surrat,128677,premium,anaya,kapoor
cust102751,diya iyer,sachin.shah334@example.com,3457264053,mumbai,217622,budget,diya,iyer
cust103682,senha patel,ishaan.agarwal357@example.com,1986521471,mumbay,258729,luxury,senha,patel
cust101081,aarav sharma,vivaan.shah683@yahoo.com,4295004461,hyderbad,54139,premium,aarav,sharma
cust100566,sneha iyer,priya.sharma713@example.com,3912351720,hyderbad,278387,budget,sneha,iyer
cust100431,aarav singh,ishaan.iyer187@yahoo.com,6027771254,mumbay,281351,mid,aarav,singh
cust100580,priya chopra,aarav.das916@yahoo.com,4451958401,jaypur,151543,premium,priya,chopra
cust101146,arhul kapoor,rohan.kapoor424@example.com,9375533331,hyderbad,215007,premium,arhul,kapoor
cust103796,aarav mehta,aditi.gupta372@outlook.com,2757189024,mumbai,123300,premium,aarav,mehta
cust101099,rohan nair,sachin.das888@gmail.com,1710107312,ahmedabad,415253,budget,rohan,nair
cust101206,mira singh,vihaan.reddy641@gmail.com,1460200385,bangalore,171148,mid,mira,singh
cust103210,priya kulkarni,arjun.iyer589@yahoo.com,3042988629,mumbay,155900,luxury,priya,kulkarni
cust100558,rahul reddy,aditi.singh287@gmail.com,53717657,surrat,83017,luxury,rahul,reddy
cust102740,ishaan khan,arjun.sharma525@example.com,9803199099,delhi,101241,budget,ishaan,khan
cust103530,senha mehta,mira.gupta758@outlook.com,9592821682,noida,157911,budget,senha,mehta
cust101031,vihaan iyer,arjun.sharma856@outlook.com,5707273323,surat,449863,budget,vihaan,iyer
cust100608,mira sharma,kabir.mehta540@outlook.com,8158729892,gurugrm,137140,premium,mira,sharma
cust101526,priya kapoor,diya.iyer712@example.com,8830935355,chennnai,156490,luxury,priya,kapoor
cust102001,mira patel,anaya.khan680@gmail.com,8968149780,new delhi,220878,budget,mira,patel
cust100860,rohan mehta,arjun.patel32@outlook.com,8272380165,dehli,571507,mid,rohan,mehta
cust100633,anita singh,rahul.singh821@example.com,8257632501,dehli,149396,luxury,anita,singh
cust104254,anita patel,rohan.mehta224@example.com,1664152950,noida,77634,budget,anita,patel
cust102503,anita kapoor,sneha.khan465@example.com,6129145214,gurgaon,147670,mid,anita,kapoor
cust103284,vivaan iyer,,7293466693,mumbai,429056,budget,vivaan,iyer
cust101080,arjun kapoor,vivaan.das391@example.com,4625796308,surat,81181,budget,arjun,kapoor
cust102471,diya iyer,ishaan.sharma415@gmail.com,8430589633,bengaluru,438096,mid,diya,iyer
cust101406,priya singh,diya.singh624@outlook.com,3589784585,bangalore,498672,luxury,priya,singh
cust101922,sneha chopra,aditi.khan57@gmail.com,4137251875,poona,27042,budget,sneha,chopra
cust100320,anita agarwal,diya.das394@yahoo.com,1472922612,mumbai,238697,premium,anita,agarwal
cust103942,sneha singh,aarav.mehta593@outlook.com,8603490483,nodia,306657,mid,sneha,singh
cust100163,priy aiyer,ishaan.kulkarni13@yahoo.com,3090577550,gurugram,66279,mid,priy,aiyer
cust101174,sachin gupta,vivaan.shah55@outlook.com,3105100132,hydrabad,261410,premium,sachin,gupta
cust101672,aarav patel,,9054987952,jaypur,200536,budget,aarav,patel
cust101963,aarav sharma,aditi.agarwal48@yahoo.com,887611222,jaipur,331877,budget,aarav,sharma
cust103914,rahul kulkarni,rohan.patel599@yahoo.com,293568052,surat,170957,mid,rahul,kulkarni
cust104379,aarav das,priya.sharma454@example.com,8434007754,surrat,136654,mid,aarav,das
cust100870,rahul shah,sachin.nair907@gmail.com,2149093548,kolkata,160909,luxury,rahul,shah
cust102611,aditi reddy,aditi.patel848@yahoo.com,5683772014,dehli,187667,budget,aditi,reddy
cust101471,sachin chpora,,2991350956,ahmedabad,142563,budget,sachin,chpora
cust102990,priya sharma,ishaan.mehta525@gmail.com,3868892860,calcutta,63692,luxury,priya,sharma
cust103868,mira khan,anita.khan271@outlook.com,1722935579,gurgaon,281558,mid,mira,khan
cust101334,priya reddy,,4420682686,noida,148543,mid,priya,reddy
cust103160,aarav agarwal,anaya.agarwal596@gmail.com,9548692602,pune,146645,budget,aarav,agarwal
cust100481,vihaan sharma,sachin.kapoor25@yahoo.com,6701090605,new delhi,279979,luxury,vihaan,sharma
cust101118,aarav das,rohan.patel317@outlook.com,9092521595,ahmedabad,149293,budget,aarav,das
cust101588,rahul das,priya.kapoor756@example.com,9011076955,hydrabad,293599,mid,rahul,das
cust102039,rahul agarwal,mira.shah787@outlook.com,5595125308,kolkata,66323,mid,rahul,agarwal
cust100475,mira shah,anita.gupta307@example.com,3564540166,bangalore,266201,luxury,mira,shah
cust102907,priya patel,anaya.kapoor550@example.com,3281915627,hyderabad,132304,luxury,priya,patel
cust104171,vihaan iyer,ishaan.kapoor313@outlook.com,5227667359,surrat,426361,luxury,vihaan,iyer
cust104494,sneha iyer,arjun.shah311@yahoo.com,8798787014,punna,357026,premium,sneha,iyer
cust101241,anaya sharma,aarav.chopra113@gmail.com,1048756216,pune,183198,budget,anaya,sharma
cust101093,anita patel,vihaan.das531@example.com,3510446913,pune,277994,luxury,anita,patel
cust104059,aditi nair,aarav.sharma722@outlook.com,6431745805,punna,51191,budget,aditi,nair
cust101020,arjun kulkarni,vihaan.iyer806@gmail.com,1994981179,ahemdabad,84996,premium,arjun,kulkarni
cust103381,aarav shah,rahul.shah942@outlook.com,2978784970,nodia,68670,premium,aarav,shah
cust102217,vihaan reddy,diya.iyer27@gmail.com,7548908733,delhi,292737,luxury,vihaan,reddy
cust100529,sachin shah,anaya.das804@gmail.com,9126298262,bengluru,178007,luxury,sachin,shah
cust100370,kabir kulkarni,rohan.sharma624@outlook.com,536910114,gurugrm,231300,luxury,kabir,kulkarni
cust103838,anita chopra,priya.patel244@example.com,4482542907,surrat,288270,premium,anita,chopra
cust104328,vihaan sharma,,1044520164,mumbaai,181289,luxury,vihaan,sharma
cust101651,kabir shah,rohan.patel572@gmail.com,16985983,gurugrm,398748,luxury,kabir,shah
cust103086,kabir singh,anita.patel549@yahoo.com,3147754325,ahemdabad,212162,mid,kabir,singh
cust100281,priya agarwal,kabir.patel771@yahoo.com,7463046298,hyderabad,45551,mid,priya,agarwal
cust100893,sneha patel,priya.patel829@outlook.com,4181703502,delhi,246425,premium,sneha,patel
cust101166,aditi mehta,vihaan.kapoor508@yahoo.com,6294804848,noida,198423,premium,aditi,mehta
cust103021,vivaan das,priya.agarwal150@gmail.com,3917941917,bangalore,391491,mid,vivaan,das
cust102864,sachin nair,ishaan.khan578@yahoo.com,3344030956,jaypur,67801,premium,sachin,nair
cust100919,rahul singh,arjun.das188@gmail.com,8362319865,jaypur,147057,budget,rahul,singh
cust102431,rohan gupta,rahul.kulkarni493@outlook.com,5061414452,surat,121059,luxury,rohan,gupta
cust104517,sneha agarwal,aditi.mehta386@yahoo.com,8608494804,bengluru,354488,budget,sneha,agarwal
cust103265,diya das,vihaan.kulkarni721@example.com,4712251420,ahemdabad,174303,luxury,diya,das
cust101416,aditi shah,sneha.iyer780@gmail.com,1216448819,gurgaon,140939,premium,aditi,shah
cust101742,diya kulkarni,anaya.agarwal743@gmail.com,6884901219,surat,246047,premium,diya,kulkarni
cust101927,sachin das,vivaan.das85@outlook.com,5830381525,nodia,112814,budget,sachin,das
cust101060,vivaan nair,priya.chopra591@outlook.com,1785904281,ahmedabad,140914,budget,vivaan,nair
cust102231,vivaan shah,priya.mehta521@example.com,838832417,calcutta,164262,premium,vivaan,shah
cust102708,ishaan mehta,sachin.khan237@outlook.com,389982201,calcutta,115371,luxury,ishaan,mehta
cust104605,vivaan iyer,,7519897359,ahmedabad,65235,mid,vivaan,iyer
cust103747,aarav yier,ishaan.patel969@outlook.com,7160162016,mumbaai,146037,luxury,aarav,yier
cust103645,anita nair,mira.singh895@outlook.com,47187632,bengluru,157842,mid,anita,nair
cust103218,rohan mehta,sachin.mehta619@gmail.com,7282900674,calcutta,120167,budget,rohan,mehta
cust102657,arjun das,arjun.patel870@gmail.com,9158687198,jaipur,59123,premium,arjun,das
cust101724,vihaan kapoor,mira.reddy249@example.com,5129269355,surat,235323,luxury,vihaan,kapoor
cust100404,vihaan reddy,diya.patel157@example.com,941900008,bangalore,176901,luxury,vihaan,reddy
cust100867,anaya khan,,7051140417,jaipur,80838,luxury,anaya,khan
cust103788,rahul nair,anaya.agarwal303@example.com,914337813,pune,143486,luxury,rahul,nair
cust104466,rohan patel,anaya.singh943@gmail.com,372906817,hydrabad,184823,budget,rohan,patel
cust100161,ishaan kapoor,vihaan.sharma280@gmail.com,2671762512,surrat,208372,luxury,ishaan,kapoor
cust104891,ishaan kulkarni,aditi.kulkarni776@gmail.com,1704664554,mumbai,473853,mid,ishaan,kulkarni
cust102392,ishaan shah,rohan.chopra667@example.com,3868074177,new delhi,387681,premium,ishaan,shah
cust102951,anaya patel,mira.khan148@gmail.com,5270417868,bengluru,393684,luxury,anaya,patel
cust104971,diya patel,anaya.das158@yahoo.com,5695615305,pune,171556,luxury,diya,patel
cust100618,araav singh,anita.iyer893@example.com,8269943165,bengluru,237763,mid,araav,singh
cust100049,anaya das,priya.reddy643@outlook.com,9107208580,nodia,118805,premium,anaya,das
cust104529,aditi agarwal,rohan.shah852@yahoo.com,5615196158,nodia,83816,budget,aditi,agarwal
cust103239,priya mehta,anaya.kulkarni288@yahoo.com,4886778493,surat,68099,budget,priya,mehta
cust102859,rahul chopra,rahul.agarwal731@example.com,4731209541,hydrabad,350876,budget,rahul,chopra
cust102229,aarav sharma,rahul.reddy955@gmail.com,3620472471,nodia,139670,premium,aarav,sharma
cust102496,anaya agarwal,,7617182516,surat,149223,budget,anaya,agarwal
cust103353,aarav sharma,aarav.patel200@gmail.com,5041934333,jaipur,123919,mid,aarav,sharma
cust101128,anaya chopra,anaya.chopra293@gmail.com,4376361373,ahmedabad,188573,luxury,anaya,chopra
cust104364,priyak apoor,arjun.kulkarni506@outlook.com,5336901659,jaipur,47340,mid,priyak,apoor
cust100237,vivaan gupta,kabir.gupta282@outlook.com,1921879927,jaipur,132148,mid,vivaan,gupta
cust100638,sneha nair,vihaan.chopra207@example.com,2981030763,jaypur,143643,premium,sneha,nair
cust101660,priya nair,vihaan.kapoor560@yahoo.com,8960541248,bangalore,181225,mid,priya,nair
cust104248,kabir singh,vihaan.sharma408@example.com,9776602206,jaipur,131451,luxury,kabir,singh
cust100167,aditi shah,sneha.das334@yahoo.com,456510911,hyderabad,230910,mid,aditi,shah
cust101906,priya singh,aditi.gupta890@example.com,5205275295,bengaluru,131570,premium,priya,singh
cust104943,diya kulkarni,sneha.shah642@example.com,9053907312,mumbay,112789,budget,diya,kulkarni
cust100642,aarav khan,ishaan.reddy975@gmail.com,6247745209,punna,87928,luxury,aarav,khan
cust104099,anaya chopra,anita.mehta143@example.com,7780133668,nodia,140793,mid,anaya,chopra
cust101474,kabir sharma,aditi.sharma996@example.com,9334522287,mumbaai,292683,mid,kabir,sharma
cust102373,ishaan das,aarav.sharma682@gmail.com,8648198494,bengluru,229468,budget,ishaan,das
cust100189,vivaan das,ishaan.iyer779@example.com,224368746,mumbai,322155,premium,vivaan,das
cust100754,sachin agarwal,priya.khan554@example.com,8570768927,gurugrm,89109,mid,sachin,agarwal
cust102183,aarav patel,vihaan.shah358@yahoo.com,5399991950,hyderabad,94869,premium,aarav,patel
cust103503,aarav reddy,mira.patel452@gmail.com,5097576998,kalkata,195404,budget,aarav,reddy
cust101329,anita nair,ishaan.agarwal651@example.com,4494150555,gurgaon,106814,mid,anita,nair
cust103285,ishaan sharma,kabir.das350@outlook.com,2542201117,bangalore,180956,mid,ishaan,sharma
cust101006,rahul gupta,anita.reddy92@yahoo.com,9421197962,pune,108950,luxury,rahul,gupta
cust101511,diya das,rohan.sharma27@example.com,9453170046,hydrabad,96893,mid,diya,das
cust101790,arjun kulkarni,aarav.reddy998@outlook.com,1275766360,bengaluru,115492,mid,arjun,kulkarni
cust100457,vivaan nair,sachin.kapoor217@example.com,8901031110,surrat,29903,premium,vivaan,nair
cust100512,sachins harma,vihaan.patel577@example.com,5447784865,ahemdabad,75420,luxury,sachins,harma
cust101250,rohan agarwal,rahul.gupta729@gmail.com,4840630024,chennnai,275648,premium,rohan,agarwal
cust103384,mira shah,priya.sharma645@gmail.com,8514420320,poona,95361,luxury,mira,shah
cust100758,vihaan chopra,rahul.khan659@yahoo.com,9879764828,gurugram,119857,premium,vihaan,chopra
cust102460,mira agarwal,aarav.agarwal573@outlook.com,1867941207,new delhi,72894,mid,mira,agarwal
cust102913,arjun patel,anaya.gupta264@outlook.com,1346795376,chennnai,792063,budget,arjun,patel
cust101841,rahul shah,mira.shah586@gmail.com,2931852505,ahemdabad,103497,premium,rahul,shah
cust103060,ishaan nair,arjun.nair976@gmail.com,3466083924,noida,132177,mid,ishaan,nair
cust104746,diya iyer,diya.mehta219@example.com,3289427387,gurugram,161506,mid,diya,iyer
cust102921,ishaan kapoor,ishaan.sharma201@example.com,3756678892,gurugram,100187,budget,ishaan,kapoor
cust104547,kabir kapoor,sneha.agarwal175@outlook.com,8327635804,mumbaai,78629,budget,kabir,kapoor
cust100834,sneha agarwal,aditi.das673@gmail.com,1566378864,pune,107948,budget,sneha,agarwal
cust101277,rahul gupta,vivaan.singh37@yahoo.com,6093048865,surat,75566,budget,rahul,gupta
cust102103,ishaan kulkarni,kabir.mehta303@outlook.com,9659787550,chennnai,240672,premium,ishaan,kulkarni
cust104124,arjun reddy,arjun.reddy667@outlook.com,7077842450,chennai,99852,budget,arjun,reddy
cust101590,aditi das,arjun.kapoor889@yahoo.com,4103614368,chennnai,81792,mid,aditi,das
cust103468,sachin nair,ishaan.kulkarni121@yahoo.com,3824683854,poona,72527,mid,sachin,nair
cust104435,rohan das,rohan.mehta961@example.com,7556253668,bangalore,235989,mid,rohan,das
cust101778,anaya reddy,vihaan.kulkarni192@gmail.com,144223347,hydrabad,51987,mid,anaya,reddy
cust100677,arjun gupta,kabir.chopra69@example.com,971848574,chennai,87595,budget,arjun,gupta
cust102681,sneha snigh,aarav.agarwal568@example.com,3054624121,jaypur,136101,premium,sneha,snigh
cust104334,anita chopra,mira.iyer845@yahoo.com,5982032412,jaipur,182402,budget,anita,chopra
cust104442,vihaan patel,sneha.iyer771@outlook.com,1601640125,jaipur,91532,premium,vihaan,patel
cust100646,anita khan,diya.iyer702@outlook.com,7795096106,mumbai,201563,premium,anita,khan
cust101266,aarav chopra,diya.chopra626@gmail.com,8233410416,ahemdabad,266622,budget,aarav,chopra
cust103400,priya patel,arjun.nair332@outlook.com,9485013715,mumbay,152733,premium,priya,patel
cust103013,anaya das,mira.chopra650@yahoo.com,8195664827,gurugrm,165954,premium,anaya,das
cust104436,anita patel,rohan.agarwal16@outlook.com,4665518700,kalkata,116139,budget,anita,patel
cust102204,vihaan reddy,aarav.das302@example.com,4531797976,delhi,74538,budget,vihaan,reddy
cust102364,arjun reddy,anita.shah893@example.com,3071821846,jaipur,186521,mid,arjun,reddy
cust101966,rahul kapoor,priya.mehta905@yahoo.com,6240086259,new delhi,107888,mid,rahul,kapoor
cust104640,kabir nair,anita.das767@outlook.com,5892426833,chennai,145016,premium,kabir,nair
cust103662,sachin gupta,mira.gupta681@outlook.com,5676285299,jaipur,279994,luxury,sachin,gupta
cust103923,vihaan kulkarni,diya.gupta300@outlook.com,4529012254,surat,69063,budget,vihaan,kulkarni
cust104348,vivaan reddy,kabir.singh847@example.com,3727643553,ahemdabad,121673,budget,vivaan,reddy
cust101896,aarav patel,rahul.das619@gmail.com,1102651340,calcutta,66596,luxury,aarav,patel
cust102869,rahul singh,sneha.chopra113@example.com,7757866650,delhi,271926,mid,rahul,singh
cust103406,anita sharma,aarav.agarwal989@gmail.com,1975912429,nodia,394151,budget,anita,sharma
cust103521,rahul chopra,ishaan.patel461@gmail.com,8018897558,chennnai,297039,mid,rahul,chopra
cust100643,mira gupta,anita.singh599@yahoo.com,5995224322,ahemdabad,95804,budget,mira,gupta
cust102195,aditi shah,kabir.singh511@gmail.com,5133642455,ahemdabad,165562,budget,aditi,shah
cust100123,arjun khan,ishaan.kapoor455@example.com,2081096732,jaipur,176024,luxury,arjun,khan
cust102038,kabir agarwal,diya.gupta289@outlook.com,2119891249,hydrabad,280364,mid,kabir,agarwal
cust101853,anaya agarwal,arjun.kapoor510@yahoo.com,8188215630,jaypur,97170,mid,anaya,agarwal
cust103893,kabir shah,vivaan.kulkarni43@outlook.com,8292452452,ahmedabad,239901,budget,kabir,shah
cust102030,diya sahh,mira.iyer773@example.com,6329284074,poona,188618,mid,diya,sahh
cust104388,sihaan das,vihaan.mehta801@gmail.com,5587939524,jaypur,47261,budget,sihaan,das
cust103151,aarav chopra,vivaan.patel411@outlook.com,6621630213,kolkata,498344,luxury,aarav,chopra
cust100948,mira das,vivaan.nair394@gmail.com,8934554902,hyderabad,57167,premium,mira,das
cust103905,arjun reddy,kabir.agarwal60@gmail.com,8099121772,mumbai,124862,luxury,arjun,reddy
cust101424,vivaan patel,arjun.chopra204@gmail.com,703856810,punna,114985,budget,vivaan,patel
cust104475,diya chopra,sachin.singh354@yahoo.com,3749836927,hydrabad,135275,premium,diya,chopra
cust100097,rahul mehta,rohan.kapoor63@example.com,6501432610,dehli,274148,mid,rahul,mehta
cust100911,mira reddy,sachin.shah86@gmail.com,5178003896,jaipur,309145,mid,mira,reddy
cust103025,ishaan gupta,aarav.nair435@outlook.com,9563116599,bangalore,61013,budget,ishaan,gupta
cust102945,rahul iyer,aditi.reddy44@outlook.com,6577364144,pune,105848,mid,rahul,iyer
cust102202,arjun das,kabir.shah474@yahoo.com,266528328,kolkata,156100,luxury,arjun,das
cust100216,vivaan khan,mira.gupta586@example.com,5075412594,poona,114070,luxury,vivaan,khan
cust101837,ishaan shah,anita.iyer558@outlook.com,3520155416,poona,171776,mid,ishaan,shah
cust102616,mira mehta,aarav.kulkarni59@yahoo.com,6957680474,surat,125937,premium,mira,mehta
cust102889,rohan kulkarni,vihaan.reddy475@yahoo.com,9746810902,chennai,79891,premium,rohan,kulkarni
cust102407,aditi kapoor,aditi.agarwal525@example.com,572470760,surrat,443704,budget,aditi,kapoor
cust102255,ishaan khan,sneha.reddy528@gmail.com,8280355731,gurugram,174330,budget,ishaan,khan
cust101356,arjun gupta,rohan.kapoor228@gmail.com,9691644936,hydrabad,104967,budget,arjun,gupta
cust102507,mira iyer,vivaan.agarwal246@outlook.com,9948500918,gurgaon,113610,mid,mira,iyer
cust104395,rahul mehta,mira.singh918@example.com,6394639883,bengaluru,313481,mid,rahul,mehta
cust101408,diya shah,vivaan.chopra15@outlook.com,5389580488,calcutta,294505,premium,diya,shah
cust100661,rahul kulkarni,anaya.agarwal463@outlook.com,2890127095,chennai,86482,mid,rahul,kulkarni
cust101100,diya mehta,vihaan.reddy376@yahoo.com,4755694996,kalkata,410198,luxury,diya,mehta
cust103408,kabir kapoor,kabir.agarwal780@yahoo.com,1019362130,gurugrm,314858,luxury,kabir,kapoor
cust104169,sachin reddy,sachin.das545@gmail.com,724919984,calcutta,100702,budget,sachin,reddy
cust103316,diya chopra,aarav.kulkarni125@gmail.com,6561278942,bengluru,275370,budget,diya,chopra
cust102678,sneha mehta,anaya.agarwal447@yahoo.com,9725384083,mumbai,198528,budget,sneha,mehta
cust101845,rohan sharma,ishaan.kulkarni395@outlook.com,1248591225,gurgaon,150997,premium,rohan,sharma
cust101204,aarav patel,vivaan.mehta0@example.com,7985496353,gurgaon,179361,mid,aarav,patel
cust104128,diya das,aarav.shah507@yahoo.com,6067767310,mumbay,29802,luxury,diya,das
cust100600,vihaan chopra,sachin.gupta505@outlook.com,2545780361,hyderabad,165061,premium,vihaan,chopra
cust100380,ishaan hsarma,kabir.das614@gmail.com,9974352241,new delhi,283731,mid,ishaan,hsarma
cust102680,ishaan das,mira.patel225@example.com,2902886443,dehli,75456,luxury,ishaan,das
cust104267,kabir patel,mira.mehta315@gmail.com,51389957,kolkata,131003,mid,kabir,patel
cust102742,arjun shah,mira.reddy482@outlook.com,659254604,chennai,129605,premium,arjun,shah
cust101308,mira chopra,mira.agarwal918@yahoo.com,2758007043,kolkata,256096,mid,mira,chopra
cust102409,sachin reddy,vihaan.gupta905@gmail.com,266896822,hyderbad,261183,premium,sachin,reddy
cust103396,diya chopra,ishaan.agarwal183@gmail.com,7387655895,hydrabad,56884,budget,diya,chopra
cust100665,anita nair,mira.reddy9@gmail.com,2926030223,nodia,75429,luxury,anita,nair
cust103586,anita agarwal,kabir.das885@example.com,5100252126,mumbay,175981,premium,anita,agarwal
cust104241,anita iyer,anaya.kulkarni429@gmail.com,9710200052,nodia,128808,budget,anita,iyer
cust100808,anaya singh,rahul.sharma877@yahoo.com,4978980504,ahmedabad,142057,luxury,anaya,singh
cust102821,anaya gupta,aditi.khan436@outlook.com,1356801137,ahmedabad,55256,luxury,anaya,gupta
cust101935,anaya khan,arjun.sharma567@example.com,4556298918,mumbaai,91324,luxury,anaya,khan
cust104062,vivaan gupta,anaya.nair695@yahoo.com,2238438217,jaipur,120960,luxury,vivaan,gupta
cust101745,mira sharma,anaya.gupta465@yahoo.com,9546128670,nodia,141867,budget,mira,sharma
cust103837,diya reddy,,7874888006,nodia,247596,budget,diya,reddy
cust101381,ishaan reddy,sneha.singh132@yahoo.com,3919086678,chennnai,54475,luxury,ishaan,reddy
cust101611,kabir patel,rohan.das962@gmail.com,6545892102,surat,186481,mid,kabir,patel
cust101247,kabir shah,rahul.khan955@yahoo.com,3050120828,ahemdabad,121976,budget,kabir,shah
cust102606,priya kapoor,ishaan.kulkarni898@example.com,19207199,hyderabad,90877,premium,priya,kapoor
cust102110,ishaan reddy,anaya.chopra904@example.com,4779471148,calcutta,162280,premium,ishaan,reddy
cust100780,diya mehta,ishaan.gupta694@yahoo.com,3371580136,dehli,168056,budget,diya,mehta
cust101351,ishaan singh,aditi.patel39@outlook.com,4005948311,hyderbad,66386,luxury,ishaan,singh
cust102426,priya reddy,rohan.chopra305@gmail.com,5393917413,surrat,165953,mid,priya,reddy
cust101411,vivaan mehta,aarav.reddy454@outlook.com,7979241391,ahmedabad,185482,mid,vivaan,mehta
cust101400,rahul kapoor,aarav.sharma112@yahoo.com,2193154695,nodia,226067,mid,rahul,kapoor
cust103933,mira mehta,sachin.chopra410@example.com,6769288085,gurgaon,90800,budget,mira,mehta
cust102868,vivaan mehta,priya.shah485@gmail.com,3626756864,poona,92017,luxury,vivaan,mehta
cust103673,scahin das,kabir.agarwal249@gmail.com,4708926778,surrat,187308,luxury,scahin,das
cust100262,aditi das,sneha.kapoor352@example.com,7987532017,surrat,56429,budget,aditi,das
cust104526,anaya mehta,mira.kulkarni623@yahoo.com,3864097931,bengluru,86961,luxury,anaya,mehta
cust104383,rahul iyer,diya.das154@example.com,9155079905,mumbay,222347,budget,rahul,iyer
cust104549,priya iyer,kabir.kulkarni97@example.com,988779458,gurgaon,129475,luxury,priya,iyer
cust103883,ishaan gupta,aditi.kulkarni887@gmail.com,6471577919,chennai,163055,mid,ishaan,gupta
cust103087,sneha iyer,rahul.mehta351@example.com,5142908031,mumbay,217914,luxury,sneha,iyer
cust104797,kabir reddy,anita.sharma3@gmail.com,2159051,hyderabad,38377,mid,kabir,reddy
cust104866,sachin iyer,,7397753038,kalkata,205737,budget,sachin,iyer
cust103302,mira mehta,anita.kulkarni563@yahoo.com,9691877635,chennnai,47379,budget,mira,mehta
cust101684,diya chopra,rohan.agarwal680@example.com,2064556545,chennnai,541212,luxury,diya,chopra
cust104464,rohan sharma,anaya.khan92@outlook.com,2472355853,mumbaai,416274,premium,rohan,sharma
cust100339,aarav patel,aarav.patel931@outlook.com,9286050599,nodia,150033,premium,aarav,patel
cust103098,kaibr shah,aarav.shah991@yahoo.com,5408607338,pune,353567,luxury,kaibr,shah
cust100305,vivaan sharma,aarav.reddy735@outlook.com,7631622574,new delhi,148901,luxury,vivaan,sharma
cust100058,sachin das,vivaan.mehta263@yahoo.com,8978170995,chennai,153758,budget,sachin,das
cust104685,sachin agarwal,kabir.gupta53@outlook.com,6756165061,calcutta,254443,budget,sachin,agarwal
cust103392,anaya agarwal,priya.iyer904@outlook.com,5064992273,kalkata,376862,premium,anaya,agarwal
cust104928,vihaan kapoor,arjun.gupta498@yahoo.com,4030228142,hydrabad,138495,luxury,vihaan,kapoor
cust103123,rahul agarwal,aarav.gupta590@gmail.com,8964641206,chennai,114638,luxury,rahul,agarwal
cust101209,aarav reddy,sachin.reddy365@yahoo.com,3951015276,bengluru,306942,luxury,aarav,reddy
cust103407,sachin iyer,anaya.nair160@outlook.com,3592966293,pune,193264,budget,sachin,iyer
cust101851,diya gupta,,5402198755,mumbay,279025,mid,diya,gupta
cust100732,aditi gupta,sachin.reddy811@yahoo.com,2402066306,new delhi,258843,premium,aditi,gupta
cust100630,sachin das,,6748633632,hyderbad,141126,premium,sachin,das
cust104528,kabir mehta,aditi.iyer763@yahoo.com,1101434517,mumbaai,349441,premium,kabir,mehta
cust102489,diya kulkarni,sachin.singh215@gmail.com,5505370818,surat,118027,mid,diya,kulkarni
cust100265,mira patel,priya.agarwal444@gmail.com,8584854132,delhi,168982,premium,mira,patel
cust104698,aarav iyer,anaya.reddy332@example.com,4134220035,chennai,612290,budget,aarav,iyer
cust100632,ishaan reddy,priya.khan167@gmail.com,7763114982,jaypur,333846,budget,ishaan,reddy
cust100967,rahul shamra,sneha.agarwal463@yahoo.com,9524690598,mumbaai,81875,budget,rahul,shamra
cust103097,arjun mehta,vivaan.das483@gmail.com,4480293343,ahmedabad,222957,premium,arjun,mehta
cust103262,priya gupta,anaya.mehta213@gmail.com,3856444981,noida,204337,mid,priya,gupta
cust104492,arjun nair,vihaan.shah577@example.com,4727245090,jaypur,221579,budget,arjun,nair
cust101257,diya chopra,anaya.chopra124@outlook.com,2747972513,bengluru,142798,mid,diya,chopra
cust103570,rahul khan,anita.singh750@gmail.com,2650531251,nodia,148214,mid,rahul,khan
cust101871,vihaan das,aditi.das892@outlook.com,5848677184,jaypur,438590,premium,vihaan,das
cust103062,aditi chopra,ishaan.agarwal225@yahoo.com,3939549333,jaypur,267412,budget,aditi,chopra
cust101923,arjun shah,aditi.chopra340@yahoo.com,2562276899,dehli,141159,luxury,arjun,shah
cust102596,rahul reddy,rohan.sharma782@gmail.com,1301160418,hydrabad,204946,budget,rahul,reddy
cust100620,diya ads,sneha.khan852@yahoo.com,8407806338,jaypur,155652,mid,diya,ads
cust103510,kabir singh,vihaan.mehta368@outlook.com,1084383306,new delhi,89028,budget,kabir,singh
cust100743,vivaan iyer,vivaan.kapoor962@yahoo.com,1686022978,surat,96260,luxury,vivaan,iyer
cust104465,rahul khan,aditi.mehta956@yahoo.com,4259387210,punna,173184,premium,rahul,khan
cust100554,mira nair,vihaan.sharma842@yahoo.com,5463441083,mumbay,82624,luxury,mira,nair
cust100938,arjun kulkarni,sachin.patel387@gmail.com,4304801949,surat,114489,luxury,arjun,kulkarni
cust100241,arjun singh,rahul.shah6@example.com,7364624249,bengaluru,52056,mid,arjun,singh
cust104184,aarav chopra,ishaan.singh957@yahoo.com,3690486406,nodia,129124,mid,aarav,chopra
cust101160,sachin anir,rohan.agarwal212@gmail.com,7381499681,calcutta,226811,premium,sachin,anir
cust104485,arjun agarwal,rohan.shah801@gmail.com,9898070887,new delhi,181179,premium,arjun,agarwal
cust100449,aditi kulkarni,vihaan.chopra761@outlook.com,1932615329,ahmedabad,30428,premium,aditi,kulkarni
cust104583,anaya mehta,kabir.iyer816@outlook.com,4616924175,kalkata,232242,premium,anaya,mehta
cust100478,vivaan nair,diya.gupta305@example.com,8633643715,jaipur,209531,budget,vivaan,nair
cust104585,anaya iyer,sneha.agarwal491@example.com,8887758359,bengluru,92301,luxury,anaya,iyer
cust100617,kabir mehta,rohan.kulkarni88@outlook.com,8707809148,nodia,150492,mid,kabir,mehta
cust102941,aarav shah,sachin.mehta169@gmail.com,4193736665,jaypur,362261,luxury,aarav,shah
cust103142,ishaan reddy,priya.kulkarni906@yahoo.com,8937482055,jaipur,64569,mid,ishaan,reddy
cust104614,sneha sharma,anaya.chopra151@outlook.com,9266344661,gurugram,221781,budget,sneha,sharma
cust102811,aniat reddy,diya.kulkarni935@example.com,3825937013,jaypur,147755,premium,aniat,reddy
cust100069,arjun agarwal,sneha.kapoor971@yahoo.com,7969566307,kalkata,80179,mid,arjun,agarwal
cust104606,arjun chopra,kabir.iyer634@gmail.com,3028015818,ahmedabad,73423,mid,arjun,chopra
cust100419,rahul shah,sachin.patel120@yahoo.com,7757667998,surat,31042,budget,rahul,shah
cust100101,isahan nair,mira.patel372@gmail.com,6047113871,chennai,203745,luxury,isahan,nair
cust103153,rohan das,aarav.chopra554@yahoo.com,4499197533,punna,193402,luxury,rohan,das
cust102809,mira kapoor,rahul.gupta74@example.com,5439474001,bangalore,142549,luxury,mira,kapoor
cust103296,vihaan nair,aditi.das531@gmail.com,145990126,new delhi,450860,budget,vihaan,nair
cust103567,sachin nair,,1041317561,hyderabad,134633,premium,sachin,nair
cust103042,diya kulkarni,rohan.agarwal587@outlook.com,8583830333,hyderbad,57516,luxury,diya,kulkarni
cust104175,sachin singh,sachin.kapoor309@example.com,3479288661,kolkata,244007,mid,sachin,singh
cust102174,vivaan reddy,rahul.agarwal110@example.com,9028291920,hydrabad,137759,mid,vivaan,reddy
cust102917,anita iyer,,3696650543,mumbai,184418,budget,anita,iyer
cust103481,sachin agarwal,,5945054825,gurgaon,214279,premium,sachin,agarwal
cust100922,mira reddy,sachin.das467@example.com,8149161656,jaipur,359685,luxury,mira,reddy
cust100562,sachin khan,aditi.agarwal363@yahoo.com,619297538,gurugram,145760,premium,sachin,khan
cust103813,mira chopra,kabir.nair401@outlook.com,972211490,poona,117713,luxury,mira,chopra
cust104461,ishaan iyer,anita.nair174@example.com,8619919422,nodia,85853,premium,ishaan,iyer
cust102628,vivaan shah,arjun.iyer765@outlook.com,8319013364,dehli,246927,budget,vivaan,shah
cust100819,aarav shamra,aarav.agarwal183@example.com,926977064,surat,150484,premium,aarav,shamra
cust102327,sneha sharma,vihaan.mehta988@yahoo.com,5088865082,kolkata,123084,luxury,sneha,sharma
cust102846,mira agarwal,vihaan.chopra927@example.com,7421151529,nodia,157821,luxury,mira,agarwal
cust101087,diya reddy,aarav.das119@outlook.com,6567209141,bangalore,66954,luxury,diya,reddy
cust104932,arjun nair,sneha.mehta382@yahoo.com,1917956188,chennai,855637,premium,arjun,nair
cust101979,vihaan das,rohan.iyer211@example.com,6655217604,jaypur,80220,budget,vihaan,das
cust101091,sachin shah,aarav.iyer499@yahoo.com,1792108645,mumbaai,176450,mid,sachin,shah
cust102138,sachin singh,sachin.gupta881@yahoo.com,7832186229,pune,221862,budget,sachin,singh
cust104280,kabir das,anita.shah187@outlook.com,9936727745,calcutta,362031,premium,kabir,das
cust104588,aarav nair,arjun.kapoor317@gmail.com,7345594213,surrat,139789,luxury,aarav,nair
cust102646,vivaan agarwal,kabir.mehta711@example.com,8637155459,hyderabad,129654,premium,vivaan,agarwal
cust103438,anita sharma,,8272359442,bengaluru,68040,premium,anita,sharma
cust103028,sachin kulkarni,ishaan.gupta262@gmail.com,2622111699,gurugrm,126253,luxury,sachin,kulkarni
cust104669,sachin gupta,priya.shah982@gmail.com,7178559279,nodia,81801,premium,sachin,gupta
cust101607,sachin mehta,aditi.das433@yahoo.com,2916092982,bengluru,321945,budget,sachin,mehta
cust102059,diya chopra,aditi.das353@yahoo.com,668172863,jaipur,24941,premium,diya,chopra
cust100668,diya kapoor,arjun.agarwal957@gmail.com,5199464271,gurugrm,107390,budget,diya,kapoor
cust101016,sachin patel,anaya.kapoor532@yahoo.com,2048510458,kalkata,364323,mid,sachin,patel
cust104524,priya kpaoor,aarav.agarwal119@outlook.com,1338328728,new delhi,371430,budget,priya,kpaoor
cust104560,arjun singh,sneha.kulkarni455@outlook.com,5458477212,surat,125806,premium,arjun,singh
cust103949,priya shah,aarav.chopra358@outlook.com,2082010495,nodia,118728,luxury,priya,shah
cust102013,aditi sharma,aarav.reddy578@example.com,6361934766,nodia,58581,budget,aditi,sharma
cust103764,anaya sharma,priya.nair610@gmail.com,6621834158,new delhi,245460,mid,anaya,sharma
cust102559,vihaan singh,aditi.kulkarni302@outlook.com,3020350586,jaipur,447635,premium,vihaan,singh
cust101787,priya kapoor,anaya.shah102@outlook.com,156599689,jaypur,64557,mid,priya,kapoor
cust100929,sneha gupta,diya.chopra531@gmail.com,5874848258,hyderbad,181648,luxury,sneha,gupta
cust101773,anaya nair,arjun.gupta934@gmail.com,1571954222,surrat,200057,budget,anaya,nair
cust104036,rahul das,kabir.das31@yahoo.com,805405779,hyderabad,302603,luxury,rahul,das
cust100573,anita gupta,vihaan.mehta38@example.com,3849495990,calcutta,354316,luxury,anita,gupta
cust104116,anaya reddy,vihaan.agarwal299@gmail.com,339622280,chennnai,250572,mid,anaya,reddy
cust104246,rahul gupta,mira.gupta318@yahoo.com,3478276096,surat,122058,premium,rahul,gupta
cust100705,sachin mehta,anaya.patel918@example.com,7926639371,surrat,227497,premium,sachin,mehta
cust103339,aarav chopra,aditi.reddy177@outlook.com,1122865990,nodia,351219,budget,aarav,chopra
cust100776,rahul reddy,sachin.agarwal801@outlook.com,237734230,bengaluru,187323,mid,rahul,reddy
cust100175,diya sharma,sneha.agarwal496@outlook.com,9066485645,ahmedabad,150427,premium,diya,sharma
cust101469,anaya iyer,aarav.patel970@gmail.com,4724964157,chennnai,209735,premium,anaya,iyer
cust101453,rohan shah,arjun.nair598@gmail.com,5593216155,chennnai,126553,budget,rohan,shah
cust102810,priy agupta,rahul.sharma920@example.com,530170107,jaipur,293025,budget,priy,agupta
cust103321,vivaan kapoor,sachin.kulkarni871@gmail.com,57449368,new delhi,92661,luxury,vivaan,kapoor
cust103904,adtii iyer,anaya.shah592@example.com,810817206,dehli,112207,mid,adtii,iyer
cust100932,sachin gupta,diya.patel733@yahoo.com,3956851863,chennai,150357,luxury,sachin,gupta
cust101252,diya sharma,diya.agarwal915@yahoo.com,628417763,bengluru,158360,mid,diya,sharma
cust104097,rahul kapoor,anaya.iyer786@yahoo.com,5871235359,surat,183810,budget,rahul,kapoor
cust101383,arjun chopra,arjun.das674@example.com,4721651148,new delhi,137342,budget,arjun,chopra
cust101877,diya das,rahul.reddy50@gmail.com,2160633422,jaypur,57378,premium,diya,das
cust100739,arjun nair,sachin.kapoor577@yahoo.com,8633457351,dehli,178021,luxury,arjun,nair
cust100389,arjun reddy,anaya.sharma712@gmail.com,7298458809,mumbai,150842,premium,arjun,reddy
cust104406,arjun mehta,aditi.gupta825@example.com,7358755710,dehli,135115,mid,arjun,mehta
cust101141,kabir kulkarni,aarav.mehta992@yahoo.com,8277079860,chennnai,153888,budget,kabir,kulkarni
cust100395,rohan gupta,,7111433930,dehli,291774,premium,rohan,gupta
cust100212,priya kulkarni,vihaan.agarwal684@outlook.com,9107575725,ahemdabad,232321,budget,priya,kulkarni
cust104134,mira mehta,rahul.khan334@outlook.com,2572050539,noida,113222,luxury,mira,mehta
cust100000,priya gupta,arjun.kulkarni621@example.com,684040861,calcutta,448792,luxury,priya,gupta
cust100682,rohan chopra,priya.patel213@yahoo.com,712755618,noida,295424,mid,rohan,chopra
cust102451,anita chopra,vivaan.sharma480@gmail.com,1267202485,ahmedabad,131658,mid,anita,chopra
cust101014,aditi kapoor,rahul.patel181@outlook.com,8535522883,jaipur,129408,luxury,aditi,kapoor
cust104011,kabir gupta,priya.nair857@example.com,4347142366,poona,696722,budget,kabir,gupta
cust102061,sachin shah,sneha.gupta809@example.com,9601718101,noida,92081,luxury,sachin,shah
cust101153,aarav iyer,ishaan.sharma294@gmail.com,6234050124,hyderabad,182677,luxury,aarav,iyer
cust104453,anita sharma,rohan.shah974@yahoo.com,2686488332,mumbaai,136739,luxury,anita,sharma
cust104181,rohan reddy,sneha.iyer422@yahoo.com,2344275814,chennnai,90006,budget,rohan,reddy
cust100490,vivaan singh,aditi.sharma168@outlook.com,7463741282,calcutta,112529,luxury,vivaan,singh
cust102077,sneha kapoor,aditi.das45@yahoo.com,1311581944,hyderbad,189020,mid,sneha,kapoor
cust102042,mira reddy,priya.mehta287@example.com,7233385812,jaypur,104940,premium,mira,reddy
cust101520,ishaan nair,mira.sharma751@outlook.com,2931412702,jaypur,85226,luxury,ishaan,nair
cust102033,sachin chopra,anita.das771@gmail.com,5648550226,mumbaai,251143,premium,sachin,chopra
cust104987,sachin nair,arjun.reddy228@example.com,4582477469,dehli,155004,premium,sachin,nair
cust104243,mira reddy,rohan.sharma205@example.com,7800383582,poona,122150,mid,mira,reddy
cust101263,arjunp atel,vivaan.reddy622@yahoo.com,5770576733,new delhi,227326,premium,arjunp,atel
cust104289,ishaan agarwal,vivaan.singh558@example.com,8638166484,kalkata,200772,luxury,ishaan,agarwal
cust100139,rohan patel,anaya.mehta752@outlook.com,6221989009,mumbaai,203617,mid,rohan,patel
cust104671,aditi iyer,ishaan.mehta271@example.com,5226874637,calcutta,252311,budget,aditi,iyer
cust103740,priya das,anaya.iyer405@yahoo.com,9115723964,mumbay,75422,premium,priya,das
cust104306,priya shah,arjun.iyer433@yahoo.com,912674981,chennai,212219,budget,priya,shah
cust103672,sachin agarwal,mira.mehta866@outlook.com,7317382092,nodia,656688,luxury,sachin,agarwal
cust100119,diya das,aditi.khan506@outlook.com,4872222893,delhi,464421,premium,diya,das
cust103018,sneha nair,sachin.das263@gmail.com,8078007384,surrat,160257,luxury,sneha,nair
cust100211,priya sharma,vivaan.chopra814@gmail.com,2159803412,surrat,134576,budget,priya,sharma
cust100864,aditi patel,aditi.kapoor468@example.com,7830256268,jaipur,183702,budget,aditi,patel
cust104187,rohan mehta,anaya.reddy647@yahoo.com,3980737234,ahemdabad,68021,mid,rohan,mehta
cust100515,arjun sharma,anaya.nair497@example.com,2170347520,nodia,140128,luxury,arjun,sharma
cust101073,kabir kapoor,ishaan.reddy78@yahoo.com,284019336,kolkata,167195,luxury,kabir,kapoor
cust104058,arjun kapoor,anita.agarwal702@outlook.com,9326222625,mumbaai,216515,mid,arjun,kapoor
cust103985,kabir mehta,rahul.patel119@outlook.com,7583258324,surrat,153384,budget,kabir,mehta
cust104336,isahan kapoor,diya.singh809@yahoo.com,5159372519,nodia,223352,luxury,isahan,kapoor
cust102924,aditi shah,mira.das186@outlook.com,385789980,pune,267373,luxury,aditi,shah
cust102029,aditi nair,ishaan.iyer189@outlook.com,9903026743,jaypur,188104,premium,aditi,nair
cust104428,vihaan reddy,kabir.singh170@example.com,2695031635,calcutta,451084,budget,vihaan,reddy
cust104215,vivaan patel,aarav.mehta442@outlook.com,5229006081,hyderabad,337304,budget,vivaan,patel
cust100699,vihaan gupta,ishaan.mehta11@yahoo.com,6997805835,chennnai,120815,budget,vihaan,gupta
cust101123,sachin gupta,diya.gupta968@outlook.com,5352161906,kolkata,124748,luxury,sachin,gupta
cust104727,anita khan,,6368923059,noida,335193,budget,anita,khan
cust104244,mira kapoor,anaya.mehta757@outlook.com,4616624567,ahmedabad,198595,luxury,mira,kapoor
cust103826,sachin iyer,arjun.patel240@outlook.com,4962598121,ahemdabad,126525,mid,sachin,iyer
cust103911,sachin sharma,arjun.gupta826@example.com,5930275423,mumbay,106853,mid,sachin,sharma
cust104581,aarav redyd,ishaan.kulkarni73@example.com,4904995388,surat,111142,luxury,aarav,redyd
cust102843,sachin mehta,sneha.gupta319@outlook.com,3608377638,hyderabad,66579,budget,sachin,mehta
cust104731,aarav mehta,aarav.sharma119@yahoo.com,8328381322,jaipur,197015,luxury,aarav,mehta
cust102234,aditi khan,kabir.agarwal807@outlook.com,8659438760,noida,210034,mid,aditi,khan
cust100697,aditi das,vihaan.khan469@yahoo.com,6902329051,bengaluru,64035,luxury,aditi,das
cust103072,diya patel,sneha.nair341@yahoo.com,8396894329,surrat,118371,mid,diya,patel
cust100607,rohan kulkarni,priya.khan186@yahoo.com,2443150938,bangalore,382070,luxury,rohan,kulkarni
cust103830,diya agarwal,ishaan.iyer545@yahoo.com,3021916656,hydrabad,155189,premium,diya,agarwal
cust100683,anita sharma,sachin.patel712@example.com,3218941284,calcutta,201004,budget,anita,sharma
cust103035,rahul kulkarni,anaya.gupta639@yahoo.com,8484044495,dehli,186899,luxury,rahul,kulkarni
cust100159,sneha nair,sneha.singh889@yahoo.com,3602465102,surat,293119,budget,sneha,nair
cust101194,sneha nair,sachin.agarwal926@example.com,3792691654,jaipur,88171,premium,sneha,nair
cust103075,aarav kulkarni,mira.kulkarni194@yahoo.com,6204241941,ahmedabad,151259,premium,aarav,kulkarni
cust104935,rohan kulkarni,sneha.kapoor642@example.com,6810440052,punna,160810,luxury,rohan,kulkarni
cust104530,vihaan kapoor,rahul.reddy779@example.com,9191601252,chennnai,101434,mid,vihaan,kapoor
cust102801,rahul reddy,vivaan.patel564@yahoo.com,4775448526,nodia,56149,budget,rahul,reddy
cust102890,aditi reddy,vihaan.das505@example.com,6170936808,delhi,255250,mid,aditi,reddy
cust104998,rahul nair,diya.kapoor791@outlook.com,9857663253,ahemdabad,276725,budget,rahul,nair
cust100847,anaya sharma,vihaan.kapoor548@yahoo.com,2555526265,bangalore,58385,premium,anaya,sharma
cust104220,aditi agarwal,anita.gupta367@yahoo.com,656881274,ahmedabad,186708,mid,aditi,agarwal
cust102654,aditi sharma,kabir.iyer110@gmail.com,4788506289,chennnai,552542,mid,aditi,sharma
cust101826,vivaan singh,mira.das466@gmail.com,5735360136,gurugrm,45131,luxury,vivaan,singh
cust100875,diya shah,,5411680507,chennnai,134210,mid,diya,shah
cust104826,ishaan gupta,sachin.patel6@example.com,5274810815,chennai,108675,premium,ishaan,gupta
cust104309,vihaan shah,sneha.mehta970@outlook.com,540347559,bangalore,182495,luxury,vihaan,shah
cust102277,sneha kapoor,ishaan.sharma24@gmail.com,2580763511,hydrabad,293463,mid,sneha,kapoor
cust104296,vihaan kulkarni,anaya.shah23@example.com,112046943,gurugrm,122604,budget,vihaan,kulkarni
cust100077,aarav das,rahul.gupta551@gmail.com,6415158719,mumbay,252967,budget,aarav,das
cust100313,priya das,vihaan.chopra150@yahoo.com,5772463124,mumbay,195989,luxury,priya,das
cust100080,kabir das,ishaan.mehta588@yahoo.com,6880698653,gurugrm,241065,mid,kabir,das
cust104120,aditi chopra,aditi.mehta759@yahoo.com,920860596,ahemdabad,404784,budget,aditi,chopra
cust104628,kabir gupta,anaya.kulkarni359@outlook.com,2808258957,gurugram,254270,budget,kabir,gupta
cust100749,anaya agarwal,rahul.iyer375@outlook.com,4632467602,mumbay,73286,budget,anaya,agarwal
cust103397,priya khan,aditi.kulkarni485@yahoo.com,7544476616,hyderabad,230109,budget,priya,khan
cust104162,diya reddy,aarav.reddy148@yahoo.com,6535150673,poona,286814,premium,diya,reddy
cust103936,anaya shah,anita.reddy357@yahoo.com,4411422021,gurugram,339636,luxury,anaya,shah
cust104819,anaya khan,anita.iyer429@yahoo.com,7958459316,bangalore,204221,luxury,anaya,khan
cust102432,ishaan kulkarni,sneha.iyer911@gmail.com,2534849233,punna,138444,mid,ishaan,kulkarni
cust102270,anita khan,kabir.khan877@gmail.com,5615829752,punna,80343,budget,anita,khan
cust101156,anaya patel,ishaan.sharma658@outlook.com,9855367716,gurugram,71459,mid,anaya,patel
cust101876,vihaan mehta,arjun.khan162@outlook.com,3971351385,hyderabad,215075,budget,vihaan,mehta
cust101171,rahul shah,priya.iyer449@yahoo.com,9369184553,surrat,25693,premium,rahul,shah
cust100590,rohan kulkarni,aarav.sharma265@example.com,5238445533,gurugrm,160404,luxury,rohan,kulkarni
cust104469,ishaan iyer,vihaan.gupta665@example.com,6216970379,chennai,244981,luxury,ishaan,iyer
cust104924,anita nair,aditi.das282@example.com,3118019685,gurgaon,230732,mid,anita,nair
cust100439,arjun kulkarni,aditi.agarwal845@outlook.com,7148903252,ahemdabad,128128,luxury,arjun,kulkarni
cust104868,vihaan sharma,aditi.sharma874@yahoo.com,3641339733,gurugram,101592,premium,vihaan,sharma
cust101323,ishaan singh,vivaan.chopra444@outlook.com,9119117908,hyderbad,60866,premium,ishaan,singh
cust104709,mira agarwal,vihaan.reddy422@example.com,831789958,bangalore,124295,budget,mira,agarwal
cust104639,vihaan chopra,priya.nair139@example.com,5774670633,poona,133497,premium,vihaan,chopra
cust100301,rahul kapoor,rahul.shah538@outlook.com,2956508600,mumbay,146636,premium,rahul,kapoor
cust103257,vihaan reddy,mira.sharma824@outlook.com,6539187140,chennai,203014,premium,vihaan,reddy
cust103987,aarav gupta,vihaan.iyer552@outlook.com,2048742212,pune,173402,premium,aarav,gupta
cust102050,kabir kapoor,sachin.chopra377@outlook.com,1956695844,surrat,604315,luxury,kabir,kapoor
cust102665,arjun khan,rahul.singh241@example.com,5522481730,mumbaai,147590,budget,arjun,khan
cust102019,diya reddy,aarav.agarwal774@gmail.com,4704286197,kalkata,190276,luxury,diya,reddy
cust103061,priya iyer,priya.khan92@example.com,7912566059,ahmedabad,90865,luxury,priya,iyer
cust103563,vivaan kapoor,sneha.nair341@yahoo.com,4262777191,mumbaai,336532,budget,vivaan,kapoor
cust100311,sneha kulkarni,aarav.reddy338@example.com,6926304480,hydrabad,79382,budget,sneha,kulkarni
cust101039,vivaan shah,arjun.kapoor850@outlook.com,4884615701,dehli,102350,budget,vivaan,shah
cust104321,vihaan agarwal,vivaan.das703@example.com,2034559995,surrat,356446,luxury,vihaan,agarwal
cust100597,arjun kapoor,aditi.gupta680@example.com,2065237490,punna,199338,premium,arjun,kapoor
cust102836,vivaan patel,kabir.chopra722@gmail.com,5959878166,ahemdabad,313709,budget,vivaan,patel
cust102435,kabir kapoor,priya.patel400@yahoo.com,3497318539,nodia,51532,luxury,kabir,kapoor
cust102490,sneha iyer,anaya.sharma869@gmail.com,8017974757,gurugram,144958,luxury,sneha,iyer
cust100413,rpiya agarwal,aditi.shah970@gmail.com,4102962010,gurugrm,64975,mid,rpiya,agarwal
