property_id,age_years,condition,hoa_fee,energy_rating,school_score,walk_score,amenity_CCTV,amenity_Club House,amenity_Garden,amenity_Gym,amenity_Intercom,amenity_Lift,amenity_Parking,amenity_Play Area,amenity_Pool,amenity_Power Backup,amenity_Security,amenity_Wifi
PROP200000,18.0,Needs Renovation,1728.0,A,92.0,95.0,0,1,0,1,0,0,1,0,1,0,0,1
PROP200001,3.0,New,1345.0,A,78.0,47.0,0,0,0,0,0,0,0,0,0,1,0,1
PROP200002,17.0,New,3524.0,D,62.0,58.0,0,0,0,0,0,0,0,0,0,1,1,0
PROP200003,11.0,Old,664.0,E,86.0,72.0,0,0,0,0,0,1,1,0,0,0,0,0
PROP200004,17.0,New,1852.0,A,87.0,75.0,0,0,0,0,0,0,0,1,0,0,1,0
PROP200005,16.0,Good,3480.0,F,45.0,60.0,0,0,0,0,1,0,1,0,0,0,0,0
PROP200006,1.0,Needs Renovation,621.0,E,61.0,48.0,0,0,1,1,0,1,0,0,0,0,0,0
PROP200007,2.0,Good,3457.0,F,46.0,40.0,0,0,0,0,1,0,0,1,0,1,1,0
PROP200008,30.0,New,2276.0,E,96.0,43.0,0,0,1,0,0,0,1,0,0,1,1,0
PROP200009,16.0,Old,1779.0,F,46.0,69.0,0,0,0,0,0,1,1,0,0,0,0,0
PROP200010,24.0,New,1281.0,D,81.0,81.0,0,0,0,0,1,1,0,0,1,0,0,0
PROP200011,15.0,Old,2301.0,C,49.0,62.0,1,0,1,0,1,0,0,0,1,0,0,0
PROP200012,15.0,Old,3730.0,A,62.0,52.0,0,1,1,0,0,0,1,0,0,0,0,0
PROP200013,10.0,New,2674.0,F,57.0,85.0,0,1,0,1,0,1,0,0,0,0,1,1
PROP200014,14.0,Needs Renovation,2480.0,D,44.0,74.0,0,0,0,0,1,1,1,1,0,0,1,0
PROP200015,37.0,Needs Renovation,565.0,B,40.0,36.0,1,0,0,0,0,0,0,0,0,0,1,0
PROP200016,0.0,New,0.0,E,70.0,64.0,0,0,1,0,1,0,0,0,1,0,1,0
PROP200017,22.0,Old,146.0,E,79.0,94.0,0,0,0,1,0,1,0,0,0,1,0,0
PROP200018,23.0,Old,2480.0,B,62.0,,0,0,0,1,0,0,0,1,0,0,0,0
PROP200019,33.0,Needs Renovation,1821.0,D,,94.0,0,1,1,0,0,1,1,0,0,0,0,0
PROP200020,28.0,Good,2480.0,C,40.0,54.0,1,0,1,0,0,0,0,1,0,0,0,0
PROP200021,23.0,Old,2480.0,B,82.0,65.0,0,1,0,0,0,1,0,0,0,0,0,0
PROP200022,8.0,Old,4050.0,D,46.0,78.0,0,0,0,0,0,0,0,1,0,0,1,1
PROP200023,29.0,Old,3506.0,F,86.0,49.0,0,0,1,0,0,0,0,0,1,0,0,1
PROP200024,3.0,Good,1602.0,D,55.0,69.0,0,1,0,0,0,1,1,0,0,1,0,0
PROP200025,26.0,Old,708.0,B,82.0,67.0,0,1,1,1,1,0,1,0,0,0,0,0
PROP200026,22.0,Old,2480.0,A,56.0,47.0,1,0,0,0,1,0,0,0,0,1,0,0
PROP200027,12.0,New,2445.0,F,77.0,80.0,0,1,0,1,0,0,1,1,0,0,0,0
PROP200028,,Needs Renovation,2480.0,F,99.0,91.0,0,0,1,1,0,1,0,1,1,0,0,0
PROP200029,1.0,New,840.0,C,99.0,37.0,0,0,0,1,1,0,0,0,0,1,0,0
PROP200030,0.0,Good,720.0,A,62.0,30.0,0,0,0,0,1,0,0,0,0,1,0,0
PROP200031,21.0,New,2480.0,C,85.0,58.0,0,0,1,1,0,0,0,0,1,1,1,0
PROP200032,27.0,New,3764.0,D,56.0,91.0,1,0,1,0,0,0,0,0,0,0,0,0
PROP200033,15.0,Needs Renovation,2480.0,A,82.0,48.0,0,0,0,1,0,1,0,0,0,1,1,0
PROP200034,10.0,Needs Renovation,3694.0,C,60.0,71.0,1,0,1,0,0,0,0,0,0,0,0,0
PROP200035,28.0,Needs Renovation,0.0,D,58.0,99.0,0,0,1,1,0,1,1,0,0,0,0,0
PROP200036,14.0,Old,2107.0,B,42.0,84.0,0,0,1,0,0,0,0,0,0,1,0,0
PROP200037,38.0,Good,1678.0,E,51.0,49.0,0,0,0,0,0,1,0,1,1,0,0,1
PROP200038,27.0,Old,2480.0,D,56.0,42.0,1,0,0,0,0,0,0,0,0,0,1,0
PROP200039,22.0,Old,2319.0,B,65.0,58.0,0,0,0,0,0,0,1,1,0,1,1,1
PROP200040,4.0,New,2748.0,C,66.0,88.0,0,0,1,0,1,0,0,1,1,0,0,0
PROP200041,10.0,Good,1168.0,E,94.0,81.0,0,1,1,0,0,0,1,0,1,0,0,1
PROP200042,34.0,Old,2711.0,A,96.0,82.0,1,0,0,1,0,0,1,0,0,1,1,0
PROP200043,10.0,Needs Renovation,4486.0,D,47.0,81.0,0,0,1,0,0,1,0,1,0,0,0,0
PROP200044,33.0,Old,2657.0,D,73.0,43.0,0,1,0,0,0,0,1,1,0,1,0,0
PROP200045,32.0,New,2480.0,D,87.0,58.0,0,0,1,0,0,0,0,0,0,0,1,1
PROP200046,38.0,Old,4728.0,D,63.0,74.0,0,0,0,1,0,0,1,1,1,0,0,0
PROP200047,12.0,Needs Renovation,2042.0,B,99.0,36.0,0,1,0,0,0,1,1,1,0,0,0,1
PROP200048,7.0,Good,4032.0,C,60.0,92.0,0,0,1,0,0,0,0,0,1,0,0,0
PROP200049,27.0,New,4215.0,F,69.0,59.0,1,0,0,0,0,1,1,0,0,0,0,1
PROP200050,4.0,Old,3790.0,A,43.0,58.0,0,0,0,0,1,0,0,0,1,0,0,0
PROP200051,15.0,New,1543.0,A,66.0,81.0,0,0,1,0,0,0,0,0,1,0,1,0
PROP200052,18.0,New,3030.0,E,76.0,61.0,0,1,1,1,1,0,1,0,0,0,0,0
PROP200053,39.0,Good,1249.0,C,86.0,94.0,0,1,0,0,0,1,0,1,0,0,0,0
PROP200054,6.0,New,5377.0,A,76.0,46.0,0,0,0,1,0,0,0,1,0,0,0,0
PROP200055,39.0,New,1406.0,B,60.0,68.0,1,0,0,1,0,0,1,0,0,0,0,0
PROP200056,39.0,Good,1943.0,C,59.0,39.0,0,0,0,0,0,0,1,1,1,1,0,0
PROP200057,14.0,Needs Renovation,2726.0,B,67.0,76.0,0,0,0,0,0,1,0,0,1,0,0,0
PROP200058,,Good,218.0,F,92.0,88.0,1,0,0,0,1,0,0,1,0,1,0,0
PROP200059,2.0,Needs Renovation,3290.0,A,95.0,56.0,0,0,0,0,0,0,0,0,0,1,1,0
PROP200060,23.0,Needs Renovation,2290.0,C,66.0,44.0,0,1,0,0,1,0,1,0,0,1,1,0
PROP200061,14.0,Needs Renovation,3908.0,F,47.0,68.0,0,0,0,0,0,0,0,0,1,0,1,0
PROP200062,4.0,New,2351.0,B,62.0,46.0,1,0,0,0,0,1,0,0,0,0,0,1
PROP200063,15.0,Needs Renovation,2933.0,A,69.0,,1,0,0,0,0,0,0,1,0,0,0,0
PROP200064,4.0,Good,2480.0,A,51.0,37.0,0,0,0,1,0,0,0,0,0,1,1,1
PROP200065,37.0,New,1623.0,D,81.0,95.0,1,0,1,1,0,1,1,0,0,0,0,0
PROP200066,25.0,Old,4404.0,F,48.0,62.0,0,1,0,1,1,0,0,0,1,1,0,0
PROP200067,15.0,Old,677.0,A,69.0,85.0,0,0,1,0,0,0,0,0,0,1,0,0
PROP200068,34.0,Needs Renovation,1066.0,C,70.0,51.0,0,1,0,0,0,0,1,0,0,0,1,0
PROP200069,,Good,2480.0,E,75.0,43.0,0,0,1,0,1,0,1,1,1,0,0,0
PROP200070,24.0,Good,272.0,D,56.0,52.0,0,0,0,0,0,1,1,0,1,0,0,0
PROP200071,27.0,Needs Renovation,4013.0,B,60.0,89.0,0,1,0,1,0,0,1,0,0,0,0,0
PROP200072,8.0,Good,2952.0,F,,36.0,0,1,0,0,0,0,0,1,0,1,1,1
PROP200073,25.0,Good,2912.0,D,88.0,58.0,0,0,0,0,0,1,0,0,0,1,0,0
PROP200074,6.0,New,2480.0,B,52.0,48.0,0,1,0,0,1,0,0,0,1,1,0,0
PROP200075,21.0,New,3188.0,B,,43.0,0,1,0,0,1,1,0,0,0,1,0,0
PROP200076,10.0,Needs Renovation,1928.0,F,55.0,93.0,1,1,0,1,0,0,1,0,0,0,0,0
PROP200077,35.0,Good,607.0,C,66.0,66.0,0,0,0,0,0,1,0,0,1,0,0,0
PROP200078,37.0,Good,2112.0,B,41.0,67.0,1,0,0,0,0,1,0,1,0,0,0,0
PROP200079,5.0,Old,1507.0,C,84.0,,1,0,0,1,0,0,0,0,0,0,1,0
PROP200080,9.0,Needs Renovation,2482.0,C,61.0,83.0,0,1,0,0,1,0,0,0,1,0,0,0
PROP200081,,Needs Renovation,1380.0,F,82.0,51.0,0,0,0,1,1,1,0,0,0,1,1,0
PROP200082,,Good,1763.0,F,,94.0,0,1,1,0,1,0,0,0,0,0,1,1
PROP200083,20.0,Old,2672.0,A,50.0,92.0,0,0,1,0,0,1,0,0,0,1,1,0
PROP200084,22.0,Good,3539.0,C,73.0,79.0,0,0,0,1,1,0,0,0,0,0,0,1
PROP200085,0.0,Good,0.0,E,65.0,88.0,0,0,0,0,1,0,0,0,0,0,0,1
PROP200086,,Old,2137.0,F,87.0,35.0,0,1,1,0,0,0,0,0,1,1,0,0
PROP200087,4.0,New,2480.0,D,71.0,81.0,1,0,1,0,0,0,0,1,0,0,0,0
PROP200088,28.0,Good,2965.0,F,79.0,40.0,0,1,0,1,0,1,1,0,0,1,0,0
PROP200089,18.0,Needs Renovation,2242.0,B,50.0,67.0,0,0,1,0,0,0,0,0,0,1,0,1
PROP200090,33.0,Good,1124.0,B,88.0,52.0,1,0,0,0,0,1,0,0,1,0,1,0
PROP200091,11.0,Needs Renovation,2592.0,D,57.0,70.0,1,0,0,1,0,1,0,0,1,0,0,1
PROP200092,26.0,Old,3292.0,C,44.0,48.0,0,0,0,1,0,0,0,0,0,0,1,0
PROP200093,25.0,Good,3665.0,B,53.0,,1,0,1,0,0,1,0,0,0,0,0,0
PROP200094,18.0,New,1937.0,D,81.0,58.0,0,0,1,1,0,0,0,0,0,0,0,0
PROP200095,32.0,Needs Renovation,538.0,D,84.0,58.0,0,1,1,0,0,0,1,0,0,1,1,0
PROP200096,23.0,Good,2229.0,A,81.0,62.0,0,0,0,0,0,0,0,1,1,0,0,0
PROP200097,27.0,Old,2830.0,B,70.0,84.0,0,0,0,0,0,0,0,1,1,0,0,0
PROP200098,6.0,Good,2754.0,C,65.0,82.0,0,0,1,1,0,0,0,0,1,0,0,1
PROP200099,33.0,Good,1758.0,F,92.0,91.0,1,0,0,0,0,1,0,1,0,0,0,0
PROP200100,29.0,New,2802.0,B,96.0,88.0,0,0,0,0,1,1,1,0,1,0,0,1
PROP200101,31.0,Good,2480.0,C,48.0,86.0,0,1,1,0,1,0,0,0,0,1,1,0
PROP200102,24.0,New,3431.0,C,45.0,67.0,0,0,0,0,1,0,0,1,0,0,0,1
PROP200103,37.0,Needs Renovation,3823.0,E,47.0,57.0,0,0,0,0,1,0,0,0,1,0,0,1
PROP200104,30.0,New,2869.0,F,46.0,93.0,0,1,0,0,1,1,0,0,0,1,0,1
PROP200105,33.0,Good,1403.0,C,57.0,37.0,0,0,0,0,1,0,0,0,1,0,0,0
PROP200106,33.0,New,2199.0,B,59.0,82.0,0,0,0,0,1,0,1,1,0,1,1,0
PROP200107,36.0,New,2373.0,B,71.0,81.0,1,1,1,1,0,0,0,0,0,0,0,0
PROP200108,22.0,Old,4312.0,D,59.0,68.0,1,0,0,0,0,0,0,0,1,0,0,0
PROP200109,21.0,Good,2372.0,C,71.0,45.0,0,0,0,1,0,1,0,0,0,0,0,1
PROP200110,39.0,Good,2806.0,D,81.0,63.0,0,0,0,0,1,1,0,0,0,0,0,1
PROP200111,31.0,Old,2557.0,D,79.0,71.0,1,0,0,0,0,1,0,0,0,0,1,1
PROP200112,7.0,New,3397.0,C,54.0,35.0,1,0,0,1,0,0,1,1,1,0,0,0
PROP200113,38.0,Good,997.0,B,72.0,40.0,0,1,0,0,1,1,1,1,0,0,0,0
PROP200114,33.0,Good,2740.0,E,90.0,35.0,0,1,0,0,1,1,1,0,0,0,0,0
PROP200115,24.0,Needs Renovation,2406.0,E,57.0,74.0,0,0,0,1,0,1,0,0,1,0,0,1
PROP200116,24.0,Good,3791.0,F,96.0,79.0,0,0,0,1,1,1,0,1,0,1,0,0
PROP200117,,Good,3290.0,D,68.0,97.0,0,0,1,1,0,0,0,0,0,0,0,0
PROP200118,38.0,New,1984.0,F,43.0,34.0,0,1,1,0,0,0,0,1,0,0,0,1
PROP200119,23.0,Good,3954.0,B,95.0,45.0,1,0,1,1,1,0,0,0,0,0,0,0
PROP200120,37.0,Old,1904.0,B,59.0,35.0,1,1,0,1,0,1,0,0,0,0,0,0
PROP200121,,Old,2280.0,F,51.0,94.0,0,0,0,1,1,0,0,0,0,0,1,1
PROP200122,36.0,Good,3449.0,B,81.0,96.0,0,1,0,1,1,0,0,0,1,1,0,0
PROP200123,1.0,Needs Renovation,3183.0,C,71.0,46.0,0,0,1,0,1,1,1,0,0,0,0,0
PROP200124,7.0,Needs Renovation,1120.0,D,48.0,77.0,0,0,0,1,0,1,0,0,1,0,0,1
PROP200125,31.0,New,3467.0,D,60.0,44.0,0,1,0,0,1,0,0,0,0,1,0,0
PROP200126,1.0,Good,3700.0,D,96.0,55.0,1,0,0,1,0,0,1,0,0,0,0,0
PROP200127,38.0,Needs Renovation,3162.0,E,41.0,52.0,1,0,0,0,1,0,0,0,0,0,0,1
PROP200128,6.0,New,2694.0,E,73.0,47.0,0,0,1,0,0,0,1,0,1,1,0,1
PROP200129,33.0,Good,741.0,E,92.0,72.0,1,1,0,0,0,0,0,0,0,1,0,0
PROP200130,2.0,Needs Renovation,2600.0,C,44.0,81.0,0,0,0,1,0,1,0,0,0,0,0,0
PROP200131,23.0,Good,2805.0,E,89.0,64.0,1,0,0,1,0,1,1,1,0,0,0,0
PROP200132,10.0,Needs Renovation,1783.0,B,54.0,84.0,0,0,1,1,0,1,0,0,0,0,1,0
PROP200133,35.0,Good,2533.0,C,59.0,84.0,1,0,0,0,1,0,0,0,1,0,0,0
PROP200134,35.0,Needs Renovation,1244.0,A,94.0,58.0,0,1,1,1,0,0,0,0,1,0,0,0
PROP200135,36.0,Needs Renovation,3236.0,A,98.0,82.0,1,1,0,1,0,0,0,0,1,0,0,1
PROP200136,36.0,Old,2431.0,F,59.0,69.0,0,1,0,0,1,1,1,1,0,0,0,0
PROP200137,24.0,Old,4244.0,B,89.0,31.0,0,0,1,0,1,0,0,1,1,1,0,0
PROP200138,14.0,Old,3709.0,E,92.0,44.0,1,0,0,0,0,0,0,1,1,1,0,0
PROP200139,26.0,Needs Renovation,4176.0,F,44.0,69.0,0,0,0,1,0,1,0,0,1,0,1,0
PROP200140,34.0,New,1448.0,A,83.0,79.0,1,0,1,0,1,1,0,0,0,0,1,0
PROP200141,27.0,Old,2395.0,E,57.0,87.0,0,0,0,1,0,0,0,1,0,0,1,1
PROP200142,12.0,Good,1140.0,D,96.0,92.0,0,1,0,0,1,0,0,0,0,0,0,1
PROP200143,21.0,New,2534.0,F,,83.0,1,0,1,0,0,0,0,0,1,0,0,0
PROP200144,35.0,Old,1733.0,F,59.0,92.0,0,1,1,0,0,0,1,0,1,0,0,0
PROP200145,24.0,Needs Renovation,1395.0,F,,94.0,1,0,0,1,0,1,1,0,0,0,0,0
PROP200146,20.0,Good,2156.0,D,50.0,72.0,0,0,0,1,0,1,0,0,0,0,0,1
PROP200147,23.0,Needs Renovation,3801.0,B,78.0,52.0,1,0,0,0,1,0,0,0,0,0,0,0
PROP200148,17.0,Needs Renovation,3150.0,E,86.0,77.0,0,0,0,0,0,0,0,1,1,1,1,1
PROP200149,24.0,Old,4220.0,C,76.0,36.0,0,0,0,1,0,0,1,1,0,0,1,0
PROP200150,39.0,Needs Renovation,2264.0,D,80.0,50.0,0,1,0,1,0,0,0,0,1,0,1,0
PROP200151,11.0,New,3014.0,B,79.0,,0,1,0,1,1,1,0,0,1,0,0,0
PROP200152,13.0,New,1312.0,D,49.0,63.0,0,0,0,0,1,0,1,1,0,0,0,0
PROP200153,18.0,Good,2080.0,B,,79.0,0,0,0,0,0,1,0,0,0,0,0,1
PROP200154,9.0,New,1665.0,C,58.0,95.0,0,1,1,0,0,0,0,0,0,0,1,1
PROP200155,,Good,1223.0,A,72.0,92.0,0,1,1,0,0,0,0,0,0,0,0,1
PROP200156,33.0,Needs Renovation,2480.0,E,65.0,66.0,0,0,1,0,0,0,0,0,1,0,0,0
PROP200157,5.0,Old,1018.0,A,52.0,73.0,0,0,0,0,0,0,1,1,1,1,0,1
PROP200158,18.0,Good,4894.0,B,53.0,72.0,0,0,0,0,1,0,0,0,0,1,0,0
PROP200159,29.0,Needs Renovation,2251.0,C,48.0,56.0,0,0,0,0,0,0,1,1,0,1,0,0
PROP200160,28.0,New,2480.0,E,48.0,47.0,0,0,0,0,1,1,0,1,0,0,1,1
PROP200161,2.0,Needs Renovation,3017.0,C,46.0,92.0,1,0,0,1,0,1,0,0,1,0,1,0
PROP200162,,Old,2509.0,B,85.0,68.0,0,0,1,0,0,1,0,0,0,0,0,1
PROP200163,28.0,New,3660.0,A,91.0,73.0,0,1,0,1,0,0,1,0,0,0,0,1
PROP200164,,Good,1042.0,B,,60.0,1,0,1,1,0,0,1,0,0,1,0,0
PROP200165,26.0,New,3137.0,A,73.0,31.0,1,1,0,1,0,0,0,0,0,1,0,0
PROP200166,6.0,Old,3277.0,C,94.0,82.0,1,1,0,1,1,0,0,0,0,0,0,1
PROP200167,,Old,1761.0,E,53.0,38.0,0,0,0,0,0,1,0,1,1,0,0,0
PROP200168,15.0,Needs Renovation,536.0,D,91.0,43.0,0,1,0,1,1,0,1,0,1,0,0,0
PROP200169,17.0,New,753.0,B,79.0,66.0,0,0,1,0,0,0,0,1,0,1,0,0
PROP200170,9.0,New,4035.0,E,97.0,86.0,0,0,0,0,1,0,0,0,1,0,0,0
PROP200171,29.0,New,2832.0,C,58.0,90.0,1,1,0,1,0,0,0,0,0,1,0,0
PROP200172,4.0,Needs Renovation,3779.0,D,49.0,91.0,0,1,1,1,0,0,0,0,0,1,0,0
PROP200173,8.0,New,3647.0,B,57.0,75.0,0,1,0,0,1,1,0,0,1,0,1,0
PROP200174,32.0,Needs Renovation,1114.0,A,72.0,34.0,0,1,0,0,0,0,0,0,1,1,0,0
PROP200175,0.0,Good,1574.0,F,95.0,58.0,0,0,0,0,0,0,1,0,0,1,0,0
PROP200176,11.0,Old,1984.0,D,,95.0,0,0,1,0,0,0,0,0,1,0,0,0
PROP200177,26.0,Old,2786.0,A,,79.0,0,0,1,0,1,0,1,1,0,0,0,1
PROP200178,12.0,New,1809.0,C,67.0,37.0,0,0,0,0,0,0,1,1,0,0,0,0
PROP200179,11.0,Old,979.0,D,44.0,86.0,0,0,1,0,1,0,0,0,0,0,0,0
PROP200180,,Old,3397.0,E,57.0,79.0,1,0,1,0,1,0,0,0,0,0,0,0
PROP200181,5.0,Old,2504.0,E,66.0,30.0,0,0,0,0,0,1,0,0,0,0,0,1
PROP200182,38.0,Old,2936.0,C,60.0,42.0,0,1,0,1,0,1,0,1,0,0,0,0
PROP200183,,Needs Renovation,2604.0,D,89.0,55.0,0,1,0,0,0,0,1,1,0,0,1,0
PROP200184,12.0,Good,1961.0,D,87.0,75.0,0,0,0,0,0,1,0,1,0,0,0,0
PROP200185,1.0,Good,1021.0,F,98.0,85.0,0,1,0,0,0,0,0,0,1,0,1,0
PROP200186,1.0,New,3207.0,C,87.0,60.0,0,0,0,1,1,0,0,0,0,0,1,0
PROP200187,24.0,Needs Renovation,2881.0,A,75.0,40.0,0,1,0,0,0,0,0,1,0,1,1,1
PROP200188,,Needs Renovation,4386.0,B,57.0,72.0,0,0,0,0,0,0,0,1,1,0,1,1
PROP200189,4.0,Old,784.0,A,45.0,75.0,0,1,0,1,0,0,1,0,0,0,0,0
PROP200190,,Good,1387.0,D,,77.0,0,1,1,0,0,0,0,0,0,0,0,0
PROP200191,18.0,New,1113.0,C,72.0,32.0,0,1,0,0,0,1,0,1,1,0,1,0
PROP200192,26.0,New,1464.0,F,50.0,63.0,0,0,0,1,0,0,0,0,0,0,0,1
PROP200193,16.0,New,1274.0,A,,55.0,1,0,1,0,0,0,0,1,0,1,0,0
PROP200194,2.0,Old,3042.0,A,50.0,45.0,1,0,0,1,1,0,0,0,1,0,0,1
PROP200195,30.0,New,1743.0,D,79.0,33.0,0,0,0,0,0,1,1,1,1,0,0,0
PROP200196,18.0,New,2219.0,D,94.0,87.0,0,0,0,1,1,0,0,0,0,1,1,1
PROP200197,17.0,Needs Renovation,2069.0,E,47.0,,0,1,1,0,0,0,0,1,0,1,0,0
PROP200198,38.0,Good,2440.0,C,50.0,73.0,1,1,0,0,1,1,0,0,0,0,0,0
PROP200199,24.0,New,545.0,C,95.0,83.0,0,0,1,0,0,0,0,0,1,0,1,0
PROP200200,27.0,Old,2645.0,F,60.0,31.0,0,1,1,0,1,0,0,0,0,0,1,0
PROP200201,22.0,New,0.0,C,97.0,,0,0,1,0,1,1,0,1,0,0,1,0
PROP200202,18.0,Old,3204.0,F,,78.0,0,0,0,0,1,0,0,1,0,1,0,1
PROP200203,14.0,New,3238.0,F,51.0,55.0,0,1,0,0,1,1,0,0,0,0,0,0
PROP200204,3.0,Good,2945.0,E,46.0,,0,0,0,1,1,0,0,0,0,1,1,0
PROP200205,39.0,Good,781.0,D,79.0,80.0,0,0,0,0,0,0,1,0,0,1,0,0
PROP200206,27.0,Old,0.0,E,43.0,82.0,0,0,1,0,1,1,0,0,0,1,0,1
PROP200207,33.0,Old,2412.0,D,75.0,37.0,0,0,0,0,0,0,0,0,1,0,0,1
PROP200208,32.0,New,2862.0,B,54.0,72.0,0,0,0,1,0,1,0,1,1,0,0,0
PROP200209,17.0,Needs Renovation,2174.0,E,,40.0,1,0,1,1,0,0,1,0,0,0,0,1
PROP200210,20.0,Old,780.0,B,40.0,80.0,1,1,0,0,0,1,0,0,1,0,0,1
PROP200211,0.0,Good,2612.0,C,96.0,33.0,0,0,0,1,1,0,0,0,0,0,0,1
PROP200212,37.0,Needs Renovation,2260.0,C,45.0,97.0,0,0,0,1,0,0,1,1,0,0,0,1
PROP200213,9.0,Old,3811.0,E,42.0,,0,0,1,0,1,1,0,0,0,0,0,0
PROP200214,2.0,Old,3600.0,B,49.0,32.0,1,0,0,1,0,0,1,1,1,0,0,0
PROP200215,,Old,3895.0,A,53.0,74.0,0,0,0,1,0,1,0,1,1,0,0,0
PROP200216,24.0,New,3323.0,C,90.0,86.0,0,0,0,0,0,0,1,1,0,0,0,0
PROP200217,10.0,Old,3361.0,E,94.0,64.0,0,0,0,0,1,0,1,1,0,0,0,1
PROP200218,31.0,Old,2552.0,E,58.0,41.0,0,0,0,1,0,0,1,0,1,1,0,0
PROP200219,29.0,Old,2405.0,A,41.0,42.0,0,1,0,0,0,0,0,0,1,0,0,0
PROP200220,15.0,Good,2621.0,D,79.0,75.0,1,1,0,0,0,0,1,0,0,1,0,1
PROP200221,39.0,Old,2933.0,F,68.0,69.0,0,0,0,0,1,1,0,0,0,0,0,0
PROP200222,15.0,New,2480.0,D,52.0,66.0,0,1,0,0,1,0,0,0,1,0,1,0
PROP200223,16.0,Old,4038.0,A,77.0,50.0,0,0,0,1,0,1,0,1,0,0,0,1
PROP200224,19.0,Needs Renovation,2522.0,D,85.0,52.0,0,0,1,0,0,0,0,0,0,1,0,0
PROP200225,30.0,Good,2480.0,D,71.0,48.0,0,1,0,1,0,0,1,1,0,0,0,1
PROP200226,27.0,Good,2636.0,D,84.0,82.0,0,0,0,0,1,0,1,0,0,0,0,0
PROP200227,15.0,Old,2427.0,B,89.0,83.0,0,0,0,0,0,1,1,0,1,1,0,0
PROP200228,30.0,Needs Renovation,628.0,F,85.0,55.0,0,0,0,0,1,0,0,1,0,1,1,0
PROP200229,9.0,Old,259.0,B,63.0,68.0,1,0,0,0,1,0,0,1,0,1,1,0
PROP200230,31.0,New,3260.0,B,67.0,48.0,0,1,0,1,0,1,0,0,1,0,0,0
PROP200231,14.0,New,1820.0,D,72.0,55.0,0,1,0,0,0,0,0,0,0,0,0,1
PROP200232,30.0,Good,2579.0,D,53.0,67.0,0,0,0,0,0,0,0,0,0,1,1,1
PROP200233,30.0,Good,2835.0,F,73.0,58.0,0,1,0,1,1,0,0,0,1,0,0,0
PROP200234,27.0,New,3320.0,C,50.0,49.0,0,0,0,0,1,0,0,1,0,0,0,0
PROP200235,31.0,Good,2141.0,B,,,0,0,1,0,0,0,0,0,1,1,1,1
PROP200236,21.0,Needs Renovation,1933.0,B,,58.0,1,1,0,0,0,0,1,0,1,0,0,0
PROP200237,0.0,Good,2227.0,C,,45.0,0,1,0,0,0,0,0,1,1,0,0,0
PROP200238,0.0,Good,3016.0,D,93.0,40.0,0,0,0,1,0,0,0,0,0,1,1,1
PROP200239,23.0,Old,2313.0,B,46.0,89.0,0,0,0,1,1,0,0,0,0,1,1,1
PROP200240,37.0,Old,1962.0,F,40.0,53.0,0,1,0,0,1,1,0,0,0,0,0,0
PROP200241,35.0,Old,4583.0,B,69.0,61.0,0,0,0,0,0,0,0,0,0,0,1,1
PROP200242,,Good,3043.0,E,,74.0,0,1,1,0,0,0,0,0,1,0,0,0
PROP200243,9.0,Good,4011.0,C,88.0,52.0,0,0,1,0,1,0,1,0,0,0,1,0
PROP200244,39.0,Good,3024.0,D,99.0,90.0,0,0,0,0,0,1,0,0,0,1,0,0
PROP200245,35.0,Good,1459.0,F,63.0,,0,1,0,0,0,0,1,0,1,0,0,0
PROP200246,,Needs Renovation,192.0,D,61.0,88.0,0,0,0,0,1,0,1,0,1,0,0,0
PROP200247,7.0,New,3775.0,F,95.0,73.0,1,1,0,1,0,0,1,0,0,1,0,0
PROP200248,18.0,New,0.0,B,,62.0,0,0,1,0,1,1,0,0,0,0,0,0
PROP200249,11.0,Good,1369.0,F,92.0,65.0,0,1,0,0,0,0,0,0,0,1,0,0
PROP200250,23.0,Good,1615.0,B,99.0,87.0,0,1,0,0,1,0,0,0,0,0,1,1
PROP200251,14.0,Old,2571.0,C,95.0,77.0,1,0,1,0,0,0,0,1,0,1,0,1
PROP200252,17.0,Old,3162.0,C,94.0,60.0,0,0,1,1,0,0,1,0,1,0,0,1
PROP200253,16.0,New,592.0,D,75.0,57.0,0,0,1,0,0,0,1,1,1,0,0,0
PROP200254,20.0,Good,2324.0,C,72.0,35.0,0,1,0,0,1,0,0,0,0,0,0,0
PROP200255,19.0,Needs Renovation,2233.0,F,73.0,47.0,0,0,0,1,0,1,0,0,1,0,1,0
PROP200256,9.0,Good,2999.0,B,87.0,53.0,0,1,0,0,0,0,0,0,0,0,1,0
PROP200257,9.0,New,3779.0,D,43.0,81.0,0,0,0,0,1,0,1,0,0,0,1,0
PROP200258,,New,2480.0,B,59.0,63.0,1,0,1,1,0,0,1,0,0,0,0,0
PROP200259,26.0,New,3036.0,D,87.0,48.0,0,1,0,0,1,0,0,0,0,0,1,0
PROP200260,6.0,Old,2301.0,B,74.0,95.0,0,0,1,0,0,0,1,0,1,0,1,0
PROP200261,21.0,Good,2480.0,E,67.0,,0,1,1,0,1,1,0,0,0,0,0,1
PROP200262,5.0,Good,1106.0,B,49.0,70.0,1,1,0,0,1,0,0,0,1,1,0,0
PROP200263,36.0,Good,4446.0,D,46.0,60.0,0,0,1,0,0,1,0,0,0,0,0,0
PROP200264,39.0,New,1183.0,D,70.0,56.0,0,0,0,0,0,0,1,0,1,0,0,0
PROP200265,14.0,New,4552.0,D,63.0,35.0,1,1,0,0,0,0,1,0,0,0,0,0
PROP200266,5.0,Old,1102.0,F,82.0,46.0,0,1,0,0,0,1,0,0,0,1,1,0
PROP200267,8.0,Needs Renovation,4145.0,E,,47.0,1,1,1,0,0,0,1,0,0,1,0,0
PROP200268,38.0,New,1502.0,A,43.0,44.0,0,1,0,0,0,0,1,1,1,0,1,0
PROP200269,16.0,Old,2411.0,A,83.0,45.0,0,1,0,0,0,0,0,0,0,1,1,1
PROP200270,4.0,New,2216.0,A,89.0,51.0,0,1,1,1,0,1,0,0,0,1,0,0
PROP200271,17.0,Needs Renovation,1486.0,D,48.0,96.0,0,0,1,0,0,0,0,0,1,0,1,0
PROP200272,1.0,Good,5372.0,C,95.0,40.0,1,1,0,0,1,1,0,0,0,0,1,0
PROP200273,10.0,Needs Renovation,1734.0,C,73.0,79.0,0,0,1,0,0,0,0,0,0,1,0,1
PROP200274,26.0,Good,2244.0,F,73.0,54.0,1,0,1,0,1,1,1,0,0,0,0,0
PROP200275,10.0,Good,3230.0,D,89.0,60.0,1,0,1,0,0,0,1,0,0,1,1,0
PROP200276,6.0,Needs Renovation,1149.0,A,54.0,56.0,0,0,0,0,1,0,0,0,1,1,0,0
PROP200277,27.0,Old,3523.0,F,59.0,96.0,0,0,1,0,0,1,0,0,1,0,1,0
PROP200278,0.0,Old,2195.0,E,44.0,85.0,0,0,0,0,0,0,0,1,1,0,0,0
PROP200279,39.0,Good,2480.0,D,91.0,97.0,1,0,0,0,0,0,0,1,1,0,0,1
PROP200280,,Good,1985.0,F,83.0,52.0,0,0,0,0,0,1,1,0,0,0,0,1
PROP200281,35.0,Good,2253.0,B,,87.0,0,1,0,0,0,1,0,0,1,1,0,0
PROP200282,37.0,New,2351.0,B,79.0,44.0,1,0,0,0,0,1,1,0,0,0,0,0
PROP200283,15.0,Old,200.0,C,68.0,,0,0,1,0,1,0,0,0,0,0,1,0
PROP200284,38.0,Old,1813.0,D,80.0,49.0,0,0,0,0,0,1,0,0,0,0,0,1
PROP200285,12.0,Old,3435.0,B,95.0,75.0,0,1,1,1,1,0,0,0,0,0,0,0
PROP200286,20.0,New,1845.0,E,41.0,44.0,1,1,0,0,0,1,0,0,1,1,0,0
PROP200287,27.0,New,2213.0,F,81.0,96.0,1,0,1,0,0,0,1,1,0,1,0,0
PROP200288,39.0,Needs Renovation,2497.0,B,98.0,55.0,0,0,0,0,1,0,0,0,1,1,0,1
PROP200289,19.0,Old,1046.0,B,83.0,50.0,1,0,0,0,0,0,0,0,0,0,1,0
PROP200290,21.0,New,3744.0,C,75.0,45.0,0,1,0,0,0,0,0,0,0,1,0,1
PROP200291,38.0,Needs Renovation,4057.0,D,43.0,39.0,0,1,1,0,0,0,1,0,0,0,1,1
PROP200292,29.0,New,2064.0,A,47.0,96.0,0,0,0,0,1,0,0,0,1,1,1,0
PROP200293,23.0,Good,1885.0,F,68.0,54.0,0,0,0,0,1,1,1,0,0,1,0,1
PROP200294,4.0,Old,0.0,F,88.0,60.0,0,0,0,0,1,0,0,0,0,1,0,0
PROP200295,6.0,Old,728.0,A,98.0,90.0,1,0,0,0,0,0,0,0,1,0,0,1
PROP200296,17.0,Good,3593.0,F,57.0,45.0,0,0,0,1,0,0,0,1,0,0,0,0
PROP200297,20.0,Needs Renovation,1096.0,B,87.0,44.0,0,0,0,1,0,1,0,1,0,0,0,1
PROP200298,36.0,Old,5174.0,B,55.0,58.0,1,0,0,0,0,0,0,0,0,0,1,0
PROP200299,39.0,Old,1828.0,E,45.0,40.0,0,0,0,0,1,0,0,0,0,0,1,0
PROP200300,,Needs Renovation,3887.0,F,78.0,51.0,0,1,0,1,0,1,0,0,0,0,0,0
PROP200301,37.0,Old,4780.0,E,59.0,99.0,0,0,0,1,0,0,0,1,0,0,0,0
PROP200302,32.0,Old,2136.0,C,72.0,75.0,1,1,0,1,1,0,0,0,0,0,0,0
PROP200303,,Old,2809.0,A,,85.0,1,0,0,0,0,0,1,0,0,0,1,0
PROP200304,,New,2166.0,D,70.0,76.0,1,1,0,1,0,0,0,0,0,0,1,0
PROP200305,14.0,Needs Renovation,1654.0,A,96.0,57.0,0,0,0,1,1,0,0,1,1,0,0,0
PROP200306,28.0,Old,1900.0,C,90.0,41.0,0,0,0,0,0,0,0,0,0,0,1,1
PROP200307,28.0,Old,1828.0,E,71.0,31.0,0,1,0,0,0,0,0,0,1,1,0,0
PROP200308,36.0,Old,2480.0,E,91.0,92.0,0,0,0,1,0,1,0,0,1,0,0,1
PROP200309,35.0,New,1310.0,B,85.0,61.0,0,0,0,0,0,0,1,0,0,1,1,0
PROP200310,16.0,Good,2885.0,B,41.0,,1,0,0,1,1,0,1,1,0,0,0,0
PROP200311,3.0,Needs Renovation,2174.0,B,80.0,65.0,1,0,0,1,1,0,0,0,0,0,0,0
PROP200312,,Needs Renovation,3831.0,D,48.0,88.0,0,1,1,0,0,0,0,0,0,0,0,0
PROP200313,30.0,New,1718.0,A,70.0,50.0,0,1,1,0,1,0,1,0,0,0,1,0
PROP200314,24.0,Old,3487.0,C,74.0,,0,1,0,0,1,0,1,0,0,0,1,0
PROP200315,17.0,Old,2364.0,A,83.0,55.0,1,1,1,0,0,0,0,0,0,0,0,0
PROP200316,16.0,Old,2572.0,D,40.0,52.0,0,0,0,1,0,0,0,0,1,0,0,0
PROP200317,9.0,Good,1090.0,E,62.0,89.0,1,0,1,0,0,0,1,0,1,0,0,1
PROP200318,33.0,Old,3435.0,C,69.0,72.0,0,1,0,1,0,0,1,0,1,0,0,0
PROP200319,32.0,Old,2235.0,E,43.0,92.0,0,0,0,0,0,0,1,0,0,1,0,0
PROP200320,37.0,Needs Renovation,3038.0,F,86.0,,0,0,1,1,1,0,0,1,1,0,0,0
PROP200321,25.0,New,2555.0,F,88.0,47.0,0,1,0,0,0,1,0,1,0,0,0,0
PROP200322,38.0,New,1564.0,F,41.0,62.0,0,1,0,0,0,0,0,0,1,1,0,0
PROP200323,26.0,Needs Renovation,3504.0,B,89.0,97.0,0,1,1,0,0,1,0,0,0,0,0,0
PROP200324,23.0,Good,4730.0,C,49.0,47.0,1,0,0,0,1,0,0,0,1,1,0,0
PROP200325,10.0,New,4634.0,F,77.0,31.0,0,0,0,0,0,0,0,0,1,0,0,1
PROP200326,,Good,1782.0,A,76.0,65.0,0,0,0,0,0,0,0,1,0,0,0,1
PROP200327,17.0,Good,644.0,D,71.0,76.0,1,1,0,0,0,0,0,0,1,0,0,0
PROP200328,11.0,Old,2832.0,D,97.0,,1,0,0,0,0,0,1,1,1,0,1,0
PROP200329,1.0,Good,4415.0,C,79.0,54.0,0,0,1,0,1,1,0,0,0,0,0,0
PROP200330,11.0,Good,1800.0,A,44.0,33.0,1,0,0,0,0,0,0,0,0,0,1,0
PROP200331,4.0,New,2693.0,D,54.0,38.0,1,0,1,0,0,0,0,0,0,0,0,0
PROP200332,28.0,Good,3008.0,D,83.0,48.0,1,1,0,0,1,0,0,0,0,1,0,0
PROP200333,21.0,Good,2480.0,A,62.0,59.0,0,1,0,0,0,1,0,1,1,0,1,0
PROP200334,30.0,Old,2300.0,E,68.0,76.0,0,1,0,0,0,0,0,0,0,0,0,1
PROP200335,27.0,New,3616.0,C,73.0,33.0,0,1,0,1,0,0,1,1,0,0,1,0
PROP200336,17.0,Good,1934.0,D,70.0,38.0,0,1,0,0,0,0,0,1,0,0,0,0
PROP200337,38.0,Old,2109.0,E,76.0,97.0,0,1,0,1,0,0,1,0,0,0,0,0
PROP200338,2.0,Old,1492.0,A,67.0,89.0,0,0,0,1,0,0,0,1,1,0,1,0
PROP200339,35.0,New,2013.0,E,53.0,88.0,0,0,0,0,0,1,0,0,0,0,1,0
PROP200340,,Needs Renovation,1071.0,A,46.0,34.0,0,1,0,1,0,1,0,0,1,0,0,1
PROP200341,16.0,Needs Renovation,2212.0,D,69.0,55.0,0,0,1,0,0,0,1,0,0,0,0,0
PROP200342,24.0,Good,2925.0,C,73.0,30.0,0,1,0,1,0,1,0,0,0,0,0,1
PROP200343,1.0,Needs Renovation,4327.0,B,97.0,93.0,0,0,0,0,0,0,0,0,1,0,1,0
PROP200344,,Needs Renovation,2930.0,F,88.0,81.0,0,0,1,0,1,0,0,1,0,0,0,0
PROP200345,15.0,Needs Renovation,4349.0,D,45.0,50.0,0,0,0,0,0,1,0,1,0,0,0,1
PROP200346,20.0,New,2938.0,B,40.0,92.0,0,0,0,0,0,0,1,0,0,0,1,0
PROP200347,11.0,Needs Renovation,2610.0,D,42.0,67.0,0,0,0,0,1,0,0,1,0,0,0,0
PROP200348,,Needs Renovation,0.0,C,40.0,91.0,0,0,0,0,0,0,1,0,0,0,1,0
PROP200349,35.0,Old,3097.0,F,84.0,94.0,1,1,0,1,0,0,0,1,0,1,0,0
PROP200350,22.0,Needs Renovation,2264.0,C,41.0,40.0,0,0,1,0,1,0,0,0,1,0,0,0
PROP200351,22.0,New,1009.0,E,66.0,92.0,1,0,0,0,0,1,0,1,0,0,1,1
PROP200352,33.0,Good,3145.0,A,70.0,48.0,1,0,0,0,0,1,0,0,1,0,0,1
PROP200353,13.0,Old,2824.0,F,68.0,66.0,1,1,0,0,0,0,0,0,0,0,0,1
PROP200354,15.0,Good,3100.0,D,44.0,73.0,1,0,0,0,0,0,0,0,0,1,0,0
PROP200355,16.0,New,3643.0,E,60.0,95.0,0,0,0,0,1,1,0,0,1,1,0,1
PROP200356,19.0,Good,2784.0,E,53.0,38.0,0,0,0,1,0,0,1,0,0,0,0,1
PROP200357,16.0,Needs Renovation,3339.0,F,78.0,77.0,0,0,1,0,1,1,1,0,0,0,1,0
PROP200358,38.0,Good,4170.0,D,99.0,43.0,1,0,0,1,0,0,0,0,1,0,1,1
PROP200359,34.0,Old,2999.0,D,63.0,40.0,0,0,0,0,1,0,1,1,0,0,0,0
PROP200360,23.0,Needs Renovation,3315.0,C,89.0,62.0,1,1,0,0,0,1,0,0,0,0,1,1
PROP200361,20.0,New,2150.0,D,68.0,46.0,1,1,0,0,0,0,1,0,0,1,0,1
PROP200362,1.0,New,940.0,D,53.0,47.0,1,1,0,0,0,1,0,0,1,0,0,0
PROP200363,27.0,Needs Renovation,2899.0,A,95.0,74.0,1,0,0,0,1,0,1,0,1,0,1,0
PROP200364,7.0,Needs Renovation,3537.0,F,48.0,92.0,0,0,0,0,0,0,0,0,0,1,1,0
PROP200365,4.0,Good,1460.0,F,80.0,46.0,1,0,0,0,0,0,1,1,0,0,1,1
PROP200366,39.0,New,2479.0,D,57.0,98.0,1,1,0,0,1,0,0,0,0,0,1,1
PROP200367,29.0,Good,983.0,B,76.0,93.0,1,1,1,0,1,0,0,1,0,0,0,0
PROP200368,29.0,Good,2735.0,C,91.0,30.0,0,0,0,0,0,0,0,1,0,0,0,1
PROP200369,32.0,New,1279.0,A,51.0,93.0,0,0,0,0,0,1,1,0,0,0,1,0
PROP200370,22.0,New,0.0,A,88.0,32.0,0,1,1,1,0,0,1,0,0,0,1,0
PROP200371,7.0,Good,1249.0,B,91.0,37.0,0,0,0,0,0,1,1,0,0,1,0,0
PROP200372,7.0,Old,1184.0,B,91.0,97.0,0,1,0,0,0,1,0,0,0,1,0,0
PROP200373,32.0,Needs Renovation,4723.0,E,86.0,77.0,0,0,0,1,0,0,0,0,0,0,0,1
PROP200374,32.0,Good,3362.0,E,75.0,,1,0,1,0,0,1,0,0,1,0,0,1
PROP200375,25.0,Good,2188.0,A,48.0,94.0,0,1,1,0,0,0,0,0,1,1,0,0
PROP200376,15.0,Good,2883.0,B,41.0,87.0,0,0,0,1,0,0,0,1,0,0,0,0
PROP200377,17.0,Old,3164.0,F,94.0,94.0,0,0,0,0,0,0,1,1,1,0,1,0
PROP200378,18.0,Needs Renovation,2480.0,D,43.0,50.0,0,0,0,0,0,1,0,1,1,0,0,0
PROP200379,20.0,Needs Renovation,1194.0,E,66.0,37.0,1,0,0,1,0,1,1,0,0,0,1,0
PROP200380,5.0,Good,2321.0,D,48.0,40.0,0,0,0,0,0,0,0,0,0,1,1,0
PROP200381,10.0,Needs Renovation,2938.0,F,82.0,53.0,0,0,0,0,0,1,0,1,0,0,0,0
PROP200382,23.0,Good,3961.0,D,86.0,74.0,1,0,0,0,0,1,0,0,0,0,0,0
PROP200383,19.0,Old,0.0,D,,52.0,0,0,0,0,0,0,0,1,1,0,0,0
PROP200384,11.0,Old,0.0,E,,90.0,0,1,1,1,0,0,0,1,0,0,0,0
PROP200385,34.0,Old,3719.0,D,97.0,,0,0,0,0,0,0,1,0,0,0,0,1
PROP200386,20.0,New,433.0,A,61.0,74.0,1,1,0,1,0,0,1,1,0,0,0,0
PROP200387,28.0,Needs Renovation,2837.0,D,87.0,87.0,0,0,1,1,0,0,1,1,1,0,0,0
PROP200388,1.0,Old,2354.0,E,67.0,82.0,0,0,0,0,0,0,0,0,1,1,0,1
PROP200389,26.0,Good,2364.0,D,85.0,93.0,0,0,0,0,0,1,1,1,0,0,1,1
PROP200390,23.0,Needs Renovation,1527.0,C,85.0,,1,0,0,1,1,1,0,1,0,0,0,0
PROP200391,38.0,Needs Renovation,5108.0,F,96.0,83.0,0,1,0,1,1,0,0,0,0,0,0,0
PROP200392,10.0,Old,1850.0,A,69.0,92.0,0,0,0,0,0,1,0,1,1,1,0,0
PROP200393,23.0,Old,1828.0,C,58.0,71.0,0,0,1,0,0,0,0,0,1,1,0,1
PROP200394,32.0,Needs Renovation,2480.0,B,67.0,71.0,1,0,0,0,0,0,0,0,1,1,0,0
PROP200395,22.0,Needs Renovation,2480.0,D,86.0,42.0,0,0,0,0,0,0,0,1,1,1,1,1
PROP200396,7.0,Good,1853.0,C,62.0,52.0,0,0,0,0,0,0,0,1,1,0,0,0
PROP200397,33.0,Old,300.0,B,75.0,30.0,0,0,0,0,0,0,0,0,1,1,0,0
PROP200398,35.0,Needs Renovation,2586.0,E,72.0,46.0,0,0,1,0,0,0,0,0,0,0,0,1
PROP200399,5.0,New,1875.0,B,91.0,89.0,0,0,0,0,0,0,0,1,0,1,0,0
PROP200400,0.0,Good,2429.0,D,91.0,72.0,0,0,0,1,0,1,1,1,0,1,0,0
PROP200401,0.0,Good,2480.0,A,87.0,84.0,0,0,0,0,0,1,0,0,0,0,1,0
PROP200402,8.0,Needs Renovation,3178.0,F,79.0,38.0,0,0,0,0,0,0,0,0,1,1,0,0
PROP200403,5.0,Good,3372.0,B,51.0,91.0,0,0,0,0,0,0,0,1,0,1,0,0
PROP200404,31.0,Good,2555.0,D,50.0,94.0,0,0,0,0,0,1,1,1,0,1,0,0
PROP200405,21.0,Needs Renovation,2594.0,E,58.0,75.0,1,1,0,1,0,0,0,0,0,1,0,0
PROP200406,23.0,Good,2480.0,C,,85.0,0,0,1,0,0,1,0,0,0,0,0,1
PROP200407,9.0,Good,3429.0,F,46.0,,0,0,0,1,0,0,1,0,0,0,0,0
PROP200408,11.0,Needs Renovation,949.0,B,44.0,,0,0,0,1,0,0,0,0,0,0,0,1
PROP200409,15.0,Old,2347.0,E,74.0,50.0,0,0,0,0,1,0,1,0,0,0,0,0
PROP200410,4.0,Old,2443.0,C,69.0,,0,0,1,1,0,0,1,0,1,1,0,0
PROP200411,22.0,New,2283.0,A,87.0,62.0,0,0,0,0,1,0,1,1,1,1,0,0
PROP200412,11.0,New,2751.0,D,89.0,45.0,0,0,0,0,1,0,0,1,0,1,0,1
PROP200413,36.0,Old,2938.0,C,62.0,66.0,0,0,0,1,0,1,0,1,1,0,0,0
PROP200414,10.0,New,1897.0,B,71.0,46.0,0,0,1,0,0,0,0,1,0,1,1,0
PROP200415,14.0,New,1193.0,F,86.0,89.0,0,0,1,1,0,0,0,0,0,1,1,0
PROP200416,10.0,Good,3457.0,E,45.0,73.0,1,1,0,0,0,1,0,0,1,0,0,1
PROP200417,8.0,New,2174.0,C,94.0,98.0,0,1,0,0,0,1,0,0,0,0,0,1
PROP200418,4.0,Needs Renovation,3818.0,C,60.0,73.0,0,1,0,1,0,0,0,0,1,0,0,1
PROP200419,9.0,New,2904.0,E,65.0,49.0,0,0,1,0,1,0,1,0,0,0,0,0
PROP200420,24.0,New,3495.0,D,58.0,61.0,0,0,0,0,1,0,1,0,0,1,1,0
PROP200421,36.0,Needs Renovation,1277.0,D,58.0,61.0,0,0,1,0,0,1,0,1,0,0,0,0
PROP200422,32.0,Good,3811.0,D,98.0,37.0,0,1,1,0,0,1,0,1,0,1,0,0
PROP200423,25.0,Old,3272.0,D,91.0,82.0,0,1,0,0,0,1,0,0,1,1,1,0
PROP200424,18.0,Good,1947.0,E,84.0,,0,0,0,0,0,0,0,1,0,0,0,1
PROP200425,3.0,Good,2480.0,D,67.0,75.0,0,1,1,0,0,1,0,0,0,1,0,0
PROP200426,10.0,New,1774.0,B,77.0,61.0,0,0,0,0,0,0,1,0,0,1,1,1
PROP200427,26.0,Old,1771.0,E,44.0,84.0,0,0,0,0,0,1,0,0,0,1,0,0
PROP200428,24.0,Good,2158.0,E,81.0,42.0,1,0,0,1,0,0,0,1,0,1,0,0
PROP200429,11.0,Needs Renovation,1746.0,E,98.0,38.0,0,0,0,1,0,1,0,1,0,1,0,1
PROP200430,39.0,New,1271.0,E,74.0,79.0,1,0,0,0,1,0,0,0,0,1,0,0
PROP200431,39.0,Needs Renovation,5368.0,D,55.0,90.0,1,0,0,0,0,0,0,1,0,1,0,0
PROP200432,8.0,Needs Renovation,3664.0,A,48.0,77.0,0,0,1,0,0,0,1,1,1,1,0,0
PROP200433,23.0,Good,1246.0,B,91.0,77.0,0,1,0,1,0,0,1,0,1,0,0,0
PROP200434,18.0,Needs Renovation,2480.0,A,80.0,96.0,1,0,0,0,0,1,0,0,0,1,1,0
PROP200435,10.0,Needs Renovation,1992.0,E,,52.0,0,1,0,1,1,0,0,0,1,0,0,1
PROP200436,6.0,Good,3350.0,D,88.0,72.0,0,1,1,0,0,0,1,1,1,0,0,0
PROP200437,10.0,Good,3258.0,B,,88.0,1,0,0,0,0,0,1,1,0,1,0,0
PROP200438,21.0,Old,3216.0,E,63.0,70.0,0,0,0,1,0,0,1,0,0,0,0,0
PROP200439,12.0,Needs Renovation,1940.0,F,89.0,30.0,0,1,0,0,0,0,0,0,1,0,0,0
PROP200440,1.0,Good,2164.0,A,80.0,72.0,0,0,0,1,0,0,0,0,1,0,1,0
PROP200441,36.0,New,2297.0,C,60.0,,0,1,0,0,0,1,0,0,0,1,0,0
PROP200442,24.0,Needs Renovation,0.0,D,46.0,54.0,1,0,0,0,0,0,0,1,1,0,1,1
PROP200443,15.0,Good,3477.0,A,57.0,96.0,0,1,0,0,0,0,0,1,0,0,1,0
PROP200444,38.0,Good,2311.0,E,97.0,60.0,1,0,0,0,0,0,0,0,0,1,0,0
PROP200445,8.0,Old,3715.0,A,59.0,71.0,0,1,0,0,0,1,1,0,1,1,0,0
PROP200446,3.0,Old,2894.0,A,59.0,66.0,0,0,0,0,1,0,0,0,1,0,0,0
PROP200447,11.0,Old,3140.0,B,,47.0,0,0,1,0,0,0,1,0,1,0,0,0
PROP200448,37.0,Old,2480.0,B,86.0,31.0,0,0,0,1,0,0,0,0,1,0,0,1
PROP200449,16.0,Needs Renovation,1532.0,C,86.0,43.0,0,0,0,0,1,0,0,0,0,1,0,0
PROP200450,11.0,Good,1715.0,A,89.0,72.0,0,1,1,0,0,0,0,0,0,1,0,0
PROP200451,,Old,2480.0,B,92.0,96.0,0,0,0,0,0,0,0,1,0,0,0,1
PROP200452,36.0,Needs Renovation,1948.0,A,60.0,74.0,0,0,0,0,1,1,1,1,0,0,1,0
PROP200453,10.0,Good,1000.0,F,93.0,42.0,0,0,0,1,0,0,1,0,0,0,0,0
PROP200454,28.0,New,823.0,F,63.0,82.0,1,0,1,0,1,1,0,0,0,1,0,0
PROP200455,20.0,Old,826.0,F,70.0,58.0,1,1,1,0,0,1,0,0,0,0,0,1
PROP200456,9.0,New,1374.0,C,83.0,56.0,0,0,1,1,0,1,0,0,0,1,0,1
PROP200457,32.0,Old,2480.0,E,,56.0,0,1,1,0,0,0,0,0,0,0,0,1
PROP200458,4.0,Good,2721.0,D,83.0,86.0,0,0,0,0,0,1,0,0,0,0,1,0
PROP200459,7.0,Needs Renovation,66.0,F,77.0,58.0,1,0,0,0,1,0,0,0,0,0,0,0
PROP200460,14.0,Needs Renovation,1996.0,D,60.0,91.0,0,0,0,0,0,0,0,0,0,1,1,1
PROP200461,0.0,New,1534.0,C,55.0,50.0,0,0,0,0,1,1,0,0,1,0,0,0
PROP200462,6.0,Old,1611.0,F,66.0,47.0,1,0,1,0,1,0,0,0,0,1,0,1
PROP200463,37.0,Needs Renovation,1732.0,B,99.0,90.0,0,1,1,0,0,1,0,1,0,1,0,0
PROP200464,7.0,Old,2449.0,F,95.0,73.0,1,0,0,0,1,0,1,0,1,0,0,0
PROP200465,26.0,Good,2254.0,C,,95.0,1,0,0,0,0,0,0,1,0,1,0,0
PROP200466,4.0,New,1902.0,F,48.0,66.0,0,0,1,1,0,0,1,0,0,0,1,1
PROP200467,37.0,Good,2025.0,E,62.0,57.0,0,0,1,1,0,0,0,0,0,0,0,1
PROP200468,18.0,Old,2323.0,E,95.0,85.0,0,0,1,0,1,0,0,0,0,0,1,0
PROP200469,24.0,Good,3377.0,A,82.0,74.0,0,0,0,0,0,0,0,1,0,1,0,0
PROP200470,11.0,Old,2680.0,F,96.0,89.0,0,0,0,0,0,0,0,1,1,1,0,0
PROP200471,10.0,Old,3009.0,A,75.0,41.0,0,0,1,0,0,0,0,0,0,1,0,0
PROP200472,39.0,Needs Renovation,2468.0,B,77.0,99.0,1,0,0,0,0,0,0,0,0,0,1,1
PROP200473,20.0,New,3310.0,C,79.0,,1,0,1,0,0,0,0,0,1,1,0,0
PROP200474,39.0,Good,2985.0,A,78.0,48.0,0,0,0,0,0,0,0,0,1,1,0,0
PROP200475,16.0,Good,2122.0,B,52.0,30.0,1,0,0,0,0,0,1,0,1,1,1,0
PROP200476,3.0,Needs Renovation,2769.0,B,43.0,88.0,0,0,0,0,1,0,1,0,0,0,1,0
PROP200477,5.0,Old,2691.0,B,41.0,90.0,0,1,0,1,0,0,0,0,0,1,0,0
PROP200478,25.0,Good,2480.0,E,53.0,52.0,0,0,1,0,0,1,1,1,0,0,0,1
PROP200479,22.0,New,2290.0,A,83.0,90.0,0,0,0,0,1,0,0,0,0,0,1,0
PROP200480,27.0,New,3277.0,D,45.0,78.0,1,0,0,0,0,0,0,1,1,0,1,0
PROP200481,4.0,Old,914.0,C,83.0,,1,0,0,0,0,0,0,0,1,0,0,0
PROP200482,17.0,Needs Renovation,1417.0,A,83.0,74.0,0,1,1,0,0,1,1,0,0,0,0,0
PROP200483,3.0,New,1882.0,B,86.0,52.0,0,1,0,1,1,0,0,0,0,1,0,0
PROP200484,31.0,Good,4781.0,B,97.0,59.0,0,0,0,0,1,0,1,0,0,0,1,0
PROP200485,7.0,New,3125.0,E,60.0,64.0,1,0,0,1,0,0,0,1,0,0,1,0
PROP200486,20.0,Good,2938.0,E,96.0,78.0,1,0,0,0,0,0,0,1,1,1,0,0
PROP200487,17.0,New,286.0,A,89.0,95.0,0,0,0,0,0,0,0,0,1,1,0,0
PROP200488,33.0,Old,912.0,A,43.0,55.0,1,1,0,1,0,0,0,0,0,0,0,0
PROP200489,27.0,Needs Renovation,2878.0,F,66.0,43.0,0,0,1,1,0,0,0,0,0,1,1,0
PROP200490,11.0,Old,5601.0,B,45.0,,0,0,1,0,1,0,1,0,0,0,1,0
PROP200491,28.0,Old,2480.0,C,86.0,81.0,0,1,1,1,0,0,0,0,0,0,1,0
PROP200492,4.0,Old,1148.0,E,45.0,60.0,1,0,0,1,0,0,0,1,0,0,1,0
PROP200493,23.0,Good,1486.0,E,63.0,99.0,1,0,0,0,0,0,0,0,0,0,1,0
PROP200494,21.0,New,2246.0,D,84.0,57.0,1,0,0,0,0,0,1,0,1,0,0,0
PROP200495,31.0,Good,2159.0,D,50.0,72.0,1,0,0,0,1,0,1,0,0,0,0,0
PROP200496,23.0,Old,3903.0,D,71.0,46.0,0,0,1,0,0,0,0,0,0,0,1,0
PROP200497,8.0,Needs Renovation,2257.0,F,49.0,55.0,0,0,0,0,1,0,0,0,0,1,0,0
PROP200498,19.0,Old,1057.0,D,62.0,,0,0,0,0,1,1,0,0,1,0,1,0
PROP200499,31.0,Old,3152.0,A,79.0,41.0,0,1,1,0,0,0,1,1,0,0,0,0
PROP200500,13.0,Old,3804.0,A,,69.0,0,1,0,1,0,1,1,1,0,0,0,0
PROP200501,33.0,Needs Renovation,3124.0,A,68.0,93.0,0,1,0,0,1,1,1,0,0,0,1,0
PROP200502,10.0,Needs Renovation,3172.0,E,,74.0,1,1,0,0,0,0,0,1,0,0,1,1
PROP200503,7.0,Needs Renovation,2338.0,B,58.0,86.0,0,0,0,0,0,1,0,1,0,0,1,1
PROP200504,28.0,Old,3080.0,D,74.0,65.0,1,0,0,0,1,0,0,0,0,1,0,0
PROP200505,5.0,New,1091.0,A,88.0,37.0,0,0,1,1,1,0,0,0,1,1,0,0
PROP200506,7.0,New,350.0,F,73.0,37.0,0,0,0,0,1,0,0,1,0,1,0,0
PROP200507,20.0,Needs Renovation,4731.0,C,64.0,67.0,1,1,1,1,0,1,0,0,0,0,0,0
PROP200508,24.0,Good,2342.0,D,95.0,57.0,1,0,1,1,0,0,0,0,0,0,0,0
PROP200509,15.0,Old,3124.0,E,56.0,,0,1,0,1,0,0,1,1,0,0,0,0
PROP200510,39.0,Good,1710.0,E,81.0,95.0,1,1,1,0,0,0,0,0,0,0,1,1
PROP200511,37.0,Needs Renovation,4944.0,B,90.0,61.0,1,0,0,0,1,0,0,0,0,0,0,0
PROP200512,15.0,Needs Renovation,1921.0,A,54.0,89.0,1,0,0,0,0,0,0,0,0,1,0,0
PROP200513,5.0,New,3090.0,E,97.0,,0,0,1,1,0,0,1,0,0,0,0,1
PROP200514,22.0,Needs Renovation,1335.0,C,49.0,31.0,0,0,1,0,1,0,1,0,0,0,0,0
PROP200515,26.0,Needs Renovation,1995.0,F,,87.0,0,0,1,1,0,0,0,0,0,0,0,0
PROP200516,39.0,New,4422.0,E,65.0,57.0,0,0,1,1,1,0,0,0,1,0,0,0
PROP200517,4.0,New,1241.0,E,64.0,67.0,0,0,1,0,0,0,0,0,0,1,0,1
PROP200518,22.0,Good,4913.0,E,72.0,35.0,0,0,0,1,0,1,0,0,0,0,0,0
PROP200519,24.0,Needs Renovation,3823.0,A,48.0,96.0,1,0,0,1,1,0,0,0,1,0,0,0
PROP200520,32.0,New,1210.0,A,79.0,,1,1,0,0,1,1,0,1,0,0,0,0
PROP200521,23.0,Old,3484.0,F,95.0,68.0,1,0,0,1,0,1,1,0,0,0,0,0
PROP200522,16.0,New,2480.0,C,64.0,49.0,1,0,0,0,1,0,1,0,1,0,0,1
PROP200523,1.0,New,2704.0,D,40.0,50.0,0,1,1,0,0,1,0,0,0,0,1,0
PROP200524,15.0,Old,3752.0,F,89.0,59.0,0,0,1,0,1,0,0,1,0,0,0,0
PROP200525,0.0,Good,710.0,C,60.0,94.0,1,1,0,0,0,0,0,0,0,0,0,0
PROP200526,,Good,2205.0,D,66.0,58.0,1,0,0,0,0,1,0,0,0,1,0,1
PROP200527,28.0,Old,1374.0,E,85.0,63.0,1,1,0,0,0,0,0,0,1,0,0,0
PROP200528,26.0,New,3210.0,E,44.0,59.0,0,0,0,0,0,0,0,0,0,0,1,1
PROP200529,36.0,New,2975.0,A,76.0,32.0,1,1,0,0,0,0,1,0,0,1,0,0
PROP200530,39.0,Needs Renovation,1902.0,A,94.0,86.0,1,0,0,1,0,1,1,0,0,0,0,1
PROP200531,16.0,Needs Renovation,1791.0,F,79.0,62.0,0,1,0,1,0,0,0,0,0,0,1,0
PROP200532,31.0,New,2253.0,E,96.0,78.0,0,0,1,0,0,1,0,0,0,1,0,0
PROP200533,16.0,Old,1893.0,A,73.0,82.0,0,1,0,0,0,0,0,1,1,1,0,1
PROP200534,38.0,Good,401.0,B,65.0,93.0,0,0,1,0,0,0,0,0,1,0,0,0
PROP200535,15.0,New,1207.0,E,45.0,,0,1,0,1,0,1,0,0,0,0,0,1
PROP200536,11.0,Good,2976.0,E,65.0,62.0,1,0,0,0,0,1,0,0,0,0,0,0
PROP200537,36.0,New,2480.0,E,52.0,72.0,0,0,0,0,1,0,0,0,1,1,1,0
PROP200538,28.0,Needs Renovation,3333.0,B,54.0,56.0,1,1,0,1,0,0,0,1,0,0,1,0
PROP200539,1.0,Needs Renovation,2095.0,C,,98.0,1,0,0,0,0,1,0,0,0,0,0,0
PROP200540,39.0,New,3895.0,A,80.0,66.0,1,0,1,0,0,0,0,0,0,1,1,0
PROP200541,33.0,New,2051.0,F,,,0,1,0,0,1,0,0,0,1,0,1,0
PROP200542,32.0,Needs Renovation,2291.0,A,96.0,96.0,1,0,0,0,0,0,0,0,1,1,0,1
PROP200543,32.0,New,4143.0,E,48.0,82.0,0,0,1,0,0,0,0,1,0,0,0,0
PROP200544,39.0,New,1272.0,A,61.0,55.0,1,0,0,1,0,0,0,0,0,0,0,0
PROP200545,37.0,Old,3309.0,A,41.0,96.0,0,1,0,0,0,0,0,0,0,0,1,1
PROP200546,11.0,Old,4135.0,F,69.0,37.0,0,0,0,0,1,0,0,0,0,0,1,0
PROP200547,2.0,New,2152.0,F,53.0,95.0,0,1,0,1,0,0,0,0,1,1,0,1
PROP200548,16.0,Needs Renovation,2879.0,E,55.0,33.0,0,1,0,0,0,0,1,0,1,0,0,0
PROP200549,6.0,Needs Renovation,2480.0,B,95.0,46.0,0,0,1,1,0,0,0,0,1,0,1,0
PROP200550,28.0,New,2973.0,A,55.0,39.0,0,0,1,0,0,0,0,1,1,0,1,0
PROP200551,25.0,Good,4685.0,B,67.0,89.0,0,1,0,1,0,0,1,0,1,0,1,0
PROP200552,0.0,New,2901.0,E,92.0,66.0,0,0,0,0,0,0,0,1,0,1,0,0
PROP200553,3.0,Good,3603.0,D,97.0,51.0,0,0,0,1,0,0,1,0,0,0,1,1
PROP200554,25.0,Old,1824.0,B,88.0,54.0,0,0,0,0,0,1,0,1,0,0,0,0
PROP200555,30.0,Good,1000.0,A,42.0,48.0,0,0,0,1,0,1,0,0,0,1,0,0
PROP200556,27.0,Good,2627.0,F,46.0,86.0,0,0,0,0,0,0,0,0,1,0,0,1
PROP200557,13.0,New,2217.0,D,94.0,82.0,1,0,0,0,1,0,0,0,0,0,0,0
PROP200558,18.0,New,4191.0,D,97.0,31.0,0,0,1,1,1,0,0,0,1,0,0,0
PROP200559,22.0,Old,3237.0,D,48.0,37.0,0,1,0,1,0,0,1,0,1,0,0,0
PROP200560,25.0,New,2636.0,E,53.0,52.0,0,1,1,1,1,0,0,0,0,0,0,1
PROP200561,13.0,Old,3490.0,C,45.0,62.0,0,0,0,0,0,1,0,0,0,1,1,0
PROP200562,16.0,Old,3432.0,E,49.0,89.0,1,0,0,0,0,0,0,0,0,0,1,1
PROP200563,13.0,New,3936.0,A,59.0,52.0,1,0,1,1,0,1,1,0,0,0,0,0
PROP200564,15.0,New,3289.0,F,95.0,53.0,0,0,1,0,1,0,0,0,0,0,0,0
PROP200565,4.0,Old,3328.0,A,78.0,31.0,0,0,1,0,1,0,0,1,1,0,0,0
PROP200566,8.0,Needs Renovation,4940.0,D,65.0,68.0,1,0,0,0,0,0,0,0,0,0,1,0
PROP200567,5.0,Good,2950.0,C,,35.0,0,0,0,0,0,0,0,0,1,0,0,1
PROP200568,,Old,2673.0,F,70.0,94.0,0,1,0,0,0,0,1,0,1,0,1,1
PROP200569,31.0,Old,2049.0,F,67.0,58.0,0,0,0,0,1,1,0,0,1,0,1,1
PROP200570,16.0,New,0.0,E,57.0,39.0,0,1,0,0,0,0,0,1,0,0,1,0
PROP200571,36.0,Old,1538.0,D,89.0,86.0,0,0,0,1,0,0,0,0,0,0,0,1
PROP200572,8.0,Needs Renovation,2480.0,E,66.0,94.0,0,0,0,0,0,1,0,1,0,0,0,0
PROP200573,9.0,Good,2480.0,B,58.0,93.0,0,0,0,0,1,0,0,0,1,0,0,0
PROP200574,2.0,Old,2228.0,B,73.0,65.0,0,0,0,1,0,0,0,0,0,1,1,0
PROP200575,31.0,New,2481.0,D,,64.0,1,0,0,1,0,0,0,0,1,0,0,0
PROP200576,10.0,Needs Renovation,0.0,E,81.0,86.0,1,0,0,1,0,0,0,0,1,1,0,0
PROP200577,23.0,Good,2480.0,D,42.0,97.0,0,0,1,0,0,0,0,1,0,0,0,0
PROP200578,16.0,Good,2931.0,A,65.0,74.0,0,0,0,0,0,1,0,0,0,1,0,0
PROP200579,3.0,Old,2480.0,D,49.0,74.0,0,0,1,0,0,1,1,0,1,0,0,0
PROP200580,21.0,Good,2253.0,D,98.0,96.0,0,0,0,0,1,1,1,0,0,0,0,0
PROP200581,14.0,Good,696.0,B,60.0,49.0,0,0,0,0,0,1,1,0,1,1,0,0
PROP200582,30.0,Old,1971.0,D,49.0,90.0,0,1,1,0,1,0,1,0,0,0,0,0
PROP200583,32.0,Good,4364.0,A,88.0,44.0,0,0,0,1,0,0,1,0,0,0,1,1
PROP200584,35.0,Old,3652.0,D,40.0,56.0,1,1,0,0,1,1,0,0,0,0,1,0
PROP200585,38.0,Good,3300.0,A,42.0,85.0,0,0,0,1,0,0,0,0,1,0,1,0
PROP200586,25.0,Old,2808.0,E,,88.0,0,1,0,0,0,0,0,0,1,0,1,0
PROP200587,7.0,Needs Renovation,1757.0,D,52.0,89.0,0,0,1,0,0,0,0,1,0,0,0,0
PROP200588,19.0,Good,2480.0,E,77.0,,0,0,0,1,0,0,1,0,0,1,1,0
PROP200589,37.0,Needs Renovation,551.0,F,71.0,63.0,0,0,0,1,0,0,1,1,0,0,0,0
PROP200590,24.0,Needs Renovation,3346.0,C,71.0,39.0,0,0,0,0,0,1,0,0,0,0,0,1
PROP200591,,Needs Renovation,1564.0,B,60.0,77.0,0,0,1,0,0,1,0,1,1,0,1,0
PROP200592,24.0,Old,259.0,F,94.0,54.0,0,0,0,0,1,0,0,1,1,0,0,0
PROP200593,,Needs Renovation,2028.0,C,75.0,38.0,0,0,1,1,0,0,0,1,0,1,1,0
PROP200594,24.0,Old,950.0,E,66.0,50.0,1,0,1,0,0,0,1,0,0,1,0,1
PROP200595,14.0,Needs Renovation,4794.0,C,52.0,,0,1,1,0,1,0,0,0,0,1,0,0
PROP200596,34.0,Needs Renovation,0.0,F,82.0,76.0,0,0,1,1,0,1,0,0,1,0,0,0
PROP200597,24.0,Good,1278.0,B,42.0,79.0,0,0,0,0,1,1,1,0,1,0,1,0
PROP200598,20.0,Old,2480.0,C,65.0,94.0,0,0,1,1,0,0,0,0,0,0,0,0
PROP200599,39.0,Old,1856.0,B,72.0,47.0,1,0,0,0,1,0,0,0,1,0,0,0
PROP200600,19.0,New,2480.0,C,,42.0,0,0,0,0,0,1,0,1,0,1,1,1
PROP200601,8.0,New,4113.0,B,95.0,46.0,0,0,0,0,0,1,0,1,0,0,0,1
PROP200602,26.0,New,2084.0,C,81.0,88.0,0,0,0,1,1,0,0,0,0,0,0,1
PROP200603,20.0,Old,3797.0,E,41.0,42.0,1,0,0,0,0,0,1,0,0,0,1,1
PROP200604,18.0,Good,4144.0,B,87.0,72.0,0,0,0,1,0,0,0,1,1,0,0,0
PROP200605,17.0,Needs Renovation,2558.0,E,75.0,38.0,0,0,1,0,0,1,0,0,1,0,0,1
PROP200606,36.0,Good,2480.0,F,65.0,41.0,0,1,0,0,0,0,1,1,0,0,0,1
PROP200607,,New,3009.0,F,94.0,90.0,0,0,0,0,0,0,0,0,1,1,0,0
PROP200608,26.0,Needs Renovation,2280.0,E,85.0,36.0,0,0,0,1,1,0,0,0,1,0,0,0
PROP200609,26.0,New,3023.0,A,86.0,95.0,0,0,0,0,0,1,0,0,0,1,0,0
PROP200610,39.0,Good,1107.0,A,90.0,37.0,0,1,0,0,1,0,0,1,0,0,1,0
PROP200611,3.0,Old,2420.0,B,86.0,49.0,1,0,0,0,0,0,1,0,1,0,0,0
PROP200612,28.0,Good,2914.0,F,78.0,78.0,0,0,0,0,1,0,0,1,1,1,0,1
PROP200613,34.0,Old,1582.0,E,91.0,59.0,0,0,0,1,0,1,0,0,1,0,1,0
PROP200614,17.0,New,2144.0,C,71.0,72.0,1,0,0,0,1,1,1,1,0,0,0,0
PROP200615,5.0,Good,2039.0,F,,54.0,0,0,0,0,0,0,1,0,1,0,0,0
PROP200616,24.0,Good,0.0,F,71.0,66.0,0,1,1,0,0,0,0,1,1,1,0,0
PROP200617,21.0,Good,3162.0,E,,82.0,1,0,1,0,1,0,0,0,1,0,0,1
PROP200618,0.0,New,4474.0,B,41.0,61.0,1,1,0,1,0,0,0,1,0,1,0,0
PROP200619,24.0,Old,3563.0,C,44.0,88.0,1,1,0,0,0,0,1,0,0,1,0,1
PROP200620,2.0,Needs Renovation,3953.0,C,,36.0,0,0,1,0,1,1,1,1,0,0,0,0
PROP200621,,Old,4635.0,E,91.0,94.0,0,0,0,0,0,0,0,0,1,0,0,1
PROP200622,,Good,3309.0,C,89.0,44.0,0,0,1,0,0,0,1,0,0,0,0,1
PROP200623,36.0,Good,927.0,E,,71.0,0,0,0,1,1,0,0,0,1,0,0,0
PROP200624,12.0,Needs Renovation,4179.0,B,83.0,72.0,1,1,0,0,0,0,0,0,0,0,0,0
PROP200625,25.0,New,3954.0,E,48.0,77.0,0,0,1,0,0,0,0,0,1,0,1,0
PROP200626,33.0,Good,2849.0,C,42.0,39.0,0,1,1,0,1,0,0,0,0,0,1,1
PROP200627,13.0,Needs Renovation,2480.0,A,40.0,63.0,1,0,0,0,1,0,0,1,0,0,0,1
PROP200628,20.0,Good,3266.0,E,43.0,77.0,0,0,0,0,0,0,1,1,0,1,0,0
PROP200629,32.0,New,3432.0,B,89.0,67.0,0,0,0,0,0,0,0,0,1,0,0,1
PROP200630,32.0,New,2963.0,C,97.0,53.0,0,0,1,1,0,1,0,1,0,0,1,0
PROP200631,2.0,New,2405.0,F,76.0,56.0,0,0,0,0,1,1,0,0,0,1,1,1
PROP200632,36.0,Good,1152.0,D,83.0,,0,0,0,0,1,0,0,1,1,1,0,1
PROP200633,,Needs Renovation,2784.0,E,42.0,50.0,0,0,0,0,0,0,1,1,0,1,0,0
PROP200634,18.0,New,1277.0,C,46.0,77.0,0,1,0,1,0,1,0,0,0,0,0,0
PROP200635,16.0,New,3327.0,F,81.0,57.0,0,0,0,0,0,0,1,1,0,0,1,0
PROP200636,38.0,New,3786.0,F,97.0,41.0,0,1,0,0,0,0,0,0,0,1,1,1
PROP200637,34.0,New,1948.0,A,60.0,54.0,0,1,0,0,0,0,0,1,0,0,0,0
PROP200638,36.0,Old,2610.0,F,61.0,72.0,1,0,1,0,0,0,0,0,0,1,0,1
PROP200639,3.0,New,2098.0,C,81.0,90.0,0,0,0,0,0,0,1,0,1,0,0,1
PROP200640,11.0,Old,1600.0,B,51.0,46.0,0,0,1,1,0,0,0,0,1,0,0,0
PROP200641,4.0,Old,2455.0,E,41.0,84.0,1,0,0,0,0,0,0,1,1,0,0,0
PROP200642,31.0,Good,910.0,D,60.0,42.0,0,0,0,0,0,1,0,0,1,0,0,0
PROP200643,7.0,Old,1520.0,A,86.0,43.0,0,1,0,0,0,0,0,1,1,0,1,1
PROP200644,10.0,New,3565.0,D,98.0,64.0,0,1,0,0,0,1,0,0,0,0,0,0
PROP200645,39.0,Old,3086.0,E,84.0,94.0,0,0,0,0,0,1,0,1,1,0,1,0
PROP200646,36.0,Good,2250.0,E,91.0,47.0,0,1,1,1,0,0,0,1,0,0,0,0
PROP200647,4.0,Good,3337.0,F,79.0,84.0,0,0,1,0,0,0,1,1,0,0,0,1
PROP200648,22.0,New,3624.0,E,68.0,33.0,0,0,1,0,0,0,0,0,0,0,1,0
PROP200649,39.0,Good,786.0,C,55.0,73.0,0,0,1,0,1,0,1,0,0,1,0,1
PROP200650,27.0,New,3213.0,B,75.0,33.0,0,1,0,0,1,0,0,0,0,1,0,0
PROP200651,18.0,Old,3273.0,C,50.0,78.0,0,0,0,1,0,1,0,0,0,0,0,0
PROP200652,14.0,Good,4949.0,D,56.0,37.0,0,0,0,0,1,0,0,0,1,0,1,0
PROP200653,24.0,New,2809.0,D,69.0,36.0,0,1,1,0,0,0,0,0,0,0,1,0
PROP200654,14.0,Needs Renovation,1662.0,A,53.0,43.0,0,0,1,1,0,0,0,1,0,1,0,0
PROP200655,5.0,Needs Renovation,2804.0,C,90.0,99.0,0,0,0,0,0,0,0,1,0,1,1,0
PROP200656,,New,1503.0,C,63.0,97.0,1,1,0,0,0,1,0,0,0,0,1,0
PROP200657,9.0,Needs Renovation,2589.0,F,54.0,57.0,1,0,0,0,0,1,0,1,1,0,1,0
PROP200658,28.0,Needs Renovation,4804.0,A,48.0,39.0,1,0,0,0,0,0,0,0,1,0,0,0
PROP200659,13.0,Good,2302.0,D,77.0,58.0,0,0,0,1,0,1,0,0,1,0,1,1
PROP200660,7.0,Good,691.0,D,52.0,89.0,0,0,0,0,1,0,0,0,0,0,1,1
PROP200661,7.0,Old,3186.0,C,98.0,61.0,0,1,1,0,0,0,0,0,0,1,0,1
PROP200662,6.0,Old,3550.0,E,66.0,90.0,0,0,0,1,1,0,1,0,1,0,0,0
PROP200663,1.0,Needs Renovation,2480.0,C,83.0,37.0,0,0,0,0,1,1,0,0,0,0,0,0
PROP200664,8.0,Old,2429.0,D,79.0,80.0,0,0,0,1,0,0,1,0,0,0,0,0
PROP200665,12.0,New,4088.0,D,59.0,75.0,0,0,1,1,0,1,0,0,0,0,0,0
PROP200666,,Old,3115.0,F,55.0,56.0,1,1,1,0,1,1,0,0,0,0,0,0
PROP200667,5.0,Needs Renovation,113.0,D,55.0,31.0,0,0,1,1,0,1,0,1,1,0,0,0
PROP200668,30.0,Good,1744.0,A,62.0,92.0,0,1,0,0,0,1,0,1,0,0,1,0
PROP200669,32.0,Needs Renovation,253.0,A,65.0,76.0,1,1,0,1,0,1,1,0,0,0,0,0
PROP200670,,New,2354.0,B,66.0,35.0,1,0,1,0,0,0,0,0,1,1,1,0
PROP200671,16.0,Old,4023.0,F,93.0,54.0,1,1,1,0,1,0,0,0,0,0,1,0
PROP200672,,Good,1779.0,A,45.0,47.0,1,0,1,0,0,0,0,0,0,1,0,1
PROP200673,9.0,Needs Renovation,3370.0,C,57.0,32.0,1,0,1,0,1,1,0,0,0,1,0,0
PROP200674,23.0,Old,313.0,D,42.0,61.0,0,1,1,0,1,1,0,0,1,0,0,0
PROP200675,14.0,Needs Renovation,3364.0,F,87.0,,0,0,1,0,0,0,0,1,1,0,0,0
PROP200676,17.0,Needs Renovation,1891.0,A,94.0,48.0,0,1,1,0,0,1,1,0,0,0,0,0
PROP200677,36.0,Old,3074.0,F,74.0,40.0,0,0,0,1,0,1,0,0,0,0,0,0
PROP200678,20.0,Old,2423.0,E,59.0,77.0,0,0,0,0,0,1,0,0,0,0,1,1
PROP200679,11.0,Needs Renovation,3048.0,B,92.0,42.0,0,0,0,0,0,0,0,1,1,0,1,1
PROP200680,29.0,Good,2480.0,E,40.0,86.0,1,1,0,0,0,0,0,0,0,0,0,0
PROP200681,7.0,Good,2480.0,B,79.0,89.0,0,1,0,1,1,0,0,0,1,0,0,0
PROP200682,20.0,Needs Renovation,3039.0,E,52.0,38.0,0,1,0,1,0,0,0,0,0,0,0,1
PROP200683,0.0,New,4414.0,D,78.0,88.0,1,0,0,1,0,1,1,0,0,0,0,0
PROP200684,26.0,Needs Renovation,1544.0,E,57.0,39.0,0,0,0,0,0,0,1,1,0,0,1,0
PROP200685,9.0,Needs Renovation,1690.0,A,88.0,48.0,0,1,1,0,0,1,0,0,0,0,1,1
PROP200686,26.0,New,1947.0,B,45.0,96.0,1,0,1,0,0,0,0,0,0,0,1,0
PROP200687,37.0,Needs Renovation,2693.0,B,56.0,34.0,1,1,1,0,0,1,0,0,0,0,0,1
PROP200688,32.0,Needs Renovation,3220.0,A,86.0,62.0,1,0,1,0,1,0,0,1,0,0,0,0
PROP200689,22.0,New,2079.0,E,48.0,67.0,0,1,1,1,0,0,1,0,0,0,1,0
PROP200690,10.0,Good,2480.0,F,73.0,31.0,0,0,1,0,0,0,0,1,0,0,0,0
PROP200691,3.0,New,1986.0,C,52.0,91.0,1,1,1,0,1,0,0,0,0,0,0,0
PROP200692,22.0,Old,2383.0,C,98.0,87.0,1,0,0,1,0,0,1,0,0,0,0,0
PROP200693,14.0,Good,1916.0,C,73.0,49.0,0,0,1,1,0,0,0,0,0,0,0,1
PROP200694,30.0,Good,947.0,C,71.0,52.0,0,1,0,1,0,0,1,0,0,0,0,1
PROP200695,1.0,Good,2640.0,A,66.0,,0,0,0,0,1,0,0,0,1,1,1,0
PROP200696,,Needs Renovation,5031.0,C,63.0,40.0,1,0,0,1,1,0,0,0,0,1,1,0
PROP200697,16.0,Needs Renovation,5100.0,F,46.0,55.0,0,0,1,1,1,1,0,0,0,0,0,0
PROP200698,39.0,Old,2480.0,C,,99.0,0,0,1,0,0,1,0,1,0,0,1,1
PROP200699,13.0,New,1033.0,D,44.0,,0,1,0,0,0,0,0,0,1,1,1,1
PROP200700,26.0,Old,3513.0,F,79.0,31.0,0,1,0,1,1,0,1,0,0,0,0,1
PROP200701,4.0,Old,812.0,B,55.0,88.0,0,0,0,0,0,0,0,1,0,1,0,0
PROP200702,12.0,Needs Renovation,4361.0,F,91.0,63.0,0,0,0,1,0,0,0,0,0,0,0,1
PROP200703,34.0,Old,1583.0,D,43.0,56.0,0,0,0,1,0,0,1,0,0,0,0,1
PROP200704,11.0,Old,1669.0,D,82.0,54.0,0,1,1,0,0,0,0,1,0,1,1,0
PROP200705,17.0,Good,0.0,E,90.0,46.0,0,1,0,0,1,1,0,0,0,1,0,0
PROP200706,24.0,Old,1292.0,B,66.0,,1,0,0,0,0,0,1,0,0,0,0,0
PROP200707,,Old,3074.0,C,40.0,70.0,0,0,0,1,0,0,1,1,0,1,0,0
PROP200708,21.0,New,3388.0,A,78.0,66.0,1,0,0,1,0,1,1,0,0,0,1,0
PROP200709,23.0,Old,1376.0,A,74.0,60.0,1,0,0,0,1,1,1,0,0,0,0,0
PROP200710,28.0,New,1947.0,E,95.0,97.0,0,0,0,0,0,0,0,0,1,0,0,1
PROP200711,20.0,New,2357.0,E,61.0,59.0,0,0,0,1,1,0,1,0,1,1,0,0
PROP200712,26.0,New,2480.0,B,85.0,56.0,0,1,0,0,1,0,1,0,0,0,0,0
PROP200713,39.0,Old,3610.0,E,63.0,87.0,0,0,0,0,0,1,0,0,0,0,0,1
PROP200714,1.0,Good,2870.0,C,,97.0,0,1,0,0,0,0,1,0,1,0,1,0
PROP200715,11.0,New,4204.0,A,,35.0,1,1,0,0,0,0,1,0,0,0,0,0
PROP200716,25.0,New,743.0,E,47.0,,0,0,0,1,0,0,1,0,0,1,1,1
PROP200717,28.0,Good,2480.0,A,,53.0,0,1,0,0,1,0,0,0,0,0,1,0
PROP200718,28.0,Old,2480.0,B,77.0,51.0,0,0,0,0,0,0,1,0,0,1,0,0
PROP200719,32.0,Needs Renovation,3965.0,B,55.0,59.0,0,0,1,0,1,1,0,0,1,0,0,0
PROP200720,21.0,New,2142.0,E,46.0,50.0,1,0,0,0,0,0,0,0,1,1,1,0
PROP200721,34.0,Needs Renovation,1016.0,A,80.0,65.0,1,1,0,1,0,0,1,0,0,0,0,1
PROP200722,15.0,Needs Renovation,3248.0,C,54.0,32.0,0,0,0,1,0,1,0,0,1,0,1,0
PROP200723,32.0,New,2636.0,D,78.0,89.0,0,0,0,0,1,1,0,0,0,1,1,1
PROP200724,4.0,Old,3841.0,B,44.0,43.0,0,0,0,1,1,1,0,0,0,0,0,0
PROP200725,2.0,Old,2466.0,F,93.0,63.0,0,0,1,1,0,1,0,0,1,0,0,0
PROP200726,21.0,New,1185.0,F,53.0,47.0,0,0,0,0,0,0,1,0,1,1,0,0
PROP200727,,Good,2244.0,E,81.0,42.0,0,0,1,1,1,0,1,0,0,0,0,0
PROP200728,9.0,Needs Renovation,2418.0,F,72.0,78.0,0,0,0,0,0,0,1,0,0,0,1,0
PROP200729,8.0,Old,2720.0,F,52.0,65.0,0,0,0,1,1,1,0,0,0,1,1,0
PROP200730,26.0,Needs Renovation,2480.0,B,97.0,86.0,0,0,0,1,0,0,1,0,1,0,1,1
PROP200731,24.0,Good,2480.0,C,84.0,44.0,0,0,0,0,1,1,0,0,0,1,1,1
PROP200732,,Good,1160.0,C,64.0,72.0,0,1,1,0,1,0,1,0,1,0,0,0
PROP200733,27.0,New,378.0,D,67.0,97.0,0,0,0,1,1,0,1,0,0,1,0,0
PROP200734,18.0,Old,2480.0,B,50.0,59.0,0,1,0,0,1,0,1,0,1,1,0,0
PROP200735,5.0,New,2322.0,F,,87.0,0,0,1,1,0,1,0,0,1,0,1,0
PROP200736,27.0,Good,940.0,F,79.0,37.0,0,1,1,0,1,0,1,0,0,1,0,0
PROP200737,31.0,Needs Renovation,2105.0,F,46.0,86.0,0,0,0,0,0,0,0,1,0,0,1,0
PROP200738,2.0,Old,3096.0,C,45.0,41.0,0,0,0,1,0,0,0,0,1,1,0,0
PROP200739,17.0,Needs Renovation,3011.0,F,51.0,33.0,0,0,0,0,0,0,0,0,0,1,0,1
PROP200740,14.0,New,2327.0,A,98.0,78.0,0,0,1,1,0,0,0,1,0,1,0,0
PROP200741,26.0,Good,1211.0,C,70.0,48.0,0,0,1,0,0,0,0,0,0,0,1,0
PROP200742,16.0,New,1443.0,E,44.0,38.0,0,0,1,0,1,0,0,1,0,1,0,0
PROP200743,7.0,New,3126.0,C,71.0,92.0,0,0,1,0,1,0,0,0,1,0,0,0
PROP200744,32.0,New,3198.0,A,47.0,63.0,0,0,0,0,0,1,0,1,0,0,0,1
PROP200745,4.0,Needs Renovation,2281.0,C,89.0,57.0,0,1,1,0,0,1,0,0,0,1,1,0
PROP200746,3.0,New,2933.0,E,43.0,94.0,0,0,0,0,0,1,0,1,0,1,0,0
PROP200747,25.0,Old,1618.0,C,50.0,,0,1,0,0,1,0,1,0,1,0,0,0
PROP200748,36.0,New,3399.0,A,98.0,49.0,0,0,0,0,0,0,0,0,1,0,1,0
PROP200749,25.0,Needs Renovation,3122.0,A,41.0,61.0,0,0,0,0,1,1,0,1,0,0,0,0
PROP200750,35.0,Good,2160.0,F,,97.0,0,0,0,0,0,0,0,1,0,0,1,0
PROP200751,11.0,Needs Renovation,2269.0,E,47.0,69.0,0,0,0,0,0,1,1,0,1,1,0,0
PROP200752,17.0,Needs Renovation,2201.0,B,85.0,,0,0,0,0,1,0,0,1,1,0,0,0
PROP200753,16.0,Old,3208.0,A,55.0,44.0,1,1,0,1,1,0,0,0,0,0,0,0
PROP200754,25.0,Old,2053.0,B,92.0,61.0,0,0,0,1,1,0,0,0,1,0,1,0
PROP200755,17.0,Good,650.0,A,,65.0,0,0,0,0,0,1,0,0,0,1,0,0
PROP200756,11.0,Good,2838.0,B,61.0,44.0,0,1,0,0,0,1,0,1,1,1,0,0
PROP200757,12.0,Good,1110.0,B,58.0,59.0,0,0,0,0,1,0,0,0,1,1,1,0
PROP200758,7.0,Old,943.0,F,76.0,72.0,0,0,1,0,0,0,0,0,1,1,0,0
PROP200759,33.0,New,915.0,B,45.0,90.0,0,0,1,0,1,0,0,0,1,0,0,1
PROP200760,11.0,New,2718.0,B,49.0,84.0,1,1,0,0,0,1,0,1,0,0,0,0
PROP200761,14.0,Needs Renovation,2225.0,F,61.0,82.0,0,0,1,0,0,0,0,0,0,1,0,1
PROP200762,22.0,New,3639.0,B,47.0,66.0,0,1,1,0,0,0,0,0,1,1,0,1
PROP200763,27.0,Needs Renovation,3425.0,A,56.0,37.0,0,1,0,0,1,0,0,1,0,1,0,0
PROP200764,19.0,Good,3545.0,E,78.0,44.0,0,1,1,0,0,0,0,1,0,1,0,0
PROP200765,11.0,New,2877.0,C,43.0,96.0,0,0,0,0,1,0,0,1,1,0,0,0
PROP200766,30.0,New,1263.0,C,,63.0,0,0,0,1,0,0,1,1,0,0,1,0
PROP200767,27.0,New,1635.0,A,42.0,63.0,0,0,0,0,0,0,0,1,1,0,0,0
PROP200768,36.0,New,2059.0,F,50.0,48.0,0,0,0,1,0,0,0,1,0,0,0,0
PROP200769,11.0,Old,2986.0,C,84.0,99.0,1,0,0,0,0,0,0,0,1,1,0,1
PROP200770,36.0,New,791.0,B,75.0,41.0,1,0,0,0,0,0,0,0,1,0,0,0
PROP200771,23.0,New,4257.0,E,64.0,92.0,0,0,0,1,0,0,1,0,0,1,1,0
PROP200772,7.0,Needs Renovation,2480.0,C,71.0,94.0,0,0,1,0,0,1,1,0,1,0,0,0
PROP200773,13.0,New,1590.0,B,70.0,,0,1,0,0,0,1,1,0,1,0,1,0
PROP200774,5.0,Old,4015.0,C,60.0,,0,1,0,0,1,0,0,0,0,0,0,0
PROP200775,25.0,Good,2027.0,B,99.0,73.0,0,1,0,0,1,1,0,0,0,0,1,1
PROP200776,27.0,Good,3805.0,A,53.0,63.0,0,0,0,0,0,1,0,0,1,0,0,0
PROP200777,,Old,2779.0,D,74.0,63.0,0,0,1,0,0,0,1,1,0,0,0,0
PROP200778,7.0,Old,2951.0,F,51.0,47.0,1,1,0,0,0,1,1,0,0,0,0,1
PROP200779,27.0,Good,2534.0,A,53.0,59.0,0,0,0,0,0,0,0,0,1,1,1,0
PROP200780,22.0,Old,1098.0,A,73.0,86.0,0,0,0,0,1,1,0,1,1,0,0,0
PROP200781,2.0,Needs Renovation,156.0,A,65.0,98.0,1,0,1,0,0,0,0,0,0,1,0,0
PROP200782,22.0,Old,2009.0,C,57.0,90.0,0,0,1,0,0,0,0,0,0,1,1,1
PROP200783,10.0,Old,3602.0,E,52.0,72.0,0,1,0,0,0,0,0,0,0,1,0,0
PROP200784,4.0,Old,3082.0,F,47.0,51.0,1,0,1,1,1,1,0,0,0,0,0,0
PROP200785,37.0,Needs Renovation,2064.0,F,47.0,58.0,1,0,0,0,1,1,1,0,0,1,0,0
PROP200786,28.0,Old,3151.0,B,70.0,68.0,0,0,0,1,1,0,0,0,0,1,1,0
PROP200787,25.0,New,1528.0,F,72.0,37.0,0,0,0,0,1,1,1,0,0,1,0,0
PROP200788,30.0,Needs Renovation,3601.0,B,75.0,31.0,1,1,1,1,0,0,0,0,0,0,0,0
PROP200789,34.0,Needs Renovation,4152.0,E,44.0,89.0,0,1,0,0,0,0,0,0,1,0,1,0
PROP200790,19.0,Good,4274.0,A,48.0,47.0,1,0,1,1,0,0,0,0,0,1,0,1
PROP200791,28.0,Needs Renovation,2899.0,B,65.0,74.0,1,0,1,0,0,0,0,0,0,0,1,0
PROP200792,17.0,Needs Renovation,3230.0,C,79.0,70.0,0,0,1,0,1,0,0,1,0,1,1,0
PROP200793,0.0,New,809.0,B,93.0,33.0,0,0,0,0,0,0,0,0,0,1,1,1
PROP200794,,Needs Renovation,5170.0,C,65.0,99.0,1,1,0,0,0,0,0,1,0,0,0,0
PROP200795,21.0,New,5979.0,C,89.0,32.0,0,1,0,1,0,1,0,1,0,0,0,0
PROP200796,17.0,Old,1633.0,A,83.0,50.0,0,0,1,0,1,0,0,0,0,0,1,0
PROP200797,14.0,Needs Renovation,2480.0,E,72.0,42.0,0,1,1,0,0,0,0,1,0,0,0,0
PROP200798,20.0,Needs Renovation,3371.0,F,55.0,50.0,0,0,1,1,0,0,1,0,0,1,0,0
PROP200799,10.0,New,2010.0,B,90.0,77.0,0,1,0,1,0,0,0,0,0,0,0,0
PROP200800,14.0,Needs Renovation,1422.0,F,61.0,71.0,0,0,0,0,0,0,1,1,0,0,1,1
PROP200801,17.0,Good,3638.0,F,49.0,51.0,0,1,1,0,0,0,0,1,0,1,0,1
PROP200802,27.0,Needs Renovation,1802.0,E,88.0,52.0,0,0,0,0,0,0,1,0,1,0,0,0
PROP200803,33.0,Old,3254.0,F,94.0,85.0,1,0,1,1,0,0,0,0,0,0,0,0
PROP200804,17.0,Needs Renovation,341.0,A,92.0,33.0,0,0,0,1,0,0,1,1,1,0,1,0
PROP200805,35.0,Good,2480.0,B,69.0,89.0,1,0,0,0,0,0,1,0,1,0,0,1
PROP200806,4.0,Good,3482.0,E,81.0,,1,0,0,0,0,0,0,0,0,0,0,1
PROP200807,10.0,New,0.0,F,42.0,74.0,0,0,1,1,1,0,0,0,0,0,0,1
PROP200808,23.0,Needs Renovation,2748.0,E,90.0,94.0,0,0,0,0,0,0,1,0,1,0,0,1
PROP200809,16.0,Needs Renovation,1752.0,F,,60.0,0,0,0,0,1,0,0,0,0,0,1,0
PROP200810,10.0,Good,2576.0,A,73.0,92.0,0,0,0,1,0,1,0,0,0,0,0,0
PROP200811,25.0,Old,3414.0,C,76.0,71.0,0,0,0,0,1,1,0,0,0,0,0,0
PROP200812,15.0,Needs Renovation,1293.0,C,70.0,53.0,0,0,0,0,0,1,1,0,1,0,0,1
PROP200813,1.0,Old,1860.0,A,,53.0,1,0,0,0,0,1,0,0,1,0,0,0
PROP200814,34.0,Needs Renovation,692.0,B,64.0,35.0,0,0,0,0,0,1,1,1,0,0,0,0
PROP200815,0.0,Needs Renovation,607.0,E,63.0,34.0,1,1,0,0,0,0,0,0,0,1,1,0
PROP200816,22.0,Good,701.0,B,91.0,,1,1,0,1,0,1,0,0,0,1,0,0
PROP200817,37.0,Old,4093.0,E,97.0,50.0,0,0,0,0,0,0,0,1,0,0,1,0
PROP200818,38.0,Needs Renovation,3285.0,C,96.0,42.0,0,0,1,0,0,0,0,1,0,0,0,0
PROP200819,6.0,Needs Renovation,1436.0,A,98.0,65.0,0,0,1,0,1,0,0,1,1,0,0,0
PROP200820,6.0,Good,3090.0,A,86.0,82.0,0,1,0,0,0,1,0,0,0,0,0,1
PROP200821,6.0,Good,2081.0,C,56.0,98.0,1,0,0,0,0,1,0,0,0,1,0,0
PROP200822,33.0,Old,3074.0,A,85.0,61.0,1,0,0,0,1,0,0,0,1,1,1,0
PROP200823,33.0,Good,2969.0,B,69.0,41.0,0,0,0,1,0,0,0,0,1,0,0,0
PROP200824,19.0,Old,2814.0,D,55.0,87.0,0,1,0,0,0,0,0,0,0,0,0,1
PROP200825,3.0,New,1371.0,E,92.0,78.0,1,0,0,0,0,1,0,1,0,0,1,0
PROP200826,17.0,New,1611.0,B,70.0,42.0,0,0,0,0,0,1,0,0,0,1,0,0
PROP200827,24.0,New,3613.0,A,,64.0,0,0,1,1,1,0,0,0,1,0,0,1
PROP200828,16.0,Needs Renovation,3991.0,D,72.0,64.0,0,0,0,0,1,0,1,0,0,0,0,1
PROP200829,,Good,2213.0,B,71.0,59.0,1,0,1,0,0,0,1,0,0,0,0,0
PROP200830,0.0,New,639.0,F,52.0,98.0,0,1,1,1,0,0,0,0,0,0,0,0
PROP200831,6.0,Good,3384.0,A,47.0,43.0,0,0,0,0,0,0,1,1,1,0,1,1
PROP200832,22.0,Old,2693.0,C,46.0,95.0,1,0,1,0,0,0,0,0,0,0,0,0
PROP200833,9.0,Needs Renovation,2480.0,F,43.0,58.0,0,0,0,0,0,0,0,0,1,1,0,0
PROP200834,17.0,Needs Renovation,3579.0,F,73.0,39.0,1,0,0,1,0,0,0,0,0,1,0,0
PROP200835,21.0,Good,232.0,E,93.0,92.0,1,1,1,0,1,0,0,0,0,1,0,0
PROP200836,18.0,Needs Renovation,2977.0,A,67.0,52.0,0,0,1,0,0,0,0,0,0,1,0,0
PROP200837,34.0,Good,0.0,B,40.0,33.0,0,0,0,0,0,0,0,0,0,1,0,1
PROP200838,1.0,New,2480.0,F,56.0,70.0,0,0,1,0,0,0,0,0,0,0,0,1
PROP200839,5.0,Old,1947.0,E,98.0,55.0,1,1,0,0,0,1,1,0,0,0,0,1
PROP200840,27.0,Old,1918.0,F,69.0,81.0,1,1,0,0,0,0,0,0,1,0,1,0
PROP200841,24.0,Good,4562.0,D,84.0,96.0,0,0,0,0,0,0,0,1,1,1,0,1
PROP200842,5.0,Old,2480.0,A,41.0,92.0,0,0,0,1,0,1,0,1,0,0,0,0
PROP200843,17.0,New,2715.0,E,78.0,51.0,0,0,0,0,0,0,0,1,0,0,1,0
PROP200844,30.0,Needs Renovation,0.0,E,80.0,88.0,0,1,1,0,1,0,0,1,0,0,1,0
PROP200845,2.0,Needs Renovation,3517.0,F,51.0,39.0,0,0,1,0,0,0,0,0,1,0,0,0
PROP200846,31.0,Good,591.0,C,,52.0,1,0,0,0,0,1,1,0,0,0,1,0
PROP200847,23.0,Good,2480.0,D,80.0,86.0,1,0,0,0,0,0,0,0,1,0,0,0
PROP200848,31.0,Old,5282.0,E,98.0,79.0,0,0,1,0,1,1,0,0,0,0,0,1
PROP200849,26.0,Good,2424.0,A,40.0,33.0,0,0,0,1,0,0,0,0,0,0,1,1
PROP200850,1.0,Good,3584.0,D,44.0,60.0,0,1,1,1,0,1,0,0,0,0,0,1
PROP200851,39.0,New,2330.0,B,68.0,99.0,0,1,1,0,1,1,0,0,0,0,0,0
PROP200852,4.0,New,2268.0,A,73.0,,0,0,0,0,1,1,1,1,0,1,0,0
PROP200853,34.0,Good,3497.0,E,46.0,95.0,0,0,1,0,1,0,1,1,0,0,0,0
PROP200854,19.0,Good,1549.0,A,82.0,34.0,0,1,1,1,1,0,0,0,0,1,0,0
PROP200855,29.0,New,2692.0,E,80.0,86.0,0,0,0,0,0,1,0,0,0,1,0,0
PROP200856,24.0,Old,2772.0,C,43.0,30.0,0,1,0,1,0,0,1,0,1,0,1,0
PROP200857,7.0,New,1409.0,D,43.0,,0,0,1,0,0,1,0,1,0,0,1,1
PROP200858,37.0,New,2392.0,A,72.0,61.0,0,0,0,1,0,0,1,0,0,0,0,0
PROP200859,19.0,Needs Renovation,3732.0,C,64.0,63.0,1,0,0,1,1,0,0,0,0,1,0,0
PROP200860,12.0,Old,656.0,D,85.0,36.0,0,0,0,0,0,0,1,0,0,1,1,0
PROP200861,1.0,New,2325.0,D,,41.0,0,0,0,1,0,0,1,0,1,0,1,0
PROP200862,36.0,Needs Renovation,3232.0,C,57.0,61.0,0,0,0,0,1,0,0,0,1,0,1,0
PROP200863,11.0,Good,2257.0,D,51.0,58.0,0,0,0,0,0,0,1,0,1,1,1,0
PROP200864,12.0,New,2988.0,D,73.0,99.0,0,0,0,1,0,0,0,0,0,1,0,0
PROP200865,13.0,Old,1733.0,B,62.0,41.0,0,0,0,1,0,0,0,1,1,0,0,0
PROP200866,38.0,Good,2927.0,D,42.0,90.0,1,0,0,0,0,1,0,0,0,0,0,0
PROP200867,14.0,Good,2480.0,B,65.0,47.0,1,0,1,0,1,0,0,0,0,0,0,1
PROP200868,31.0,Old,2279.0,C,97.0,82.0,0,0,0,0,0,0,0,0,1,1,0,0
PROP200869,30.0,New,3605.0,A,76.0,72.0,1,0,0,0,1,0,1,0,0,1,0,0
PROP200870,5.0,New,2417.0,D,83.0,86.0,0,0,0,1,1,1,0,0,1,0,1,0
PROP200871,23.0,Old,2480.0,F,42.0,79.0,0,0,1,0,0,1,0,0,0,0,0,0
PROP200872,25.0,Good,3148.0,A,61.0,82.0,0,1,1,1,0,0,0,0,0,0,1,0
PROP200873,7.0,Good,326.0,A,66.0,77.0,0,0,0,1,0,0,0,1,0,0,0,0
PROP200874,32.0,Needs Renovation,1563.0,A,51.0,38.0,0,0,0,0,0,1,0,0,0,0,0,1
PROP200875,8.0,Good,1845.0,F,40.0,91.0,0,1,0,0,0,1,1,0,0,1,0,1
PROP200876,12.0,Old,2042.0,E,45.0,87.0,1,1,1,0,0,0,0,0,0,0,1,1
PROP200877,10.0,Good,2609.0,D,58.0,49.0,1,0,0,0,0,0,1,0,0,0,0,1
PROP200878,18.0,Needs Renovation,3043.0,C,58.0,80.0,0,1,1,0,0,0,0,1,0,1,0,0
PROP200879,30.0,Good,3318.0,B,49.0,58.0,0,1,0,0,0,0,0,0,1,0,0,0
PROP200880,9.0,Needs Renovation,1193.0,D,89.0,82.0,0,1,0,0,0,1,0,0,0,1,1,1
PROP200881,34.0,Needs Renovation,3691.0,B,73.0,90.0,0,0,0,0,1,1,0,0,0,1,0,0
PROP200882,39.0,Old,4402.0,E,59.0,71.0,0,1,0,1,0,0,0,0,1,1,1,0
PROP200883,15.0,New,2368.0,D,79.0,93.0,0,0,0,0,1,0,0,1,0,0,0,1
PROP200884,14.0,Old,5339.0,F,43.0,97.0,0,1,0,0,0,0,0,0,0,1,0,0
PROP200885,13.0,New,3371.0,D,62.0,98.0,0,1,0,1,1,1,1,0,0,0,0,0
PROP200886,4.0,Old,794.0,C,52.0,45.0,0,0,0,1,0,0,0,0,0,0,1,0
PROP200887,2.0,Needs Renovation,4233.0,C,52.0,40.0,0,0,0,0,0,0,0,1,1,1,1,0
PROP200888,16.0,New,2284.0,C,93.0,,0,1,1,0,0,0,0,1,0,0,0,0
PROP200889,34.0,Needs Renovation,180.0,C,89.0,45.0,1,1,0,1,0,0,0,0,1,0,1,0
PROP200890,11.0,Old,1998.0,A,72.0,41.0,1,0,0,0,0,0,1,0,1,1,1,0
PROP200891,26.0,New,2733.0,F,40.0,41.0,1,0,0,1,1,0,0,1,0,1,0,0
PROP200892,5.0,Needs Renovation,2477.0,A,58.0,55.0,0,0,0,0,1,1,0,0,1,0,0,1
PROP200893,2.0,New,3470.0,B,,84.0,0,1,0,0,0,0,0,1,0,1,0,0
PROP200894,13.0,Needs Renovation,2444.0,C,61.0,74.0,1,0,0,0,0,0,0,0,1,0,0,0
PROP200895,4.0,Needs Renovation,36.0,F,43.0,92.0,0,0,1,1,0,0,0,0,0,0,0,0
PROP200896,6.0,New,632.0,D,83.0,78.0,0,0,0,0,1,0,0,0,0,1,0,0
PROP200897,11.0,Good,4352.0,B,54.0,76.0,0,1,0,0,0,0,0,0,0,0,1,0
PROP200898,26.0,Needs Renovation,2480.0,B,40.0,66.0,1,0,0,1,1,0,0,0,0,0,0,0
PROP200899,6.0,Old,2029.0,E,79.0,,1,0,1,1,0,0,0,0,0,0,1,0
PROP200900,34.0,Old,5262.0,C,82.0,36.0,1,0,1,0,1,0,0,0,1,0,0,1
PROP200901,,New,2692.0,B,86.0,67.0,1,0,1,1,0,1,0,0,0,0,0,1
PROP200902,38.0,New,4602.0,F,48.0,79.0,0,0,0,0,1,0,1,0,0,0,0,0
PROP200903,12.0,Old,2480.0,E,,,0,1,0,0,0,0,0,0,0,1,0,0
PROP200904,31.0,Old,897.0,B,77.0,67.0,0,1,0,0,0,1,0,0,0,0,1,0
PROP200905,21.0,Old,2940.0,D,69.0,97.0,1,0,1,0,0,0,0,0,1,0,0,0
PROP200906,5.0,Old,3610.0,D,99.0,85.0,0,0,1,1,1,0,0,0,0,0,0,0
PROP200907,6.0,Needs Renovation,3564.0,A,63.0,58.0,1,1,0,0,1,1,0,0,1,0,0,0
PROP200908,22.0,New,1309.0,D,89.0,86.0,0,1,1,0,0,0,0,1,0,0,0,1
PROP200909,9.0,New,4462.0,D,73.0,78.0,0,0,1,0,0,1,1,1,0,0,0,1
PROP200910,18.0,Old,2796.0,A,43.0,91.0,1,0,0,0,0,0,1,0,0,0,1,0
PROP200911,27.0,New,3035.0,D,,54.0,0,1,1,1,0,0,0,0,0,0,0,0
PROP200912,20.0,Needs Renovation,1655.0,B,,31.0,0,0,0,0,0,1,0,0,1,0,0,0
PROP200913,11.0,Needs Renovation,2480.0,B,,,0,0,1,0,1,1,1,0,0,0,0,0
PROP200914,36.0,Needs Renovation,2762.0,A,79.0,80.0,1,1,0,0,0,0,0,0,1,0,1,1
PROP200915,34.0,New,781.0,C,88.0,60.0,0,1,0,1,1,0,0,1,0,1,0,0
PROP200916,8.0,New,2480.0,D,89.0,81.0,1,0,0,1,0,0,1,0,0,0,1,0
PROP200917,38.0,Good,4880.0,D,,50.0,0,0,1,0,0,1,0,0,0,0,0,1
PROP200918,,Needs Renovation,2004.0,E,81.0,95.0,0,0,1,0,1,0,0,0,0,0,0,0
PROP200919,11.0,Needs Renovation,615.0,E,91.0,38.0,0,0,0,1,0,0,1,0,0,1,1,0
PROP200920,26.0,New,2030.0,E,89.0,97.0,0,0,0,0,1,0,1,0,0,0,0,0
PROP200921,1.0,Old,2905.0,E,99.0,49.0,0,0,0,0,1,0,0,1,0,1,1,0
PROP200922,4.0,Good,3175.0,F,91.0,91.0,0,0,1,1,0,0,0,1,1,0,0,0
PROP200923,35.0,Needs Renovation,2822.0,E,97.0,88.0,0,0,0,0,0,0,1,1,0,0,0,0
PROP200924,24.0,Good,1072.0,E,60.0,57.0,1,1,0,1,0,1,0,0,0,0,0,0
PROP200925,2.0,Good,4134.0,B,59.0,96.0,0,0,0,0,0,0,1,1,1,0,1,0
PROP200926,0.0,Needs Renovation,2025.0,E,43.0,61.0,0,0,0,1,0,0,0,0,0,0,1,0
PROP200927,24.0,Good,2941.0,A,43.0,62.0,0,1,0,0,0,1,0,0,0,0,1,1
PROP200928,14.0,New,2480.0,E,49.0,36.0,0,0,0,1,0,0,1,1,0,0,0,0
PROP200929,21.0,Good,2480.0,A,,81.0,1,0,1,0,0,0,1,0,1,0,0,1
PROP200930,29.0,Old,3144.0,D,87.0,97.0,0,0,0,0,0,1,0,0,1,0,0,0
PROP200931,19.0,Needs Renovation,3540.0,B,72.0,73.0,0,0,0,0,0,0,0,0,1,1,0,0
PROP200932,8.0,Good,3187.0,F,46.0,69.0,0,0,1,0,0,0,0,1,0,0,0,1
PROP200933,13.0,Good,2047.0,C,71.0,85.0,0,0,0,0,1,1,1,0,0,0,0,0
PROP200934,26.0,Old,3171.0,D,79.0,45.0,0,1,0,0,1,0,0,0,0,0,1,0
PROP200935,23.0,New,2415.0,C,90.0,53.0,0,0,0,0,0,1,0,0,0,1,1,0
PROP200936,0.0,Needs Renovation,1106.0,C,88.0,66.0,0,0,0,0,1,0,0,0,0,0,0,1
PROP200937,35.0,Needs Renovation,2971.0,F,87.0,,1,0,0,0,0,0,0,0,1,0,0,0
PROP200938,39.0,Old,2429.0,D,70.0,59.0,1,0,0,0,0,0,0,0,1,0,0,0
PROP200939,29.0,Good,2611.0,E,89.0,69.0,0,1,0,0,0,0,0,0,1,0,0,0
PROP200940,32.0,Old,2183.0,D,44.0,68.0,1,0,1,0,0,1,0,0,1,0,1,0
PROP200941,39.0,Good,1738.0,D,59.0,54.0,1,1,0,0,0,1,0,1,0,0,1,0
PROP200942,23.0,Good,2395.0,A,40.0,60.0,1,0,0,0,0,0,0,1,0,0,0,0
PROP200943,30.0,Good,2639.0,E,,50.0,1,0,0,0,0,0,0,0,0,0,1,0
PROP200944,6.0,Needs Renovation,2632.0,D,66.0,35.0,0,0,0,0,0,1,1,0,1,0,1,1
PROP200945,28.0,New,3542.0,E,49.0,43.0,0,1,0,1,1,0,0,0,1,1,0,0
PROP200946,23.0,Good,2789.0,F,86.0,97.0,0,0,0,1,1,0,1,0,0,0,0,0
PROP200947,19.0,New,2254.0,E,84.0,30.0,0,0,0,1,0,1,0,0,0,0,0,0
PROP200948,7.0,Good,2704.0,B,65.0,31.0,0,0,0,0,0,1,0,0,1,1,1,1
PROP200949,11.0,Needs Renovation,2813.0,D,41.0,43.0,0,0,1,0,0,0,1,1,0,1,1,0
PROP200950,34.0,Old,0.0,F,,91.0,0,0,1,0,0,0,0,1,0,0,0,1
PROP200951,,Good,1242.0,D,80.0,48.0,0,0,1,0,0,1,0,0,0,1,0,1
PROP200952,1.0,Needs Renovation,3140.0,C,68.0,73.0,0,0,1,0,1,0,0,0,1,0,1,0
PROP200953,,Old,3110.0,A,45.0,96.0,0,0,0,1,0,0,1,1,1,0,0,0
PROP200954,19.0,Old,1071.0,D,64.0,80.0,1,0,1,1,0,0,1,0,1,0,0,0
PROP200955,,Old,2080.0,D,49.0,31.0,0,1,0,1,0,1,0,0,1,0,0,0
PROP200956,8.0,Old,2992.0,A,82.0,56.0,1,0,0,1,0,0,0,0,1,0,0,0
PROP200957,2.0,New,1471.0,B,70.0,37.0,0,0,0,1,0,0,0,0,1,0,1,0
PROP200958,17.0,Good,3319.0,C,83.0,96.0,0,0,0,0,0,1,0,0,1,0,0,0
PROP200959,18.0,Needs Renovation,2006.0,C,,97.0,1,0,0,0,1,0,0,0,0,1,1,0
PROP200960,21.0,Good,2361.0,D,,86.0,0,0,1,0,1,0,0,0,1,0,0,0
PROP200961,20.0,Good,3728.0,D,88.0,48.0,1,1,0,0,0,0,0,0,0,0,0,1
PROP200962,3.0,New,3352.0,C,86.0,78.0,0,0,0,0,1,0,0,1,1,0,0,0
PROP200963,16.0,Old,2119.0,F,91.0,55.0,1,0,1,0,0,1,1,0,0,0,1,0
PROP200964,5.0,Needs Renovation,3586.0,B,70.0,,1,0,0,0,1,0,0,0,0,0,0,0
PROP200965,23.0,New,2295.0,E,84.0,66.0,1,0,0,0,0,0,1,0,0,0,0,0
PROP200966,27.0,Needs Renovation,1834.0,E,71.0,47.0,0,0,1,0,0,0,0,0,0,0,1,1
PROP200967,7.0,New,4109.0,D,85.0,59.0,1,0,0,0,1,1,0,0,0,0,0,0
PROP200968,1.0,New,916.0,A,97.0,35.0,0,0,1,0,1,1,0,0,0,0,1,1
PROP200969,16.0,Needs Renovation,2480.0,B,61.0,69.0,1,1,0,0,1,0,0,0,0,1,1,0
PROP200970,26.0,Needs Renovation,1842.0,E,80.0,82.0,0,0,1,0,0,0,0,0,0,0,0,1
PROP200971,25.0,Needs Renovation,2544.0,F,,81.0,0,0,1,0,0,0,0,0,0,0,1,0
PROP200972,14.0,New,2695.0,B,77.0,91.0,0,1,0,1,1,0,0,0,0,0,0,0
PROP200973,34.0,Good,3007.0,F,94.0,96.0,0,0,0,0,1,1,0,0,0,0,0,0
PROP200974,27.0,Needs Renovation,2063.0,B,,49.0,1,0,1,0,0,0,0,1,0,0,0,0
PROP200975,8.0,Needs Renovation,1294.0,D,83.0,46.0,0,0,0,0,0,1,0,1,1,1,1,0
PROP200976,14.0,Old,4165.0,E,69.0,,0,1,0,0,0,1,0,0,0,0,0,1
PROP200977,15.0,Needs Renovation,2380.0,B,81.0,99.0,0,0,1,0,1,0,0,1,1,0,0,1
PROP200978,21.0,Old,832.0,A,42.0,76.0,0,1,0,1,0,1,0,0,0,0,1,0
PROP200979,10.0,New,3219.0,C,91.0,79.0,0,0,1,1,0,0,1,0,0,0,0,0
PROP200980,28.0,Old,2480.0,C,47.0,89.0,0,1,0,1,0,0,1,1,0,0,0,1
PROP200981,4.0,New,2564.0,F,94.0,51.0,1,0,0,0,0,0,1,1,1,0,0,0
PROP200982,18.0,Needs Renovation,5375.0,F,77.0,60.0,0,1,0,1,1,0,0,0,0,0,0,1
PROP200983,26.0,Good,2480.0,E,82.0,,0,0,0,0,0,1,0,1,0,0,0,0
PROP200984,36.0,Good,3182.0,E,60.0,30.0,1,0,0,0,0,1,0,1,1,0,1,0
PROP200985,6.0,New,2066.0,A,50.0,,0,1,1,0,1,0,0,0,0,1,0,0
PROP200986,2.0,Needs Renovation,3026.0,F,67.0,78.0,0,0,0,0,1,0,0,1,0,0,1,1
PROP200987,33.0,Old,522.0,F,50.0,95.0,0,1,0,0,0,1,0,1,0,0,0,1
PROP200988,4.0,Good,2159.0,E,91.0,33.0,0,0,0,0,1,0,0,1,0,1,0,1
PROP200989,14.0,New,2758.0,F,,75.0,0,0,1,0,0,1,0,0,0,1,1,1
PROP200990,29.0,Old,1633.0,F,87.0,88.0,0,1,1,0,0,1,0,0,0,1,0,0
PROP200991,17.0,Old,1910.0,D,55.0,67.0,1,0,0,0,0,1,1,0,0,0,0,0
PROP200992,16.0,New,1618.0,E,80.0,69.0,1,0,1,1,0,1,0,1,0,0,0,0
PROP200993,25.0,Needs Renovation,3241.0,D,94.0,48.0,0,0,0,1,1,0,1,0,1,0,0,0
PROP200994,29.0,New,1376.0,E,93.0,52.0,0,0,0,0,0,1,0,0,0,1,0,0
PROP200995,3.0,Old,2718.0,F,84.0,81.0,0,0,1,1,0,0,0,0,1,1,0,0
PROP200996,38.0,Needs Renovation,689.0,D,63.0,50.0,1,0,0,0,0,0,0,0,1,1,0,0
PROP200997,24.0,Needs Renovation,2143.0,E,77.0,74.0,0,0,0,1,1,0,1,1,0,1,0,0
PROP200998,18.0,New,5451.0,E,93.0,77.0,0,1,0,0,0,1,0,0,1,0,1,0
PROP200999,32.0,Good,2664.0,F,63.0,98.0,1,0,0,0,1,0,1,0,0,1,0,1
PROP201000,35.0,Needs Renovation,1803.0,B,90.0,62.0,0,1,1,0,0,1,0,0,0,0,1,0
PROP201001,17.0,Old,2151.0,E,95.0,58.0,0,0,0,1,1,1,0,1,0,0,0,0
PROP201002,13.0,Good,3364.0,A,66.0,81.0,1,0,0,0,1,0,0,0,0,0,0,0
PROP201003,23.0,Old,3182.0,A,53.0,85.0,0,0,1,1,0,1,1,0,0,0,0,1
PROP201004,7.0,Old,2205.0,E,57.0,89.0,0,0,1,0,0,1,0,0,1,0,0,0
PROP201005,26.0,Needs Renovation,1834.0,E,84.0,71.0,0,1,1,0,0,0,0,0,1,0,0,0
PROP201006,12.0,New,4541.0,C,57.0,95.0,0,0,1,0,0,0,1,0,0,0,0,0
PROP201007,20.0,Needs Renovation,2459.0,F,64.0,43.0,0,1,0,1,0,0,0,0,0,1,0,0
PROP201008,37.0,Needs Renovation,779.0,C,78.0,64.0,0,0,1,0,0,1,1,0,1,1,0,0
PROP201009,9.0,Old,2222.0,F,78.0,71.0,1,0,0,1,0,1,0,0,0,0,0,0
PROP201010,31.0,Good,2539.0,E,62.0,71.0,0,0,0,0,0,0,0,0,0,1,1,1
PROP201011,19.0,Good,2408.0,C,42.0,75.0,0,1,0,0,0,1,0,1,0,0,0,1
PROP201012,15.0,Needs Renovation,2976.0,C,62.0,80.0,0,0,0,1,0,0,1,0,1,0,0,0
PROP201013,28.0,Good,2491.0,A,56.0,40.0,1,0,0,0,0,1,0,0,0,0,0,1
PROP201014,14.0,Good,600.0,E,70.0,91.0,0,0,0,0,0,0,1,0,1,0,1,0
PROP201015,39.0,Needs Renovation,1160.0,A,42.0,82.0,0,0,0,0,0,1,0,0,0,1,1,0
PROP201016,32.0,New,1765.0,B,66.0,47.0,0,0,0,0,0,1,0,0,1,0,1,0
PROP201017,19.0,Needs Renovation,1766.0,A,66.0,37.0,0,0,0,1,0,0,0,0,0,1,1,1
PROP201018,10.0,Needs Renovation,2443.0,C,76.0,45.0,0,0,1,1,0,0,0,1,0,0,1,0
PROP201019,35.0,Old,2480.0,A,81.0,30.0,1,0,0,0,1,1,0,0,0,0,0,1
PROP201020,34.0,Old,2480.0,F,46.0,72.0,0,0,0,0,0,1,0,0,0,1,0,0
PROP201021,12.0,Old,1687.0,E,43.0,79.0,0,0,1,0,0,0,0,0,1,0,0,0
PROP201022,34.0,New,1442.0,B,97.0,89.0,0,0,1,0,1,1,0,1,0,0,0,0
PROP201023,13.0,Old,781.0,A,64.0,50.0,0,0,0,0,1,0,1,1,0,0,0,0
PROP201024,33.0,Old,4722.0,E,72.0,,0,0,1,0,0,0,0,1,0,0,0,0
PROP201025,35.0,New,3925.0,D,75.0,54.0,0,1,0,0,1,1,0,1,0,0,0,1
PROP201026,29.0,Good,4055.0,C,92.0,39.0,1,0,0,0,0,0,0,1,0,0,0,0
PROP201027,13.0,New,1291.0,C,88.0,92.0,0,0,0,1,1,0,0,1,0,1,0,1
PROP201028,32.0,New,2941.0,B,41.0,95.0,0,0,0,0,0,0,1,0,0,1,1,0
PROP201029,29.0,New,3874.0,A,,74.0,0,0,1,1,0,0,1,0,1,0,0,0
PROP201030,13.0,New,962.0,B,73.0,42.0,0,1,0,0,1,1,0,0,0,0,0,0
PROP201031,15.0,Good,3005.0,E,89.0,75.0,0,1,0,1,0,1,0,1,0,0,0,0
PROP201032,24.0,Old,3531.0,D,82.0,94.0,1,0,0,0,0,1,0,1,0,1,1,0
PROP201033,19.0,Good,1559.0,E,44.0,81.0,0,1,0,1,0,0,0,0,0,1,0,0
PROP201034,12.0,Good,1054.0,A,61.0,78.0,1,0,0,1,1,0,0,0,1,0,0,0
PROP201035,10.0,Old,2843.0,D,95.0,61.0,0,0,0,1,1,0,0,1,1,0,0,0
PROP201036,8.0,Needs Renovation,2779.0,F,56.0,46.0,1,0,0,1,0,0,0,0,0,0,0,1
PROP201037,11.0,Old,3541.0,A,88.0,43.0,0,0,0,0,1,0,1,1,0,0,0,1
PROP201038,21.0,Needs Renovation,3082.0,B,91.0,50.0,0,0,0,0,0,0,1,0,1,0,0,1
PROP201039,19.0,Old,1634.0,A,52.0,69.0,0,0,0,1,0,0,1,0,1,0,0,0
PROP201040,20.0,Good,5153.0,D,42.0,46.0,0,0,0,1,0,0,0,1,1,0,0,0
PROP201041,13.0,Good,2061.0,C,60.0,56.0,1,0,0,0,1,1,0,1,0,0,0,1
PROP201042,31.0,New,3212.0,A,86.0,77.0,0,0,0,1,0,1,0,1,0,0,1,1
PROP201043,6.0,Needs Renovation,1413.0,C,77.0,52.0,1,0,0,0,0,0,0,0,0,0,0,1
PROP201044,22.0,Old,2529.0,D,,98.0,0,0,0,1,0,0,0,0,0,0,0,1
PROP201045,38.0,Old,1564.0,F,77.0,81.0,1,1,0,0,0,0,0,0,0,0,0,0
PROP201046,11.0,New,2110.0,D,70.0,84.0,1,0,0,0,0,0,1,0,1,1,0,0
PROP201047,21.0,Needs Renovation,3582.0,B,69.0,46.0,0,0,0,1,1,1,0,0,0,1,1,0
PROP201048,2.0,New,0.0,B,66.0,68.0,0,1,1,0,1,1,0,0,1,0,0,0
PROP201049,18.0,Good,2936.0,E,61.0,90.0,0,0,1,0,0,0,0,1,0,0,1,0
PROP201050,26.0,Good,2966.0,E,59.0,,1,0,0,1,0,0,1,0,1,1,0,0
PROP201051,39.0,Good,2480.0,A,57.0,61.0,0,1,0,1,1,1,0,0,0,0,0,0
PROP201052,,Good,1820.0,A,61.0,87.0,0,1,1,0,0,1,0,1,0,0,1,0
PROP201053,,Good,2237.0,E,73.0,69.0,0,1,0,0,0,0,0,0,0,1,0,0
PROP201054,5.0,Old,941.0,C,78.0,65.0,0,1,0,0,0,0,0,1,0,0,0,0
PROP201055,17.0,New,2185.0,C,60.0,95.0,0,0,0,1,0,1,0,0,1,1,0,0
PROP201056,29.0,Good,769.0,E,63.0,48.0,0,1,1,0,0,0,0,0,0,0,1,0
PROP201057,5.0,New,439.0,B,51.0,,1,0,0,1,0,0,0,0,0,0,0,0
PROP201058,10.0,Old,2331.0,E,95.0,56.0,0,0,0,1,1,0,0,0,0,1,0,0
PROP201059,30.0,Good,1665.0,D,81.0,71.0,1,0,0,0,0,1,1,0,1,0,0,0
PROP201060,24.0,Old,1791.0,E,93.0,92.0,0,1,0,0,1,0,0,0,0,0,1,1
PROP201061,25.0,New,1905.0,C,83.0,87.0,0,1,0,0,0,0,0,1,0,0,0,0
PROP201062,4.0,Good,1000.0,E,41.0,78.0,0,0,0,0,0,0,0,0,1,1,0,1
PROP201063,7.0,Needs Renovation,554.0,A,76.0,96.0,1,0,1,0,0,1,0,0,1,0,0,0
PROP201064,3.0,Good,2354.0,F,90.0,92.0,0,0,0,0,1,0,1,0,0,1,0,0
PROP201065,39.0,New,1424.0,A,86.0,33.0,1,0,1,1,0,0,0,0,0,0,0,0
PROP201066,19.0,Good,3076.0,C,41.0,41.0,1,0,0,0,0,0,0,0,1,1,0,0
PROP201067,8.0,New,766.0,A,97.0,83.0,0,0,0,1,0,0,1,0,1,0,0,0
PROP201068,38.0,Good,803.0,A,83.0,62.0,0,1,0,1,0,0,1,0,1,1,0,0
PROP201069,32.0,Old,2549.0,C,78.0,67.0,0,0,1,0,0,1,0,0,1,0,0,1
PROP201070,16.0,Good,2244.0,E,53.0,84.0,1,1,0,0,1,0,1,0,0,0,0,0
PROP201071,21.0,Good,0.0,A,52.0,95.0,0,0,0,1,1,0,0,1,0,1,0,0
PROP201072,30.0,Needs Renovation,1441.0,E,91.0,38.0,0,0,1,0,0,1,0,0,0,0,0,0
PROP201073,39.0,New,1829.0,B,70.0,64.0,0,0,1,0,0,0,1,1,0,0,0,0
PROP201074,10.0,New,4405.0,C,47.0,61.0,0,0,0,1,0,0,0,0,1,0,0,0
PROP201075,10.0,New,4312.0,C,69.0,94.0,0,1,0,1,0,0,0,0,0,0,0,0
PROP201076,26.0,Needs Renovation,2480.0,F,70.0,87.0,0,0,1,0,0,0,0,0,1,0,1,1
PROP201077,24.0,Old,1719.0,F,84.0,84.0,1,1,0,0,0,1,0,0,0,0,1,1
PROP201078,27.0,Old,2109.0,C,,82.0,0,1,0,0,0,0,0,0,1,0,0,0
PROP201079,34.0,New,2101.0,A,82.0,80.0,1,0,0,0,0,0,1,0,1,0,1,0
PROP201080,29.0,New,2480.0,E,92.0,41.0,1,0,0,0,0,0,0,1,0,0,0,0
PROP201081,,Needs Renovation,2411.0,D,96.0,31.0,0,0,1,0,0,0,0,1,1,0,0,0
PROP201082,37.0,Old,2480.0,B,62.0,88.0,0,0,1,0,1,0,0,0,0,0,0,0
PROP201083,,New,1932.0,E,86.0,99.0,1,0,1,0,0,0,0,0,0,1,0,0
PROP201084,23.0,Good,2480.0,A,80.0,92.0,1,1,0,0,0,0,0,0,0,0,0,1
PROP201085,32.0,Needs Renovation,1840.0,C,77.0,,0,1,0,0,0,0,0,0,0,1,1,0
PROP201086,,New,1311.0,B,,66.0,1,0,1,0,0,1,0,0,1,1,0,0
PROP201087,39.0,Good,2480.0,E,40.0,56.0,1,1,1,1,0,0,0,0,0,0,0,0
PROP201088,37.0,New,4431.0,D,42.0,61.0,0,1,1,0,0,0,1,0,0,1,0,0
PROP201089,5.0,New,3251.0,C,56.0,48.0,1,1,0,0,0,1,0,0,0,0,0,0
PROP201090,19.0,New,2125.0,E,78.0,88.0,0,0,0,1,0,1,0,0,0,1,0,0
PROP201091,37.0,New,3824.0,A,65.0,72.0,0,0,0,0,1,0,0,0,0,1,0,0
PROP201092,15.0,New,4077.0,D,57.0,93.0,0,0,1,0,0,0,0,0,1,0,0,0
PROP201093,20.0,New,3862.0,C,86.0,53.0,0,1,0,1,1,0,0,0,0,0,0,0
PROP201094,16.0,New,2750.0,C,81.0,31.0,0,0,0,1,0,0,0,0,0,1,0,0
PROP201095,8.0,Old,4471.0,C,60.0,48.0,0,0,0,0,0,0,1,0,1,0,1,0
PROP201096,34.0,Old,3842.0,E,60.0,64.0,0,0,1,1,0,0,0,0,1,0,0,1
PROP201097,5.0,Old,4286.0,E,63.0,80.0,1,0,0,0,0,0,1,0,0,0,0,0
PROP201098,,New,2218.0,F,72.0,,1,1,0,0,0,0,0,0,1,0,0,0
PROP201099,35.0,Good,3112.0,E,83.0,42.0,0,0,0,1,0,0,0,1,1,1,0,1
PROP201100,16.0,New,3190.0,F,97.0,44.0,0,1,0,0,1,0,1,0,0,0,0,1
PROP201101,19.0,Needs Renovation,2512.0,D,65.0,44.0,0,0,0,0,0,0,1,0,1,0,0,0
PROP201102,35.0,Old,1910.0,B,97.0,36.0,1,0,0,0,0,1,0,1,1,0,1,0
PROP201103,27.0,Old,1755.0,D,93.0,81.0,0,1,0,0,0,0,0,1,0,0,0,0
PROP201104,9.0,Needs Renovation,1212.0,A,74.0,50.0,0,1,1,0,1,1,0,0,0,1,0,0
PROP201105,32.0,Old,4279.0,B,70.0,34.0,1,0,1,1,0,0,0,0,1,0,0,1
PROP201106,31.0,Needs Renovation,1745.0,C,70.0,56.0,0,0,0,0,1,0,1,0,0,0,0,0
PROP201107,7.0,Old,2179.0,B,50.0,49.0,0,0,1,1,0,0,0,0,1,0,1,0
PROP201108,24.0,Old,1529.0,D,61.0,64.0,0,0,0,0,0,0,1,0,0,0,0,1
PROP201109,19.0,New,2386.0,F,46.0,,0,0,0,1,0,0,0,0,0,1,1,0
PROP201110,28.0,New,4078.0,F,71.0,60.0,0,0,1,0,0,0,0,1,0,0,0,0
PROP201111,27.0,New,3321.0,C,56.0,94.0,0,1,0,0,1,0,1,0,1,0,0,0
PROP201112,3.0,Needs Renovation,2486.0,D,76.0,81.0,0,1,0,0,0,1,1,0,0,0,0,0
PROP201113,18.0,Good,3487.0,A,54.0,80.0,1,0,1,0,0,1,0,0,1,0,0,1
PROP201114,35.0,Old,1302.0,F,56.0,99.0,0,0,1,0,0,0,0,0,1,1,0,0
PROP201115,12.0,Old,1992.0,E,53.0,87.0,1,0,0,1,0,0,0,0,1,0,0,0
PROP201116,30.0,Needs Renovation,2415.0,F,64.0,41.0,1,0,0,1,1,0,0,0,0,0,0,1
PROP201117,32.0,Old,268.0,C,80.0,84.0,0,1,0,0,1,1,0,0,0,1,0,0
PROP201118,12.0,Old,2969.0,A,51.0,55.0,0,0,0,0,0,0,1,1,1,1,1,0
PROP201119,39.0,Needs Renovation,3749.0,E,64.0,57.0,0,0,0,1,0,0,0,1,1,0,0,0
PROP201120,37.0,New,3551.0,F,68.0,64.0,1,0,0,1,1,1,1,0,0,0,0,0
PROP201121,2.0,Needs Renovation,3328.0,A,42.0,52.0,1,1,0,1,1,0,0,0,0,0,0,1
PROP201122,,Good,0.0,D,91.0,77.0,1,0,0,0,0,0,0,0,0,0,1,0
PROP201123,,Good,0.0,F,45.0,87.0,1,0,0,0,0,0,0,0,1,1,0,1
PROP201124,,Old,2480.0,B,,51.0,0,0,0,1,0,1,0,1,1,1,0,0
PROP201125,33.0,Needs Renovation,2074.0,E,69.0,55.0,0,1,1,0,1,0,0,1,1,0,0,0
PROP201126,13.0,New,1625.0,B,43.0,58.0,1,0,0,0,1,0,0,0,0,0,1,1
PROP201127,32.0,Needs Renovation,2288.0,A,56.0,43.0,1,0,0,1,1,0,0,0,0,0,0,0
PROP201128,,Needs Renovation,4680.0,D,52.0,51.0,0,1,0,1,1,0,0,0,1,0,0,1
PROP201129,4.0,Old,2480.0,B,99.0,71.0,1,0,0,1,0,0,0,0,0,1,0,0
PROP201130,2.0,New,2180.0,F,69.0,37.0,0,0,0,0,1,1,0,0,0,0,0,0
PROP201131,4.0,Old,2512.0,F,,74.0,0,0,0,0,1,0,0,0,1,0,0,1
PROP201132,15.0,New,2456.0,E,98.0,36.0,0,0,0,0,0,0,0,0,1,0,1,0
PROP201133,36.0,Old,4267.0,B,60.0,77.0,1,0,0,0,1,0,1,0,0,0,1,0
PROP201134,37.0,Needs Renovation,2043.0,F,85.0,,0,1,1,0,1,1,0,0,0,0,1,0
PROP201135,4.0,Good,629.0,E,88.0,57.0,0,1,0,1,1,0,0,0,0,0,0,0
PROP201136,17.0,New,2169.0,B,56.0,75.0,0,1,1,0,1,1,0,0,0,0,0,0
PROP201137,1.0,Old,1786.0,C,82.0,48.0,0,1,0,1,0,0,0,0,0,0,0,0
PROP201138,23.0,Needs Renovation,3893.0,D,67.0,49.0,1,0,1,1,0,0,1,1,0,0,0,0
PROP201139,21.0,New,2480.0,C,56.0,60.0,0,0,0,1,0,1,1,0,1,0,1,0
PROP201140,0.0,Needs Renovation,1427.0,D,66.0,56.0,0,0,0,1,1,0,1,1,0,0,1,0
PROP201141,9.0,Good,3876.0,F,48.0,41.0,0,1,0,0,1,0,0,1,0,0,1,0
PROP201142,0.0,Needs Renovation,2780.0,B,92.0,74.0,1,1,0,0,0,1,0,0,0,0,0,1
PROP201143,29.0,Needs Renovation,3661.0,B,46.0,89.0,1,0,1,0,1,0,0,0,0,1,0,0
PROP201144,27.0,Old,2534.0,A,80.0,93.0,0,0,0,0,0,1,0,0,0,0,0,1
PROP201145,30.0,Good,2181.0,B,48.0,37.0,1,0,0,1,0,1,0,0,1,1,0,0
PROP201146,14.0,New,1442.0,D,59.0,73.0,0,1,0,1,0,0,1,0,0,1,0,1
PROP201147,2.0,New,700.0,A,64.0,96.0,0,0,1,0,0,1,1,0,0,0,1,1
PROP201148,20.0,Good,1810.0,E,61.0,,0,0,1,1,1,0,0,0,0,1,1,0
PROP201149,28.0,Good,1864.0,C,59.0,60.0,1,0,0,0,0,0,0,0,0,1,0,0
PROP201150,36.0,Needs Renovation,3439.0,A,85.0,80.0,1,0,0,0,0,0,0,0,0,0,1,0
PROP201151,1.0,Good,2008.0,C,84.0,98.0,1,1,0,0,0,0,0,0,1,0,1,0
PROP201152,,Old,3042.0,B,60.0,60.0,1,0,0,0,1,0,1,0,1,0,0,0
PROP201153,,Old,3395.0,E,94.0,72.0,0,1,0,0,1,1,0,1,1,0,0,0
PROP201154,27.0,New,1138.0,C,48.0,93.0,1,0,0,1,0,0,0,0,0,0,0,0
PROP201155,16.0,Needs Renovation,2284.0,D,67.0,54.0,0,1,0,0,0,1,0,0,1,0,0,1
PROP201156,28.0,New,2870.0,B,67.0,41.0,1,0,1,0,0,0,0,0,1,1,1,0
PROP201157,27.0,New,593.0,C,49.0,80.0,0,0,1,0,0,0,0,0,0,0,1,0
PROP201158,17.0,Good,3976.0,F,70.0,57.0,1,0,1,0,0,1,0,0,0,1,0,0
PROP201159,30.0,Good,2419.0,F,91.0,93.0,0,0,0,0,1,0,0,1,1,0,0,0
PROP201160,24.0,Good,2244.0,F,45.0,32.0,0,0,1,0,1,0,0,0,1,1,0,0
PROP201161,24.0,New,1012.0,D,52.0,83.0,0,0,0,0,0,0,0,1,0,1,0,0
PROP201162,31.0,Good,1615.0,B,72.0,43.0,0,0,0,0,0,0,0,0,0,1,0,1
PROP201163,6.0,Old,969.0,B,99.0,91.0,0,0,0,0,0,1,0,0,0,1,0,0
PROP201164,7.0,Needs Renovation,1120.0,B,71.0,76.0,0,0,0,1,0,0,1,0,0,0,1,1
PROP201165,19.0,Old,3263.0,A,85.0,33.0,0,0,1,1,1,0,1,0,0,0,0,0
PROP201166,0.0,Needs Renovation,0.0,A,65.0,31.0,1,0,1,0,1,0,0,0,0,0,1,1
PROP201167,8.0,Needs Renovation,1849.0,F,68.0,35.0,0,1,1,0,0,0,0,1,1,0,1,0
PROP201168,19.0,Needs Renovation,3284.0,E,55.0,88.0,0,0,1,1,0,0,0,1,0,0,1,0
PROP201169,3.0,Good,3606.0,D,59.0,,0,0,0,1,0,0,1,1,0,1,0,0
PROP201170,27.0,Needs Renovation,2480.0,A,90.0,,0,0,1,1,1,0,0,0,0,0,0,0
PROP201171,16.0,Needs Renovation,2630.0,C,42.0,94.0,0,1,0,0,0,0,0,0,1,0,0,0
PROP201172,,Needs Renovation,2420.0,E,85.0,94.0,1,0,0,1,0,0,0,0,0,0,0,0
PROP201173,22.0,Old,1991.0,E,88.0,52.0,0,0,0,0,1,1,0,0,1,0,0,1
PROP201174,8.0,Needs Renovation,5107.0,B,47.0,,0,0,0,1,0,0,0,0,1,1,1,1
PROP201175,4.0,Good,2480.0,C,61.0,40.0,1,0,0,0,0,0,1,1,1,0,0,1
PROP201176,29.0,Needs Renovation,2848.0,B,83.0,98.0,0,0,1,1,0,1,0,0,1,0,1,0
PROP201177,4.0,Good,1361.0,A,94.0,97.0,0,0,0,1,0,1,1,0,0,0,0,0
PROP201178,8.0,Good,2480.0,E,62.0,83.0,0,0,0,1,0,0,0,1,0,0,0,0
PROP201179,7.0,Good,2480.0,C,92.0,68.0,0,1,0,0,0,0,0,0,1,0,1,0
PROP201180,24.0,New,2357.0,A,75.0,60.0,0,0,0,1,0,0,0,0,1,1,0,0
PROP201181,16.0,Needs Renovation,1798.0,E,58.0,30.0,1,1,0,1,0,1,0,1,0,0,0,0
PROP201182,,Needs Renovation,1735.0,B,72.0,56.0,0,0,1,0,1,0,0,0,0,0,0,1
PROP201183,2.0,Needs Renovation,3742.0,D,84.0,77.0,0,0,0,0,0,1,0,0,1,1,0,0
PROP201184,4.0,New,3195.0,F,94.0,87.0,0,0,0,0,0,0,1,0,0,0,1,0
PROP201185,14.0,Needs Renovation,2480.0,E,58.0,32.0,0,0,1,0,0,1,1,0,1,0,0,0
PROP201186,10.0,Good,2487.0,C,44.0,68.0,0,0,0,0,1,0,1,0,1,1,0,1
PROP201187,14.0,Needs Renovation,446.0,E,72.0,46.0,0,1,0,1,0,0,0,0,0,0,1,1
PROP201188,,Needs Renovation,2480.0,F,64.0,53.0,1,0,1,1,0,0,0,0,1,1,0,0
PROP201189,14.0,Old,1410.0,F,62.0,47.0,0,1,0,0,1,1,0,1,0,1,0,0
PROP201190,28.0,New,1892.0,A,96.0,75.0,0,0,0,0,0,0,1,0,1,0,1,0
PROP201191,,Needs Renovation,3121.0,B,58.0,47.0,0,0,1,0,0,0,1,0,0,0,0,0
PROP201192,15.0,New,2357.0,A,42.0,61.0,1,0,0,0,0,1,0,0,0,0,0,0
PROP201193,11.0,Needs Renovation,2480.0,E,64.0,,1,0,0,0,1,0,0,0,0,0,0,0
PROP201194,9.0,Needs Renovation,3999.0,D,64.0,55.0,0,1,0,0,0,0,1,0,0,0,0,1
PROP201195,15.0,New,2480.0,D,94.0,56.0,0,1,0,0,1,1,0,0,1,0,0,0
PROP201196,17.0,Needs Renovation,3299.0,A,71.0,96.0,1,1,0,0,0,0,1,1,1,0,0,0
PROP201197,26.0,Needs Renovation,1940.0,D,48.0,90.0,0,0,1,0,0,0,0,0,1,0,0,0
PROP201198,26.0,New,1553.0,D,64.0,78.0,0,0,0,0,1,0,0,0,1,0,1,0
PROP201199,27.0,Needs Renovation,3765.0,E,80.0,97.0,1,0,1,0,1,0,0,0,0,0,1,0
PROP201200,33.0,Old,3132.0,C,98.0,60.0,1,0,0,0,0,0,0,0,0,0,1,0
PROP201201,30.0,Needs Renovation,2800.0,D,,48.0,0,1,1,1,0,0,0,0,0,0,1,0
PROP201202,7.0,Needs Renovation,1202.0,D,74.0,99.0,1,1,0,1,0,0,0,0,0,1,0,1
PROP201203,,Needs Renovation,2480.0,E,99.0,34.0,0,0,1,0,0,0,1,0,0,1,0,0
PROP201204,34.0,Good,0.0,C,43.0,70.0,0,1,0,0,1,0,0,0,0,1,0,0
PROP201205,4.0,Needs Renovation,2894.0,F,44.0,69.0,0,1,0,0,1,0,0,0,1,0,0,0
PROP201206,23.0,Good,1874.0,B,98.0,40.0,0,0,0,0,0,1,1,0,0,0,0,0
PROP201207,4.0,Good,2719.0,E,86.0,88.0,0,0,0,1,0,0,0,0,0,1,0,0
PROP201208,22.0,Old,686.0,B,80.0,72.0,0,0,0,1,0,0,0,1,0,0,1,1
PROP201209,2.0,Needs Renovation,1114.0,F,59.0,59.0,1,0,0,0,0,1,0,1,0,0,0,1
PROP201210,,Old,3248.0,F,76.0,89.0,1,0,1,0,0,1,0,1,0,1,0,0
PROP201211,16.0,Old,2547.0,C,62.0,93.0,0,1,0,1,1,1,0,0,0,0,0,0
PROP201212,24.0,Good,852.0,D,43.0,58.0,0,1,0,1,0,1,0,0,0,0,0,0
PROP201213,3.0,Old,3626.0,C,92.0,54.0,1,0,0,0,0,0,0,0,0,1,0,0
PROP201214,24.0,Old,3824.0,C,48.0,74.0,1,0,1,0,0,0,0,1,0,0,1,0
PROP201215,,Good,3451.0,A,52.0,95.0,0,1,0,0,1,0,0,1,0,0,0,0
PROP201216,20.0,Needs Renovation,2445.0,C,63.0,85.0,0,0,0,1,0,0,0,0,0,1,0,0
PROP201217,21.0,Good,2480.0,D,53.0,41.0,1,0,0,0,0,1,0,0,0,0,0,0
PROP201218,37.0,New,2357.0,A,66.0,76.0,0,1,0,0,1,1,1,0,0,0,1,0
PROP201219,23.0,Needs Renovation,2275.0,E,96.0,82.0,0,0,1,0,1,0,0,0,0,0,0,0
PROP201220,32.0,Needs Renovation,3180.0,A,97.0,86.0,0,1,0,0,0,0,1,0,0,0,0,1
PROP201221,5.0,Old,2218.0,C,43.0,52.0,0,0,1,0,0,1,0,0,0,1,1,1
PROP201222,4.0,Good,2594.0,E,46.0,38.0,1,1,0,1,0,0,1,0,1,0,0,0
PROP201223,24.0,New,2629.0,E,79.0,50.0,0,0,0,0,0,1,1,0,1,1,0,1
PROP201224,10.0,Needs Renovation,2200.0,C,72.0,40.0,0,1,0,0,0,0,1,0,1,0,0,0
PROP201225,18.0,Good,2511.0,B,74.0,57.0,1,0,0,0,0,1,0,0,0,0,1,1
PROP201226,23.0,Needs Renovation,1459.0,C,,39.0,1,1,0,1,0,1,0,0,0,0,0,1
PROP201227,29.0,New,3132.0,B,,66.0,1,0,0,0,1,0,0,1,0,0,0,0
PROP201228,24.0,Needs Renovation,4138.0,A,,96.0,1,0,1,0,0,0,0,1,1,0,1,0
PROP201229,10.0,New,3579.0,F,92.0,41.0,1,0,0,0,0,0,0,0,0,0,0,1
PROP201230,26.0,Old,3170.0,C,78.0,49.0,0,0,0,0,1,0,0,0,1,0,0,0
PROP201231,26.0,Good,2480.0,B,58.0,82.0,0,0,0,1,1,0,0,0,0,0,1,0
PROP201232,9.0,Good,1215.0,E,88.0,79.0,0,0,0,0,0,0,1,0,1,1,1,1
PROP201233,23.0,Good,3300.0,C,51.0,37.0,0,0,1,1,0,0,0,1,1,1,0,0
PROP201234,25.0,Needs Renovation,3680.0,F,,45.0,1,0,1,0,1,1,1,0,0,0,0,0
PROP201235,27.0,New,2480.0,F,66.0,38.0,1,0,0,1,0,0,0,0,0,0,0,1
PROP201236,24.0,Needs Renovation,2581.0,D,81.0,95.0,0,0,0,0,0,0,0,1,0,1,0,0
PROP201237,15.0,Good,3931.0,A,,57.0,0,0,0,0,0,0,1,0,0,0,0,1
PROP201238,35.0,New,2480.0,A,60.0,95.0,0,0,0,0,1,0,0,1,0,0,0,0
PROP201239,15.0,Needs Renovation,2467.0,F,71.0,,0,1,0,0,0,1,0,0,1,1,0,0
PROP201240,32.0,Needs Renovation,1781.0,D,91.0,,0,0,0,1,1,0,1,1,0,0,0,0
PROP201241,36.0,New,3257.0,D,,,0,1,0,0,1,1,0,0,0,1,0,1
PROP201242,37.0,New,2807.0,C,55.0,65.0,0,0,0,1,0,0,0,1,0,0,0,0
PROP201243,36.0,Old,1386.0,F,86.0,78.0,0,0,0,0,1,0,1,0,1,0,1,1
PROP201244,0.0,New,831.0,F,64.0,,0,0,0,0,1,1,0,0,0,0,0,1
PROP201245,37.0,New,3229.0,C,95.0,51.0,0,0,1,0,1,0,0,0,0,0,0,1
PROP201246,38.0,Needs Renovation,1893.0,C,49.0,39.0,1,1,1,0,0,0,0,0,0,1,0,0
PROP201247,2.0,Old,2459.0,B,67.0,76.0,1,0,1,1,0,0,0,0,0,0,0,0
PROP201248,,New,347.0,B,45.0,88.0,0,1,1,0,1,0,1,0,1,0,0,0
PROP201249,2.0,Old,2635.0,C,90.0,55.0,0,1,0,1,1,0,0,1,0,1,0,0
PROP201250,8.0,New,3298.0,C,73.0,69.0,0,0,0,1,0,0,0,1,0,0,0,0
PROP201251,33.0,Good,3143.0,C,82.0,36.0,0,0,0,0,1,0,0,1,1,1,0,1
PROP201252,30.0,Needs Renovation,1625.0,C,47.0,,0,0,0,1,1,0,0,0,1,0,0,0
PROP201253,16.0,New,2719.0,F,70.0,57.0,1,0,0,0,1,0,0,0,0,1,0,0
PROP201254,30.0,Old,2647.0,F,49.0,34.0,0,1,0,0,0,0,0,0,0,0,1,0
PROP201255,6.0,Needs Renovation,2276.0,A,53.0,,0,0,0,0,0,0,0,1,1,0,0,0
PROP201256,38.0,New,2793.0,E,47.0,66.0,0,0,1,0,1,0,0,0,0,0,0,0
PROP201257,22.0,Needs Renovation,3133.0,A,71.0,76.0,1,0,0,0,0,0,0,0,1,0,0,0
PROP201258,11.0,Old,2710.0,A,62.0,38.0,0,0,0,1,0,1,1,0,0,0,1,1
PROP201259,35.0,Needs Renovation,1754.0,B,80.0,89.0,0,0,1,1,0,1,0,0,0,0,1,0
PROP201260,4.0,New,1796.0,E,75.0,92.0,1,1,0,0,0,0,0,0,0,0,0,0
PROP201261,18.0,Needs Renovation,3820.0,C,55.0,37.0,0,0,0,1,0,0,1,1,0,0,0,0
PROP201262,31.0,Needs Renovation,3296.0,E,67.0,77.0,0,1,1,0,0,1,1,1,0,0,0,0
PROP201263,15.0,Needs Renovation,1551.0,F,67.0,34.0,0,0,1,0,1,1,0,0,0,0,0,0
PROP201264,12.0,Good,1194.0,E,55.0,73.0,0,0,0,0,0,1,0,0,1,0,0,0
PROP201265,29.0,Good,4584.0,E,91.0,97.0,1,0,0,1,0,0,0,0,1,0,0,1
PROP201266,24.0,Good,0.0,A,98.0,45.0,0,0,0,0,1,1,1,1,0,0,0,0
PROP201267,0.0,Needs Renovation,1755.0,C,90.0,53.0,0,0,0,0,0,0,1,0,0,1,1,0
PROP201268,34.0,Needs Renovation,1435.0,D,61.0,74.0,1,0,0,1,0,1,0,0,0,0,0,0
PROP201269,8.0,Good,180.0,E,96.0,33.0,0,0,0,0,0,0,1,1,0,1,1,1
PROP201270,28.0,Old,3870.0,F,99.0,55.0,0,0,1,1,0,0,1,0,0,0,0,1
PROP201271,7.0,Good,2120.0,D,56.0,37.0,1,0,1,0,0,0,0,1,0,0,0,1
PROP201272,24.0,Old,3366.0,A,99.0,43.0,0,1,0,1,0,0,0,1,1,0,0,1
PROP201273,31.0,Good,2480.0,C,99.0,63.0,0,0,0,0,0,1,0,1,0,0,0,1
PROP201274,23.0,New,1820.0,C,46.0,72.0,0,0,0,0,1,0,1,0,1,0,1,1
PROP201275,22.0,Good,3125.0,A,91.0,54.0,0,0,1,0,0,0,1,0,0,0,0,0
PROP201276,20.0,Old,4058.0,E,42.0,39.0,0,0,0,1,1,0,0,1,1,0,1,0
PROP201277,28.0,Old,1549.0,A,67.0,,1,0,0,0,1,1,1,0,0,1,0,0
PROP201278,9.0,Old,2529.0,F,52.0,78.0,0,0,1,1,0,0,0,0,0,1,0,1
PROP201279,37.0,New,3332.0,D,40.0,72.0,1,0,1,0,1,0,0,0,0,0,0,0
PROP201280,27.0,New,1847.0,F,46.0,83.0,0,0,0,1,0,0,1,0,0,0,0,0
PROP201281,16.0,New,3330.0,F,58.0,56.0,1,0,1,0,1,0,0,0,0,0,1,1
PROP201282,,New,2519.0,C,98.0,88.0,0,0,0,0,1,0,1,0,0,0,0,1
PROP201283,17.0,Good,2912.0,C,53.0,60.0,0,1,0,0,0,1,0,1,0,0,0,0
PROP201284,9.0,Old,1443.0,C,68.0,58.0,0,0,0,0,0,1,1,0,0,0,0,0
PROP201285,35.0,Needs Renovation,2864.0,D,88.0,48.0,1,0,0,1,1,0,0,0,1,0,1,0
PROP201286,7.0,Good,4020.0,B,99.0,93.0,0,0,0,1,1,0,0,0,0,1,1,1
PROP201287,19.0,Good,1229.0,F,52.0,,0,0,0,0,1,0,0,0,0,1,0,1
PROP201288,0.0,Needs Renovation,2170.0,C,96.0,63.0,0,1,0,1,0,0,0,0,0,1,1,0
PROP201289,7.0,Needs Renovation,1964.0,D,53.0,88.0,0,1,1,1,0,0,0,1,0,0,0,0
PROP201290,39.0,Old,2625.0,D,84.0,84.0,0,1,1,0,0,0,0,0,0,0,1,0
PROP201291,30.0,Good,2319.0,F,54.0,89.0,1,0,0,1,1,0,0,1,0,1,0,0
PROP201292,,Good,3293.0,D,40.0,43.0,0,0,0,0,0,1,1,1,0,0,0,0
PROP201293,19.0,Needs Renovation,1993.0,F,94.0,37.0,0,1,0,0,1,0,0,0,0,1,0,0
PROP201294,39.0,Good,2557.0,A,85.0,46.0,1,0,0,0,0,0,0,0,0,0,1,0
PROP201295,5.0,Needs Renovation,2465.0,D,49.0,35.0,1,0,0,1,0,0,0,0,0,0,1,1
PROP201296,35.0,Good,3355.0,F,53.0,45.0,0,0,0,0,0,1,0,1,0,0,0,1
PROP201297,2.0,Needs Renovation,3181.0,C,87.0,53.0,0,1,1,1,0,0,0,0,0,1,0,1
PROP201298,32.0,Old,1576.0,A,86.0,32.0,1,0,1,0,0,1,0,0,0,0,0,1
PROP201299,19.0,Good,3200.0,E,,65.0,0,1,0,1,0,0,1,1,0,1,0,0
PROP201300,13.0,New,3434.0,D,82.0,35.0,1,0,0,1,0,1,0,0,1,0,1,0
PROP201301,17.0,Needs Renovation,336.0,D,63.0,83.0,0,0,0,0,1,0,0,0,0,1,0,0
PROP201302,37.0,Good,4119.0,F,83.0,99.0,0,0,0,0,0,0,0,0,0,0,1,1
PROP201303,12.0,Good,2677.0,E,85.0,89.0,0,0,0,1,0,0,0,1,1,0,0,1
PROP201304,7.0,Old,2421.0,B,,79.0,0,0,0,1,1,1,0,0,0,0,1,0
PROP201305,20.0,Good,2480.0,B,78.0,,0,0,0,1,0,1,0,1,0,0,0,0
PROP201306,,Old,3386.0,F,73.0,47.0,0,0,1,0,1,0,1,0,0,0,1,0
PROP201307,28.0,Good,3013.0,D,83.0,,0,0,0,0,1,0,1,1,1,0,1,0
PROP201308,1.0,New,1837.0,F,63.0,38.0,0,0,1,0,0,0,0,0,1,0,1,0
PROP201309,35.0,Needs Renovation,4432.0,D,84.0,82.0,0,0,0,1,1,0,0,0,0,0,0,0
PROP201310,0.0,Good,3439.0,C,85.0,52.0,0,0,1,1,0,0,0,0,1,1,0,1
PROP201311,15.0,Needs Renovation,3494.0,A,63.0,77.0,0,0,0,0,1,0,0,1,0,0,0,0
PROP201312,10.0,Old,2076.0,F,42.0,94.0,0,0,1,0,0,0,0,1,0,0,0,1
PROP201313,37.0,Old,3161.0,E,88.0,65.0,0,1,0,1,0,1,0,0,1,0,0,0
PROP201314,36.0,Old,2480.0,E,47.0,46.0,0,0,1,0,0,0,1,0,0,0,1,0
PROP201315,9.0,Needs Renovation,2441.0,A,54.0,42.0,1,0,0,1,1,0,0,0,0,0,1,1
PROP201316,24.0,Needs Renovation,2784.0,B,93.0,75.0,1,0,0,0,0,0,0,0,0,0,1,0
PROP201317,26.0,Needs Renovation,1819.0,A,51.0,52.0,1,0,1,0,0,0,0,0,0,0,0,0
PROP201318,31.0,Needs Renovation,4586.0,C,66.0,,0,0,0,0,1,1,0,0,0,0,1,1
PROP201319,12.0,Needs Renovation,1714.0,E,,77.0,1,0,0,0,0,1,0,0,0,0,0,0
PROP201320,35.0,Old,1249.0,F,66.0,48.0,1,0,0,0,0,1,1,0,0,0,0,0
PROP201321,22.0,New,1929.0,C,97.0,43.0,0,0,0,1,0,0,0,0,1,0,0,1
PROP201322,,New,3613.0,C,81.0,32.0,0,0,1,0,0,0,0,0,1,0,0,0
PROP201323,0.0,New,3581.0,C,,48.0,0,1,0,1,0,0,0,1,1,1,0,0
PROP201324,38.0,New,1981.0,B,97.0,44.0,0,0,1,0,0,0,0,0,0,0,1,0
PROP201325,,Old,3378.0,A,,,1,0,1,1,0,0,0,0,1,1,0,0
PROP201326,,Old,2083.0,B,71.0,74.0,1,0,1,0,0,0,0,0,0,0,0,0
PROP201327,26.0,New,1584.0,B,63.0,39.0,0,1,0,1,0,1,1,0,0,0,0,1
PROP201328,0.0,Old,1480.0,F,53.0,,1,1,0,0,0,0,1,0,0,1,0,1
PROP201329,4.0,Needs Renovation,1282.0,F,76.0,46.0,0,0,0,0,0,0,0,1,0,0,1,1
PROP201330,38.0,Old,2535.0,C,41.0,87.0,0,1,0,1,0,0,0,0,0,1,0,1
PROP201331,,Good,1813.0,D,95.0,38.0,0,0,1,1,1,0,0,0,0,0,0,1
PROP201332,7.0,New,1784.0,B,85.0,76.0,0,0,0,1,0,0,1,0,0,0,0,0
PROP201333,33.0,New,2402.0,F,72.0,,0,0,0,1,1,0,0,0,0,0,0,0
PROP201334,30.0,New,2962.0,D,43.0,59.0,1,0,0,0,0,1,0,1,0,0,1,1
PROP201335,10.0,Good,2011.0,E,42.0,56.0,0,0,0,0,1,1,0,0,1,1,1,0
PROP201336,4.0,Needs Renovation,1373.0,F,44.0,73.0,1,0,1,0,1,0,1,0,0,0,0,0
PROP201337,39.0,Needs Renovation,57.0,B,96.0,54.0,0,0,1,0,0,0,0,1,1,0,0,0
PROP201338,24.0,Old,1407.0,A,66.0,49.0,0,1,0,1,0,0,1,0,1,0,0,0
PROP201339,21.0,Needs Renovation,3364.0,D,68.0,54.0,0,1,0,0,0,1,1,0,0,0,0,0
PROP201340,12.0,Needs Renovation,2613.0,B,84.0,48.0,0,0,1,0,0,0,0,1,1,0,0,0
PROP201341,7.0,Good,3751.0,B,89.0,92.0,1,1,0,0,1,1,0,0,0,0,0,0
PROP201342,30.0,Needs Renovation,3293.0,F,73.0,,0,1,1,1,0,0,0,1,1,0,0,0
PROP201343,6.0,Needs Renovation,1420.0,B,74.0,54.0,0,1,1,0,0,0,0,1,0,0,1,1
PROP201344,37.0,New,3478.0,E,89.0,62.0,0,1,0,1,0,1,0,1,0,0,0,0
PROP201345,5.0,Good,1916.0,C,65.0,87.0,0,0,0,0,0,1,0,1,0,0,0,0
PROP201346,15.0,Good,2620.0,F,85.0,67.0,1,0,1,0,0,0,0,0,1,0,1,0
PROP201347,33.0,Good,1733.0,D,63.0,56.0,0,0,0,0,1,0,0,0,0,0,1,0
PROP201348,34.0,New,637.0,B,72.0,87.0,0,0,1,0,1,0,0,0,0,0,1,0
PROP201349,24.0,Old,2480.0,C,51.0,82.0,0,0,0,0,0,1,0,0,0,1,0,0
PROP201350,,Needs Renovation,1910.0,E,42.0,41.0,0,0,1,0,0,1,0,0,1,0,0,0
PROP201351,1.0,New,2660.0,D,61.0,34.0,0,0,0,0,0,1,1,0,0,1,1,0
PROP201352,19.0,Old,3004.0,F,75.0,73.0,0,0,0,0,1,0,0,1,0,1,1,0
PROP201353,35.0,Needs Renovation,1969.0,E,77.0,96.0,0,0,0,0,0,1,0,0,1,0,0,0
PROP201354,3.0,Needs Renovation,4665.0,C,92.0,73.0,1,0,0,0,0,0,1,0,0,0,0,1
PROP201355,2.0,New,1168.0,A,71.0,,1,0,1,1,0,0,0,0,1,0,0,0
PROP201356,39.0,Needs Renovation,1271.0,D,42.0,96.0,0,0,1,0,1,0,1,1,0,0,0,0
PROP201357,26.0,Old,2480.0,D,,49.0,0,1,0,0,0,0,1,1,1,0,0,0
PROP201358,26.0,Old,2012.0,C,53.0,44.0,0,1,0,1,0,0,0,0,0,0,1,0
PROP201359,22.0,Needs Renovation,4059.0,A,43.0,37.0,0,0,0,0,0,1,0,0,0,0,1,1
PROP201360,1.0,Needs Renovation,1857.0,A,89.0,78.0,1,0,0,0,0,0,0,1,0,1,0,1
PROP201361,36.0,Good,1722.0,F,87.0,54.0,0,0,0,1,0,0,0,1,0,1,0,1
PROP201362,36.0,Needs Renovation,4556.0,F,79.0,89.0,0,0,0,0,0,1,0,0,0,0,1,1
PROP201363,27.0,New,2590.0,F,76.0,83.0,0,0,0,1,1,0,1,0,1,0,0,0
PROP201364,6.0,New,2614.0,C,97.0,,1,1,0,0,0,1,0,1,0,1,0,0
PROP201365,10.0,Good,2480.0,E,89.0,60.0,0,0,1,1,0,0,1,0,1,0,0,0
PROP201366,23.0,Old,3632.0,B,,45.0,1,1,1,1,0,0,0,0,0,0,0,1
PROP201367,7.0,Good,2371.0,C,73.0,31.0,1,1,0,0,0,0,0,0,0,0,0,1
PROP201368,16.0,Needs Renovation,0.0,D,67.0,67.0,0,0,0,0,0,0,0,0,0,1,1,0
PROP201369,8.0,Needs Renovation,2622.0,B,75.0,82.0,0,0,0,1,1,0,0,0,0,0,0,0
PROP201370,,New,3029.0,B,87.0,69.0,0,0,1,1,0,1,0,0,0,0,0,0
PROP201371,23.0,Good,2480.0,E,60.0,58.0,0,1,1,0,0,1,0,1,0,0,0,1
PROP201372,25.0,New,5192.0,A,42.0,92.0,0,0,1,0,1,0,0,0,0,1,0,1
PROP201373,19.0,Good,2584.0,F,,50.0,1,0,0,1,0,0,0,1,1,0,1,0
PROP201374,27.0,Needs Renovation,2831.0,C,,41.0,0,0,1,0,0,0,1,0,0,0,0,1
PROP201375,8.0,Needs Renovation,1939.0,F,77.0,38.0,1,0,1,0,1,0,0,0,0,0,0,1
PROP201376,7.0,Good,3924.0,C,69.0,,1,0,0,1,1,0,0,0,0,1,0,0
PROP201377,5.0,Good,2754.0,D,73.0,44.0,0,1,0,1,0,1,0,0,0,0,0,0
PROP201378,28.0,Good,542.0,C,73.0,99.0,1,0,0,1,0,0,0,0,0,0,0,0
PROP201379,38.0,Good,3068.0,A,72.0,45.0,0,0,0,0,0,1,0,1,0,0,0,0
PROP201380,23.0,New,2480.0,A,77.0,74.0,0,0,0,0,0,0,1,0,0,0,1,0
PROP201381,34.0,Needs Renovation,2044.0,B,88.0,58.0,1,0,1,0,0,0,1,0,1,0,0,1
PROP201382,4.0,Old,2480.0,B,80.0,80.0,1,0,0,1,1,0,0,0,0,0,0,0
PROP201383,22.0,New,2480.0,A,86.0,77.0,0,0,1,0,1,0,0,1,0,0,0,0
PROP201384,21.0,New,2218.0,F,64.0,84.0,1,0,0,1,1,1,0,0,0,0,0,0
PROP201385,28.0,Good,2258.0,E,98.0,70.0,0,1,0,0,1,0,0,0,0,0,1,0
PROP201386,13.0,Good,2145.0,B,41.0,94.0,0,0,0,1,0,1,0,0,0,1,0,1
PROP201387,36.0,Good,2571.0,E,69.0,67.0,1,0,1,1,0,0,0,1,0,0,0,1
PROP201388,1.0,New,1960.0,C,40.0,50.0,0,0,1,0,0,0,1,0,0,1,0,0
PROP201389,0.0,Needs Renovation,2079.0,C,97.0,37.0,0,0,0,0,0,0,1,1,0,0,1,0
PROP201390,28.0,Old,2710.0,B,91.0,85.0,0,0,0,0,1,1,0,0,1,0,1,0
PROP201391,14.0,Good,4044.0,E,75.0,59.0,0,0,0,0,0,0,0,0,1,0,1,0
PROP201392,23.0,Needs Renovation,1572.0,A,79.0,89.0,1,0,0,1,1,0,0,0,1,1,0,0
PROP201393,13.0,New,1904.0,D,76.0,,1,1,0,0,0,1,0,0,1,0,1,0
PROP201394,37.0,Old,997.0,E,98.0,42.0,0,0,1,0,0,0,1,0,1,0,0,0
PROP201395,19.0,Needs Renovation,3610.0,F,99.0,41.0,1,0,0,0,0,1,0,0,0,0,0,0
PROP201396,33.0,Needs Renovation,1322.0,F,82.0,,0,0,1,1,1,0,1,0,1,0,0,0
PROP201397,30.0,Good,1862.0,D,40.0,84.0,0,1,0,0,0,0,0,0,1,0,1,1
PROP201398,26.0,Old,1670.0,B,57.0,53.0,0,0,1,0,1,1,0,0,0,1,0,0
PROP201399,0.0,Good,1270.0,A,97.0,60.0,0,0,0,0,0,0,0,0,1,0,0,1
PROP201400,35.0,Good,1464.0,B,59.0,82.0,0,1,1,0,1,0,0,0,1,1,0,0
PROP201401,34.0,Old,4771.0,F,77.0,35.0,0,0,0,0,0,0,1,1,0,0,0,1
PROP201402,5.0,Old,1755.0,D,42.0,50.0,0,0,0,0,0,0,0,0,0,0,1,1
PROP201403,31.0,Old,2173.0,D,75.0,80.0,0,1,0,1,0,0,1,1,0,0,1,0
PROP201404,33.0,Needs Renovation,2434.0,F,91.0,64.0,0,0,0,1,0,1,1,0,1,1,0,0
PROP201405,,New,817.0,F,79.0,79.0,0,0,1,0,1,0,0,0,0,0,0,0
PROP201406,16.0,Good,4385.0,E,41.0,65.0,0,0,0,0,0,1,1,0,0,0,0,0
PROP201407,18.0,Needs Renovation,3466.0,C,88.0,33.0,0,1,0,1,1,0,0,0,0,1,1,0
PROP201408,0.0,New,1518.0,C,53.0,58.0,0,0,0,1,0,0,0,0,0,0,1,1
PROP201409,33.0,Old,2525.0,A,91.0,45.0,1,0,0,0,0,0,1,0,1,0,0,0
PROP201410,30.0,Good,2416.0,A,56.0,81.0,0,0,0,1,0,1,0,0,0,0,0,0
PROP201411,26.0,Needs Renovation,2631.0,D,85.0,80.0,0,0,0,0,1,1,0,0,0,1,1,0
PROP201412,36.0,New,4116.0,A,42.0,,1,0,0,0,0,0,1,0,0,0,0,0
PROP201413,16.0,Needs Renovation,1284.0,E,,71.0,1,0,1,1,0,0,0,0,1,0,0,0
PROP201414,19.0,Needs Renovation,3357.0,B,73.0,31.0,0,0,0,0,0,1,0,1,0,0,0,0
PROP201415,10.0,Good,5301.0,D,77.0,77.0,0,0,1,0,1,0,0,1,0,0,0,0
PROP201416,16.0,Good,2196.0,D,74.0,35.0,0,0,0,0,0,1,1,1,0,1,0,0
PROP201417,,Needs Renovation,0.0,F,99.0,43.0,0,0,0,0,1,0,0,1,0,1,1,0
PROP201418,37.0,Good,4051.0,E,53.0,74.0,0,0,0,0,1,0,0,0,0,0,0,1
PROP201419,23.0,Good,1108.0,C,,36.0,0,1,0,1,0,1,0,1,0,1,0,0
PROP201420,15.0,New,2441.0,A,,52.0,0,0,1,0,0,0,1,0,1,0,1,0
PROP201421,18.0,Good,2535.0,C,92.0,82.0,0,1,0,1,1,0,0,0,1,0,1,0
PROP201422,25.0,Needs Renovation,2223.0,F,42.0,77.0,1,0,0,0,1,0,1,0,1,0,0,0
PROP201423,15.0,Old,3091.0,C,50.0,96.0,0,0,0,0,1,1,0,0,1,0,0,0
PROP201424,32.0,Old,1553.0,B,76.0,55.0,0,0,1,0,0,0,0,0,0,1,0,1
PROP201425,20.0,New,3251.0,C,92.0,68.0,0,1,0,0,0,1,1,0,0,0,0,0
PROP201426,22.0,Old,3263.0,D,51.0,85.0,0,1,0,0,1,1,0,0,1,1,0,0
PROP201427,2.0,Good,1726.0,D,54.0,91.0,0,1,0,1,1,0,0,0,0,1,0,0
PROP201428,10.0,Needs Renovation,1654.0,F,91.0,96.0,0,0,1,0,0,0,1,0,1,1,1,0
PROP201429,10.0,Good,3415.0,B,99.0,42.0,0,0,1,1,0,0,0,1,1,0,0,1
PROP201430,22.0,Old,1325.0,D,49.0,53.0,1,0,1,1,0,0,0,0,1,0,0,1
PROP201431,15.0,Good,3204.0,E,65.0,41.0,0,1,1,0,1,0,0,0,0,0,1,1
PROP201432,22.0,Old,3841.0,A,66.0,89.0,0,0,1,0,0,0,1,0,1,0,0,1
PROP201433,8.0,Old,2126.0,C,78.0,94.0,0,1,0,0,1,0,0,0,0,1,0,0
PROP201434,26.0,Old,3648.0,D,64.0,39.0,1,0,0,0,0,0,0,0,0,0,0,1
PROP201435,0.0,Good,1728.0,D,44.0,77.0,1,1,1,0,0,0,1,0,1,0,0,0
PROP201436,26.0,Good,1592.0,A,42.0,41.0,0,0,0,1,1,0,1,0,0,1,1,0
PROP201437,27.0,Good,2810.0,A,99.0,54.0,0,0,1,0,1,0,0,0,0,1,0,0
PROP201438,27.0,New,1442.0,A,,61.0,0,1,0,1,1,0,0,0,0,0,0,1
PROP201439,35.0,Old,1560.0,F,73.0,99.0,0,0,0,0,0,1,0,1,0,1,1,1
PROP201440,7.0,Good,3063.0,F,70.0,82.0,0,0,0,1,1,1,0,0,1,0,0,1
PROP201441,9.0,New,1897.0,D,44.0,59.0,1,0,0,1,0,1,0,0,1,1,0,0
PROP201442,26.0,Needs Renovation,2480.0,E,41.0,82.0,0,0,1,1,0,0,0,1,0,0,0,1
PROP201443,21.0,Old,1763.0,F,71.0,93.0,1,0,0,0,1,0,1,0,0,1,0,1
PROP201444,15.0,New,1867.0,F,83.0,77.0,0,1,1,1,0,0,0,0,1,0,0,1
PROP201445,22.0,Good,293.0,F,53.0,52.0,1,1,1,0,0,0,0,0,1,0,0,1
PROP201446,12.0,Needs Renovation,2628.0,A,74.0,89.0,0,0,1,1,0,0,1,1,0,0,1,0
PROP201447,24.0,Old,1215.0,B,57.0,83.0,0,1,0,0,1,1,0,0,0,0,1,1
PROP201448,28.0,Needs Renovation,2480.0,D,99.0,62.0,1,0,0,1,0,0,0,0,0,1,1,1
PROP201449,21.0,New,2480.0,A,86.0,74.0,1,0,0,1,1,0,0,0,0,1,0,0
PROP201450,0.0,Good,1954.0,E,97.0,93.0,1,0,0,1,0,0,0,1,0,0,1,0
PROP201451,23.0,Needs Renovation,0.0,F,70.0,32.0,1,0,0,0,0,0,0,1,0,0,1,0
PROP201452,12.0,Old,2231.0,C,51.0,63.0,1,0,0,0,1,1,0,0,0,1,1,0
PROP201453,27.0,New,2828.0,B,85.0,59.0,1,0,0,0,0,1,0,0,0,0,0,0
PROP201454,26.0,New,2751.0,D,40.0,87.0,1,1,1,0,0,0,1,0,1,0,0,0
PROP201455,15.0,Good,2332.0,F,60.0,50.0,0,0,0,0,0,0,0,1,0,1,0,0
PROP201456,31.0,Old,3441.0,D,43.0,56.0,0,0,0,0,1,0,0,0,0,0,1,1
PROP201457,4.0,New,2258.0,C,51.0,50.0,1,1,0,0,0,0,1,1,0,0,1,0
PROP201458,20.0,Needs Renovation,2954.0,E,63.0,89.0,0,1,1,1,0,0,0,1,0,1,0,0
PROP201459,2.0,Old,6214.0,B,91.0,81.0,0,0,1,1,0,0,1,1,0,0,0,0
PROP201460,19.0,New,2622.0,A,64.0,30.0,1,1,0,1,1,0,0,0,0,0,0,0
PROP201461,20.0,New,2325.0,B,58.0,58.0,0,0,0,0,1,0,0,0,0,1,0,0
PROP201462,28.0,Needs Renovation,2820.0,F,80.0,,0,0,0,0,1,1,0,0,0,0,1,0
PROP201463,,Good,2754.0,D,94.0,37.0,0,1,0,1,0,0,0,0,0,0,1,0
PROP201464,39.0,Old,2457.0,F,98.0,58.0,0,0,0,0,0,0,1,0,0,0,1,0
PROP201465,15.0,Needs Renovation,1899.0,D,78.0,72.0,0,0,0,1,0,0,0,0,1,1,0,0
PROP201466,14.0,Old,2844.0,C,65.0,61.0,0,0,0,0,0,0,0,0,1,1,0,1
PROP201467,,New,274.0,E,68.0,85.0,1,0,0,0,0,0,0,0,0,0,1,0
PROP201468,10.0,Needs Renovation,2268.0,E,79.0,44.0,0,0,0,0,0,0,1,0,1,0,0,0
PROP201469,37.0,New,1392.0,F,77.0,89.0,1,0,0,1,0,0,0,0,0,0,0,0
PROP201470,11.0,New,1381.0,A,62.0,64.0,1,1,0,1,0,0,0,0,0,0,0,1
PROP201471,36.0,Old,1543.0,E,,97.0,0,0,0,0,0,0,0,0,1,1,1,0
PROP201472,8.0,Needs Renovation,3520.0,C,67.0,53.0,0,0,1,1,0,1,1,0,0,1,0,0
PROP201473,24.0,Needs Renovation,983.0,D,81.0,,0,0,0,0,0,1,1,0,0,0,0,0
PROP201474,31.0,New,2248.0,D,75.0,90.0,0,0,0,1,1,0,0,0,0,0,0,0
PROP201475,32.0,Needs Renovation,2441.0,F,41.0,49.0,1,0,1,0,0,0,0,0,0,0,0,0
PROP201476,20.0,Good,1650.0,D,66.0,49.0,0,0,1,0,1,0,0,0,1,0,0,0
PROP201477,20.0,New,2224.0,C,69.0,35.0,0,0,0,1,1,0,1,0,0,0,1,0
PROP201478,10.0,Needs Renovation,2208.0,A,45.0,55.0,0,0,1,0,1,0,0,0,0,1,0,0
PROP201479,24.0,Good,1848.0,B,74.0,52.0,0,0,1,1,0,0,0,0,1,0,0,0
PROP201480,26.0,New,3182.0,B,79.0,64.0,1,0,0,1,0,0,0,1,0,0,0,0
PROP201481,3.0,Good,2713.0,C,55.0,94.0,0,1,0,0,0,1,0,0,0,0,0,1
PROP201482,26.0,Needs Renovation,5030.0,F,76.0,51.0,0,1,0,0,0,0,1,0,0,0,0,0
PROP201483,13.0,New,1800.0,B,57.0,97.0,0,0,0,1,0,0,1,0,0,0,0,0
PROP201484,11.0,Good,719.0,E,47.0,71.0,1,0,0,0,1,1,0,0,0,0,0,0
PROP201485,6.0,Old,2394.0,D,69.0,80.0,0,0,0,0,0,1,0,0,1,0,0,0
PROP201486,18.0,New,5003.0,A,92.0,46.0,0,1,0,0,0,0,1,1,0,1,1,0
PROP201487,26.0,Good,2480.0,D,56.0,92.0,1,1,0,0,0,0,0,0,0,0,0,0
PROP201488,24.0,Old,2712.0,F,53.0,76.0,0,0,0,0,0,0,0,0,1,1,1,0
PROP201489,29.0,Needs Renovation,3792.0,F,89.0,33.0,1,0,0,0,1,0,1,0,1,0,0,0
PROP201490,28.0,Old,2950.0,E,99.0,95.0,1,0,0,0,0,1,0,0,0,1,1,1
PROP201491,16.0,Old,3262.0,B,91.0,36.0,0,0,0,1,0,0,0,1,0,0,0,0
PROP201492,15.0,Old,2619.0,E,92.0,31.0,1,0,0,0,0,1,1,0,0,0,0,0
PROP201493,34.0,Old,1939.0,D,82.0,77.0,0,0,0,0,0,1,0,1,0,1,0,1
PROP201494,24.0,Good,3933.0,B,,,0,0,1,1,0,1,1,1,0,0,0,0
PROP201495,29.0,New,2866.0,D,95.0,97.0,1,0,0,0,0,1,0,0,0,0,0,0
PROP201496,6.0,Old,4187.0,F,57.0,96.0,0,0,1,1,1,0,0,1,0,0,0,0
PROP201497,11.0,Needs Renovation,2480.0,A,53.0,81.0,0,0,1,0,1,0,0,0,0,0,1,1
PROP201498,3.0,New,1341.0,C,43.0,67.0,0,1,0,0,0,1,1,1,0,0,1,0
PROP201499,3.0,New,2797.0,E,42.0,30.0,1,0,0,1,0,0,1,0,0,1,1,0
PROP201500,35.0,Needs Renovation,5030.0,B,98.0,98.0,0,0,0,1,0,0,1,0,0,0,0,0
PROP201501,20.0,Old,2016.0,C,43.0,63.0,0,1,0,0,0,0,0,1,0,0,1,0
PROP201502,,Good,2249.0,E,,76.0,0,0,0,0,1,0,0,1,0,0,1,0
PROP201503,17.0,Good,2493.0,D,74.0,43.0,0,0,0,0,0,0,0,0,0,1,0,1
PROP201504,9.0,Old,3424.0,D,48.0,83.0,0,0,0,0,1,0,0,1,0,0,0,0
PROP201505,5.0,Good,3754.0,B,55.0,48.0,1,1,0,0,1,0,0,0,0,0,0,0
PROP201506,34.0,Old,4401.0,D,47.0,94.0,0,0,0,1,0,0,0,1,1,0,1,0
PROP201507,12.0,New,1485.0,B,99.0,33.0,0,1,0,0,0,1,0,0,1,1,1,0
PROP201508,11.0,New,2650.0,B,99.0,77.0,0,0,0,0,1,1,1,0,1,0,0,1
PROP201509,0.0,Needs Renovation,2272.0,C,59.0,61.0,0,1,0,0,1,0,0,1,0,0,0,0
PROP201510,21.0,New,3578.0,D,82.0,76.0,1,0,0,0,0,0,1,0,1,0,0,0
PROP201511,18.0,Old,3440.0,E,66.0,67.0,1,1,0,0,1,0,0,0,0,0,1,0
PROP201512,23.0,Needs Renovation,2480.0,D,,,0,0,0,1,0,0,0,0,0,0,0,1
PROP201513,2.0,New,4649.0,B,70.0,71.0,1,0,0,1,1,1,0,1,0,0,0,0
PROP201514,8.0,Good,2621.0,B,65.0,62.0,0,1,0,0,0,0,1,0,0,0,1,1
PROP201515,6.0,New,4543.0,E,,57.0,0,0,0,1,1,0,0,0,0,0,0,1
PROP201516,12.0,Old,3820.0,D,41.0,77.0,1,0,1,0,0,1,0,0,0,1,0,1
PROP201517,30.0,Good,1817.0,E,,72.0,0,1,1,1,0,0,0,1,0,0,0,0
PROP201518,34.0,Needs Renovation,1858.0,B,93.0,87.0,0,0,1,0,0,0,0,0,0,1,0,0
PROP201519,25.0,Old,1549.0,A,95.0,43.0,0,1,1,1,0,0,0,0,0,1,0,1
PROP201520,1.0,Old,3098.0,F,,72.0,0,0,0,0,1,1,1,0,0,0,1,1
PROP201521,32.0,Good,2336.0,F,94.0,86.0,0,0,0,0,0,1,0,1,1,1,0,0
PROP201522,,Needs Renovation,1058.0,B,,70.0,0,0,0,1,0,1,0,0,0,0,0,1
PROP201523,15.0,New,1647.0,B,76.0,95.0,1,0,0,0,0,1,0,0,0,1,0,0
PROP201524,27.0,Good,117.0,B,77.0,68.0,1,0,1,1,0,1,0,0,0,0,0,0
PROP201525,31.0,Needs Renovation,3165.0,D,91.0,71.0,0,0,1,1,0,1,0,1,0,0,0,0
PROP201526,,Good,2626.0,B,91.0,84.0,0,0,0,1,0,0,0,0,1,1,0,0
PROP201527,31.0,Old,2275.0,A,63.0,81.0,0,1,0,1,0,0,0,0,0,0,0,0
PROP201528,,Needs Renovation,3121.0,A,58.0,30.0,1,0,0,0,1,0,1,1,0,0,0,0
PROP201529,34.0,New,3295.0,C,99.0,84.0,0,0,0,0,0,0,0,0,0,1,0,1
PROP201530,33.0,Good,3205.0,B,48.0,64.0,1,0,0,0,1,0,0,0,0,0,1,0
PROP201531,2.0,Old,1537.0,B,76.0,92.0,0,0,1,0,0,0,0,1,0,0,0,1
PROP201532,27.0,New,2581.0,F,78.0,48.0,1,1,0,1,1,0,0,1,0,0,0,0
PROP201533,22.0,Good,3788.0,B,91.0,,0,1,0,0,0,0,1,1,0,0,1,0
PROP201534,2.0,Needs Renovation,538.0,E,44.0,72.0,0,0,0,0,1,1,0,0,0,1,0,0
PROP201535,25.0,Needs Renovation,3810.0,F,54.0,58.0,1,0,0,0,0,0,0,0,1,0,0,0
PROP201536,30.0,Old,2316.0,C,48.0,36.0,1,0,0,0,0,1,0,0,0,0,0,0
PROP201537,14.0,Good,4259.0,F,,64.0,0,0,0,0,0,0,1,0,1,0,0,1
PROP201538,16.0,Needs Renovation,444.0,D,85.0,86.0,0,0,0,0,1,0,0,1,1,0,0,0
PROP201539,31.0,Old,2480.0,C,80.0,90.0,0,0,0,1,0,0,0,1,1,0,0,0
PROP201540,6.0,Old,2480.0,D,52.0,37.0,0,0,0,0,0,1,0,0,1,0,0,1
PROP201541,37.0,Good,4478.0,D,80.0,68.0,0,0,1,0,0,0,1,0,1,0,0,0
PROP201542,5.0,Old,1646.0,F,72.0,73.0,0,0,0,0,0,1,0,1,0,1,0,1
PROP201543,,Old,1831.0,E,46.0,76.0,0,0,1,0,0,0,0,0,0,1,0,0
PROP201544,30.0,New,2480.0,D,83.0,90.0,0,0,1,0,0,0,1,0,0,0,0,0
PROP201545,30.0,Needs Renovation,4441.0,D,90.0,,0,0,1,0,0,1,1,0,1,0,1,0
PROP201546,38.0,New,2480.0,C,86.0,55.0,0,1,0,1,0,0,0,0,0,0,0,0
PROP201547,1.0,Old,4190.0,E,66.0,93.0,0,0,0,0,1,0,1,0,0,1,0,1
PROP201548,3.0,Old,1365.0,B,63.0,67.0,0,0,0,0,0,1,1,0,0,1,0,0
PROP201549,,New,3170.0,D,86.0,86.0,0,0,1,0,1,0,0,0,0,0,0,0
PROP201550,37.0,New,3818.0,C,55.0,50.0,1,0,0,1,1,1,0,0,1,0,0,0
PROP201551,30.0,Good,4273.0,F,93.0,93.0,0,1,1,0,0,0,1,1,0,0,0,0
PROP201552,7.0,Needs Renovation,2010.0,C,70.0,55.0,0,0,0,0,0,1,0,1,1,0,1,1
PROP201553,16.0,New,2813.0,A,91.0,74.0,1,0,0,0,1,0,0,1,1,1,0,0
PROP201554,19.0,Old,1531.0,A,86.0,70.0,1,1,0,0,1,0,0,1,0,0,1,0
PROP201555,10.0,Good,3613.0,D,62.0,62.0,0,0,0,1,1,1,0,0,1,0,0,0
PROP201556,3.0,Needs Renovation,1988.0,A,44.0,43.0,0,0,1,1,1,0,0,0,1,1,0,0
PROP201557,36.0,New,1449.0,D,98.0,56.0,1,0,0,0,0,1,1,0,0,1,0,1
PROP201558,27.0,Needs Renovation,2027.0,E,95.0,65.0,1,0,1,0,0,0,0,0,0,0,0,1
PROP201559,10.0,New,5225.0,D,,54.0,1,1,0,0,0,0,0,0,0,0,0,0
PROP201560,28.0,Good,2675.0,E,64.0,59.0,0,1,0,0,1,1,0,0,0,0,0,0
PROP201561,22.0,New,4810.0,E,70.0,68.0,0,0,1,0,0,0,1,0,0,0,0,1
PROP201562,16.0,Old,957.0,A,45.0,48.0,0,0,1,0,1,0,0,1,1,0,0,0
PROP201563,9.0,Needs Renovation,3324.0,C,71.0,64.0,0,0,0,1,0,0,0,1,0,0,0,0
PROP201564,9.0,Old,1880.0,D,64.0,38.0,1,0,0,1,0,0,1,1,0,1,0,0
PROP201565,36.0,New,2242.0,D,68.0,94.0,1,0,1,0,0,0,0,1,1,0,1,0
PROP201566,9.0,Good,2480.0,E,49.0,81.0,0,1,0,0,1,1,0,0,0,1,0,0
PROP201567,6.0,Old,2845.0,B,61.0,98.0,0,0,0,0,0,1,1,0,0,0,1,1
PROP201568,,Good,3161.0,E,,68.0,0,1,1,1,0,0,0,0,0,1,0,0
PROP201569,16.0,Needs Renovation,3318.0,A,76.0,56.0,0,0,1,0,0,1,0,0,0,0,0,0
PROP201570,,Good,859.0,B,,63.0,0,0,0,0,0,1,1,0,0,0,0,0
PROP201571,6.0,Good,2564.0,F,79.0,96.0,1,0,0,0,0,0,0,0,0,1,0,0
PROP201572,8.0,Old,2615.0,F,56.0,65.0,0,0,0,0,0,0,0,0,0,0,1,1
PROP201573,12.0,Good,0.0,C,40.0,65.0,0,0,0,0,1,1,0,0,0,1,0,1
PROP201574,15.0,Needs Renovation,2350.0,D,90.0,,0,0,0,0,0,0,0,0,1,0,1,0
PROP201575,32.0,New,3729.0,D,67.0,66.0,0,0,0,0,0,1,1,0,1,0,1,0
PROP201576,8.0,New,2480.0,A,,32.0,0,0,0,0,0,1,0,1,0,1,0,0
PROP201577,22.0,New,1998.0,E,63.0,75.0,0,0,0,1,1,0,0,0,1,0,0,0
PROP201578,26.0,New,1963.0,E,73.0,83.0,0,0,0,1,0,1,0,0,0,0,0,0
PROP201579,32.0,Needs Renovation,2759.0,E,70.0,57.0,0,0,0,0,0,0,0,1,0,0,0,1
PROP201580,5.0,Needs Renovation,2430.0,D,,90.0,0,0,0,0,0,1,0,1,0,0,1,0
PROP201581,5.0,Good,1772.0,B,53.0,48.0,0,0,0,0,1,0,0,1,0,0,0,0
PROP201582,31.0,Old,2480.0,F,71.0,38.0,0,0,1,1,0,1,1,1,0,0,0,0
PROP201583,,New,3225.0,A,96.0,45.0,0,0,0,0,0,1,0,0,0,1,0,1
PROP201584,39.0,Needs Renovation,2861.0,D,64.0,88.0,0,0,0,1,1,0,0,0,1,0,0,0
PROP201585,21.0,New,819.0,A,40.0,96.0,0,0,0,0,0,0,1,0,1,0,0,0
PROP201586,23.0,New,1240.0,E,67.0,83.0,0,0,0,1,0,0,1,0,0,0,1,0
PROP201587,34.0,Good,1559.0,F,96.0,40.0,0,0,1,1,1,0,0,1,0,0,0,0
PROP201588,13.0,Needs Renovation,2684.0,B,51.0,48.0,0,0,0,1,0,0,0,0,0,1,0,1
PROP201589,36.0,Old,1508.0,C,83.0,57.0,0,1,0,0,1,1,0,1,0,0,1,0
PROP201590,37.0,Good,3916.0,D,79.0,98.0,0,1,0,0,0,1,0,0,0,0,0,0
PROP201591,1.0,Good,2480.0,C,71.0,37.0,0,0,0,1,0,0,1,1,0,0,0,0
PROP201592,23.0,Good,3495.0,A,44.0,90.0,0,0,0,1,0,1,1,0,0,1,0,1
PROP201593,1.0,Old,1309.0,E,50.0,58.0,0,1,0,0,1,0,0,0,1,1,0,0
PROP201594,16.0,Good,617.0,A,51.0,89.0,0,0,0,0,1,1,0,0,0,0,0,1
PROP201595,18.0,Needs Renovation,4199.0,A,45.0,93.0,1,0,0,1,0,1,1,0,0,0,0,0
PROP201596,8.0,Old,2480.0,B,47.0,49.0,0,1,0,1,0,0,0,1,1,0,0,1
PROP201597,38.0,Old,3396.0,D,60.0,96.0,0,0,0,1,0,1,0,1,1,0,0,0
PROP201598,20.0,New,2009.0,D,51.0,67.0,1,0,1,0,0,0,0,0,0,0,0,0
PROP201599,14.0,Old,3391.0,B,59.0,90.0,0,1,0,0,1,0,1,1,0,0,0,0
PROP201600,23.0,Good,1409.0,F,67.0,65.0,1,0,1,1,0,0,1,0,0,0,0,0
PROP201601,36.0,Old,135.0,A,92.0,91.0,1,1,0,0,0,0,0,0,0,0,0,0
PROP201602,4.0,Good,2894.0,E,54.0,77.0,0,0,1,1,1,0,0,0,0,1,1,0
PROP201603,19.0,Good,2416.0,A,83.0,95.0,1,1,0,0,1,0,0,1,0,0,0,0
PROP201604,22.0,Needs Renovation,1811.0,B,54.0,70.0,0,0,0,1,0,0,0,0,1,1,0,0
PROP201605,32.0,New,2480.0,F,56.0,42.0,0,0,0,1,0,0,0,0,0,1,0,0
PROP201606,18.0,New,1979.0,C,56.0,63.0,0,1,0,0,0,1,0,0,0,0,0,0
PROP201607,16.0,New,0.0,C,57.0,36.0,0,0,0,0,0,0,0,0,0,1,0,1
PROP201608,21.0,Needs Renovation,3464.0,A,60.0,30.0,1,0,1,0,0,0,0,0,0,0,1,0
PROP201609,16.0,Good,2164.0,E,95.0,37.0,0,1,0,0,1,1,1,0,0,0,0,1
PROP201610,19.0,Needs Renovation,1654.0,A,,98.0,0,0,1,0,0,1,1,0,0,1,1,0
PROP201611,31.0,Old,0.0,C,71.0,93.0,0,0,0,1,0,0,0,0,1,0,0,1
PROP201612,15.0,Needs Renovation,2579.0,F,92.0,87.0,1,0,0,1,0,0,1,1,0,0,1,0
PROP201613,10.0,Good,271.0,F,84.0,42.0,0,0,0,0,1,0,0,0,0,0,0,1
PROP201614,18.0,New,2890.0,E,79.0,67.0,1,0,0,1,0,1,0,1,0,0,1,0
PROP201615,6.0,Old,2655.0,F,79.0,90.0,0,0,0,0,0,1,1,0,0,0,1,0
PROP201616,39.0,Old,2822.0,F,59.0,64.0,0,0,1,0,0,1,0,0,1,0,0,0
PROP201617,34.0,Old,1472.0,F,74.0,53.0,1,0,0,0,0,1,1,1,0,1,0,0
PROP201618,2.0,Good,2480.0,F,41.0,75.0,1,0,0,1,0,0,0,0,0,0,1,1
PROP201619,4.0,New,2617.0,A,71.0,83.0,1,0,1,1,0,1,0,0,0,0,0,0
PROP201620,19.0,Needs Renovation,3040.0,A,93.0,36.0,0,0,0,0,1,0,0,1,0,0,0,0
PROP201621,26.0,Old,2802.0,E,91.0,84.0,1,0,0,1,0,0,0,0,1,0,0,0
PROP201622,30.0,Needs Renovation,2420.0,E,42.0,59.0,0,0,1,1,0,1,0,0,1,1,0,0
PROP201623,7.0,Old,4408.0,B,94.0,35.0,0,0,0,0,0,1,0,0,0,1,0,0
PROP201624,26.0,New,107.0,E,82.0,74.0,0,1,0,1,0,0,0,1,0,0,0,0
PROP201625,20.0,Old,2655.0,B,,35.0,0,0,1,0,0,0,1,1,0,0,1,1
PROP201626,16.0,Good,2861.0,F,64.0,37.0,0,0,0,0,1,0,0,0,0,1,0,0
PROP201627,6.0,Needs Renovation,2771.0,C,89.0,31.0,1,1,0,0,0,0,0,1,1,0,0,0
PROP201628,20.0,Needs Renovation,2480.0,B,52.0,83.0,1,0,1,0,0,1,1,0,0,0,0,0
PROP201629,24.0,Needs Renovation,1245.0,F,45.0,52.0,0,0,1,0,0,0,0,0,1,1,0,0
PROP201630,1.0,Good,2031.0,A,88.0,43.0,0,0,0,0,1,0,0,1,0,0,0,0
PROP201631,19.0,Needs Renovation,3492.0,C,86.0,34.0,0,1,1,0,0,0,1,0,0,0,1,0
PROP201632,,Needs Renovation,2480.0,F,,43.0,0,0,0,1,0,0,0,0,1,0,0,1
PROP201633,17.0,New,4206.0,B,78.0,85.0,0,1,0,0,1,1,0,0,1,1,0,0
PROP201634,11.0,Good,621.0,A,74.0,34.0,0,1,0,0,1,0,0,0,0,0,0,0
PROP201635,36.0,Old,4639.0,C,75.0,62.0,1,1,0,0,0,0,0,0,1,0,1,0
PROP201636,4.0,Good,2459.0,D,97.0,38.0,0,0,0,0,0,0,0,1,0,0,0,1
PROP201637,22.0,New,2942.0,F,94.0,43.0,0,0,0,1,0,0,0,1,1,0,1,1
PROP201638,23.0,Needs Renovation,2556.0,C,87.0,63.0,1,1,0,0,0,0,0,0,0,0,0,0
PROP201639,4.0,New,4388.0,F,54.0,,0,0,1,0,1,0,1,1,0,1,0,0
PROP201640,16.0,Good,3425.0,C,80.0,82.0,1,0,0,0,0,0,0,1,0,0,0,1
PROP201641,2.0,New,5289.0,E,43.0,82.0,0,0,0,0,1,1,0,0,1,0,0,0
PROP201642,13.0,Good,2674.0,D,76.0,83.0,0,1,0,0,0,0,0,0,1,0,0,0
PROP201643,,Old,2667.0,B,54.0,85.0,0,0,1,0,0,0,0,0,0,0,1,0
PROP201644,7.0,Old,2480.0,A,83.0,63.0,0,0,0,0,0,0,0,0,0,1,0,1
PROP201645,34.0,Needs Renovation,1713.0,A,58.0,55.0,0,0,0,0,0,1,0,0,1,1,1,0
PROP201646,0.0,Good,5317.0,D,87.0,31.0,0,0,0,0,0,0,0,0,0,1,0,1
PROP201647,27.0,Good,2508.0,E,73.0,68.0,1,1,0,0,0,0,0,0,1,0,0,1
PROP201648,31.0,Good,3053.0,E,75.0,88.0,0,0,0,1,0,0,1,0,0,0,0,0
PROP201649,27.0,Needs Renovation,1166.0,F,66.0,37.0,1,1,1,0,0,1,1,0,0,0,0,0
PROP201650,13.0,Old,2484.0,C,87.0,80.0,0,0,0,1,0,0,1,0,0,0,0,0
PROP201651,24.0,New,1423.0,E,66.0,34.0,0,0,0,0,0,1,0,0,0,1,0,0
PROP201652,12.0,Needs Renovation,2011.0,F,54.0,90.0,0,0,0,0,0,0,0,1,0,1,0,0
PROP201653,30.0,Good,1960.0,D,89.0,46.0,1,0,0,0,0,1,0,1,0,1,1,0
PROP201654,19.0,Good,2184.0,D,83.0,91.0,0,1,1,0,0,0,0,1,1,0,0,1
PROP201655,19.0,New,770.0,A,47.0,58.0,1,0,0,1,0,0,1,0,0,0,1,0
PROP201656,19.0,Old,3141.0,B,92.0,43.0,0,0,0,1,0,0,0,0,0,0,1,1
PROP201657,9.0,Needs Renovation,2687.0,C,60.0,45.0,1,0,0,0,1,0,0,0,0,0,0,0
PROP201658,10.0,Needs Renovation,3840.0,A,63.0,,1,0,0,0,0,0,0,0,0,0,1,0
PROP201659,,Needs Renovation,2455.0,B,65.0,67.0,0,1,0,1,0,0,1,0,1,0,1,0
PROP201660,33.0,Needs Renovation,2361.0,F,58.0,35.0,1,0,0,1,0,0,0,0,0,0,0,0
PROP201661,3.0,Good,2052.0,A,42.0,37.0,1,0,0,0,1,0,1,0,1,1,0,0
PROP201662,37.0,Needs Renovation,2407.0,D,63.0,60.0,0,1,1,0,1,0,0,1,0,1,0,0
PROP201663,37.0,Old,3488.0,A,,96.0,1,0,0,1,0,0,0,0,0,0,0,0
PROP201664,26.0,New,3934.0,B,42.0,88.0,1,0,0,0,0,1,0,0,1,1,0,0
PROP201665,2.0,Old,3100.0,B,41.0,87.0,0,0,0,0,0,1,0,0,0,0,0,1
PROP201666,20.0,Needs Renovation,3636.0,E,83.0,31.0,1,0,0,0,0,0,1,0,1,1,0,0
PROP201667,14.0,Needs Renovation,4324.0,C,53.0,61.0,0,0,0,1,0,1,0,0,0,1,1,0
PROP201668,14.0,New,2480.0,C,44.0,97.0,0,1,1,1,1,0,0,0,0,1,0,0
PROP201669,8.0,Old,921.0,B,65.0,57.0,1,0,0,1,0,0,1,0,0,1,0,1
PROP201670,5.0,Old,4343.0,A,96.0,,0,0,0,0,0,0,0,0,1,1,1,0
PROP201671,37.0,Good,4521.0,F,79.0,35.0,1,0,0,0,0,0,1,0,0,0,0,0
PROP201672,33.0,Good,3268.0,C,63.0,43.0,0,1,1,1,0,0,0,0,0,1,0,1
PROP201673,26.0,Needs Renovation,2468.0,D,,89.0,1,1,1,0,0,0,1,0,0,0,0,0
PROP201674,29.0,Good,5351.0,E,78.0,70.0,0,0,1,0,0,0,0,1,0,0,0,0
PROP201675,29.0,New,1278.0,F,55.0,,0,1,0,0,0,1,1,0,1,0,0,0
PROP201676,19.0,Needs Renovation,2480.0,E,79.0,64.0,0,1,0,0,0,0,0,1,0,1,1,0
PROP201677,32.0,Needs Renovation,2480.0,A,59.0,87.0,0,0,1,0,0,1,1,1,0,0,1,0
PROP201678,22.0,Good,1362.0,F,59.0,83.0,0,0,0,1,1,0,1,0,0,0,0,0
PROP201679,29.0,Old,4852.0,C,41.0,96.0,0,0,0,0,1,0,0,1,0,0,0,0
PROP201680,19.0,Good,2449.0,F,45.0,75.0,1,0,1,0,0,0,0,0,0,1,0,0
PROP201681,2.0,Old,19.0,E,58.0,68.0,0,1,0,1,0,0,1,0,0,0,1,1
PROP201682,2.0,Needs Renovation,1674.0,E,63.0,,1,0,0,1,0,1,0,0,0,0,1,0
PROP201683,2.0,Good,1382.0,E,84.0,42.0,0,0,0,0,1,0,0,1,0,1,0,1
PROP201684,33.0,Old,1910.0,F,82.0,80.0,0,0,0,1,1,0,0,1,1,0,0,0
PROP201685,39.0,Needs Renovation,368.0,D,89.0,58.0,0,1,0,0,0,1,0,0,0,0,0,0
PROP201686,37.0,Needs Renovation,1745.0,D,63.0,96.0,0,1,0,0,1,1,1,0,0,0,1,0
PROP201687,15.0,Good,5283.0,B,99.0,76.0,1,0,1,0,1,0,1,0,0,0,0,0
PROP201688,19.0,Good,2335.0,E,54.0,89.0,0,1,0,1,0,1,0,1,0,0,0,0
PROP201689,24.0,Needs Renovation,2161.0,F,62.0,63.0,1,1,0,0,0,1,0,0,0,0,0,1
PROP201690,23.0,Needs Renovation,2830.0,E,57.0,82.0,0,0,1,0,0,1,1,0,0,1,0,0
PROP201691,16.0,Old,2480.0,D,80.0,54.0,0,0,0,0,0,0,0,1,1,0,0,0
PROP201692,27.0,New,3537.0,B,92.0,55.0,0,1,0,0,0,0,0,0,1,1,0,1
PROP201693,,Good,1821.0,D,41.0,54.0,0,0,0,0,0,0,1,1,0,0,0,1
PROP201694,8.0,Old,1020.0,A,95.0,99.0,0,1,0,0,1,0,1,1,0,0,0,1
PROP201695,25.0,New,1651.0,C,50.0,96.0,0,1,0,0,0,1,0,1,1,0,1,0
PROP201696,8.0,Old,4587.0,F,,30.0,0,0,0,0,1,1,0,0,1,1,1,0
PROP201697,,New,2184.0,D,68.0,64.0,1,0,0,0,0,0,0,1,0,0,0,0
PROP201698,2.0,Old,3562.0,A,81.0,94.0,0,0,0,0,1,1,0,0,0,0,0,1
PROP201699,2.0,Needs Renovation,2721.0,B,63.0,80.0,0,0,0,0,0,1,0,0,0,0,1,0
PROP201700,36.0,Good,1528.0,E,88.0,81.0,1,0,1,0,0,0,0,1,0,1,0,0
PROP201701,11.0,Old,4656.0,C,84.0,50.0,0,0,0,1,0,0,0,0,0,0,0,1
PROP201702,,Needs Renovation,2874.0,A,71.0,60.0,0,0,0,0,1,0,1,0,1,0,0,1
PROP201703,0.0,Needs Renovation,2823.0,D,58.0,33.0,0,0,1,1,1,0,0,0,0,1,0,0
PROP201704,19.0,Old,4227.0,A,74.0,56.0,0,0,1,0,0,0,0,1,1,0,0,0
PROP201705,7.0,Needs Renovation,1609.0,C,58.0,45.0,0,1,0,1,1,1,0,0,0,0,0,0
PROP201706,18.0,New,390.0,A,47.0,69.0,1,0,1,0,0,0,0,1,1,0,0,1
PROP201707,20.0,Needs Renovation,3293.0,D,71.0,62.0,0,0,0,1,0,0,0,0,0,0,1,1
PROP201708,23.0,Needs Renovation,5327.0,A,76.0,94.0,1,1,1,0,0,0,0,0,1,0,0,1
PROP201709,18.0,Good,3479.0,A,48.0,70.0,0,0,1,1,0,0,0,0,0,0,0,0
PROP201710,13.0,New,4476.0,C,84.0,89.0,0,1,0,0,0,0,1,1,1,0,0,1
PROP201711,10.0,New,677.0,F,84.0,42.0,0,0,1,0,0,1,1,0,0,0,1,1
PROP201712,30.0,Old,1881.0,E,43.0,58.0,0,0,0,0,1,1,0,1,0,1,0,1
PROP201713,9.0,Old,4482.0,B,72.0,79.0,1,0,0,0,1,0,0,1,0,0,1,0
PROP201714,22.0,Old,2480.0,A,,34.0,1,0,0,1,1,0,0,0,0,0,1,1
PROP201715,16.0,Old,1652.0,A,69.0,44.0,0,0,0,0,1,0,0,1,0,1,1,1
PROP201716,24.0,Good,1367.0,B,96.0,57.0,0,0,0,1,1,0,0,1,0,0,0,0
PROP201717,28.0,New,2550.0,C,65.0,45.0,0,0,1,1,0,0,0,0,1,0,1,1
PROP201718,35.0,New,4004.0,D,74.0,80.0,0,0,0,0,1,1,0,0,0,1,0,0
PROP201719,,Needs Renovation,2480.0,C,53.0,73.0,0,0,0,1,0,1,0,0,0,0,0,0
PROP201720,13.0,Needs Renovation,2480.0,B,78.0,51.0,1,0,0,0,0,1,0,1,0,1,1,0
PROP201721,39.0,Good,1608.0,B,57.0,78.0,0,0,0,0,1,0,0,1,0,0,0,0
PROP201722,24.0,Needs Renovation,2271.0,F,75.0,91.0,1,1,0,0,0,0,1,1,1,0,0,0
PROP201723,29.0,Good,1796.0,A,89.0,36.0,0,1,0,0,0,0,1,0,1,0,1,0
PROP201724,33.0,Old,2480.0,F,89.0,85.0,1,0,1,0,0,0,0,1,0,1,0,0
PROP201725,5.0,Good,2524.0,B,68.0,78.0,1,0,1,0,0,0,0,1,1,0,0,1
PROP201726,26.0,Old,3963.0,B,56.0,39.0,0,0,0,0,0,1,0,0,1,1,0,1
PROP201727,26.0,Good,5436.0,E,,34.0,1,0,0,0,0,0,0,1,0,1,0,0
PROP201728,2.0,Good,2408.0,B,,69.0,0,0,0,0,1,0,0,1,0,0,0,0
PROP201729,16.0,New,1720.0,C,,34.0,0,0,1,1,0,0,0,0,1,0,0,1
PROP201730,27.0,Old,2623.0,E,51.0,89.0,0,1,0,1,0,1,0,0,1,0,1,0
PROP201731,22.0,Needs Renovation,2893.0,D,46.0,60.0,0,0,0,0,1,0,0,0,1,0,0,0
PROP201732,25.0,Needs Renovation,200.0,D,85.0,50.0,0,0,0,0,0,1,0,0,0,0,0,1
PROP201733,31.0,Old,2759.0,B,65.0,55.0,0,0,0,0,0,1,1,1,0,1,0,0
PROP201734,15.0,Old,1770.0,B,,99.0,0,1,1,1,0,0,0,1,0,0,0,0
PROP201735,13.0,Old,2352.0,C,92.0,30.0,1,1,0,0,0,0,0,0,0,0,0,0
PROP201736,9.0,Old,3658.0,E,72.0,72.0,0,0,0,0,0,1,0,1,0,1,1,1
PROP201737,16.0,Good,2027.0,E,44.0,66.0,0,0,1,0,0,0,1,0,1,0,0,0
PROP201738,5.0,New,3657.0,A,79.0,82.0,1,1,0,0,1,0,1,0,0,0,0,0
PROP201739,11.0,Good,3450.0,D,84.0,70.0,0,1,0,1,1,0,0,0,1,0,0,1
PROP201740,28.0,New,910.0,D,95.0,99.0,0,0,1,0,0,1,1,0,1,0,0,0
PROP201741,,New,1664.0,D,57.0,72.0,1,1,0,0,0,1,0,0,0,0,0,1
PROP201742,10.0,Needs Renovation,3798.0,E,76.0,66.0,0,0,0,1,0,0,0,1,0,1,1,0
PROP201743,12.0,Old,3117.0,C,67.0,55.0,0,0,0,0,1,0,0,1,0,0,0,0
PROP201744,30.0,Old,2480.0,B,67.0,56.0,1,0,1,0,1,1,0,0,0,0,0,0
PROP201745,,Good,812.0,E,80.0,79.0,1,0,0,0,1,0,1,1,0,0,0,0
PROP201746,0.0,New,4033.0,E,,91.0,0,0,0,1,0,0,0,0,0,1,0,0
PROP201747,18.0,Good,1678.0,A,58.0,,0,0,0,0,0,0,0,1,1,0,1,1
PROP201748,24.0,Good,1886.0,D,57.0,76.0,0,0,0,1,0,0,0,0,0,0,1,0
PROP201749,36.0,Needs Renovation,4312.0,D,60.0,70.0,0,0,0,0,1,0,0,1,0,0,0,1
PROP201750,31.0,Needs Renovation,3603.0,A,42.0,38.0,0,1,0,1,0,0,1,0,1,0,0,1
PROP201751,33.0,Old,2480.0,D,,,0,0,1,0,0,0,0,1,0,0,0,1
PROP201752,21.0,Needs Renovation,2480.0,E,90.0,93.0,0,0,0,1,1,0,1,0,0,1,1,0
PROP201753,5.0,Old,3503.0,C,68.0,56.0,0,0,0,1,1,0,0,0,1,0,0,0
PROP201754,10.0,Good,2907.0,F,61.0,79.0,0,1,0,0,0,0,1,0,0,1,0,0
PROP201755,28.0,Good,3223.0,B,92.0,57.0,0,0,1,0,0,0,0,0,1,0,0,0
PROP201756,35.0,New,2497.0,C,89.0,39.0,0,0,1,0,0,1,0,0,0,0,0,0
PROP201757,5.0,Old,4621.0,F,55.0,52.0,0,0,0,1,1,0,0,1,0,0,0,0
PROP201758,33.0,New,1057.0,B,99.0,68.0,1,0,1,0,0,0,0,1,0,1,0,1
PROP201759,5.0,Good,5014.0,A,96.0,65.0,0,1,0,0,0,1,0,0,0,0,1,1
PROP201760,38.0,New,2701.0,D,60.0,63.0,0,0,0,0,0,0,0,0,1,0,1,1
PROP201761,,New,2562.0,E,77.0,35.0,1,0,0,0,1,0,0,0,1,0,1,1
PROP201762,14.0,Old,4422.0,B,96.0,70.0,0,0,1,0,1,0,1,0,0,1,0,0
PROP201763,22.0,Good,1242.0,E,81.0,35.0,0,1,0,0,1,1,0,0,0,0,1,0
PROP201764,35.0,Needs Renovation,1927.0,B,50.0,45.0,1,0,0,0,1,0,0,0,1,0,0,1
PROP201765,25.0,Good,4277.0,F,93.0,67.0,0,1,0,0,1,1,1,0,0,0,1,0
PROP201766,10.0,Good,2394.0,E,45.0,90.0,0,0,0,0,1,1,0,1,0,0,0,1
PROP201767,16.0,Old,2588.0,A,74.0,63.0,0,0,0,1,0,0,0,0,0,0,1,0
PROP201768,12.0,Good,2972.0,A,46.0,51.0,0,1,1,1,0,1,0,0,0,0,0,0
PROP201769,34.0,Old,4227.0,D,58.0,92.0,0,1,0,0,0,0,1,1,0,0,0,0
PROP201770,24.0,Old,1317.0,E,66.0,43.0,1,0,1,0,0,1,0,0,1,0,0,1
PROP201771,4.0,New,1082.0,E,74.0,39.0,0,1,0,0,0,0,0,0,1,0,0,0
PROP201772,31.0,Needs Renovation,1932.0,B,41.0,31.0,0,1,1,0,0,0,1,0,1,1,0,0
PROP201773,18.0,Needs Renovation,1888.0,A,52.0,58.0,0,0,0,1,0,1,0,0,0,1,0,1
PROP201774,2.0,New,2599.0,A,72.0,81.0,0,0,0,0,1,0,0,1,0,1,0,0
PROP201775,15.0,New,3801.0,D,68.0,96.0,1,1,0,1,0,0,0,0,1,0,0,0
PROP201776,30.0,Good,2351.0,B,79.0,46.0,1,0,0,0,1,0,0,1,0,0,0,0
PROP201777,9.0,New,1364.0,B,73.0,41.0,1,0,0,0,0,0,0,1,1,0,0,0
PROP201778,31.0,New,4011.0,D,49.0,77.0,0,0,1,1,0,0,0,0,0,0,0,0
PROP201779,15.0,Old,2412.0,F,98.0,84.0,0,0,1,1,0,0,0,1,0,1,1,0
PROP201780,33.0,Needs Renovation,2583.0,F,,45.0,1,1,1,0,0,0,0,1,0,0,1,0
PROP201781,35.0,Good,2638.0,D,64.0,90.0,1,0,0,0,0,0,0,0,1,0,0,0
PROP201782,23.0,Needs Renovation,1927.0,F,51.0,75.0,0,0,0,1,0,1,0,0,0,0,0,1
PROP201783,22.0,Old,2480.0,F,88.0,70.0,0,1,0,0,0,0,0,1,0,0,0,0
PROP201784,16.0,Old,3433.0,D,81.0,39.0,0,0,0,0,0,1,0,1,0,0,0,0
PROP201785,33.0,Good,2435.0,D,62.0,32.0,0,0,0,0,0,0,1,0,0,0,1,0
PROP201786,18.0,New,3874.0,F,98.0,38.0,1,1,0,1,0,0,1,0,0,0,0,0
PROP201787,29.0,Needs Renovation,2224.0,A,81.0,45.0,1,0,0,0,1,0,1,0,1,0,0,1
PROP201788,36.0,Good,2991.0,B,,83.0,1,1,0,1,1,0,0,0,0,0,0,1
PROP201789,28.0,Good,2795.0,F,92.0,52.0,0,0,0,0,0,1,1,0,0,0,0,1
PROP201790,12.0,Needs Renovation,2726.0,B,55.0,,1,0,0,0,0,1,0,0,1,1,0,0
PROP201791,27.0,Old,3259.0,C,70.0,99.0,0,0,0,0,0,0,1,1,1,0,1,0
PROP201792,11.0,Needs Renovation,557.0,F,70.0,61.0,1,1,0,0,0,1,0,0,1,0,1,0
PROP201793,1.0,Good,1841.0,A,86.0,44.0,1,0,1,1,0,0,0,0,1,0,1,0
PROP201794,9.0,New,3929.0,F,65.0,47.0,1,0,0,0,0,0,1,0,0,1,1,1
PROP201795,23.0,Old,2480.0,C,99.0,74.0,0,0,0,0,0,0,1,1,0,0,0,0
PROP201796,28.0,New,2720.0,E,97.0,57.0,0,0,0,0,0,0,0,0,1,0,1,1
PROP201797,2.0,Needs Renovation,2480.0,D,80.0,61.0,0,0,0,0,1,0,1,0,0,0,0,0
PROP201798,,New,2480.0,B,52.0,30.0,1,0,0,1,0,0,0,0,0,0,0,0
PROP201799,28.0,New,1059.0,C,52.0,79.0,0,0,0,0,1,1,0,1,0,0,1,0
PROP201800,27.0,Needs Renovation,2482.0,B,99.0,45.0,0,0,1,0,1,0,1,1,0,0,1,0
PROP201801,24.0,Needs Renovation,1504.0,A,74.0,37.0,1,0,0,0,0,0,1,0,0,0,0,0
PROP201802,12.0,New,2683.0,B,44.0,76.0,1,1,0,1,1,0,0,0,0,0,0,0
PROP201803,9.0,New,2480.0,D,59.0,54.0,0,0,1,0,1,0,0,0,1,0,0,0
PROP201804,32.0,Good,754.0,F,44.0,62.0,1,1,0,0,0,0,0,0,0,0,0,0
PROP201805,,Needs Renovation,2860.0,D,85.0,43.0,1,0,0,0,0,1,0,0,0,0,1,0
PROP201806,29.0,New,2480.0,B,54.0,47.0,1,0,1,0,0,0,1,1,1,0,0,0
PROP201807,23.0,Needs Renovation,3013.0,B,74.0,44.0,0,0,0,0,0,0,0,1,1,1,0,0
PROP201808,13.0,Good,2667.0,E,68.0,76.0,1,1,0,0,0,0,1,1,0,1,0,0
PROP201809,9.0,Old,1675.0,C,94.0,57.0,0,0,0,0,1,0,0,0,0,1,1,0
PROP201810,13.0,Good,2392.0,A,55.0,50.0,0,0,0,0,0,0,0,0,0,0,1,1
PROP201811,4.0,Old,3012.0,F,,38.0,1,0,1,0,0,0,1,0,1,0,0,1
PROP201812,15.0,Old,3226.0,E,75.0,59.0,0,0,1,1,1,1,0,0,1,0,0,0
PROP201813,12.0,Good,2502.0,A,,76.0,0,0,0,0,0,1,0,1,0,1,0,1
PROP201814,22.0,New,1243.0,C,65.0,91.0,1,0,0,0,0,0,0,0,1,0,0,0
PROP201815,25.0,Old,1875.0,D,48.0,82.0,1,0,0,0,1,0,0,0,0,1,0,1
PROP201816,32.0,New,1947.0,C,98.0,55.0,0,1,0,0,1,0,1,0,0,0,1,0
PROP201817,25.0,New,3163.0,D,87.0,97.0,1,0,0,0,1,0,1,0,0,0,0,1
PROP201818,32.0,Good,834.0,D,53.0,39.0,0,1,0,1,1,0,1,0,0,0,0,0
PROP201819,38.0,New,2814.0,E,63.0,47.0,0,0,0,1,1,1,0,1,0,0,0,0
PROP201820,23.0,Good,72.0,F,67.0,99.0,0,0,0,0,1,0,1,0,0,0,0,0
PROP201821,12.0,New,4638.0,F,97.0,62.0,1,0,1,1,0,0,0,0,0,1,1,0
PROP201822,22.0,Good,1465.0,D,46.0,88.0,1,1,0,0,0,1,0,0,0,1,0,1
PROP201823,30.0,Good,2924.0,F,77.0,41.0,0,1,0,0,0,0,0,0,1,0,0,0
PROP201824,12.0,Needs Renovation,2395.0,A,88.0,84.0,0,1,0,1,1,1,0,0,0,0,0,1
PROP201825,9.0,Needs Renovation,2548.0,D,45.0,85.0,1,0,1,0,0,1,1,0,1,0,0,0
PROP201826,15.0,Good,4231.0,A,68.0,97.0,0,0,0,0,1,1,1,0,0,1,0,1
PROP201827,12.0,Old,2267.0,C,70.0,,0,0,1,0,0,0,0,0,1,1,1,0
PROP201828,29.0,Good,2480.0,C,76.0,95.0,0,1,0,0,0,0,0,1,1,1,0,1
PROP201829,,New,3700.0,E,,72.0,0,0,0,1,0,0,0,0,0,0,0,1
PROP201830,7.0,Good,423.0,B,91.0,75.0,0,1,0,0,0,0,0,0,0,0,0,1
PROP201831,38.0,New,2480.0,B,54.0,85.0,0,0,0,0,0,0,0,0,1,0,1,0
PROP201832,9.0,Old,3348.0,D,,51.0,0,0,0,1,0,1,0,0,0,0,0,1
PROP201833,11.0,Good,3953.0,F,79.0,96.0,0,0,0,0,0,1,1,0,0,1,1,0
PROP201834,11.0,New,1755.0,B,78.0,30.0,0,1,0,0,1,1,0,0,0,0,0,0
PROP201835,23.0,Old,3528.0,D,51.0,49.0,0,0,0,0,0,1,0,0,0,0,1,0
PROP201836,32.0,Old,1531.0,E,73.0,48.0,0,0,0,0,0,1,1,0,0,1,1,0
PROP201837,24.0,Old,299.0,F,83.0,90.0,1,1,0,0,1,0,0,0,1,0,1,0
PROP201838,,Needs Renovation,1765.0,C,65.0,35.0,0,0,0,0,0,0,1,0,0,1,0,1
PROP201839,4.0,Needs Renovation,2287.0,D,93.0,97.0,0,0,0,1,0,1,0,0,0,1,0,1
PROP201840,21.0,Good,3029.0,F,97.0,37.0,1,0,0,0,1,0,0,0,0,0,0,0
PROP201841,11.0,Good,1829.0,F,86.0,78.0,0,0,0,0,1,0,0,1,0,1,0,0
PROP201842,35.0,New,2480.0,D,71.0,97.0,0,0,0,0,0,0,1,0,0,1,0,0
PROP201843,17.0,Good,751.0,F,,47.0,0,1,0,0,0,1,0,1,1,0,0,0
PROP201844,12.0,New,1639.0,B,45.0,67.0,0,0,0,1,0,0,0,1,0,0,0,1
PROP201845,29.0,New,1787.0,F,62.0,98.0,1,0,1,1,0,0,0,0,0,0,0,0
PROP201846,35.0,Old,3827.0,D,76.0,89.0,1,1,1,0,1,0,0,1,0,0,0,0
PROP201847,23.0,New,2861.0,D,89.0,42.0,1,1,0,1,0,0,1,0,0,1,0,0
PROP201848,39.0,Good,947.0,A,,86.0,0,0,1,0,1,0,0,1,0,0,0,0
PROP201849,4.0,Good,2818.0,F,88.0,76.0,0,0,0,0,1,1,0,1,1,0,0,0
PROP201850,35.0,Needs Renovation,2480.0,A,86.0,72.0,0,0,0,0,0,1,0,0,0,1,0,1
PROP201851,14.0,Good,1812.0,B,80.0,56.0,1,0,0,0,0,0,0,1,0,0,0,0
PROP201852,2.0,Old,717.0,C,93.0,93.0,0,1,1,1,1,0,0,1,0,0,0,0
PROP201853,32.0,Old,3792.0,E,46.0,43.0,0,1,1,1,0,0,0,1,0,0,1,0
PROP201854,21.0,Old,2342.0,B,50.0,90.0,1,0,0,1,0,1,0,1,0,0,0,0
PROP201855,39.0,Good,4081.0,D,88.0,78.0,0,0,0,0,0,0,1,1,1,0,1,0
PROP201856,36.0,Old,1644.0,E,68.0,74.0,1,1,0,1,1,1,0,0,0,0,0,0
PROP201857,27.0,Old,145.0,B,54.0,30.0,0,0,1,0,1,0,1,1,0,0,1,0
PROP201858,19.0,Good,1733.0,D,93.0,42.0,0,0,0,0,0,0,0,1,1,0,1,1
PROP201859,5.0,Good,2002.0,B,99.0,81.0,1,0,0,0,0,0,0,1,0,0,0,0
PROP201860,6.0,Good,3045.0,C,50.0,79.0,0,0,0,0,1,0,1,0,0,0,0,0
PROP201861,,Good,730.0,D,60.0,97.0,1,0,0,0,0,0,0,0,0,1,0,0
PROP201862,36.0,Needs Renovation,3852.0,F,46.0,55.0,1,1,0,0,1,0,1,0,0,0,0,0
PROP201863,36.0,New,2128.0,C,43.0,45.0,1,0,0,1,1,0,0,0,0,0,0,0
PROP201864,12.0,Needs Renovation,3941.0,B,92.0,80.0,1,0,0,1,1,1,0,0,1,0,0,0
PROP201865,35.0,New,977.0,F,79.0,51.0,0,0,0,0,0,0,0,0,1,1,0,0
PROP201866,5.0,Needs Renovation,2035.0,D,47.0,98.0,0,0,0,1,0,0,0,1,1,0,0,0
PROP201867,1.0,New,4474.0,A,84.0,97.0,0,1,1,0,0,0,0,0,1,0,0,0
PROP201868,39.0,New,2062.0,B,76.0,99.0,0,0,0,0,0,1,1,0,0,0,0,0
PROP201869,22.0,Old,2596.0,C,50.0,62.0,0,0,0,0,1,0,0,0,0,0,0,1
PROP201870,18.0,Old,1001.0,F,52.0,58.0,0,1,0,0,0,0,0,0,1,1,1,0
PROP201871,1.0,New,3089.0,B,54.0,47.0,0,0,0,0,0,1,0,1,1,0,1,0
PROP201872,8.0,Old,2695.0,D,71.0,40.0,0,1,1,0,0,0,0,0,1,0,0,0
PROP201873,7.0,Good,235.0,E,74.0,,1,0,1,1,1,0,0,0,1,0,0,0
PROP201874,25.0,Needs Renovation,1596.0,A,81.0,61.0,0,0,0,0,0,0,0,1,0,1,1,0
PROP201875,35.0,Old,3799.0,E,72.0,52.0,0,1,0,0,0,0,1,0,0,1,0,1
PROP201876,36.0,Old,4072.0,F,60.0,51.0,0,0,0,1,0,1,1,1,0,0,0,0
PROP201877,27.0,Old,3596.0,D,,61.0,0,0,1,0,0,0,0,0,0,1,1,0
PROP201878,29.0,Good,3361.0,B,82.0,93.0,0,0,1,0,0,1,0,0,0,0,0,0
PROP201879,23.0,New,1558.0,A,53.0,91.0,0,0,0,0,0,0,0,1,0,0,0,1
PROP201880,38.0,Needs Renovation,2372.0,A,79.0,42.0,0,0,1,1,1,1,0,0,0,0,0,0
PROP201881,5.0,Needs Renovation,3167.0,E,78.0,52.0,0,0,1,0,0,1,1,0,1,0,0,1
PROP201882,5.0,Old,3925.0,B,63.0,55.0,0,1,0,1,0,0,1,0,0,0,0,0
PROP201883,32.0,Needs Renovation,2120.0,D,94.0,37.0,1,0,0,1,0,1,1,1,0,0,0,0
PROP201884,22.0,Good,2634.0,B,,48.0,0,0,1,0,1,0,1,0,0,0,0,0
PROP201885,26.0,New,2545.0,F,,,1,1,1,0,0,0,1,1,0,0,0,0
PROP201886,4.0,Needs Renovation,2992.0,D,75.0,53.0,0,1,1,0,0,0,1,0,1,0,0,0
PROP201887,18.0,Good,4763.0,F,64.0,52.0,0,0,0,0,1,0,1,1,0,1,1,0
PROP201888,0.0,Needs Renovation,2547.0,C,78.0,49.0,0,1,0,0,0,0,0,0,0,0,1,0
PROP201889,17.0,New,2480.0,E,46.0,37.0,0,0,1,0,1,1,1,0,1,0,0,0
PROP201890,32.0,Needs Renovation,1878.0,E,67.0,41.0,0,0,0,0,1,0,0,0,0,0,0,1
PROP201891,32.0,Old,2680.0,A,57.0,99.0,0,0,0,1,0,0,0,0,0,0,0,1
PROP201892,21.0,Old,3339.0,D,71.0,48.0,0,0,0,0,0,1,0,1,0,0,0,1
PROP201893,26.0,New,3509.0,C,69.0,30.0,1,0,0,0,0,0,0,0,0,0,0,1
PROP201894,5.0,Old,2480.0,D,70.0,43.0,1,0,0,0,0,0,0,0,0,0,0,1
PROP201895,15.0,Needs Renovation,2022.0,C,68.0,34.0,0,0,1,0,0,0,0,1,1,1,0,0
PROP201896,6.0,Needs Renovation,1856.0,E,90.0,99.0,0,0,0,1,0,0,0,0,0,1,1,0
PROP201897,32.0,Old,3735.0,A,98.0,90.0,0,1,0,0,0,0,0,0,0,1,0,0
PROP201898,,Good,2712.0,F,79.0,69.0,0,0,0,0,0,0,0,1,1,0,0,1
PROP201899,0.0,Good,1936.0,D,59.0,65.0,0,1,1,0,0,0,0,0,0,0,0,1
PROP201900,4.0,Old,4177.0,D,75.0,84.0,0,0,1,1,0,0,1,0,0,0,1,0
PROP201901,17.0,Needs Renovation,1786.0,B,85.0,,0,0,1,0,0,0,1,1,0,0,0,1
PROP201902,25.0,Old,947.0,D,40.0,81.0,1,0,0,0,1,0,1,1,0,0,0,1
PROP201903,,Old,2376.0,A,80.0,51.0,0,0,1,0,1,0,0,0,0,0,0,1
PROP201904,35.0,Old,4331.0,D,64.0,50.0,1,0,0,0,0,0,1,1,0,1,0,0
PROP201905,0.0,New,1562.0,F,98.0,96.0,0,0,0,1,0,0,0,1,0,1,0,0
PROP201906,4.0,New,3217.0,F,61.0,92.0,0,0,0,1,0,0,0,1,0,1,1,1
PROP201907,20.0,Old,1430.0,C,94.0,57.0,0,0,0,0,0,1,1,0,0,0,0,0
PROP201908,7.0,Good,2294.0,D,56.0,47.0,0,1,0,0,1,0,0,0,0,0,0,0
PROP201909,39.0,Good,2785.0,D,,37.0,0,1,0,0,0,0,0,0,0,0,1,0
PROP201910,16.0,Old,2370.0,B,79.0,40.0,0,0,0,1,0,0,0,1,0,1,0,1
PROP201911,26.0,Needs Renovation,5592.0,C,77.0,96.0,0,1,0,0,0,0,0,0,1,0,1,1
PROP201912,17.0,Old,3277.0,F,89.0,66.0,0,1,0,0,0,0,1,1,1,0,0,0
PROP201913,34.0,Needs Renovation,2415.0,C,49.0,81.0,0,1,0,0,1,0,0,0,0,0,0,0
PROP201914,39.0,Old,3642.0,A,62.0,48.0,0,1,1,0,0,0,0,0,0,0,0,0
PROP201915,28.0,Good,4080.0,A,97.0,32.0,1,1,1,0,1,1,0,0,0,0,0,0
PROP201916,17.0,Needs Renovation,3389.0,F,51.0,35.0,1,0,0,1,0,1,0,0,0,0,0,0
PROP201917,18.0,New,1864.0,B,64.0,50.0,1,1,0,0,0,0,0,1,0,1,1,0
PROP201918,,Needs Renovation,1318.0,A,85.0,31.0,0,0,0,1,0,0,0,0,0,1,0,0
PROP201919,11.0,Needs Renovation,3471.0,A,65.0,43.0,1,0,1,0,0,0,0,0,0,0,0,0
PROP201920,23.0,Old,1456.0,C,45.0,60.0,0,1,0,0,0,1,0,0,1,0,1,0
PROP201921,14.0,Good,2480.0,A,55.0,50.0,0,0,0,0,1,0,0,0,1,1,0,0
PROP201922,15.0,Good,3799.0,B,57.0,74.0,0,0,1,1,0,0,0,0,0,0,0,1
PROP201923,25.0,Needs Renovation,1236.0,D,94.0,62.0,0,1,0,1,0,0,1,0,1,1,0,0
PROP201924,36.0,Needs Renovation,3662.0,F,46.0,63.0,0,0,0,0,1,0,1,0,1,0,1,0
PROP201925,37.0,Old,2416.0,C,85.0,92.0,0,0,1,1,0,0,0,0,0,0,1,1
PROP201926,37.0,Good,2960.0,D,89.0,44.0,0,1,0,0,0,0,0,0,0,0,1,0
PROP201927,13.0,New,1714.0,C,77.0,37.0,0,0,0,0,0,0,0,0,0,1,1,0
PROP201928,20.0,Good,1882.0,D,84.0,75.0,1,0,0,1,0,0,0,0,0,0,0,0
PROP201929,38.0,Old,210.0,C,82.0,,1,0,0,1,0,0,0,0,0,0,1,0
PROP201930,32.0,Old,956.0,A,42.0,99.0,0,0,0,1,1,0,0,0,0,1,0,0
PROP201931,22.0,Needs Renovation,3620.0,D,,30.0,1,0,0,0,0,0,0,1,0,0,0,0
PROP201932,13.0,Good,2480.0,C,54.0,54.0,0,0,1,1,0,0,0,0,0,1,0,1
PROP201933,19.0,New,3042.0,A,63.0,39.0,0,1,1,0,1,0,1,0,0,1,0,0
PROP201934,27.0,New,2778.0,F,43.0,91.0,1,0,0,1,0,0,0,0,0,0,0,0
PROP201935,37.0,Needs Renovation,2876.0,E,61.0,97.0,0,0,0,0,0,1,0,0,0,0,1,0
PROP201936,,Good,1349.0,C,,48.0,1,0,1,1,0,1,0,0,0,0,1,0
PROP201937,4.0,Needs Renovation,3438.0,B,50.0,68.0,0,1,1,0,0,0,0,0,0,0,0,0
PROP201938,15.0,Old,1124.0,E,52.0,88.0,0,1,0,0,0,0,0,0,0,0,0,1
PROP201939,35.0,Old,3021.0,B,54.0,50.0,0,1,0,1,0,1,0,0,0,0,1,0
PROP201940,5.0,New,2175.0,F,53.0,30.0,1,0,0,0,1,1,0,0,1,1,0,0
PROP201941,17.0,New,2869.0,D,59.0,48.0,0,0,0,0,0,1,0,1,0,1,0,0
PROP201942,19.0,Needs Renovation,3671.0,D,47.0,53.0,1,0,0,0,0,0,0,1,1,0,1,0
PROP201943,24.0,Old,3305.0,D,53.0,30.0,0,0,1,0,0,1,0,0,0,0,0,0
PROP201944,27.0,Good,2989.0,E,98.0,64.0,0,1,0,0,0,1,0,1,0,0,0,1
PROP201945,30.0,Good,3367.0,A,,49.0,0,1,0,0,0,0,1,1,0,1,1,0
PROP201946,36.0,Old,3025.0,B,94.0,53.0,0,1,0,0,0,1,0,0,0,0,1,0
PROP201947,35.0,Old,218.0,C,46.0,55.0,0,0,0,0,0,0,0,1,0,1,0,1
PROP201948,1.0,Old,2284.0,B,95.0,31.0,0,1,0,0,0,0,1,0,0,1,0,1
PROP201949,11.0,Needs Renovation,596.0,D,88.0,56.0,0,0,1,1,0,0,0,0,0,0,1,0
PROP201950,18.0,Good,1893.0,F,45.0,60.0,0,1,1,0,0,0,0,0,0,0,0,1
PROP201951,30.0,Old,2036.0,B,84.0,60.0,0,1,0,0,1,0,1,1,0,0,1,0
PROP201952,36.0,Good,934.0,A,63.0,72.0,0,1,0,0,0,0,1,0,1,0,0,0
PROP201953,36.0,Needs Renovation,2985.0,D,46.0,89.0,0,1,0,1,1,0,0,0,0,0,0,0
PROP201954,11.0,Needs Renovation,2067.0,F,51.0,66.0,0,0,0,1,1,1,0,0,0,0,1,1
PROP201955,31.0,Needs Renovation,1680.0,E,52.0,34.0,0,1,1,1,0,0,0,0,0,0,0,1
PROP201956,22.0,Needs Renovation,3733.0,B,63.0,40.0,0,0,0,0,0,0,1,1,0,0,1,1
PROP201957,27.0,Needs Renovation,1460.0,A,66.0,58.0,0,0,0,1,0,1,0,0,1,1,0,1
PROP201958,10.0,Needs Renovation,2480.0,B,46.0,56.0,0,0,1,0,0,0,0,1,0,1,0,0
PROP201959,38.0,Good,2126.0,C,98.0,70.0,0,0,1,0,0,0,0,0,0,0,0,1
PROP201960,2.0,New,3572.0,E,94.0,44.0,1,0,0,0,0,0,0,0,0,0,1,0
PROP201961,21.0,Old,3017.0,B,93.0,88.0,1,0,1,0,0,0,0,1,0,0,0,0
PROP201962,8.0,Old,2364.0,A,54.0,,0,0,0,1,0,0,0,0,0,1,0,0
PROP201963,8.0,New,4532.0,C,43.0,62.0,1,0,0,0,0,0,1,1,0,1,1,0
PROP201964,12.0,Good,2939.0,A,95.0,56.0,1,0,1,0,0,0,1,1,0,0,0,1
PROP201965,19.0,Good,2480.0,C,83.0,,0,0,0,0,0,0,0,1,0,1,1,1
PROP201966,23.0,Old,3485.0,F,67.0,76.0,0,1,0,0,1,0,1,0,1,0,0,0
PROP201967,26.0,Old,3113.0,C,41.0,64.0,0,0,0,1,1,0,0,0,0,0,0,0
PROP201968,32.0,Needs Renovation,3597.0,B,90.0,47.0,0,0,0,0,0,0,1,0,0,0,0,1
PROP201969,11.0,Old,3968.0,A,48.0,83.0,0,0,0,0,0,0,0,1,0,0,1,0
PROP201970,35.0,Needs Renovation,2982.0,F,87.0,57.0,0,0,1,1,1,0,1,0,0,0,0,0
PROP201971,17.0,New,1256.0,B,99.0,31.0,0,1,1,1,0,0,1,1,0,0,0,0
PROP201972,4.0,Old,1054.0,A,45.0,31.0,1,0,0,0,0,0,1,0,0,0,1,0
PROP201973,9.0,Good,2290.0,D,40.0,34.0,1,1,0,0,1,0,0,1,1,0,0,0
PROP201974,17.0,Old,3666.0,F,98.0,76.0,0,0,0,0,1,1,0,1,0,0,1,0
PROP201975,15.0,Needs Renovation,2480.0,D,86.0,39.0,0,0,0,0,1,1,0,1,0,0,0,0
PROP201976,1.0,Good,1269.0,A,67.0,36.0,0,1,0,0,0,1,0,0,0,1,0,0
PROP201977,6.0,Good,3146.0,A,53.0,87.0,1,0,0,1,1,1,1,0,0,0,0,0
PROP201978,20.0,Good,3985.0,E,52.0,44.0,0,0,0,0,0,0,1,1,1,1,0,1
PROP201979,27.0,Old,1345.0,F,75.0,68.0,0,0,1,0,0,1,0,0,1,0,1,0
PROP201980,23.0,Good,3588.0,A,68.0,91.0,1,0,0,0,0,0,1,0,1,0,0,0
PROP201981,17.0,Old,3312.0,F,49.0,65.0,1,0,0,1,0,0,0,1,0,1,0,0
PROP201982,27.0,Old,2480.0,A,55.0,44.0,0,1,0,1,0,0,0,0,1,0,0,1
PROP201983,21.0,Needs Renovation,3483.0,B,79.0,,0,1,0,1,0,1,0,0,0,1,0,0
PROP201984,15.0,New,471.0,F,86.0,52.0,0,1,0,0,0,1,0,0,0,0,0,1
PROP201985,36.0,New,1103.0,E,74.0,31.0,0,1,0,0,0,1,0,0,0,1,0,0
PROP201986,19.0,Needs Renovation,1642.0,B,,52.0,1,0,1,1,1,0,0,0,0,0,1,0
PROP201987,8.0,Old,1330.0,F,54.0,,1,0,0,0,0,0,0,0,1,0,0,0
PROP201988,11.0,Needs Renovation,2480.0,D,80.0,60.0,0,0,0,1,1,0,0,0,0,1,0,0
PROP201989,9.0,Good,2636.0,D,51.0,42.0,0,1,1,1,1,0,1,0,0,0,0,0
PROP201990,,Needs Renovation,2032.0,C,88.0,60.0,1,0,0,0,1,0,1,0,0,1,0,0
PROP201991,23.0,New,2197.0,F,55.0,58.0,0,0,0,1,1,0,1,1,0,0,0,0
PROP201992,6.0,Old,2335.0,F,84.0,95.0,1,1,0,0,0,0,0,0,0,1,0,0
PROP201993,31.0,Old,134.0,A,42.0,66.0,0,1,1,1,0,0,0,0,0,1,0,1
PROP201994,11.0,Good,1518.0,B,68.0,32.0,1,0,0,0,1,1,0,1,0,1,0,0
PROP201995,25.0,Good,2099.0,F,,97.0,0,1,0,0,0,1,0,1,1,0,0,0
PROP201996,25.0,Old,1273.0,F,80.0,49.0,0,0,1,1,0,0,0,0,0,0,0,0
PROP201997,18.0,New,2808.0,C,44.0,57.0,0,0,0,0,0,1,0,1,0,0,0,0
PROP201998,16.0,Old,3672.0,E,44.0,,0,0,0,1,1,1,0,0,1,0,0,0
PROP201999,29.0,Needs Renovation,1477.0,A,87.0,72.0,0,1,1,0,0,0,1,0,0,0,0,1
PROP202000,16.0,New,2148.0,C,64.0,91.0,0,0,0,1,0,0,0,0,0,1,0,0
PROP202001,23.0,Good,1473.0,E,77.0,83.0,1,0,1,0,0,1,0,0,0,1,0,0
PROP202002,14.0,Needs Renovation,3782.0,D,86.0,46.0,0,0,0,0,0,0,0,0,1,0,0,1
PROP202003,11.0,New,1785.0,E,42.0,92.0,0,1,0,1,0,0,0,0,0,1,0,0
PROP202004,19.0,Good,1808.0,A,63.0,42.0,0,0,1,0,0,0,1,0,0,0,1,0
PROP202005,8.0,New,887.0,B,,92.0,1,0,1,0,1,0,0,1,0,0,1,0
PROP202006,37.0,New,4462.0,C,48.0,62.0,0,0,0,0,0,0,0,1,0,1,0,1
PROP202007,19.0,Good,3765.0,E,53.0,82.0,1,0,1,1,0,0,0,1,0,0,1,0
PROP202008,29.0,New,2143.0,B,98.0,40.0,0,0,0,0,1,1,0,0,1,0,1,1
PROP202009,9.0,Old,1947.0,A,75.0,44.0,0,0,0,0,0,1,0,0,0,1,0,0
PROP202010,16.0,Good,2555.0,B,81.0,70.0,0,1,1,0,0,0,0,1,0,0,0,1
PROP202011,13.0,Good,3707.0,D,95.0,32.0,0,1,0,1,0,0,0,0,1,0,1,0
PROP202012,8.0,Needs Renovation,1726.0,A,63.0,73.0,1,0,0,1,1,0,0,0,1,0,1,0
PROP202013,31.0,Old,2089.0,D,91.0,58.0,1,0,1,1,0,0,0,0,0,1,0,0
PROP202014,,Needs Renovation,2871.0,A,42.0,58.0,1,0,1,0,1,0,0,1,0,0,0,1
PROP202015,8.0,Needs Renovation,1815.0,B,51.0,85.0,0,0,0,1,1,0,1,1,0,1,0,0
PROP202016,12.0,Old,2219.0,F,56.0,99.0,0,0,0,0,0,0,0,1,0,0,0,1
PROP202017,3.0,Good,5370.0,D,85.0,57.0,0,0,1,0,0,0,0,0,1,0,0,0
PROP202018,25.0,Old,2744.0,D,,42.0,0,0,0,1,0,1,0,0,0,1,1,1
PROP202019,31.0,Old,1554.0,A,74.0,93.0,0,1,1,0,0,0,0,1,1,0,0,1
PROP202020,35.0,New,1032.0,F,70.0,99.0,0,0,0,0,0,0,1,0,0,0,1,0
PROP202021,39.0,Needs Renovation,2495.0,D,42.0,52.0,0,1,0,1,0,0,0,1,1,0,1,0
PROP202022,19.0,Good,4235.0,E,51.0,73.0,0,0,0,0,0,0,0,1,0,1,0,1
PROP202023,5.0,Needs Renovation,3294.0,F,51.0,35.0,0,0,0,1,0,0,0,1,0,0,0,0
PROP202024,30.0,Good,2273.0,E,,91.0,0,0,0,1,0,0,0,0,0,0,0,1
PROP202025,28.0,Needs Renovation,2416.0,B,53.0,73.0,0,0,0,0,0,1,1,1,1,0,0,0
PROP202026,30.0,Needs Renovation,2480.0,D,73.0,75.0,0,0,0,1,0,0,0,0,0,0,1,0
PROP202027,7.0,New,1983.0,D,72.0,55.0,0,0,0,0,0,1,0,0,1,0,1,1
PROP202028,24.0,Needs Renovation,1311.0,E,61.0,56.0,0,1,0,0,0,1,0,0,1,1,0,1
PROP202029,17.0,New,3059.0,F,90.0,93.0,1,0,0,1,0,1,1,0,1,0,0,0
PROP202030,8.0,Old,2076.0,E,90.0,52.0,0,1,0,0,1,1,1,0,0,0,0,1
PROP202031,1.0,New,5070.0,D,93.0,42.0,0,0,0,0,1,0,0,1,1,0,1,1
PROP202032,3.0,Good,2723.0,A,91.0,50.0,1,0,1,0,0,1,1,0,0,0,0,1
PROP202033,0.0,New,3531.0,F,76.0,97.0,0,1,1,1,0,0,1,0,0,1,0,0
PROP202034,30.0,Needs Renovation,3233.0,F,79.0,,0,0,0,0,0,0,0,1,0,1,0,0
PROP202035,19.0,Old,1034.0,F,56.0,,1,0,0,1,1,1,0,0,0,0,1,0
PROP202036,27.0,New,0.0,D,88.0,45.0,0,0,1,0,0,0,0,0,0,1,0,0
PROP202037,3.0,Needs Renovation,2355.0,C,90.0,40.0,1,1,0,0,0,0,0,1,0,0,0,1
PROP202038,32.0,Old,1979.0,C,81.0,31.0,1,0,1,0,0,0,0,1,0,0,1,0
PROP202039,33.0,Good,3321.0,C,60.0,67.0,0,1,0,0,1,1,0,0,0,1,0,0
PROP202040,32.0,Good,1300.0,E,49.0,89.0,0,0,0,1,1,0,0,0,0,0,1,1
PROP202041,20.0,New,3677.0,D,76.0,80.0,0,0,0,0,0,1,1,1,1,1,0,0
PROP202042,27.0,Good,2699.0,C,92.0,85.0,0,1,0,0,0,0,0,0,0,0,1,1
PROP202043,16.0,New,2286.0,C,51.0,,0,1,0,1,0,1,0,1,0,0,0,0
PROP202044,10.0,Old,707.0,A,76.0,72.0,1,1,0,0,0,0,0,0,1,1,0,0
PROP202045,7.0,Needs Renovation,2710.0,D,91.0,65.0,0,0,1,0,0,0,0,0,1,0,0,0
PROP202046,3.0,New,2962.0,A,85.0,89.0,0,1,1,0,0,1,0,0,0,1,0,1
PROP202047,10.0,Needs Renovation,2480.0,C,76.0,57.0,0,0,1,0,0,0,1,0,0,1,0,1
PROP202048,14.0,New,1727.0,B,43.0,40.0,0,0,0,0,1,0,1,0,0,0,1,0
PROP202049,7.0,Good,2675.0,E,58.0,89.0,1,0,0,0,0,0,0,0,0,0,0,1
PROP202050,5.0,Needs Renovation,3553.0,A,,38.0,0,0,0,1,0,1,1,1,0,0,0,0
PROP202051,26.0,Needs Renovation,893.0,E,66.0,44.0,0,1,0,0,1,0,1,0,0,0,1,1
PROP202052,,Old,1993.0,C,75.0,65.0,0,1,1,0,1,0,1,0,1,0,0,0
PROP202053,0.0,Good,2480.0,A,88.0,91.0,0,0,0,0,1,0,0,1,0,0,0,0
PROP202054,0.0,Old,2480.0,C,96.0,40.0,1,0,1,1,0,0,0,0,1,1,0,0
PROP202055,29.0,Good,3680.0,A,,41.0,0,0,0,0,0,0,1,0,0,0,1,0
PROP202056,26.0,Needs Renovation,4090.0,E,88.0,98.0,1,0,0,1,0,1,1,0,0,0,0,0
PROP202057,21.0,New,982.0,F,88.0,30.0,1,1,0,0,0,0,0,0,0,0,0,1
PROP202058,28.0,New,2480.0,B,72.0,51.0,0,1,0,0,0,1,0,0,0,0,1,0
PROP202059,31.0,New,2145.0,F,80.0,56.0,0,1,0,0,0,0,1,0,0,0,1,1
PROP202060,7.0,Old,1103.0,B,89.0,,0,1,1,0,0,0,0,0,1,0,0,0
PROP202061,13.0,Needs Renovation,781.0,B,59.0,87.0,1,0,0,1,0,1,0,0,0,0,1,0
PROP202062,1.0,New,737.0,C,45.0,55.0,0,1,0,0,1,0,1,1,0,0,0,0
PROP202063,32.0,New,1501.0,A,69.0,47.0,0,0,0,0,0,0,0,0,1,0,1,0
PROP202064,23.0,Needs Renovation,2207.0,C,85.0,79.0,0,0,0,1,0,0,1,0,0,0,0,0
PROP202065,5.0,Needs Renovation,1637.0,D,57.0,75.0,1,1,0,0,0,0,0,0,0,1,1,0
PROP202066,34.0,New,3210.0,B,99.0,92.0,0,0,0,1,0,0,1,0,1,0,1,0
PROP202067,31.0,Old,3832.0,E,83.0,79.0,1,0,0,0,0,0,1,0,1,0,0,0
PROP202068,23.0,Old,336.0,F,54.0,49.0,0,0,0,0,1,0,0,0,0,1,0,0
PROP202069,28.0,Needs Renovation,5551.0,D,56.0,57.0,1,0,0,0,0,1,1,1,0,1,0,0
PROP202070,17.0,Needs Renovation,2542.0,C,96.0,61.0,0,1,0,1,0,0,0,0,1,1,1,0
PROP202071,24.0,Old,2480.0,F,43.0,62.0,0,0,0,0,0,0,0,0,1,0,1,0
PROP202072,38.0,New,3653.0,C,47.0,38.0,0,1,1,0,1,0,0,0,0,0,0,0
PROP202073,6.0,Needs Renovation,3597.0,E,77.0,62.0,0,0,0,0,1,0,1,0,1,1,0,1
PROP202074,25.0,Old,2106.0,F,41.0,31.0,1,1,0,0,0,0,0,1,0,1,0,1
PROP202075,4.0,Needs Renovation,0.0,A,60.0,63.0,0,0,1,0,0,1,0,0,0,1,1,0
PROP202076,36.0,Needs Renovation,3792.0,E,80.0,60.0,0,1,0,0,0,0,0,0,1,0,0,0
PROP202077,21.0,Good,2623.0,F,76.0,44.0,0,1,0,1,0,0,0,0,0,1,1,1
PROP202078,35.0,Old,3899.0,D,94.0,48.0,0,0,0,1,1,0,1,0,0,1,0,0
PROP202079,4.0,New,1137.0,A,44.0,63.0,1,0,0,1,0,1,0,0,0,1,0,1
PROP202080,26.0,Old,1574.0,E,74.0,85.0,1,1,1,0,0,0,0,0,0,0,0,1
PROP202081,26.0,Old,2276.0,B,82.0,38.0,1,0,0,0,1,0,0,0,1,0,1,0
PROP202082,,Old,362.0,A,75.0,58.0,0,0,0,0,0,0,1,0,1,0,0,0
PROP202083,26.0,Old,2442.0,B,,54.0,1,0,0,1,1,1,0,0,0,0,1,0
PROP202084,8.0,Good,1799.0,A,95.0,91.0,0,0,0,0,0,1,0,0,1,0,0,0
PROP202085,22.0,Good,1594.0,B,95.0,57.0,0,0,1,0,0,0,0,0,1,0,0,1
PROP202086,2.0,New,4265.0,D,72.0,93.0,0,0,0,0,1,1,1,0,0,1,0,0
PROP202087,39.0,Needs Renovation,2491.0,E,,68.0,1,0,0,0,1,1,0,0,1,1,0,0
PROP202088,38.0,Old,2480.0,F,89.0,34.0,0,1,1,1,0,0,0,0,0,1,1,0
PROP202089,10.0,Needs Renovation,3777.0,D,58.0,86.0,1,0,0,0,0,0,0,0,0,0,0,1
PROP202090,26.0,Needs Renovation,3828.0,E,72.0,41.0,0,1,0,0,0,0,0,0,1,0,0,1
PROP202091,14.0,Good,2349.0,B,94.0,80.0,0,0,0,0,1,0,1,0,1,1,0,1
PROP202092,21.0,Old,2480.0,B,66.0,97.0,0,1,0,1,0,0,0,0,1,0,0,0
PROP202093,,Old,3724.0,E,59.0,99.0,0,0,0,0,0,0,0,1,0,0,1,1
PROP202094,33.0,Needs Renovation,2480.0,E,70.0,59.0,1,0,1,0,1,0,0,0,0,0,1,0
PROP202095,25.0,New,2091.0,C,44.0,52.0,0,0,0,0,1,0,0,1,0,0,0,0
PROP202096,15.0,Good,1438.0,B,99.0,97.0,0,1,1,0,1,0,0,0,0,0,0,0
PROP202097,18.0,Needs Renovation,2480.0,F,40.0,49.0,1,0,0,0,0,1,0,0,0,0,0,0
PROP202098,3.0,Needs Renovation,2480.0,B,74.0,97.0,0,0,0,1,0,0,0,0,0,0,1,0
PROP202099,39.0,Needs Renovation,3838.0,A,72.0,44.0,1,0,0,0,0,1,0,0,1,0,1,1
PROP202100,30.0,Good,4552.0,E,48.0,96.0,0,0,0,0,0,0,0,0,1,1,0,0
PROP202101,5.0,Old,2095.0,C,55.0,35.0,0,1,0,0,0,0,0,1,0,0,0,0
PROP202102,36.0,New,3170.0,B,94.0,49.0,0,0,0,0,1,1,0,0,0,0,0,0
PROP202103,39.0,Old,769.0,B,97.0,64.0,0,0,0,1,0,1,0,0,0,1,1,1
PROP202104,25.0,Old,2669.0,B,60.0,73.0,1,1,0,1,0,1,0,0,1,0,0,0
PROP202105,30.0,Old,1320.0,B,50.0,32.0,1,0,1,0,0,1,0,1,0,1,0,0
PROP202106,19.0,Good,2076.0,C,,46.0,0,1,0,1,0,0,0,0,0,1,1,0
PROP202107,29.0,Good,2589.0,A,71.0,42.0,0,0,0,1,0,1,0,0,0,0,0,0
PROP202108,35.0,Needs Renovation,2962.0,C,56.0,74.0,1,1,0,0,0,1,0,0,0,1,0,0
PROP202109,21.0,Good,960.0,B,50.0,55.0,0,1,0,0,0,0,0,1,1,0,0,0
PROP202110,22.0,New,2480.0,B,82.0,68.0,1,1,0,0,0,0,0,0,0,0,0,0
PROP202111,33.0,Old,3229.0,B,79.0,,1,0,0,1,0,1,0,0,0,0,1,0
PROP202112,26.0,New,702.0,A,59.0,57.0,1,0,0,1,0,0,0,0,1,0,0,0
PROP202113,6.0,New,2131.0,E,90.0,82.0,0,0,0,0,0,0,0,1,0,0,1,0
PROP202114,17.0,New,2088.0,E,60.0,36.0,1,0,1,0,0,0,0,1,1,0,0,0
PROP202115,13.0,New,3670.0,B,71.0,52.0,1,0,0,1,0,1,0,0,1,0,1,0
PROP202116,19.0,Old,1451.0,F,,78.0,0,0,0,1,0,1,0,1,0,0,0,0
PROP202117,25.0,Old,3340.0,E,63.0,88.0,0,0,0,0,1,0,1,0,1,1,0,1
PROP202118,,Good,3675.0,B,,80.0,1,0,1,0,1,0,0,1,0,0,1,0
PROP202119,6.0,Good,1934.0,C,81.0,67.0,0,1,1,0,0,0,1,0,1,0,0,1
PROP202120,35.0,Needs Renovation,2140.0,C,85.0,82.0,1,0,0,0,0,0,0,0,0,1,1,1
PROP202121,10.0,New,1391.0,D,72.0,85.0,0,1,0,0,1,1,0,0,0,0,1,1
PROP202122,2.0,New,1939.0,F,48.0,81.0,0,0,1,0,0,0,1,0,1,0,0,1
PROP202123,2.0,New,598.0,E,78.0,84.0,0,1,0,0,1,0,0,1,0,0,0,1
PROP202124,10.0,New,2444.0,A,93.0,52.0,0,0,1,0,0,0,0,0,0,0,0,1
PROP202125,19.0,Old,2906.0,D,45.0,40.0,0,1,1,0,0,0,0,1,0,0,0,0
PROP202126,15.0,Old,2480.0,A,40.0,92.0,1,1,0,0,0,1,0,0,0,1,0,0
PROP202127,31.0,New,4729.0,E,,81.0,0,0,1,0,1,0,1,1,1,0,0,0
PROP202128,17.0,New,1745.0,C,77.0,46.0,0,1,0,0,0,0,0,0,0,0,1,0
PROP202129,,Good,2616.0,A,76.0,33.0,0,0,1,0,0,1,0,1,0,0,0,1
PROP202130,9.0,Good,5161.0,B,91.0,63.0,0,1,0,0,1,1,0,0,1,0,0,0
PROP202131,16.0,Old,2830.0,A,86.0,90.0,0,0,0,1,0,0,0,1,0,0,0,1
PROP202132,25.0,New,2063.0,C,98.0,53.0,0,0,0,1,1,0,0,0,0,1,0,0
PROP202133,6.0,Good,2484.0,E,99.0,31.0,0,0,0,1,0,0,0,1,0,0,0,0
PROP202134,9.0,Good,3749.0,C,96.0,78.0,1,0,1,0,1,0,0,0,0,1,0,0
PROP202135,14.0,New,4152.0,F,80.0,,1,0,0,0,0,0,1,0,0,0,0,0
PROP202136,15.0,Old,2284.0,C,86.0,,0,1,0,0,0,0,0,0,0,0,1,0
PROP202137,1.0,Old,2839.0,E,67.0,93.0,0,0,0,1,1,0,0,0,1,1,1,0
PROP202138,34.0,Good,3842.0,F,43.0,57.0,1,0,0,0,0,0,0,0,0,1,0,1
PROP202139,15.0,Old,1968.0,A,67.0,77.0,1,0,1,1,0,1,0,0,0,0,1,0
PROP202140,,Good,3227.0,F,97.0,54.0,1,0,1,0,1,0,0,0,0,1,0,0
PROP202141,23.0,New,1108.0,E,93.0,65.0,0,0,1,0,0,0,0,0,0,1,0,1
PROP202142,6.0,New,2565.0,D,74.0,46.0,0,0,0,1,1,0,0,0,0,0,0,0
PROP202143,39.0,Needs Renovation,1433.0,A,59.0,48.0,0,0,0,0,0,0,0,0,1,0,1,0
PROP202144,3.0,Needs Renovation,2944.0,F,82.0,81.0,0,0,0,0,1,0,0,0,1,0,0,0
PROP202145,,Old,3374.0,D,66.0,85.0,0,0,0,0,0,0,1,0,0,0,1,0
PROP202146,30.0,Old,2581.0,D,,85.0,1,0,1,0,0,0,0,1,0,1,0,0
PROP202147,30.0,New,3157.0,E,51.0,90.0,0,0,0,0,1,0,0,1,1,0,0,0
PROP202148,26.0,Old,5220.0,D,66.0,89.0,0,0,0,0,0,0,0,0,0,1,1,0
PROP202149,38.0,New,2736.0,F,76.0,32.0,0,0,0,1,0,0,0,0,1,0,0,0
PROP202150,32.0,New,2396.0,A,89.0,75.0,0,0,0,1,1,1,0,1,0,0,1,0
PROP202151,36.0,New,3109.0,F,50.0,80.0,0,0,1,0,0,0,1,0,0,0,0,1
PROP202152,8.0,Good,3141.0,E,55.0,42.0,0,1,0,0,0,0,0,0,0,0,1,0
PROP202153,18.0,Old,2358.0,B,80.0,94.0,0,0,1,0,0,1,1,0,0,0,0,0
PROP202154,0.0,New,4200.0,E,70.0,87.0,0,1,0,0,0,0,0,1,0,0,0,1
PROP202155,28.0,Old,494.0,C,59.0,62.0,0,1,0,1,0,1,1,0,0,0,0,1
PROP202156,27.0,Old,2913.0,D,66.0,67.0,1,0,0,1,0,0,1,0,0,0,0,0
PROP202157,14.0,Needs Renovation,2070.0,E,,54.0,0,0,0,0,1,0,1,0,1,1,0,1
PROP202158,2.0,New,3886.0,F,93.0,93.0,0,1,0,0,0,0,1,1,0,1,0,0
PROP202159,8.0,Needs Renovation,2736.0,C,99.0,33.0,1,1,0,0,0,0,0,0,0,1,0,1
PROP202160,37.0,Good,2480.0,D,77.0,47.0,0,0,0,1,0,1,0,1,0,0,0,0
PROP202161,17.0,Good,2691.0,B,,,1,0,0,0,0,0,0,0,0,1,0,0
PROP202162,20.0,Needs Renovation,2480.0,F,72.0,56.0,0,0,1,0,0,1,0,0,0,0,0,0
PROP202163,,Needs Renovation,2378.0,D,91.0,85.0,0,0,0,0,1,1,0,0,0,0,0,0
PROP202164,23.0,New,3552.0,A,,86.0,0,0,0,1,0,0,0,0,0,1,0,1
PROP202165,29.0,New,3664.0,F,58.0,42.0,0,0,0,0,0,1,0,0,0,0,0,1
PROP202166,26.0,Needs Renovation,1817.0,E,61.0,44.0,0,0,1,0,0,0,0,0,1,1,0,0
PROP202167,20.0,Old,2480.0,C,61.0,60.0,0,0,1,0,0,1,0,1,0,1,0,1
PROP202168,32.0,Good,2616.0,D,52.0,74.0,1,0,0,0,0,0,1,1,1,0,0,1
PROP202169,7.0,Good,1804.0,F,62.0,69.0,0,0,0,0,1,1,0,1,1,0,0,0
PROP202170,13.0,Good,4815.0,F,61.0,77.0,0,1,0,1,0,1,0,1,0,1,0,0
PROP202171,10.0,Good,777.0,E,98.0,64.0,1,0,1,0,0,0,0,0,0,0,0,0
PROP202172,5.0,Needs Renovation,2480.0,A,63.0,97.0,0,1,0,1,1,0,0,0,0,1,0,1
PROP202173,20.0,Old,3425.0,D,,31.0,0,1,1,0,1,0,1,0,0,1,0,0
PROP202174,32.0,Good,3602.0,F,86.0,41.0,0,0,1,1,1,0,0,1,0,1,0,0
PROP202175,28.0,Needs Renovation,4248.0,B,41.0,65.0,0,0,1,0,0,0,1,0,0,1,0,0
PROP202176,4.0,Needs Renovation,3946.0,C,68.0,86.0,0,0,0,1,1,0,0,0,0,0,0,0
PROP202177,38.0,New,2480.0,B,56.0,48.0,0,1,0,0,0,0,0,0,0,0,1,0
PROP202178,28.0,Needs Renovation,1569.0,D,75.0,95.0,0,0,0,0,0,0,0,0,0,1,1,1
PROP202179,32.0,Old,2531.0,A,79.0,99.0,0,0,0,0,1,0,1,0,0,1,0,1
PROP202180,17.0,Old,1781.0,B,95.0,34.0,0,1,0,0,1,0,0,0,0,0,0,0
PROP202181,,Needs Renovation,2721.0,D,89.0,82.0,0,0,1,0,1,0,0,0,0,0,1,1
PROP202182,11.0,Needs Renovation,1174.0,D,82.0,94.0,0,1,0,1,0,1,0,1,0,1,0,0
PROP202183,34.0,Needs Renovation,2149.0,B,87.0,81.0,0,0,0,1,1,0,0,0,0,0,0,0
PROP202184,36.0,Old,2563.0,A,69.0,41.0,0,0,0,0,0,0,0,0,0,1,1,1
PROP202185,14.0,Good,2157.0,E,55.0,31.0,0,0,1,0,0,0,0,1,0,1,0,0
PROP202186,23.0,Old,3204.0,E,93.0,85.0,0,0,0,0,0,0,0,1,0,1,0,0
PROP202187,38.0,New,1206.0,C,80.0,40.0,0,0,1,0,0,1,0,0,0,0,0,0
PROP202188,28.0,Needs Renovation,2193.0,E,47.0,88.0,0,0,0,1,0,0,0,1,0,0,0,0
PROP202189,14.0,Needs Renovation,1240.0,B,87.0,81.0,1,1,0,0,0,0,0,0,0,0,1,0
PROP202190,,Good,2480.0,E,90.0,34.0,0,1,1,0,0,1,1,0,1,0,0,0
PROP202191,18.0,New,3050.0,A,98.0,42.0,0,0,0,0,0,0,0,0,1,0,0,1
PROP202192,20.0,New,1773.0,C,90.0,60.0,0,0,0,0,1,0,0,1,0,1,1,1
PROP202193,39.0,New,3302.0,D,41.0,76.0,1,1,1,1,0,0,0,0,0,0,0,0
PROP202194,3.0,Needs Renovation,2856.0,D,50.0,62.0,1,0,0,0,0,0,0,0,1,0,0,0
PROP202195,13.0,New,3730.0,A,54.0,42.0,1,0,0,0,0,1,0,0,1,1,0,0
PROP202196,29.0,Needs Renovation,3360.0,C,72.0,59.0,0,1,0,1,1,0,0,0,0,0,0,1
PROP202197,18.0,Old,2480.0,B,,55.0,0,1,1,0,1,1,0,0,0,0,0,0
PROP202198,32.0,Needs Renovation,4536.0,D,83.0,93.0,0,1,1,0,1,0,1,0,0,0,0,0
PROP202199,24.0,Needs Renovation,2785.0,C,94.0,69.0,0,1,1,0,0,1,1,0,0,0,1,0
PROP202200,14.0,Good,2509.0,E,69.0,93.0,0,1,1,0,1,0,0,1,0,0,0,0
PROP202201,27.0,Needs Renovation,2233.0,B,99.0,83.0,0,1,0,1,0,0,0,0,1,0,1,0
PROP202202,33.0,Old,3559.0,C,84.0,92.0,0,0,0,1,0,0,1,0,0,0,0,0
PROP202203,22.0,New,1249.0,D,77.0,92.0,0,0,0,1,0,1,1,0,0,0,0,1
PROP202204,12.0,Good,2329.0,A,95.0,68.0,1,0,0,1,0,0,0,0,0,1,0,0
PROP202205,3.0,Needs Renovation,2034.0,F,87.0,36.0,1,0,0,0,1,1,0,0,0,0,1,0
PROP202206,11.0,Old,2861.0,F,83.0,38.0,0,0,1,1,0,0,1,0,0,0,0,0
PROP202207,15.0,Good,966.0,C,,48.0,1,0,0,1,1,0,1,1,0,0,0,0
PROP202208,17.0,Needs Renovation,2195.0,D,97.0,67.0,0,0,0,1,0,0,0,0,0,0,1,0
PROP202209,21.0,New,2034.0,E,87.0,39.0,0,0,0,0,0,0,0,0,1,0,1,1
PROP202210,36.0,Old,1887.0,D,82.0,67.0,1,0,0,0,0,0,0,1,0,0,0,0
PROP202211,39.0,Good,2624.0,E,93.0,53.0,0,0,0,0,0,0,1,0,1,1,0,0
PROP202212,29.0,New,2591.0,F,87.0,38.0,0,0,0,0,1,1,0,1,0,0,1,0
PROP202213,10.0,Needs Renovation,881.0,A,75.0,49.0,1,0,1,0,0,0,0,0,0,0,0,0
PROP202214,29.0,Good,4127.0,D,52.0,59.0,0,0,1,1,0,0,1,1,0,0,0,0
PROP202215,14.0,Needs Renovation,1888.0,D,50.0,66.0,0,0,0,0,0,0,0,1,0,1,0,0
PROP202216,7.0,Old,473.0,F,62.0,44.0,0,0,0,1,1,1,0,0,0,0,0,0
PROP202217,29.0,Needs Renovation,3431.0,B,80.0,56.0,0,1,0,0,0,1,0,1,0,1,1,0
PROP202218,2.0,Old,2281.0,E,,96.0,0,0,0,0,0,0,0,1,1,1,0,0
PROP202219,7.0,New,4011.0,A,,36.0,1,0,0,1,1,0,0,0,0,0,1,1
PROP202220,5.0,New,1914.0,F,81.0,,1,0,0,0,1,1,0,0,0,0,1,0
PROP202221,21.0,New,2274.0,F,86.0,,0,0,1,1,1,0,0,0,0,0,1,1
PROP202222,25.0,Old,4267.0,E,96.0,61.0,0,0,1,0,0,1,0,1,1,0,0,0
PROP202223,5.0,New,3017.0,A,49.0,,0,0,0,0,0,0,1,1,0,0,0,1
PROP202224,14.0,Good,629.0,E,45.0,78.0,1,0,1,0,0,1,1,0,0,0,1,0
PROP202225,23.0,Good,2145.0,F,49.0,67.0,0,1,1,0,0,0,0,0,1,0,0,1
PROP202226,15.0,New,1057.0,A,59.0,69.0,0,1,0,0,1,0,0,1,0,0,1,0
PROP202227,39.0,Good,523.0,C,42.0,37.0,0,0,1,1,0,0,0,0,0,1,1,0
PROP202228,16.0,New,4906.0,E,72.0,71.0,0,1,0,0,1,0,0,1,0,0,0,1
PROP202229,20.0,Good,3033.0,B,40.0,96.0,0,1,0,0,0,0,0,0,0,0,1,1
PROP202230,7.0,Good,1167.0,A,60.0,36.0,0,0,0,0,0,0,1,0,0,0,1,1
PROP202231,2.0,New,2280.0,C,45.0,55.0,0,0,0,0,1,1,0,1,1,1,0,0
PROP202232,0.0,Needs Renovation,2250.0,E,85.0,81.0,0,0,0,1,1,0,0,0,0,0,1,0
PROP202233,17.0,New,2313.0,C,92.0,76.0,0,0,0,0,1,0,0,0,0,0,1,1
PROP202234,0.0,Old,4204.0,E,86.0,98.0,0,1,0,1,0,0,0,0,0,0,0,1
PROP202235,13.0,New,3666.0,B,79.0,,0,1,0,1,0,0,0,1,1,0,0,0
PROP202236,29.0,Old,3963.0,C,89.0,41.0,0,1,0,1,0,0,1,0,1,0,0,0
PROP202237,3.0,Old,1260.0,D,98.0,31.0,0,1,0,1,0,0,0,0,1,0,1,0
PROP202238,4.0,Good,2342.0,C,41.0,30.0,1,1,0,0,0,1,0,0,0,0,1,1
PROP202239,36.0,New,2898.0,D,95.0,73.0,0,0,0,0,0,0,1,1,0,1,0,0
PROP202240,34.0,Old,2200.0,E,64.0,92.0,0,1,1,0,0,0,1,0,0,0,1,0
PROP202241,13.0,New,2138.0,C,79.0,43.0,0,1,0,1,0,0,0,0,0,0,1,0
PROP202242,22.0,Good,2305.0,B,,45.0,1,1,0,0,1,0,0,0,1,0,0,1
PROP202243,8.0,Old,5167.0,A,47.0,86.0,0,1,0,1,0,0,0,0,1,1,0,0
PROP202244,35.0,Needs Renovation,4141.0,B,83.0,83.0,0,0,0,0,0,1,0,1,1,0,0,0
PROP202245,10.0,New,3771.0,D,77.0,62.0,0,0,0,0,1,0,0,0,0,0,1,1
PROP202246,27.0,Old,2480.0,A,70.0,,0,1,0,1,0,1,0,0,0,0,1,0
PROP202247,33.0,Good,4568.0,B,68.0,52.0,1,1,0,0,0,1,1,0,0,0,1,0
PROP202248,29.0,Old,2480.0,F,66.0,69.0,0,0,0,0,0,1,1,0,0,0,0,1
PROP202249,38.0,New,3804.0,D,55.0,46.0,1,0,1,0,0,1,0,0,0,0,0,0
PROP202250,34.0,Old,3943.0,B,,39.0,0,0,1,0,1,0,0,1,0,1,1,0
PROP202251,34.0,New,3040.0,B,52.0,91.0,0,1,1,0,1,0,0,0,0,0,1,1
PROP202252,37.0,Good,0.0,A,88.0,75.0,0,0,0,1,1,0,1,1,0,0,0,1
PROP202253,8.0,Old,0.0,C,81.0,51.0,1,0,0,0,1,0,0,1,1,0,0,0
PROP202254,36.0,New,2222.0,B,83.0,46.0,1,0,0,0,0,1,0,0,0,0,0,1
PROP202255,8.0,Good,4308.0,D,89.0,,0,0,1,1,0,0,1,0,0,0,0,0
PROP202256,7.0,Needs Renovation,2587.0,C,47.0,53.0,1,1,1,0,1,0,0,0,1,0,0,0
PROP202257,2.0,Needs Renovation,2958.0,D,40.0,83.0,0,0,1,0,0,1,0,0,0,0,0,0
PROP202258,13.0,Needs Renovation,1102.0,C,65.0,38.0,0,0,0,0,1,0,0,0,0,0,1,0
PROP202259,5.0,Old,3421.0,B,79.0,81.0,1,0,0,0,0,1,0,0,1,1,0,0
PROP202260,17.0,Good,2916.0,B,40.0,88.0,1,0,0,0,1,1,0,0,1,0,0,0
PROP202261,5.0,Good,3098.0,A,97.0,74.0,0,0,1,1,0,0,1,1,1,0,0,0
PROP202262,,New,2480.0,A,98.0,82.0,0,0,0,1,0,0,0,0,0,0,0,1
PROP202263,0.0,New,904.0,A,98.0,31.0,1,0,0,0,0,0,0,0,1,0,0,0
PROP202264,34.0,Needs Renovation,5015.0,A,57.0,69.0,1,1,0,0,0,0,0,0,0,1,1,0
PROP202265,23.0,Old,4050.0,B,68.0,59.0,0,0,0,0,1,0,0,0,0,0,0,1
PROP202266,24.0,New,1259.0,D,52.0,67.0,0,0,0,0,1,1,0,0,0,0,0,1
PROP202267,0.0,New,2161.0,D,76.0,60.0,0,0,0,0,0,0,0,1,1,0,1,0
PROP202268,30.0,Needs Renovation,3119.0,A,42.0,34.0,0,0,0,1,0,0,0,0,0,0,1,1
PROP202269,15.0,Old,2758.0,D,92.0,30.0,1,1,0,0,0,1,1,0,0,0,1,0
PROP202270,35.0,Old,1052.0,D,67.0,66.0,0,0,1,0,1,0,1,1,0,0,0,0
PROP202271,35.0,Needs Renovation,0.0,D,65.0,93.0,0,0,0,0,0,0,0,0,1,1,0,0
PROP202272,11.0,Old,1023.0,E,71.0,63.0,0,1,1,1,0,0,1,0,0,1,0,0
PROP202273,22.0,Old,704.0,C,,,0,0,0,1,0,0,1,0,0,0,0,0
PROP202274,5.0,Needs Renovation,1169.0,B,44.0,98.0,1,0,0,1,0,0,0,0,0,0,0,0
PROP202275,15.0,Good,6045.0,B,68.0,84.0,0,1,1,0,1,1,0,1,0,0,0,0
PROP202276,10.0,Needs Renovation,2970.0,A,50.0,77.0,0,0,1,1,0,1,0,0,0,0,1,0
PROP202277,30.0,Old,2165.0,D,62.0,79.0,0,0,1,1,1,0,0,0,1,0,0,1
PROP202278,38.0,Good,4276.0,B,92.0,77.0,1,0,1,0,0,0,0,1,1,0,0,0
PROP202279,9.0,Good,2678.0,A,76.0,57.0,0,0,0,0,0,1,1,0,1,0,1,1
PROP202280,33.0,Good,3177.0,B,77.0,77.0,0,0,0,1,0,1,0,0,0,1,1,0
PROP202281,17.0,Old,3060.0,C,76.0,45.0,0,0,1,1,0,1,0,0,0,1,0,0
PROP202282,3.0,Old,2866.0,E,99.0,88.0,0,1,1,0,1,0,0,1,0,0,0,1
PROP202283,2.0,Old,4684.0,B,,80.0,0,1,0,0,0,0,0,0,0,0,1,0
PROP202284,34.0,Old,3401.0,B,79.0,32.0,0,0,1,1,1,1,0,0,0,0,0,0
PROP202285,5.0,New,2424.0,B,59.0,94.0,1,1,0,0,0,0,1,0,1,0,0,1
PROP202286,12.0,Good,3089.0,E,,80.0,1,0,0,1,1,0,0,0,0,1,1,0
PROP202287,15.0,New,2382.0,E,86.0,68.0,0,0,0,0,0,0,1,1,0,1,0,0
PROP202288,35.0,Old,3727.0,B,74.0,96.0,1,0,0,0,1,0,0,1,0,1,1,0
PROP202289,20.0,Old,2863.0,F,65.0,32.0,0,0,0,0,1,0,1,0,0,0,1,0
PROP202290,39.0,Old,3152.0,E,87.0,82.0,0,0,0,0,1,1,0,1,1,0,0,0
PROP202291,2.0,New,1590.0,C,91.0,59.0,0,0,1,1,1,1,0,0,0,0,0,1
PROP202292,30.0,Good,2532.0,A,57.0,77.0,1,0,0,1,1,0,1,0,0,0,1,0
PROP202293,12.0,New,879.0,F,96.0,60.0,0,0,0,1,0,0,1,1,0,0,0,0
PROP202294,18.0,Needs Renovation,3953.0,C,49.0,72.0,1,0,1,0,0,1,0,0,1,1,0,0
PROP202295,11.0,Good,2348.0,C,42.0,61.0,0,1,0,1,0,0,1,1,0,0,1,0
PROP202296,19.0,New,3593.0,D,95.0,86.0,0,0,0,0,0,1,1,0,1,0,0,0
PROP202297,24.0,Old,4004.0,C,97.0,97.0,0,1,0,1,0,0,0,0,0,0,1,0
PROP202298,0.0,New,1698.0,D,79.0,72.0,0,1,0,1,1,0,0,1,0,1,0,0
PROP202299,21.0,Good,2480.0,A,72.0,59.0,0,1,0,0,0,1,1,0,0,1,1,0
PROP202300,14.0,New,3894.0,A,96.0,93.0,1,0,0,1,0,0,1,0,1,0,0,0
PROP202301,25.0,Old,1314.0,A,85.0,36.0,0,0,0,0,0,1,0,0,1,0,0,0
PROP202302,19.0,New,3400.0,D,59.0,67.0,0,0,0,0,0,1,0,0,0,1,0,1
PROP202303,5.0,Old,4789.0,A,72.0,83.0,0,1,1,0,0,1,0,1,0,0,0,1
PROP202304,10.0,New,3588.0,F,98.0,73.0,0,0,0,0,0,0,0,0,1,1,0,0
PROP202305,23.0,Good,1958.0,C,52.0,83.0,0,1,0,0,1,0,0,0,0,0,1,0
PROP202306,17.0,New,2355.0,A,70.0,76.0,0,0,1,0,1,0,0,1,1,0,0,1
PROP202307,2.0,Old,2872.0,C,68.0,36.0,1,1,0,1,0,0,0,0,1,0,0,0
PROP202308,26.0,Old,1615.0,D,49.0,95.0,1,0,0,0,0,1,0,1,1,0,0,1
PROP202309,39.0,Needs Renovation,2133.0,F,,72.0,1,0,0,0,0,0,0,0,0,0,1,0
PROP202310,2.0,Old,736.0,B,80.0,89.0,0,0,0,1,0,0,0,1,0,1,1,0
PROP202311,12.0,Good,3838.0,E,95.0,51.0,0,0,1,0,0,0,0,0,0,0,1,0
PROP202312,13.0,Good,1932.0,E,62.0,30.0,1,0,1,1,0,0,1,0,0,0,0,0
PROP202313,20.0,Good,2944.0,D,80.0,80.0,0,0,0,0,1,1,1,0,0,0,0,1
PROP202314,5.0,Old,2911.0,E,82.0,86.0,0,1,1,0,0,0,0,0,1,1,0,0
PROP202315,27.0,New,3707.0,B,95.0,89.0,0,0,1,0,1,0,0,0,0,0,0,0
PROP202316,10.0,Old,3100.0,A,66.0,73.0,1,0,0,0,0,1,0,1,0,0,0,0
PROP202317,22.0,Old,3896.0,C,75.0,54.0,1,0,1,1,0,0,1,0,0,0,0,0
PROP202318,0.0,Good,3315.0,A,67.0,94.0,0,1,0,0,1,0,1,0,0,1,0,0
PROP202319,39.0,Good,2480.0,C,53.0,60.0,0,1,0,0,0,0,1,0,0,1,0,0
PROP202320,10.0,Old,2197.0,E,57.0,79.0,1,0,0,0,1,0,0,0,0,0,0,1
PROP202321,25.0,New,1356.0,B,,42.0,1,0,1,0,0,0,1,0,1,1,0,0
PROP202322,27.0,Good,2480.0,C,95.0,,0,0,1,0,0,0,0,0,0,0,0,1
PROP202323,4.0,Old,1141.0,B,84.0,92.0,1,0,0,0,0,0,0,0,1,0,1,0
PROP202324,12.0,Old,2480.0,F,50.0,65.0,0,0,1,0,0,0,1,0,1,0,0,0
PROP202325,20.0,Old,2091.0,B,82.0,32.0,0,0,0,1,0,0,0,0,0,1,1,0
PROP202326,19.0,Good,4027.0,B,73.0,41.0,0,0,0,0,0,1,1,0,0,0,0,0
PROP202327,8.0,Old,89.0,B,72.0,85.0,0,0,0,0,0,1,0,0,1,0,0,1
PROP202328,32.0,Needs Renovation,4329.0,D,76.0,42.0,1,0,1,0,1,0,1,0,0,0,0,0
PROP202329,19.0,New,1587.0,E,47.0,56.0,0,0,1,0,1,1,0,0,0,1,0,0
PROP202330,1.0,Needs Renovation,3649.0,A,63.0,43.0,0,0,0,1,0,1,0,0,0,0,1,0
PROP202331,28.0,Old,931.0,B,75.0,54.0,0,0,0,0,0,1,1,0,0,0,0,0
PROP202332,2.0,Good,647.0,C,81.0,34.0,0,0,0,1,0,0,0,1,0,0,1,0
PROP202333,34.0,Good,1457.0,F,77.0,44.0,0,1,0,0,0,0,0,1,0,1,1,0
PROP202334,32.0,Old,4939.0,B,46.0,38.0,0,1,0,1,0,0,1,0,1,1,0,0
PROP202335,27.0,Good,2496.0,B,,82.0,1,0,0,0,1,0,1,0,0,0,1,0
PROP202336,17.0,New,1810.0,F,,51.0,0,0,0,0,1,0,0,0,0,1,1,1
PROP202337,15.0,Old,2180.0,F,96.0,34.0,0,0,0,0,0,0,1,0,1,0,0,1
PROP202338,18.0,Good,3642.0,D,82.0,52.0,1,1,0,0,1,0,0,0,0,1,0,0
PROP202339,34.0,Old,2677.0,A,85.0,88.0,0,1,0,1,0,0,0,1,0,0,0,0
PROP202340,16.0,New,2777.0,A,89.0,90.0,0,0,1,0,0,0,0,0,0,1,0,0
PROP202341,0.0,New,1820.0,C,87.0,65.0,0,0,0,0,0,1,0,0,0,0,0,1
PROP202342,24.0,Good,3021.0,F,96.0,88.0,0,1,1,0,0,0,0,0,1,0,0,1
PROP202343,29.0,Old,2092.0,A,65.0,62.0,1,0,0,0,0,0,0,1,0,0,0,1
PROP202344,27.0,Needs Renovation,1868.0,E,85.0,52.0,1,0,1,0,1,0,0,0,0,0,0,1
PROP202345,3.0,New,2440.0,A,98.0,94.0,0,0,0,0,0,1,0,0,0,0,1,0
PROP202346,22.0,Good,4591.0,C,59.0,73.0,1,1,0,0,1,0,0,0,1,0,1,0
PROP202347,26.0,New,5664.0,F,72.0,40.0,1,1,0,0,0,0,0,1,0,0,1,0
PROP202348,5.0,Good,1279.0,C,46.0,60.0,0,0,0,0,0,0,0,1,0,1,1,1
PROP202349,20.0,Good,1526.0,A,53.0,31.0,0,0,0,1,0,1,0,1,0,0,1,0
PROP202350,38.0,New,5771.0,A,42.0,49.0,0,0,0,0,0,1,0,0,1,0,0,0
PROP202351,39.0,Needs Renovation,4509.0,D,68.0,88.0,0,0,1,0,0,0,0,0,0,0,0,1
PROP202352,20.0,Old,1987.0,D,80.0,68.0,0,0,1,0,1,0,0,1,1,0,0,0
PROP202353,34.0,Needs Renovation,719.0,D,90.0,59.0,0,0,0,0,1,1,1,0,0,1,0,0
PROP202354,28.0,New,3375.0,B,67.0,30.0,0,1,0,0,1,1,0,0,0,0,0,1
PROP202355,2.0,Old,5675.0,C,81.0,64.0,0,1,0,0,0,0,1,0,0,0,0,0
PROP202356,30.0,Old,1855.0,C,49.0,96.0,0,0,0,0,0,1,0,0,0,0,1,0
PROP202357,3.0,New,1687.0,D,80.0,98.0,1,0,0,0,0,0,0,0,1,0,0,1
PROP202358,17.0,Needs Renovation,1527.0,D,59.0,66.0,1,1,0,0,0,1,0,1,0,0,0,0
PROP202359,21.0,New,4225.0,E,,30.0,0,1,0,0,0,0,0,1,0,0,0,0
PROP202360,8.0,Good,0.0,C,68.0,67.0,1,0,1,0,1,0,1,0,0,0,1,0
PROP202361,8.0,New,3236.0,D,79.0,99.0,1,0,1,1,0,1,0,1,0,0,0,0
PROP202362,14.0,Needs Renovation,864.0,B,49.0,63.0,1,0,1,1,0,0,1,0,0,0,0,1
PROP202363,14.0,Old,2236.0,E,80.0,36.0,0,1,0,0,0,1,1,0,1,0,1,0
PROP202364,2.0,Good,2076.0,B,47.0,34.0,0,0,0,0,1,0,0,1,0,0,0,1
PROP202365,9.0,New,3395.0,D,84.0,85.0,0,1,0,0,1,0,0,1,1,0,0,0
PROP202366,6.0,Old,739.0,D,89.0,74.0,0,0,0,0,0,0,0,1,0,0,1,0
PROP202367,15.0,Needs Renovation,2563.0,F,44.0,54.0,0,1,0,0,1,0,0,0,1,1,0,1
PROP202368,2.0,New,3167.0,C,42.0,66.0,1,0,0,0,0,0,0,0,1,0,0,0
PROP202369,9.0,New,2574.0,B,79.0,44.0,0,0,1,0,0,1,0,0,0,0,0,0
PROP202370,21.0,New,3462.0,D,76.0,67.0,1,1,0,0,1,0,0,0,0,0,0,0
PROP202371,0.0,New,3791.0,F,44.0,55.0,0,0,1,0,1,0,0,0,0,0,1,0
PROP202372,0.0,Old,1720.0,A,68.0,97.0,0,1,0,0,0,0,0,1,0,1,0,0
PROP202373,28.0,New,3458.0,E,,,1,1,0,0,0,0,1,0,0,1,0,0
PROP202374,13.0,New,2381.0,B,93.0,46.0,0,0,0,0,0,0,1,1,0,0,0,0
PROP202375,2.0,New,4285.0,A,72.0,58.0,1,0,0,0,0,0,1,0,1,0,0,0
PROP202376,14.0,Needs Renovation,1280.0,C,98.0,55.0,1,0,0,0,1,0,0,1,0,1,0,0
PROP202377,35.0,Needs Renovation,2514.0,A,70.0,85.0,0,0,1,0,1,0,0,0,0,0,0,0
PROP202378,3.0,Needs Renovation,1337.0,A,86.0,67.0,0,1,1,0,0,0,0,0,0,0,0,0
PROP202379,37.0,Needs Renovation,2480.0,D,60.0,67.0,1,0,0,1,0,1,0,1,1,0,0,0
PROP202380,15.0,Good,2171.0,F,45.0,50.0,0,0,0,0,1,0,1,0,0,0,0,0
PROP202381,10.0,Old,1776.0,E,97.0,94.0,1,0,1,0,0,0,0,0,1,1,1,0
PROP202382,37.0,Good,574.0,D,,30.0,0,0,0,0,0,0,0,0,1,0,0,1
PROP202383,30.0,Needs Renovation,2310.0,B,95.0,32.0,1,0,0,0,0,0,0,0,0,0,1,1
PROP202384,33.0,Needs Renovation,3667.0,E,47.0,66.0,0,1,0,0,1,0,0,1,1,0,0,1
PROP202385,24.0,Good,5302.0,D,84.0,49.0,0,0,0,0,0,0,0,1,0,0,1,0
PROP202386,15.0,New,4048.0,A,40.0,67.0,1,0,0,0,1,1,0,0,1,1,0,0
PROP202387,6.0,Needs Renovation,3286.0,E,78.0,58.0,1,0,0,0,0,1,0,0,0,0,0,0
PROP202388,10.0,Good,3165.0,A,99.0,96.0,0,0,0,0,0,1,0,0,1,1,0,1
PROP202389,35.0,New,4237.0,B,74.0,90.0,0,0,0,0,1,0,0,1,0,1,1,1
PROP202390,31.0,Needs Renovation,2049.0,D,72.0,46.0,0,0,0,0,1,0,0,0,0,1,0,0
PROP202391,19.0,Old,3627.0,B,64.0,69.0,1,0,0,0,0,0,1,1,0,0,0,1
PROP202392,37.0,Needs Renovation,2835.0,C,54.0,84.0,0,1,0,0,0,0,0,0,0,1,0,0
PROP202393,,Old,4900.0,A,47.0,63.0,0,1,1,0,0,0,0,1,1,0,0,1
PROP202394,9.0,Old,2127.0,B,40.0,81.0,1,1,1,0,0,1,0,0,0,1,0,0
PROP202395,5.0,Good,4061.0,D,61.0,96.0,0,1,0,0,0,0,0,0,1,0,0,0
PROP202396,31.0,New,0.0,F,80.0,50.0,1,0,1,0,0,0,1,0,0,1,0,1
PROP202397,14.0,Good,1683.0,E,70.0,66.0,1,0,1,1,0,0,1,0,1,0,0,0
PROP202398,,Old,1500.0,A,89.0,98.0,0,1,0,0,0,0,0,1,1,0,1,1
PROP202399,34.0,Old,2321.0,F,41.0,42.0,0,1,1,1,1,0,0,0,0,0,0,0
PROP202400,18.0,Old,4337.0,C,53.0,79.0,1,1,0,0,0,1,0,0,0,1,0,1
PROP202401,29.0,Good,4011.0,C,87.0,57.0,0,0,0,0,0,0,0,0,1,1,0,0
PROP202402,17.0,Needs Renovation,3262.0,C,82.0,80.0,1,1,0,0,0,1,1,1,0,0,0,0
PROP202403,23.0,New,1228.0,E,48.0,54.0,0,1,0,0,1,0,0,0,0,0,0,1
PROP202404,19.0,New,2176.0,C,96.0,34.0,0,0,1,0,1,0,0,0,0,0,0,1
PROP202405,10.0,Needs Renovation,802.0,F,85.0,48.0,1,0,0,0,1,0,0,0,0,0,0,0
PROP202406,29.0,Needs Renovation,1831.0,A,89.0,88.0,0,0,0,1,1,1,1,0,1,0,0,0
PROP202407,,Needs Renovation,1492.0,B,54.0,40.0,0,1,0,0,0,0,0,0,1,0,0,1
PROP202408,,Needs Renovation,1859.0,D,51.0,79.0,0,0,1,1,0,0,0,0,0,0,0,0
PROP202409,8.0,Old,2480.0,A,71.0,52.0,0,1,0,0,0,0,0,0,1,1,0,1
PROP202410,8.0,Old,554.0,D,49.0,39.0,0,0,0,0,0,0,0,0,1,0,0,1
PROP202411,31.0,Needs Renovation,4320.0,A,45.0,64.0,1,0,0,1,0,0,0,0,1,1,1,0
PROP202412,14.0,Old,3018.0,D,40.0,,0,0,1,0,1,1,0,1,0,0,0,1
PROP202413,29.0,Needs Renovation,1015.0,B,88.0,85.0,1,0,0,0,0,0,0,1,0,0,0,1
PROP202414,9.0,Good,812.0,B,54.0,67.0,0,0,1,0,0,0,0,0,0,0,1,0
PROP202415,16.0,New,2893.0,B,63.0,79.0,0,0,1,0,0,0,0,1,0,0,0,0
PROP202416,7.0,New,3114.0,C,66.0,42.0,0,0,0,0,1,0,0,1,0,1,0,0
PROP202417,,Needs Renovation,2471.0,E,47.0,99.0,1,0,0,1,1,0,0,0,1,0,1,0
PROP202418,17.0,Good,983.0,F,68.0,97.0,1,0,1,0,0,0,0,0,1,0,0,0
PROP202419,9.0,Old,2266.0,E,59.0,36.0,0,0,1,0,1,0,0,0,1,1,0,0
PROP202420,30.0,New,2027.0,A,97.0,84.0,0,1,0,0,0,0,0,1,0,0,1,1
PROP202421,7.0,Old,1128.0,A,54.0,99.0,0,0,0,0,0,0,1,0,0,0,1,0
PROP202422,23.0,New,2480.0,F,85.0,76.0,1,0,1,0,0,1,0,0,0,0,0,0
PROP202423,34.0,Needs Renovation,3647.0,A,82.0,89.0,1,0,1,0,0,0,1,0,1,0,0,1
PROP202424,23.0,New,4061.0,C,,44.0,0,0,0,0,1,0,0,0,0,1,0,1
PROP202425,4.0,Old,3272.0,B,60.0,56.0,0,0,1,0,0,0,0,1,0,0,0,0
PROP202426,18.0,New,2480.0,E,55.0,33.0,0,0,0,0,0,0,1,0,0,0,1,0
PROP202427,35.0,Needs Renovation,2656.0,E,96.0,72.0,0,0,1,0,0,0,1,1,1,0,0,1
PROP202428,15.0,New,2664.0,F,99.0,89.0,0,0,1,0,0,1,0,1,0,0,1,0
PROP202429,7.0,Good,3738.0,D,76.0,98.0,1,0,0,1,0,0,0,0,0,0,0,0
PROP202430,16.0,Needs Renovation,1364.0,C,81.0,,0,1,0,1,0,0,0,0,0,0,1,0
PROP202431,5.0,New,1514.0,B,,59.0,0,0,0,1,0,0,0,0,0,0,0,1
PROP202432,10.0,Old,1021.0,C,75.0,76.0,0,0,0,1,1,0,1,1,0,0,0,0
PROP202433,19.0,Needs Renovation,2248.0,E,42.0,61.0,1,0,1,0,0,1,1,0,0,0,0,0
PROP202434,33.0,New,4013.0,B,52.0,31.0,0,0,0,1,1,0,1,0,0,1,0,0
PROP202435,20.0,New,1396.0,D,90.0,90.0,0,0,1,1,1,0,1,0,0,0,0,0
PROP202436,27.0,Needs Renovation,2480.0,A,52.0,57.0,0,0,1,0,1,0,0,0,1,0,0,0
PROP202437,9.0,New,1528.0,B,69.0,73.0,0,0,0,0,1,1,0,1,1,0,0,1
PROP202438,1.0,Needs Renovation,4341.0,C,69.0,41.0,0,0,0,0,0,0,0,0,1,0,1,0
PROP202439,19.0,Good,3410.0,F,89.0,63.0,0,1,0,0,1,0,1,0,0,1,1,0
PROP202440,13.0,Old,2480.0,B,40.0,77.0,0,0,0,0,1,1,0,1,1,0,1,0
PROP202441,36.0,Needs Renovation,2529.0,D,95.0,52.0,0,0,0,1,0,0,1,0,0,1,1,0
PROP202442,36.0,Good,3277.0,C,91.0,94.0,0,0,0,0,0,1,0,0,0,0,0,1
PROP202443,26.0,Good,3153.0,E,91.0,,0,0,0,0,0,0,0,0,1,0,1,0
PROP202444,30.0,New,2251.0,C,71.0,96.0,0,0,0,1,1,1,0,0,1,0,0,0
PROP202445,11.0,Old,3559.0,F,77.0,48.0,0,0,1,0,0,0,1,0,0,0,0,1
PROP202446,23.0,Needs Renovation,3297.0,B,52.0,43.0,0,1,0,1,0,0,0,1,1,0,0,1
PROP202447,1.0,Good,3338.0,B,48.0,96.0,0,0,0,0,0,1,1,0,0,1,1,0
PROP202448,29.0,Old,3075.0,A,91.0,56.0,0,0,0,0,0,0,0,1,0,1,0,0
PROP202449,8.0,Good,2480.0,E,61.0,67.0,0,0,1,0,0,1,0,0,0,0,1,0
PROP202450,12.0,Old,2480.0,E,48.0,47.0,1,0,0,0,0,0,1,0,0,1,1,0
PROP202451,19.0,Old,3126.0,C,50.0,75.0,0,1,0,1,0,1,0,0,1,0,0,0
PROP202452,35.0,Good,4807.0,D,47.0,84.0,0,0,1,1,0,1,1,0,0,0,0,0
PROP202453,35.0,Good,3495.0,D,72.0,93.0,0,0,0,0,0,1,0,1,1,0,0,0
PROP202454,33.0,Old,1521.0,B,87.0,65.0,0,1,0,0,1,1,0,0,0,0,1,0
PROP202455,11.0,New,1534.0,F,,46.0,1,0,0,0,1,0,0,1,0,0,0,1
PROP202456,26.0,New,3395.0,F,46.0,99.0,0,0,1,0,0,0,1,1,0,1,0,0
PROP202457,15.0,New,3200.0,D,93.0,74.0,0,0,0,0,0,0,1,0,0,1,1,1
PROP202458,23.0,New,1830.0,F,55.0,86.0,1,1,0,1,1,0,1,0,0,0,0,0
PROP202459,0.0,Old,4133.0,D,42.0,66.0,0,0,0,0,0,0,1,0,0,1,0,0
PROP202460,7.0,New,4259.0,F,70.0,53.0,1,0,1,0,0,1,0,0,0,0,0,1
PROP202461,6.0,Needs Renovation,678.0,B,65.0,86.0,0,0,0,0,1,0,0,0,0,0,1,0
PROP202462,25.0,New,3781.0,B,79.0,37.0,1,1,0,0,0,1,0,1,0,1,0,0
PROP202463,0.0,Old,1587.0,E,60.0,70.0,0,1,1,1,0,0,0,0,1,0,0,0
PROP202464,1.0,New,2218.0,E,,93.0,0,1,0,0,0,0,0,0,0,0,1,0
PROP202465,17.0,Good,1805.0,B,68.0,94.0,0,1,1,0,0,0,0,1,0,0,0,0
PROP202466,37.0,Old,1776.0,E,60.0,48.0,0,0,0,0,0,0,1,1,0,0,0,0
PROP202467,29.0,Old,1468.0,E,42.0,86.0,0,1,1,0,1,0,0,0,1,0,0,0
PROP202468,32.0,Old,2856.0,C,46.0,79.0,0,0,0,0,0,1,0,0,0,1,1,0
PROP202469,28.0,Good,735.0,C,96.0,42.0,0,0,0,1,0,0,0,0,0,1,1,1
PROP202470,7.0,New,0.0,F,93.0,71.0,0,0,1,0,0,0,1,0,0,0,0,0
PROP202471,19.0,Old,3253.0,B,42.0,99.0,0,0,0,0,1,1,0,0,1,1,1,0
PROP202472,23.0,New,1143.0,F,83.0,32.0,1,1,0,0,0,1,1,0,0,0,0,1
PROP202473,3.0,Good,3622.0,E,92.0,80.0,0,0,0,0,0,0,0,0,0,0,1,1
PROP202474,9.0,Good,878.0,C,40.0,95.0,0,0,0,1,0,0,0,0,1,0,0,0
PROP202475,30.0,New,633.0,C,41.0,30.0,0,0,1,0,0,1,0,1,0,0,1,0
PROP202476,38.0,Needs Renovation,1304.0,F,50.0,90.0,0,0,1,1,0,0,0,0,0,0,1,0
PROP202477,26.0,New,0.0,B,44.0,95.0,1,1,0,0,0,1,1,0,0,0,0,0
PROP202478,7.0,Old,2480.0,A,61.0,94.0,1,0,0,0,0,1,0,0,0,0,0,0
PROP202479,3.0,Good,2147.0,E,70.0,62.0,0,0,1,1,0,0,0,1,0,0,0,1
PROP202480,22.0,Needs Renovation,1733.0,C,85.0,90.0,0,0,1,0,1,1,0,0,0,0,1,1
PROP202481,27.0,Needs Renovation,1998.0,E,49.0,50.0,0,1,1,0,0,0,0,0,1,0,1,1
PROP202482,23.0,Needs Renovation,3144.0,A,,90.0,0,0,1,0,0,1,0,0,0,0,0,1
PROP202483,34.0,Needs Renovation,2480.0,D,59.0,73.0,1,0,0,0,0,0,0,0,0,0,0,1
PROP202484,26.0,New,3364.0,D,91.0,93.0,0,1,0,0,0,0,0,0,0,0,0,1
PROP202485,21.0,New,2106.0,A,72.0,69.0,0,0,0,1,1,0,0,0,1,0,0,0
PROP202486,35.0,New,2480.0,D,69.0,63.0,0,0,0,0,0,1,0,1,0,0,1,1
PROP202487,15.0,Good,400.0,C,61.0,81.0,1,0,0,0,0,1,0,0,0,0,0,0
PROP202488,12.0,New,636.0,C,98.0,74.0,1,0,1,0,1,0,0,0,0,0,0,0
PROP202489,18.0,Good,2454.0,E,51.0,98.0,0,0,0,1,0,0,1,0,0,0,0,0
PROP202490,6.0,Good,3256.0,B,68.0,80.0,0,1,1,0,0,0,0,1,0,0,0,0
PROP202491,2.0,Good,3032.0,E,97.0,95.0,0,0,0,0,1,0,0,0,1,1,0,0
PROP202492,13.0,Old,4325.0,C,84.0,51.0,1,1,0,0,1,0,1,0,0,0,1,0
PROP202493,15.0,Old,1728.0,D,85.0,40.0,0,1,0,1,0,0,0,0,0,0,1,0
PROP202494,29.0,New,2298.0,D,76.0,83.0,1,0,0,1,0,0,0,1,0,0,0,1
PROP202495,6.0,Good,1797.0,C,91.0,41.0,0,0,1,0,0,0,1,1,0,0,1,1
PROP202496,31.0,Needs Renovation,1786.0,D,88.0,63.0,1,0,1,0,0,1,0,0,0,1,0,0
PROP202497,7.0,Old,2350.0,D,65.0,97.0,0,0,0,0,1,0,0,0,0,1,0,0
PROP202498,27.0,Needs Renovation,540.0,B,44.0,89.0,0,1,0,0,0,0,0,0,0,1,0,0
PROP202499,22.0,Good,3688.0,D,44.0,62.0,1,0,0,0,0,0,0,0,1,1,1,0
PROP202500,14.0,Old,2669.0,A,40.0,98.0,0,0,0,1,1,0,1,0,0,0,0,0
PROP202501,6.0,Good,2847.0,E,81.0,,0,1,0,0,0,0,0,0,0,1,0,0
PROP202502,12.0,New,4160.0,B,75.0,48.0,0,0,0,0,0,1,1,0,0,1,1,0
PROP202503,17.0,New,2403.0,F,,69.0,1,0,0,0,1,1,0,0,0,0,1,0
PROP202504,13.0,New,2480.0,D,79.0,98.0,1,0,0,0,0,1,0,0,0,0,1,0
PROP202505,,New,1448.0,A,82.0,57.0,0,0,1,1,1,0,0,1,0,0,1,0
PROP202506,23.0,Needs Renovation,393.0,F,92.0,71.0,1,0,1,0,1,0,0,0,0,0,0,0
PROP202507,3.0,New,3549.0,A,59.0,63.0,0,1,0,0,0,0,0,0,1,1,0,0
PROP202508,18.0,New,1567.0,D,76.0,45.0,0,1,0,0,0,0,0,0,0,1,0,0
PROP202509,34.0,Good,2503.0,C,,,0,0,1,0,0,0,0,0,1,0,1,0
PROP202510,25.0,Good,3699.0,E,89.0,81.0,1,0,1,0,0,0,0,0,1,0,1,0
PROP202511,26.0,Old,4364.0,C,59.0,51.0,1,0,0,1,1,0,1,0,0,0,0,1
PROP202512,20.0,Old,2643.0,D,68.0,32.0,0,1,0,0,0,0,0,0,0,1,0,0
PROP202513,,New,620.0,F,93.0,52.0,0,0,0,1,0,1,0,1,0,0,0,0
PROP202514,38.0,Old,1865.0,F,50.0,40.0,1,1,1,0,0,0,0,0,0,0,0,0
PROP202515,17.0,Good,1228.0,B,55.0,79.0,0,0,1,1,1,0,0,1,1,0,0,0
PROP202516,6.0,Good,801.0,A,50.0,68.0,0,0,0,1,0,0,0,0,0,1,1,1
PROP202517,20.0,Good,3090.0,C,75.0,38.0,0,0,1,0,0,0,0,1,0,0,0,1
PROP202518,33.0,Old,832.0,D,68.0,73.0,0,1,0,0,0,0,0,0,0,1,0,1
PROP202519,25.0,New,1555.0,A,85.0,,0,0,1,0,0,1,0,1,0,0,0,0
PROP202520,6.0,New,869.0,D,81.0,38.0,1,0,0,1,0,1,0,0,0,0,0,0
PROP202521,20.0,Old,2739.0,F,44.0,57.0,0,1,0,0,0,0,0,1,0,0,0,0
PROP202522,37.0,Old,416.0,C,76.0,65.0,1,0,0,1,0,0,0,0,0,0,0,1
PROP202523,26.0,Good,2361.0,D,,97.0,0,0,0,0,0,1,0,0,0,0,1,1
PROP202524,,Good,919.0,E,61.0,,0,0,0,0,0,1,1,0,0,0,0,1
PROP202525,13.0,Good,3008.0,F,76.0,67.0,1,0,1,0,1,0,0,0,0,0,1,0
PROP202526,17.0,New,2375.0,A,91.0,94.0,1,0,0,0,0,0,0,0,0,0,1,1
PROP202527,36.0,Good,1159.0,F,66.0,60.0,0,0,0,1,1,0,0,1,0,1,0,1
PROP202528,26.0,Good,3016.0,B,94.0,41.0,0,0,0,0,0,1,0,0,0,1,0,0
PROP202529,37.0,New,3409.0,D,40.0,89.0,1,0,1,0,0,0,0,0,0,0,1,1
PROP202530,15.0,Old,3226.0,E,76.0,57.0,0,1,1,0,0,0,0,1,1,0,0,1
PROP202531,15.0,Needs Renovation,926.0,E,63.0,98.0,1,0,1,1,0,1,0,0,0,0,1,0
PROP202532,19.0,New,2988.0,F,62.0,59.0,1,1,0,1,0,0,0,0,1,0,0,1
PROP202533,,Good,3652.0,C,90.0,39.0,0,0,0,0,0,0,0,0,1,1,0,0
PROP202534,19.0,Needs Renovation,2220.0,E,53.0,,1,0,0,0,0,1,0,0,0,0,0,0
PROP202535,8.0,Needs Renovation,2480.0,A,67.0,90.0,0,0,0,1,0,0,0,1,0,0,0,0
PROP202536,,Old,2952.0,D,92.0,58.0,0,0,1,0,0,0,1,0,0,1,0,0
PROP202537,37.0,Needs Renovation,2684.0,E,52.0,98.0,1,0,1,1,0,0,0,0,0,0,0,0
PROP202538,15.0,Good,2152.0,D,71.0,96.0,0,0,0,0,0,0,0,1,1,0,0,0
PROP202539,8.0,Old,3191.0,F,94.0,57.0,0,1,1,1,0,0,1,0,1,0,0,0
PROP202540,3.0,Needs Renovation,728.0,D,61.0,96.0,1,0,1,0,0,0,1,0,1,1,0,0
PROP202541,10.0,Old,3560.0,C,,49.0,1,1,0,0,1,0,0,0,0,0,0,0
PROP202542,2.0,Old,3701.0,E,82.0,55.0,0,1,0,1,0,1,0,0,0,0,1,0
PROP202543,27.0,New,1426.0,B,,35.0,1,0,0,1,0,0,0,1,0,0,0,0
PROP202544,,New,1968.0,C,82.0,46.0,1,0,0,0,1,1,0,0,1,0,0,0
PROP202545,0.0,Good,3075.0,C,70.0,77.0,0,1,0,0,0,1,0,1,1,0,1,0
PROP202546,24.0,Good,3685.0,C,60.0,56.0,0,0,1,0,0,0,1,0,1,1,1,0
PROP202547,26.0,Old,639.0,E,65.0,64.0,1,1,0,0,1,1,0,0,0,0,0,0
PROP202548,28.0,New,4109.0,F,62.0,34.0,0,0,0,0,0,0,0,0,0,1,1,1
PROP202549,22.0,Good,1030.0,A,73.0,73.0,0,1,1,1,0,0,0,1,0,0,0,0
PROP202550,,Old,2797.0,F,92.0,32.0,0,1,0,0,0,1,1,0,0,0,0,1
PROP202551,10.0,New,1439.0,E,58.0,91.0,0,0,1,1,1,0,1,0,0,0,0,1
PROP202552,12.0,Old,2835.0,F,55.0,47.0,0,0,1,0,0,0,0,0,0,1,0,0
PROP202553,,New,2168.0,A,85.0,66.0,1,0,0,0,0,0,0,1,0,0,0,0
PROP202554,25.0,Needs Renovation,2071.0,A,60.0,87.0,1,1,0,1,0,0,0,1,0,0,1,0
PROP202555,10.0,New,2542.0,C,82.0,58.0,1,1,0,0,1,1,1,0,0,0,0,0
PROP202556,7.0,Needs Renovation,930.0,B,90.0,79.0,0,1,0,1,0,0,0,1,0,1,1,0
PROP202557,6.0,Old,3554.0,B,41.0,81.0,0,0,1,0,0,0,1,0,0,0,1,0
PROP202558,23.0,New,3940.0,E,48.0,61.0,0,1,0,0,0,0,0,0,1,1,1,0
PROP202559,28.0,Good,790.0,B,52.0,81.0,0,1,0,0,0,1,0,0,1,0,0,0
PROP202560,2.0,Good,2623.0,B,74.0,99.0,1,0,0,0,0,0,1,0,0,1,0,1
PROP202561,10.0,Old,2480.0,C,60.0,88.0,0,1,0,0,0,0,0,0,0,0,1,0
PROP202562,0.0,Needs Renovation,1241.0,C,49.0,88.0,0,1,1,0,0,1,1,1,0,0,0,0
PROP202563,4.0,Good,2020.0,F,89.0,66.0,1,0,0,1,1,0,0,0,0,0,1,1
PROP202564,3.0,Good,2559.0,C,42.0,76.0,0,0,0,0,0,0,0,1,0,0,1,0
PROP202565,35.0,Good,3188.0,C,59.0,78.0,1,0,0,0,0,0,1,1,1,1,0,0
PROP202566,32.0,Good,3290.0,A,57.0,70.0,0,0,1,0,0,0,0,0,0,0,1,1
PROP202567,0.0,New,1584.0,A,85.0,49.0,0,1,0,1,0,1,0,0,1,1,0,0
PROP202568,31.0,Good,1698.0,A,,89.0,0,0,1,0,0,0,0,0,1,0,0,0
PROP202569,19.0,Good,2731.0,D,87.0,66.0,0,0,0,1,0,1,1,1,0,0,0,0
PROP202570,3.0,Good,3061.0,B,65.0,52.0,0,0,1,0,0,0,0,0,0,0,1,0
PROP202571,33.0,New,4247.0,D,70.0,48.0,1,0,0,0,1,0,0,0,0,0,0,0
PROP202572,0.0,New,1222.0,D,84.0,71.0,1,0,0,0,1,0,1,0,0,1,0,1
PROP202573,8.0,Good,1404.0,C,,69.0,0,0,0,0,0,0,0,0,1,0,1,1
PROP202574,9.0,Old,4604.0,D,,,0,0,0,1,1,1,0,1,0,0,0,0
PROP202575,9.0,Old,3377.0,E,80.0,67.0,0,0,0,0,0,0,1,1,1,0,0,0
PROP202576,17.0,Old,1598.0,E,47.0,70.0,0,0,1,1,0,0,0,0,0,0,0,1
PROP202577,7.0,New,4504.0,A,88.0,49.0,0,1,0,0,0,0,0,0,1,0,1,1
PROP202578,4.0,New,3611.0,E,61.0,91.0,1,0,0,1,0,0,0,0,1,0,0,0
PROP202579,30.0,New,2651.0,F,95.0,46.0,1,0,0,0,0,0,0,0,1,0,0,0
PROP202580,6.0,New,1864.0,E,83.0,88.0,1,0,0,0,0,1,0,1,0,1,1,0
PROP202581,9.0,New,2898.0,F,68.0,30.0,0,1,0,0,0,0,0,0,1,0,0,0
PROP202582,36.0,Good,3270.0,A,84.0,54.0,0,0,1,1,0,0,0,1,0,0,1,0
PROP202583,,Good,324.0,C,81.0,40.0,1,0,0,1,0,0,1,1,0,1,0,0
PROP202584,19.0,New,3950.0,C,72.0,62.0,0,0,0,0,0,0,0,0,0,0,1,1
PROP202585,6.0,Old,2616.0,B,69.0,30.0,1,1,1,0,0,0,0,0,0,0,0,0
PROP202586,21.0,Good,2838.0,E,,,1,1,0,0,0,0,0,0,0,0,0,1
PROP202587,23.0,New,1410.0,F,71.0,,0,0,1,0,1,1,0,0,0,0,1,1
PROP202588,1.0,Good,1225.0,F,51.0,99.0,0,0,1,1,0,0,1,0,0,0,1,0
PROP202589,15.0,Good,3308.0,B,91.0,36.0,0,0,0,0,1,0,1,0,0,0,0,0
PROP202590,,New,3720.0,F,,94.0,0,1,0,1,0,1,0,1,0,0,0,0
PROP202591,29.0,Old,3901.0,C,81.0,64.0,0,0,1,0,0,0,0,0,0,0,1,0
PROP202592,4.0,Old,2764.0,A,41.0,88.0,0,0,1,0,1,0,0,0,0,1,0,0
PROP202593,6.0,New,2662.0,E,62.0,97.0,0,1,1,0,1,0,0,1,0,0,0,1
PROP202594,1.0,Good,2480.0,E,72.0,78.0,0,0,0,0,0,0,1,1,1,0,1,0
PROP202595,16.0,New,758.0,D,61.0,41.0,0,0,1,0,0,0,0,1,0,0,0,1
PROP202596,25.0,Needs Renovation,2050.0,C,76.0,64.0,1,0,0,0,0,0,0,1,0,1,0,1
PROP202597,26.0,Old,2381.0,A,83.0,78.0,0,0,0,0,0,1,0,0,1,0,0,0
PROP202598,31.0,Old,3058.0,C,62.0,77.0,1,0,0,0,1,0,0,0,1,1,0,0
PROP202599,36.0,Old,1778.0,F,,96.0,0,1,0,0,0,1,0,0,0,0,0,0
PROP202600,12.0,Good,892.0,B,63.0,93.0,1,1,0,1,0,0,1,0,0,1,0,0
PROP202601,30.0,Needs Renovation,3368.0,B,96.0,32.0,0,0,1,0,0,0,0,1,0,0,0,0
PROP202602,0.0,Good,2819.0,B,,,0,0,1,0,1,1,0,0,0,0,1,1
PROP202603,34.0,Needs Renovation,3867.0,E,97.0,96.0,1,0,1,0,1,0,0,0,1,1,0,0
PROP202604,31.0,Good,5058.0,B,40.0,86.0,0,0,0,1,0,0,0,1,0,0,1,0
PROP202605,18.0,Good,2307.0,B,84.0,98.0,1,0,0,1,0,0,0,0,0,1,0,0
PROP202606,2.0,Good,5996.0,E,85.0,42.0,1,1,0,0,0,0,0,0,0,0,0,0
PROP202607,21.0,Good,2953.0,A,63.0,81.0,0,0,0,0,0,1,0,0,0,1,0,0
PROP202608,16.0,Needs Renovation,4293.0,E,87.0,45.0,0,1,0,0,0,1,1,1,0,0,0,0
PROP202609,2.0,Needs Renovation,3197.0,B,67.0,,0,1,1,0,1,0,0,0,0,1,0,1
PROP202610,28.0,New,2391.0,A,64.0,51.0,1,1,0,0,0,0,1,0,0,0,0,1
PROP202611,8.0,New,3093.0,E,99.0,33.0,1,1,0,0,0,1,0,0,1,0,1,0
PROP202612,12.0,Good,2726.0,D,44.0,70.0,1,0,0,0,0,1,0,0,1,0,1,0
PROP202613,,Good,2480.0,A,90.0,40.0,1,0,1,0,0,1,0,0,1,0,1,0
PROP202614,14.0,Needs Renovation,2808.0,E,97.0,73.0,0,0,1,0,0,0,0,0,0,0,1,0
PROP202615,,Old,2480.0,D,88.0,54.0,0,0,1,1,0,0,0,1,0,0,1,1
PROP202616,5.0,Good,1548.0,B,62.0,66.0,1,1,0,0,0,0,0,0,0,0,0,0
PROP202617,18.0,New,1007.0,A,80.0,83.0,0,0,0,0,0,1,0,0,0,0,0,1
PROP202618,25.0,Old,3681.0,C,58.0,74.0,0,0,0,1,1,0,0,1,0,0,0,0
PROP202619,13.0,New,2483.0,F,87.0,77.0,0,1,0,0,0,0,1,0,0,0,0,0
PROP202620,12.0,Good,2223.0,E,56.0,98.0,1,1,0,0,0,1,1,0,1,0,0,0
PROP202621,15.0,Old,3441.0,E,79.0,33.0,0,0,1,0,0,0,0,0,0,1,0,0
PROP202622,1.0,Needs Renovation,2907.0,C,56.0,49.0,0,0,0,0,0,0,0,1,1,0,0,0
PROP202623,14.0,Good,1978.0,B,75.0,49.0,0,0,0,1,0,0,0,0,0,1,0,0
PROP202624,39.0,Good,3121.0,B,95.0,77.0,0,0,0,0,0,0,0,1,0,1,0,0
PROP202625,21.0,New,169.0,F,,73.0,1,0,0,1,0,0,0,0,0,0,1,0
PROP202626,33.0,Good,2247.0,D,79.0,47.0,0,0,0,0,0,1,0,1,0,0,0,0
PROP202627,17.0,New,3540.0,F,69.0,64.0,0,1,1,1,0,0,0,0,1,0,0,1
PROP202628,18.0,Old,1667.0,B,51.0,35.0,0,0,1,0,0,1,1,0,0,0,1,1
PROP202629,25.0,New,3873.0,C,,77.0,0,0,1,1,0,0,1,0,0,0,0,0
PROP202630,34.0,Good,3699.0,C,52.0,85.0,0,1,0,0,0,0,1,1,0,0,0,1
PROP202631,27.0,Needs Renovation,1385.0,E,84.0,67.0,1,1,1,0,0,0,1,0,1,0,0,0
PROP202632,25.0,Old,4197.0,B,99.0,31.0,0,0,0,0,0,0,0,1,1,0,0,0
PROP202633,33.0,Needs Renovation,1187.0,A,64.0,96.0,1,1,0,0,0,0,1,0,0,0,1,0
PROP202634,20.0,Good,3279.0,C,64.0,39.0,0,0,0,0,0,0,1,0,0,1,0,0
PROP202635,38.0,Needs Renovation,1989.0,A,91.0,45.0,0,1,1,1,0,0,0,0,0,0,0,1
PROP202636,19.0,Old,2434.0,C,85.0,51.0,0,1,0,1,0,0,1,0,1,0,0,0
PROP202637,7.0,New,1459.0,C,55.0,58.0,0,0,1,0,0,0,0,1,0,0,0,1
PROP202638,26.0,Good,3280.0,E,47.0,82.0,0,0,1,0,1,0,0,0,0,1,1,0
PROP202639,25.0,New,1793.0,D,43.0,90.0,0,1,1,0,0,0,0,0,0,0,0,0
PROP202640,37.0,Old,2540.0,E,44.0,47.0,0,0,0,0,1,1,0,1,0,1,1,0
PROP202641,32.0,Good,2245.0,F,94.0,40.0,0,0,0,0,0,1,1,1,0,0,0,0
PROP202642,27.0,New,912.0,F,68.0,66.0,0,0,0,0,0,1,1,0,0,0,0,0
PROP202643,25.0,Good,1448.0,A,96.0,82.0,0,1,1,1,0,0,0,0,0,0,0,0
PROP202644,16.0,New,1668.0,A,,50.0,0,1,0,0,0,0,0,1,1,0,0,0
PROP202645,34.0,Old,2480.0,C,86.0,88.0,0,1,1,1,1,0,0,0,0,1,0,0
PROP202646,25.0,Needs Renovation,3327.0,F,79.0,88.0,0,0,0,1,1,1,0,0,0,0,1,0
PROP202647,5.0,New,2956.0,A,78.0,62.0,1,0,1,0,0,0,0,0,0,0,0,0
PROP202648,21.0,Old,4189.0,A,63.0,83.0,0,0,0,1,1,0,0,1,0,0,0,1
PROP202649,5.0,Needs Renovation,3110.0,F,55.0,45.0,0,0,0,0,0,0,1,0,1,0,1,0
PROP202650,10.0,Needs Renovation,1464.0,C,,87.0,0,0,0,0,1,1,0,0,1,1,0,1
PROP202651,36.0,New,3479.0,F,67.0,62.0,0,1,1,1,0,0,0,0,0,0,0,0
PROP202652,28.0,Good,2312.0,A,82.0,83.0,1,0,0,1,0,0,0,0,0,1,0,0
PROP202653,36.0,New,2411.0,A,41.0,53.0,0,1,0,0,0,0,0,1,0,1,0,1
PROP202654,0.0,Good,1803.0,A,74.0,53.0,0,0,1,1,0,0,0,0,1,1,0,1
PROP202655,37.0,Good,1839.0,A,56.0,55.0,0,1,0,0,1,0,0,0,0,1,0,1
PROP202656,35.0,Good,3016.0,C,63.0,43.0,0,0,0,0,0,1,1,1,1,0,0,0
PROP202657,37.0,Old,1883.0,F,88.0,86.0,1,0,1,0,1,0,0,1,0,1,0,0
PROP202658,31.0,New,2609.0,E,84.0,51.0,0,0,0,1,1,0,1,0,0,1,0,1
PROP202659,10.0,Needs Renovation,2548.0,D,51.0,66.0,0,0,1,0,0,0,1,0,0,0,0,0
PROP202660,21.0,New,1173.0,F,67.0,69.0,0,0,0,0,0,0,0,0,1,0,1,0
PROP202661,5.0,Good,3669.0,F,83.0,,0,0,1,0,0,0,0,0,1,0,0,1
PROP202662,11.0,Old,1187.0,E,48.0,86.0,0,1,1,1,0,1,0,0,0,0,1,0
PROP202663,12.0,Good,3753.0,A,50.0,81.0,1,0,1,0,1,1,0,0,0,1,0,0
PROP202664,30.0,Good,2976.0,F,73.0,94.0,0,0,0,1,1,0,0,1,1,0,0,0
PROP202665,2.0,Old,3821.0,A,88.0,65.0,1,0,1,0,1,0,0,0,0,1,0,0
PROP202666,23.0,Old,1744.0,E,42.0,49.0,1,0,0,0,0,1,1,0,1,0,0,0
PROP202667,16.0,Old,2202.0,C,81.0,55.0,0,0,0,1,1,0,0,0,0,0,1,1
PROP202668,25.0,Good,2452.0,F,43.0,77.0,0,1,0,0,1,0,1,0,0,0,0,0
PROP202669,26.0,Old,2630.0,A,42.0,44.0,0,0,1,0,0,0,1,0,0,0,0,1
PROP202670,27.0,Old,2465.0,A,71.0,98.0,0,0,0,0,1,1,1,0,0,0,0,0
PROP202671,33.0,New,4163.0,A,92.0,98.0,0,0,0,0,0,0,0,0,1,1,0,0
PROP202672,18.0,Old,2010.0,F,91.0,33.0,1,0,0,1,0,0,0,0,0,0,0,1
PROP202673,14.0,Good,2529.0,B,97.0,71.0,0,0,1,0,1,0,0,0,0,0,0,1
PROP202674,37.0,Old,2609.0,A,57.0,86.0,0,1,0,1,0,0,0,0,1,1,1,0
PROP202675,11.0,Needs Renovation,2817.0,C,46.0,67.0,1,0,1,0,0,1,0,0,0,0,0,0
PROP202676,6.0,Good,3288.0,E,69.0,74.0,0,0,1,0,0,1,1,0,0,0,1,0
PROP202677,2.0,New,3354.0,D,66.0,30.0,1,0,0,0,0,1,0,0,0,0,1,0
PROP202678,34.0,Good,3314.0,C,58.0,93.0,0,0,0,0,0,1,0,1,1,1,0,1
PROP202679,9.0,Old,3069.0,E,66.0,84.0,0,1,0,0,0,0,0,1,0,1,0,1
PROP202680,26.0,Good,724.0,C,72.0,43.0,0,1,0,0,1,0,0,1,1,0,1,0
PROP202681,17.0,Good,3520.0,C,88.0,58.0,0,0,0,0,0,0,0,0,0,1,1,0
PROP202682,19.0,Good,4310.0,F,50.0,32.0,0,0,0,0,1,0,0,0,0,0,1,0
PROP202683,7.0,Old,3005.0,B,72.0,79.0,0,0,0,1,1,0,0,0,0,0,0,0
PROP202684,0.0,New,4113.0,D,94.0,45.0,0,1,0,1,0,0,0,0,1,0,1,0
PROP202685,12.0,Good,1184.0,B,57.0,89.0,1,0,1,0,0,0,0,1,0,0,0,0
PROP202686,26.0,Old,1460.0,E,50.0,38.0,0,1,0,0,1,0,1,0,0,0,1,0
PROP202687,19.0,Needs Renovation,2480.0,E,83.0,68.0,0,1,0,1,0,0,0,1,0,0,1,0
PROP202688,,New,1145.0,B,99.0,90.0,0,1,0,0,0,1,0,1,1,0,1,0
PROP202689,35.0,New,1003.0,F,73.0,53.0,1,1,1,0,1,0,0,0,0,0,0,1
PROP202690,24.0,New,2480.0,F,59.0,93.0,0,0,1,0,1,0,1,0,0,1,0,1
PROP202691,36.0,Old,2448.0,E,48.0,39.0,1,0,0,0,1,0,0,0,0,0,1,1
PROP202692,23.0,Old,3209.0,E,76.0,31.0,0,0,0,0,0,0,0,0,0,1,1,0
PROP202693,28.0,Old,1923.0,B,67.0,84.0,0,1,0,0,0,0,0,0,1,1,0,0
PROP202694,23.0,New,1382.0,A,49.0,79.0,0,1,0,0,0,0,0,1,0,0,1,0
PROP202695,39.0,New,3405.0,F,84.0,37.0,0,0,0,0,1,1,0,1,1,1,0,0
PROP202696,5.0,Old,2480.0,B,74.0,50.0,0,1,0,0,0,0,1,0,1,1,0,0
PROP202697,35.0,Old,2729.0,B,78.0,40.0,0,1,1,0,0,1,0,0,1,1,0,0
PROP202698,39.0,Old,2480.0,A,99.0,70.0,1,0,1,0,0,0,0,1,0,0,0,1
PROP202699,5.0,New,2525.0,E,47.0,61.0,0,0,1,0,0,1,0,0,0,0,1,1
PROP202700,11.0,Good,3380.0,D,71.0,32.0,0,1,1,0,0,1,0,1,0,0,1,0
PROP202701,39.0,New,4036.0,F,91.0,94.0,0,0,0,0,1,0,0,1,0,0,0,0
PROP202702,12.0,Needs Renovation,1430.0,E,,49.0,0,1,1,0,0,0,0,0,1,1,1,0
PROP202703,,Needs Renovation,1330.0,F,93.0,56.0,0,0,0,0,0,0,0,1,1,0,0,0
PROP202704,0.0,Needs Renovation,3059.0,A,,60.0,1,0,0,0,0,0,1,0,0,1,0,0
PROP202705,35.0,Good,2765.0,A,62.0,86.0,0,0,0,1,0,0,0,0,1,0,0,1
PROP202706,14.0,New,2480.0,E,64.0,96.0,1,1,0,0,0,0,0,1,0,1,0,1
PROP202707,37.0,New,2785.0,B,54.0,73.0,0,0,0,0,1,1,1,0,1,1,0,0
PROP202708,25.0,Old,2429.0,A,66.0,89.0,0,0,1,0,0,0,0,0,1,0,0,1
PROP202709,24.0,Needs Renovation,4160.0,B,43.0,37.0,0,0,1,1,0,0,0,0,0,0,0,0
PROP202710,10.0,Old,2997.0,A,70.0,82.0,0,0,0,0,0,1,0,0,1,0,0,0
PROP202711,2.0,Needs Renovation,4607.0,A,45.0,55.0,0,0,0,1,0,0,0,0,0,1,0,1
PROP202712,15.0,New,3154.0,C,60.0,75.0,1,0,0,1,0,1,0,0,1,1,0,0
PROP202713,8.0,Needs Renovation,1886.0,E,58.0,43.0,0,0,0,0,1,0,1,0,0,0,0,0
PROP202714,15.0,New,4095.0,B,51.0,72.0,0,0,1,0,1,0,0,0,1,0,0,0
PROP202715,26.0,Good,3751.0,C,60.0,50.0,0,1,0,0,0,0,1,1,0,0,0,1
PROP202716,11.0,Old,0.0,F,,70.0,0,0,1,0,0,0,0,0,0,1,0,0
PROP202717,24.0,Old,4052.0,F,78.0,41.0,1,0,1,0,0,0,1,1,0,1,0,0
PROP202718,38.0,Good,3491.0,E,53.0,47.0,1,1,0,0,0,0,0,0,0,1,1,0
PROP202719,26.0,Good,2834.0,D,61.0,90.0,0,0,0,0,0,1,1,1,0,0,0,0
PROP202720,1.0,New,929.0,F,86.0,41.0,0,1,0,0,1,0,1,0,0,0,0,0
PROP202721,10.0,Good,2211.0,A,56.0,55.0,0,0,1,0,0,0,0,0,1,0,0,1
PROP202722,7.0,Good,2346.0,C,54.0,76.0,0,0,0,0,0,0,1,1,0,0,0,1
PROP202723,9.0,Good,2373.0,D,,68.0,0,0,0,0,0,0,0,0,1,0,0,1
PROP202724,11.0,Good,4008.0,B,,33.0,0,0,0,1,0,1,0,0,0,0,0,1
PROP202725,13.0,Needs Renovation,2480.0,E,40.0,93.0,0,0,1,0,0,1,0,0,0,0,0,0
PROP202726,8.0,Good,3067.0,B,82.0,42.0,0,0,1,0,0,0,0,1,0,1,1,1
PROP202727,12.0,Old,2561.0,C,51.0,81.0,0,1,0,1,0,1,0,0,0,0,0,0
PROP202728,12.0,Good,2665.0,C,88.0,58.0,0,0,0,0,1,0,0,0,0,0,1,0
PROP202729,27.0,Old,4787.0,F,65.0,60.0,0,0,0,0,1,0,0,1,1,0,0,1
PROP202730,2.0,New,2275.0,B,69.0,31.0,0,0,1,1,0,0,0,0,0,0,1,0
PROP202731,,New,2992.0,A,77.0,50.0,0,0,0,0,0,0,0,0,0,1,1,0
PROP202732,16.0,Needs Renovation,2463.0,B,72.0,82.0,0,0,1,0,0,1,0,0,1,1,1,0
PROP202733,13.0,Good,4171.0,A,85.0,72.0,0,0,0,0,0,0,0,1,0,1,0,1
PROP202734,10.0,Good,3216.0,F,60.0,41.0,0,0,1,0,0,0,1,0,1,1,0,0
PROP202735,6.0,Good,3864.0,E,83.0,97.0,0,1,1,0,1,1,0,1,0,0,0,0
PROP202736,,Good,1699.0,E,54.0,32.0,0,1,0,0,1,0,0,0,0,0,0,0
PROP202737,28.0,Old,4608.0,F,81.0,46.0,0,0,0,0,1,0,0,1,0,1,1,1
PROP202738,0.0,Old,898.0,D,99.0,84.0,0,1,0,1,0,0,1,1,0,0,0,0
PROP202739,24.0,Old,0.0,C,49.0,98.0,0,0,0,0,0,0,0,0,1,1,0,0
PROP202740,10.0,Old,3854.0,E,,47.0,0,1,1,0,0,0,0,0,0,0,0,0
PROP202741,15.0,Old,2884.0,F,56.0,,1,1,1,1,0,0,0,0,0,0,1,0
PROP202742,6.0,New,3721.0,F,88.0,36.0,1,0,1,0,1,0,0,1,1,0,0,0
PROP202743,36.0,Needs Renovation,1874.0,E,61.0,48.0,0,0,0,1,0,0,1,0,1,1,1,0
PROP202744,10.0,Needs Renovation,1493.0,C,62.0,85.0,0,0,0,1,0,1,0,0,0,0,0,0
PROP202745,16.0,Needs Renovation,2932.0,B,95.0,91.0,0,0,0,0,0,0,1,0,0,1,0,1
PROP202746,1.0,Old,3102.0,C,73.0,94.0,0,0,0,1,1,0,0,0,0,0,0,1
PROP202747,,Old,1221.0,A,46.0,54.0,0,1,1,0,0,1,0,0,0,0,0,0
PROP202748,4.0,Needs Renovation,2768.0,B,46.0,93.0,1,0,1,1,1,0,1,0,0,0,0,0
PROP202749,37.0,Needs Renovation,1623.0,B,,45.0,0,1,0,0,0,0,0,0,0,0,1,0
PROP202750,18.0,Needs Renovation,3042.0,D,57.0,68.0,1,0,0,0,0,0,1,0,1,0,0,1
PROP202751,33.0,Good,786.0,E,40.0,91.0,1,0,0,0,1,0,0,0,0,0,0,0
PROP202752,27.0,Old,3410.0,C,85.0,61.0,0,1,0,1,0,0,1,0,1,1,0,0
PROP202753,39.0,Good,1721.0,F,81.0,33.0,0,1,0,0,1,1,0,0,0,1,0,1
PROP202754,2.0,New,0.0,F,69.0,35.0,0,0,0,0,1,1,0,0,0,1,1,1
PROP202755,33.0,New,2480.0,B,53.0,89.0,1,0,0,1,1,0,0,0,0,0,1,0
PROP202756,18.0,Needs Renovation,0.0,D,68.0,57.0,1,0,0,0,1,0,0,0,1,1,0,1
PROP202757,36.0,New,1563.0,B,46.0,,1,0,1,1,0,0,1,0,0,0,0,1
PROP202758,21.0,Old,2029.0,C,61.0,32.0,0,0,1,0,1,1,0,0,0,1,0,1
PROP202759,38.0,Needs Renovation,4005.0,D,,44.0,0,0,0,0,0,0,0,1,1,0,0,0
PROP202760,24.0,Old,2067.0,C,70.0,87.0,0,0,0,0,1,0,0,1,1,0,0,0
PROP202761,14.0,Needs Renovation,1872.0,B,55.0,96.0,1,0,0,0,1,0,1,0,1,0,0,0
PROP202762,3.0,Needs Renovation,3934.0,A,66.0,88.0,0,0,1,0,0,0,0,0,0,0,0,1
PROP202763,5.0,Good,2832.0,D,75.0,80.0,1,1,1,1,0,0,0,0,0,0,0,0
PROP202764,15.0,Good,2793.0,C,67.0,,1,0,1,0,1,0,1,0,0,0,1,0
PROP202765,37.0,Needs Renovation,3557.0,D,42.0,37.0,0,1,0,0,0,0,1,0,0,0,0,0
PROP202766,,Needs Renovation,0.0,A,,31.0,0,0,0,0,1,1,1,1,0,0,1,0
PROP202767,32.0,Needs Renovation,2630.0,C,55.0,99.0,0,0,0,1,0,0,0,1,1,1,0,0
PROP202768,2.0,Needs Renovation,3471.0,F,54.0,52.0,0,0,0,1,0,0,0,0,0,1,0,0
PROP202769,15.0,Needs Renovation,3258.0,F,64.0,94.0,0,0,1,0,1,0,1,0,0,0,0,0
PROP202770,25.0,Good,3659.0,A,43.0,63.0,1,0,0,1,0,0,0,1,0,0,0,0
PROP202771,5.0,Needs Renovation,2218.0,F,94.0,72.0,0,0,0,0,1,0,0,0,1,1,0,0
PROP202772,34.0,New,2452.0,A,55.0,95.0,1,0,0,0,1,0,0,0,0,0,0,0
PROP202773,5.0,Needs Renovation,2480.0,C,54.0,66.0,0,1,0,0,1,1,0,0,1,0,1,0
PROP202774,12.0,Good,2565.0,B,,31.0,0,0,0,1,0,1,1,0,0,0,1,0
PROP202775,1.0,New,2480.0,D,73.0,88.0,1,0,0,1,0,0,0,0,0,0,0,0
PROP202776,8.0,Good,852.0,A,63.0,39.0,0,0,0,0,0,0,0,1,0,1,0,1
PROP202777,,Good,540.0,E,98.0,84.0,1,0,1,1,0,1,0,0,0,1,0,0
PROP202778,,New,3771.0,E,87.0,36.0,0,0,0,0,1,0,0,1,1,0,1,0
PROP202779,34.0,New,4065.0,A,41.0,40.0,0,0,1,0,1,0,1,0,0,0,1,0
PROP202780,36.0,Old,1456.0,B,96.0,94.0,1,0,0,0,0,0,0,0,0,0,1,0
PROP202781,30.0,Needs Renovation,1330.0,A,84.0,97.0,0,0,0,1,1,0,0,0,0,0,1,0
PROP202782,30.0,Old,1520.0,A,,30.0,1,0,0,0,1,0,0,1,0,1,0,0
PROP202783,4.0,Needs Renovation,3682.0,C,80.0,87.0,0,1,0,0,0,1,0,0,0,1,1,1
PROP202784,10.0,Old,1174.0,B,95.0,84.0,0,0,0,1,1,0,0,1,0,0,0,0
PROP202785,19.0,Old,1618.0,B,94.0,35.0,0,0,0,1,0,0,0,0,0,1,1,1
PROP202786,0.0,Good,2536.0,A,54.0,60.0,0,0,1,0,1,0,0,0,1,0,0,0
PROP202787,10.0,Good,1037.0,D,92.0,,0,0,0,0,0,1,0,0,0,0,1,0
PROP202788,30.0,New,2495.0,C,59.0,72.0,0,0,0,0,0,0,1,1,0,0,1,1
PROP202789,4.0,Needs Renovation,2311.0,F,,84.0,1,0,0,0,0,0,0,1,0,0,1,0
PROP202790,18.0,Good,2480.0,A,68.0,64.0,1,1,0,0,1,0,0,0,0,0,1,0
PROP202791,28.0,New,1168.0,B,95.0,72.0,0,0,0,0,0,1,0,1,1,0,0,0
PROP202792,6.0,Needs Renovation,2607.0,B,94.0,67.0,0,1,1,0,1,1,0,0,0,0,0,0
PROP202793,36.0,Needs Renovation,2503.0,F,60.0,87.0,0,1,0,0,1,0,0,1,0,1,1,0
PROP202794,4.0,Old,3691.0,F,59.0,77.0,0,1,1,0,0,0,1,0,1,0,0,0
PROP202795,12.0,Good,2939.0,B,57.0,93.0,1,0,0,0,1,0,0,0,0,0,0,0
PROP202796,27.0,Old,4777.0,B,53.0,66.0,0,0,0,0,1,0,0,1,0,0,0,0
PROP202797,18.0,Needs Renovation,2478.0,A,97.0,51.0,1,0,0,0,1,0,0,0,0,0,0,0
PROP202798,28.0,New,2567.0,B,91.0,82.0,0,0,1,0,1,0,1,0,0,0,1,0
PROP202799,,Good,1413.0,D,68.0,56.0,1,0,0,0,0,0,0,0,0,0,1,0
PROP202800,3.0,Needs Renovation,1563.0,C,59.0,53.0,0,0,0,1,0,1,0,1,1,1,0,0
PROP202801,21.0,Needs Renovation,1532.0,C,53.0,97.0,0,1,0,0,0,0,0,1,0,0,0,0
PROP202802,12.0,New,0.0,B,75.0,,1,0,0,1,0,0,0,1,1,1,0,0
PROP202803,25.0,Good,2853.0,A,51.0,87.0,0,0,0,0,0,0,0,0,1,0,1,0
PROP202804,16.0,Needs Renovation,4270.0,F,64.0,40.0,1,0,0,0,1,0,0,1,1,0,0,0
PROP202805,24.0,Good,2154.0,A,46.0,87.0,0,0,1,0,1,0,0,0,0,0,0,0
PROP202806,8.0,Good,1535.0,A,68.0,,0,0,0,0,1,0,1,0,0,0,0,0
PROP202807,0.0,Old,1784.0,B,82.0,73.0,0,0,0,0,0,1,0,0,0,1,1,0
PROP202808,10.0,Needs Renovation,4151.0,F,93.0,80.0,0,0,0,1,0,0,0,1,1,1,1,0
PROP202809,21.0,Good,4391.0,C,42.0,59.0,0,0,1,0,1,0,1,0,0,0,1,0
PROP202810,31.0,Old,217.0,B,66.0,79.0,0,1,0,0,1,0,0,0,0,0,0,1
PROP202811,1.0,Needs Renovation,795.0,D,73.0,78.0,0,1,1,1,0,0,0,1,0,0,1,0
PROP202812,38.0,Good,2963.0,C,86.0,88.0,0,0,0,0,0,0,1,0,0,0,1,0
PROP202813,33.0,Good,4339.0,F,57.0,72.0,1,1,0,0,0,1,0,1,0,1,0,0
PROP202814,18.0,New,1486.0,E,84.0,65.0,0,0,1,0,0,0,0,0,1,0,0,1
PROP202815,37.0,New,4215.0,D,78.0,,1,0,0,0,1,0,0,0,0,0,0,0
PROP202816,1.0,New,2367.0,D,80.0,47.0,1,1,0,0,1,0,0,0,1,0,0,0
PROP202817,18.0,Needs Renovation,2060.0,E,,,0,0,0,1,1,1,0,0,1,0,0,1
PROP202818,22.0,New,2183.0,B,52.0,94.0,0,0,0,0,0,1,1,1,1,0,0,1
PROP202819,8.0,Needs Renovation,373.0,D,93.0,38.0,1,1,1,0,0,0,1,0,0,0,1,0
PROP202820,1.0,Needs Renovation,4204.0,C,46.0,83.0,0,1,1,0,0,0,0,0,0,0,0,0
PROP202821,6.0,New,1283.0,F,65.0,38.0,0,1,1,1,0,1,0,1,0,0,0,0
PROP202822,35.0,Old,327.0,D,77.0,91.0,0,0,0,0,0,0,1,0,0,1,0,0
PROP202823,36.0,Needs Renovation,3271.0,C,86.0,84.0,1,0,1,0,0,0,0,1,0,1,0,0
PROP202824,26.0,New,2477.0,B,93.0,86.0,0,0,0,1,0,0,0,0,0,0,0,1
PROP202825,12.0,Old,4901.0,D,59.0,71.0,0,0,0,1,1,0,0,1,1,0,1,0
PROP202826,25.0,Needs Renovation,2480.0,E,49.0,96.0,1,0,0,0,0,0,0,0,0,1,0,0
PROP202827,30.0,New,2548.0,E,95.0,46.0,1,0,0,0,0,1,1,0,0,1,0,1
PROP202828,,Good,4732.0,F,73.0,34.0,0,0,1,0,1,0,1,0,0,1,1,0
PROP202829,,Old,948.0,C,49.0,31.0,0,1,0,0,0,0,0,0,0,0,0,1
PROP202830,9.0,New,2541.0,C,67.0,82.0,0,0,0,1,1,1,0,1,0,0,1,0
PROP202831,18.0,Old,1701.0,F,79.0,54.0,0,0,1,0,0,0,0,0,0,0,1,0
PROP202832,26.0,Old,2480.0,F,62.0,84.0,0,0,0,0,1,1,0,1,0,1,0,1
PROP202833,21.0,Old,1989.0,D,66.0,67.0,0,0,1,0,0,0,0,0,0,0,1,0
PROP202834,28.0,Needs Renovation,3303.0,F,45.0,35.0,1,0,0,0,1,0,1,0,1,0,0,0
PROP202835,1.0,New,2011.0,C,90.0,52.0,0,1,1,1,0,1,0,0,0,0,1,0
PROP202836,22.0,New,173.0,B,73.0,86.0,0,1,0,0,0,0,0,1,0,0,0,0
PROP202837,21.0,New,2480.0,F,81.0,82.0,0,0,0,1,0,1,0,1,0,1,1,0
PROP202838,21.0,Needs Renovation,1724.0,D,,80.0,0,0,1,0,0,0,1,0,0,1,0,0
PROP202839,39.0,Old,2403.0,E,97.0,57.0,1,0,0,1,1,0,0,0,1,0,0,1
PROP202840,12.0,Good,2480.0,B,47.0,46.0,0,0,0,0,0,0,0,1,0,0,0,1
PROP202841,34.0,Needs Renovation,2480.0,E,96.0,69.0,0,1,1,0,0,0,1,0,1,0,0,0
PROP202842,2.0,Good,2642.0,C,82.0,93.0,0,0,0,1,0,0,0,0,1,0,0,1
PROP202843,1.0,Needs Renovation,745.0,E,73.0,65.0,0,1,0,0,1,0,0,0,1,0,1,0
PROP202844,35.0,Old,1259.0,F,78.0,79.0,0,0,1,0,0,0,0,0,0,0,1,0
PROP202845,1.0,Good,573.0,D,57.0,51.0,1,1,0,0,0,0,0,0,0,0,0,0
PROP202846,32.0,Good,2480.0,C,81.0,38.0,0,0,0,0,0,1,1,1,1,0,0,0
PROP202847,26.0,Old,3229.0,A,46.0,56.0,0,1,0,0,0,0,0,0,0,0,0,1
PROP202848,39.0,Old,3600.0,F,54.0,37.0,0,0,0,0,1,1,1,0,1,0,0,1
PROP202849,32.0,New,5102.0,D,99.0,96.0,1,0,0,0,0,0,0,0,0,1,0,0
PROP202850,11.0,Good,2463.0,A,63.0,52.0,1,1,1,1,0,0,0,0,0,1,0,0
PROP202851,2.0,Needs Renovation,1042.0,C,48.0,87.0,0,0,1,1,0,0,0,0,1,0,0,0
PROP202852,11.0,Old,3557.0,D,87.0,41.0,0,0,0,0,0,1,0,1,0,1,1,1
PROP202853,31.0,New,2690.0,D,49.0,89.0,1,0,0,0,0,0,0,1,0,0,0,0
PROP202854,17.0,Old,2626.0,D,58.0,94.0,1,0,0,0,0,0,0,0,0,0,0,1
PROP202855,9.0,Needs Renovation,2829.0,E,50.0,99.0,0,0,1,0,0,1,0,0,1,0,0,0
PROP202856,26.0,Needs Renovation,3187.0,C,90.0,89.0,0,0,1,0,0,0,0,0,1,0,1,0
PROP202857,28.0,Good,2671.0,B,79.0,30.0,1,0,0,1,0,1,1,0,0,0,1,0
PROP202858,7.0,New,3487.0,E,63.0,84.0,0,0,0,1,0,1,0,0,0,0,1,0
PROP202859,24.0,New,2089.0,C,62.0,53.0,0,1,0,0,1,1,1,0,0,0,0,1
PROP202860,14.0,Old,3967.0,E,84.0,47.0,0,0,0,1,0,1,0,0,0,1,1,0
PROP202861,1.0,Good,0.0,E,70.0,73.0,0,0,1,0,0,0,0,0,1,0,0,0
PROP202862,,Old,2452.0,E,49.0,95.0,0,0,0,1,0,0,0,0,0,0,0,1
PROP202863,32.0,Old,5156.0,C,91.0,49.0,0,1,0,0,1,0,1,0,1,0,0,0
PROP202864,23.0,Old,3288.0,B,46.0,84.0,0,1,0,0,0,0,0,0,1,0,0,0
PROP202865,4.0,Old,3960.0,C,80.0,92.0,1,0,0,0,1,1,1,0,0,0,1,0
PROP202866,15.0,Old,2194.0,F,91.0,61.0,0,0,1,0,0,0,0,0,0,1,0,0
PROP202867,15.0,Needs Renovation,1428.0,C,92.0,31.0,0,0,1,0,0,0,0,0,1,0,0,0
PROP202868,24.0,Good,4511.0,E,55.0,30.0,0,0,0,0,0,1,0,1,0,0,0,0
PROP202869,18.0,Old,3713.0,A,63.0,42.0,0,0,0,0,1,0,1,0,1,0,0,1
PROP202870,3.0,Old,2082.0,E,46.0,98.0,1,0,1,0,1,0,0,0,1,1,0,0
PROP202871,11.0,Good,1291.0,B,78.0,96.0,0,1,1,1,0,0,0,1,0,0,0,0
PROP202872,23.0,Good,763.0,D,61.0,96.0,0,0,0,0,1,1,1,0,0,0,0,0
PROP202873,1.0,New,3279.0,D,96.0,65.0,1,0,0,1,0,0,1,1,0,1,0,0
PROP202874,27.0,Good,2815.0,A,68.0,94.0,0,0,1,0,1,0,0,0,0,0,0,0
PROP202875,32.0,New,3584.0,D,44.0,85.0,0,0,0,0,0,0,1,0,1,1,0,0
PROP202876,34.0,Good,3227.0,F,,57.0,1,0,0,1,0,0,0,0,0,0,0,0
PROP202877,15.0,Good,3130.0,A,86.0,73.0,1,1,0,1,1,0,1,0,0,0,0,0
PROP202878,14.0,Good,375.0,D,55.0,62.0,0,1,0,0,0,0,0,1,0,0,0,0
PROP202879,0.0,Needs Renovation,2480.0,F,71.0,80.0,0,1,0,0,0,1,0,0,0,0,0,0
PROP202880,11.0,Needs Renovation,3213.0,F,56.0,82.0,0,0,1,1,0,0,1,0,1,0,0,0
PROP202881,27.0,Needs Renovation,1729.0,A,42.0,47.0,0,1,0,0,0,0,0,0,0,0,0,1
PROP202882,33.0,Good,2659.0,F,94.0,50.0,0,0,0,0,1,0,0,0,0,0,0,1
PROP202883,26.0,Needs Renovation,2110.0,C,58.0,49.0,1,0,1,0,0,1,0,0,0,0,1,0
PROP202884,38.0,New,922.0,A,55.0,50.0,0,0,1,0,0,0,0,1,0,1,0,0
PROP202885,8.0,Needs Renovation,2480.0,D,84.0,64.0,0,0,1,1,0,1,0,0,0,0,0,1
PROP202886,16.0,Old,2915.0,D,95.0,65.0,0,0,0,0,1,1,0,0,1,0,0,1
PROP202887,,Old,4014.0,E,82.0,43.0,0,0,1,1,1,0,0,0,1,0,1,0
PROP202888,12.0,Needs Renovation,4077.0,D,75.0,74.0,0,0,0,0,0,1,0,1,1,0,0,1
PROP202889,,Good,965.0,E,67.0,56.0,0,0,1,1,0,0,0,0,0,0,1,1
PROP202890,37.0,Good,3786.0,C,78.0,49.0,0,0,0,1,0,0,1,0,0,0,0,1
PROP202891,19.0,Good,2984.0,F,85.0,71.0,0,0,1,1,0,1,0,0,0,0,0,0
PROP202892,7.0,New,562.0,A,65.0,49.0,1,0,1,1,0,0,0,1,0,0,0,0
PROP202893,28.0,Old,2213.0,A,49.0,80.0,0,1,0,1,1,0,0,0,0,0,0,0
PROP202894,25.0,Old,3238.0,A,48.0,,0,1,0,0,0,0,0,1,0,1,0,0
PROP202895,37.0,Needs Renovation,3432.0,F,85.0,55.0,1,0,1,0,0,0,1,1,1,0,0,0
PROP202896,22.0,New,3027.0,F,62.0,76.0,1,0,0,0,0,1,1,1,0,0,0,1
PROP202897,18.0,New,1579.0,F,51.0,31.0,1,1,0,0,1,0,1,1,0,0,0,0
PROP202898,35.0,Old,773.0,D,94.0,,1,0,0,0,0,0,1,1,0,0,1,0
PROP202899,15.0,Old,2792.0,E,84.0,,1,0,0,0,0,0,0,0,0,1,0,0
PROP202900,34.0,Needs Renovation,3065.0,C,53.0,46.0,1,0,0,1,0,0,0,0,0,0,0,0
PROP202901,23.0,New,3718.0,F,50.0,79.0,1,0,0,1,0,0,0,0,0,1,1,0
PROP202902,33.0,Old,2480.0,C,92.0,78.0,0,0,1,1,0,0,0,0,0,0,0,0
PROP202903,2.0,Needs Renovation,1919.0,C,48.0,95.0,1,1,0,0,1,0,0,0,1,0,0,0
PROP202904,25.0,Good,1939.0,A,75.0,54.0,0,1,0,0,0,0,1,1,0,0,0,1
PROP202905,,New,320.0,A,63.0,98.0,0,0,1,1,0,0,0,0,0,1,0,0
PROP202906,17.0,New,4835.0,B,59.0,,0,0,0,1,0,1,0,1,0,0,0,1
PROP202907,,Good,2446.0,A,61.0,,0,0,0,0,0,1,0,0,0,1,0,0
PROP202908,18.0,Needs Renovation,648.0,E,48.0,86.0,0,0,0,0,0,1,1,0,1,0,1,1
PROP202909,16.0,Good,3832.0,F,,80.0,0,1,0,0,0,0,0,0,1,1,1,0
PROP202910,,Needs Renovation,4090.0,E,91.0,72.0,0,0,0,0,0,1,0,1,1,0,1,0
PROP202911,22.0,New,1840.0,F,70.0,54.0,1,0,0,0,0,0,0,0,1,1,1,1
PROP202912,12.0,Good,1129.0,A,68.0,76.0,0,0,1,0,0,1,1,0,1,0,1,0
PROP202913,0.0,Old,2880.0,B,53.0,52.0,0,0,0,1,0,0,1,0,0,0,0,0
PROP202914,4.0,New,2480.0,C,75.0,40.0,0,0,0,0,1,0,0,0,0,0,1,0
PROP202915,36.0,Needs Renovation,193.0,E,74.0,87.0,1,0,0,0,0,0,1,0,0,0,0,0
PROP202916,5.0,Old,1812.0,D,69.0,49.0,1,0,0,1,0,0,0,0,0,0,0,0
PROP202917,15.0,Good,1515.0,F,41.0,58.0,0,0,1,0,0,0,0,1,1,0,0,0
PROP202918,30.0,New,2992.0,D,92.0,96.0,0,0,0,0,0,0,0,1,1,0,0,1
PROP202919,34.0,Good,2480.0,F,98.0,55.0,0,0,0,0,1,0,0,0,0,1,0,1
PROP202920,12.0,New,4242.0,A,74.0,63.0,0,1,0,1,0,0,1,0,0,1,1,0
PROP202921,8.0,Old,2265.0,C,59.0,88.0,1,0,0,0,0,0,0,0,0,0,0,1
PROP202922,2.0,New,2480.0,B,66.0,86.0,0,0,0,0,1,0,0,0,1,0,1,0
PROP202923,,Old,2625.0,D,85.0,99.0,0,1,0,0,0,0,0,0,1,0,0,1
PROP202924,34.0,Needs Renovation,2861.0,C,40.0,35.0,0,0,0,0,0,0,1,0,0,1,1,0
PROP202925,23.0,New,3643.0,D,76.0,53.0,1,0,0,1,0,0,0,1,0,0,0,0
PROP202926,0.0,Old,3021.0,E,50.0,97.0,0,0,1,0,0,0,0,1,0,1,0,0
PROP202927,6.0,Good,1795.0,C,60.0,76.0,0,0,0,0,0,0,0,0,1,0,0,1
PROP202928,4.0,New,2443.0,B,77.0,92.0,0,1,0,1,0,0,1,0,0,0,1,1
PROP202929,30.0,Good,2480.0,C,90.0,57.0,0,0,0,0,0,1,0,0,0,0,1,0
PROP202930,33.0,New,2294.0,A,61.0,78.0,1,0,0,0,1,0,0,0,0,0,0,0
PROP202931,25.0,Needs Renovation,2366.0,E,70.0,,1,0,0,1,0,0,1,0,0,0,1,0
PROP202932,8.0,Needs Renovation,4712.0,E,97.0,56.0,0,0,1,0,1,0,0,0,1,0,1,1
PROP202933,1.0,New,1045.0,A,74.0,70.0,0,0,0,0,1,0,0,0,1,0,0,0
PROP202934,11.0,Old,913.0,B,77.0,34.0,1,0,0,0,0,0,1,0,0,0,0,1
PROP202935,26.0,Good,4153.0,B,75.0,73.0,1,0,0,1,0,0,0,1,0,1,0,1
PROP202936,4.0,Needs Renovation,2442.0,A,64.0,53.0,0,0,0,0,1,0,0,0,1,1,0,0
PROP202937,17.0,Good,2480.0,D,42.0,64.0,0,1,0,1,0,0,0,1,0,1,0,1
PROP202938,6.0,Old,1583.0,D,89.0,44.0,0,0,1,0,0,1,0,0,0,0,0,0
PROP202939,10.0,Old,2127.0,A,81.0,35.0,1,0,0,1,1,0,0,0,0,1,1,0
PROP202940,10.0,Good,2750.0,D,64.0,30.0,0,0,0,0,0,0,0,1,1,0,1,1
PROP202941,25.0,Needs Renovation,3315.0,A,63.0,37.0,1,0,1,0,0,0,0,0,0,0,0,0
PROP202942,34.0,Old,873.0,A,79.0,95.0,0,0,0,1,0,1,0,0,0,1,0,1
PROP202943,18.0,New,3879.0,C,86.0,,1,1,0,0,1,0,0,1,0,0,1,0
PROP202944,33.0,Good,4698.0,E,87.0,56.0,1,1,1,1,1,0,0,0,0,0,0,0
PROP202945,5.0,Good,3995.0,D,82.0,84.0,0,0,0,0,0,0,0,0,0,0,1,1
PROP202946,8.0,Good,5379.0,B,88.0,66.0,0,0,1,1,1,0,0,0,1,0,0,0
PROP202947,32.0,Good,3018.0,E,93.0,83.0,1,0,0,0,1,0,1,0,0,0,0,1
PROP202948,25.0,Old,2024.0,C,53.0,79.0,1,0,0,0,0,1,0,0,0,0,0,0
PROP202949,,Good,2313.0,A,42.0,,0,0,1,0,0,1,0,1,0,1,0,0
PROP202950,17.0,New,2480.0,B,,68.0,0,0,0,0,0,1,0,0,1,0,1,1
PROP202951,19.0,Needs Renovation,1146.0,A,62.0,45.0,0,0,0,1,0,1,1,0,0,1,0,1
PROP202952,23.0,Good,2480.0,F,92.0,43.0,0,1,1,0,0,1,0,0,1,0,0,0
PROP202953,26.0,Needs Renovation,2800.0,C,50.0,57.0,0,0,0,0,1,0,0,0,1,1,0,0
PROP202954,39.0,Old,2585.0,A,66.0,49.0,0,1,1,1,0,0,0,1,1,0,0,0
PROP202955,33.0,New,818.0,F,,61.0,0,0,1,0,0,0,0,0,0,1,0,1
PROP202956,16.0,Old,1861.0,C,98.0,37.0,0,0,0,0,1,0,0,0,0,0,1,0
PROP202957,21.0,Old,1730.0,C,47.0,45.0,1,0,0,0,0,0,1,0,0,1,0,0
PROP202958,22.0,Old,1375.0,D,49.0,48.0,1,0,0,0,1,0,0,1,0,0,0,0
PROP202959,26.0,Good,826.0,E,71.0,88.0,1,0,1,0,1,1,0,0,1,0,0,0
PROP202960,27.0,Old,4536.0,C,88.0,47.0,0,1,1,0,0,0,1,0,0,0,0,1
PROP202961,20.0,Good,2480.0,E,94.0,65.0,0,0,1,0,0,1,0,0,0,0,0,1
PROP202962,26.0,New,3946.0,E,94.0,61.0,0,0,1,1,1,1,0,1,0,0,0,0
PROP202963,34.0,Needs Renovation,1548.0,E,92.0,40.0,1,0,1,0,1,0,1,0,0,1,0,0
PROP202964,33.0,Old,1771.0,E,97.0,53.0,0,0,0,1,1,1,0,0,0,0,1,0
PROP202965,8.0,Old,1289.0,D,84.0,78.0,0,0,1,1,0,0,0,0,0,0,0,0
PROP202966,,Old,2697.0,D,41.0,65.0,0,0,1,1,0,1,0,0,0,0,1,0
PROP202967,39.0,New,1190.0,F,83.0,89.0,1,0,1,1,0,0,0,0,0,1,0,0
PROP202968,39.0,Needs Renovation,3797.0,D,55.0,,1,0,1,0,1,0,1,0,0,0,1,0
PROP202969,36.0,Needs Renovation,3965.0,A,48.0,82.0,0,0,0,1,0,0,0,0,0,0,1,0
PROP202970,28.0,Good,2750.0,B,97.0,90.0,1,0,1,0,0,0,0,1,0,1,1,0
PROP202971,12.0,Good,2862.0,A,56.0,49.0,0,0,1,0,1,0,1,0,1,0,0,0
PROP202972,33.0,Needs Renovation,4028.0,C,77.0,84.0,0,1,1,0,1,0,0,0,0,0,1,0
PROP202973,28.0,New,3805.0,D,49.0,90.0,0,0,0,0,1,0,0,0,0,0,0,1
PROP202974,38.0,Needs Renovation,1118.0,E,47.0,77.0,0,1,0,0,0,0,1,0,0,0,0,0
PROP202975,29.0,Good,3519.0,A,81.0,77.0,0,0,0,1,0,0,0,1,1,0,0,1
PROP202976,18.0,Old,3144.0,C,60.0,31.0,0,0,0,0,1,1,0,0,0,0,0,1
PROP202977,16.0,Old,2642.0,F,86.0,81.0,1,0,0,1,0,0,0,0,0,0,0,1
PROP202978,14.0,Needs Renovation,257.0,F,57.0,95.0,1,0,0,1,0,0,1,0,1,0,1,0
PROP202979,10.0,New,2821.0,A,41.0,98.0,0,0,1,1,0,1,0,1,0,1,0,0
PROP202980,28.0,Needs Renovation,2676.0,F,,66.0,1,0,0,1,0,0,1,0,0,0,0,0
PROP202981,39.0,Old,1982.0,C,61.0,30.0,0,1,0,0,1,0,0,1,0,0,1,1
PROP202982,17.0,New,2435.0,B,82.0,86.0,0,0,0,1,0,0,0,0,0,1,0,0
PROP202983,37.0,Needs Renovation,2450.0,D,41.0,74.0,1,0,1,1,0,0,1,0,0,0,1,0
PROP202984,8.0,Needs Renovation,2969.0,F,43.0,83.0,1,0,1,1,0,0,0,1,1,0,0,0
PROP202985,38.0,Old,13.0,B,98.0,56.0,0,0,0,0,0,0,0,0,1,0,1,1
PROP202986,5.0,Old,3218.0,F,81.0,80.0,0,0,1,1,0,1,1,1,0,0,0,0
PROP202987,21.0,New,1600.0,B,73.0,80.0,0,0,0,0,1,1,1,1,0,0,0,0
PROP202988,33.0,New,5498.0,E,72.0,34.0,0,0,0,0,1,1,0,1,0,1,0,0
PROP202989,26.0,Good,3584.0,B,99.0,81.0,0,0,1,1,0,0,1,1,0,1,0,0
PROP202990,17.0,New,2303.0,E,85.0,54.0,1,1,0,0,1,1,0,1,0,0,0,0
PROP202991,30.0,Needs Renovation,2664.0,F,62.0,62.0,1,0,0,0,1,1,0,0,0,0,1,0
PROP202992,6.0,New,3185.0,D,57.0,36.0,0,0,0,0,0,0,0,1,0,1,1,0
PROP202993,0.0,Old,2761.0,E,82.0,51.0,0,0,0,0,0,1,0,0,0,0,1,0
PROP202994,31.0,Needs Renovation,2480.0,E,87.0,49.0,1,1,0,0,0,1,1,0,0,0,1,0
PROP202995,19.0,New,1285.0,C,76.0,79.0,1,0,0,0,1,0,1,0,1,0,1,0
PROP202996,36.0,Good,1474.0,D,77.0,,0,0,0,1,1,0,0,1,0,1,0,1
PROP202997,0.0,New,3662.0,F,72.0,45.0,1,0,0,0,1,0,1,0,0,0,1,0
PROP202998,35.0,Old,3186.0,A,54.0,88.0,0,0,1,1,1,0,0,0,0,0,0,0
PROP202999,,Old,4051.0,C,40.0,79.0,0,1,0,1,0,0,0,1,0,0,0,0
PROP203000,22.0,New,3337.0,B,58.0,80.0,1,0,0,0,0,0,0,0,0,0,0,1
PROP203001,28.0,Old,1410.0,A,70.0,30.0,0,0,1,1,0,0,1,0,1,1,0,0
PROP203002,0.0,Old,492.0,A,93.0,,0,0,1,0,1,0,0,0,0,0,0,0
PROP203003,12.0,Needs Renovation,2012.0,E,86.0,52.0,0,1,0,0,1,0,0,0,0,1,0,0
PROP203004,25.0,Old,2035.0,B,53.0,99.0,0,0,0,0,1,0,0,1,1,1,1,0
PROP203005,18.0,Good,3215.0,B,50.0,48.0,0,0,1,0,0,0,0,0,1,0,0,0
PROP203006,3.0,New,2480.0,D,96.0,38.0,0,0,0,0,0,0,0,0,0,0,1,1
PROP203007,0.0,Needs Renovation,4029.0,F,50.0,72.0,1,0,0,0,1,0,0,0,0,1,0,0
PROP203008,29.0,Good,2820.0,C,69.0,93.0,0,0,0,0,0,1,1,0,1,0,1,1
PROP203009,29.0,Good,2650.0,A,50.0,84.0,1,0,0,0,0,0,0,0,0,0,1,0
PROP203010,2.0,Needs Renovation,3436.0,D,76.0,79.0,0,0,1,0,1,0,1,1,0,0,0,0
PROP203011,33.0,Needs Renovation,2924.0,D,76.0,41.0,1,0,0,0,0,1,0,0,1,0,0,0
PROP203012,36.0,Old,4317.0,F,81.0,62.0,0,0,1,0,0,0,0,0,0,0,0,1
PROP203013,2.0,Good,3132.0,C,43.0,94.0,0,0,1,0,1,0,1,1,0,0,1,0
PROP203014,34.0,New,4709.0,A,78.0,53.0,1,0,0,0,1,0,0,0,0,0,0,0
PROP203015,39.0,Old,3310.0,F,98.0,84.0,0,1,0,1,0,0,0,0,0,1,0,0
PROP203016,20.0,Old,1873.0,F,57.0,72.0,1,0,0,0,1,1,0,1,0,0,0,1
PROP203017,32.0,Good,4056.0,A,80.0,99.0,0,0,1,0,1,0,1,0,1,1,0,0
PROP203018,14.0,Old,2577.0,F,41.0,67.0,1,0,0,0,1,0,0,1,0,1,0,1
PROP203019,18.0,New,428.0,B,49.0,37.0,1,0,1,1,1,0,0,0,0,0,0,0
PROP203020,2.0,New,1891.0,C,,91.0,0,0,1,0,0,0,0,1,0,1,1,0
PROP203021,28.0,Old,1818.0,E,84.0,66.0,0,0,0,0,1,1,0,1,0,0,0,0
PROP203022,36.0,Needs Renovation,2480.0,B,92.0,64.0,0,0,0,0,0,0,0,0,1,0,0,1
PROP203023,36.0,Good,2285.0,D,42.0,82.0,1,0,1,0,1,1,0,1,0,0,0,0
PROP203024,16.0,Old,2849.0,F,57.0,31.0,0,1,0,0,0,1,0,0,0,0,0,0
PROP203025,13.0,Old,3131.0,D,58.0,56.0,1,0,0,0,0,1,0,0,0,0,0,0
PROP203026,32.0,Old,3582.0,C,55.0,65.0,1,0,0,0,1,0,1,0,0,0,1,1
PROP203027,35.0,Needs Renovation,4614.0,E,58.0,65.0,0,0,0,0,0,1,1,1,0,0,0,0
PROP203028,22.0,New,898.0,B,53.0,71.0,0,0,0,0,0,0,0,1,0,1,1,1
PROP203029,28.0,Old,1645.0,E,78.0,97.0,1,0,0,1,0,0,1,0,1,0,0,1
PROP203030,20.0,New,2006.0,C,54.0,59.0,0,1,0,1,1,0,0,0,0,0,0,0
PROP203031,39.0,Old,4016.0,C,69.0,92.0,0,0,0,0,0,0,0,1,0,1,0,0
PROP203032,,Old,2291.0,A,,39.0,1,0,0,0,0,0,1,0,0,0,0,0
PROP203033,25.0,Good,1621.0,E,40.0,59.0,0,1,1,0,0,0,0,0,0,0,0,0
PROP203034,24.0,Needs Renovation,4219.0,E,,80.0,0,0,0,1,1,1,0,1,1,0,0,0
PROP203035,29.0,New,1108.0,D,96.0,98.0,0,0,1,0,0,0,1,0,0,0,0,1
PROP203036,21.0,New,3654.0,C,89.0,50.0,0,0,0,0,1,1,1,0,0,0,0,0
PROP203037,23.0,New,2467.0,A,73.0,39.0,0,0,0,0,0,0,0,0,0,1,0,1
PROP203038,31.0,Good,2367.0,F,42.0,65.0,1,1,0,0,0,0,1,0,0,0,1,0
PROP203039,22.0,New,4410.0,F,72.0,99.0,1,0,0,0,0,0,0,0,0,0,1,1
PROP203040,2.0,Good,1568.0,A,41.0,,0,0,0,0,0,0,0,0,1,0,0,1
PROP203041,28.0,Good,3023.0,D,51.0,54.0,0,0,1,1,0,1,0,0,1,0,1,0
PROP203042,34.0,New,3903.0,B,,91.0,0,1,0,1,0,0,1,0,0,0,0,1
PROP203043,11.0,Needs Renovation,3280.0,D,90.0,66.0,0,0,0,0,1,0,0,0,0,1,0,0
PROP203044,11.0,Old,1159.0,E,55.0,68.0,0,1,0,0,0,0,1,0,1,0,0,0
PROP203045,13.0,New,1051.0,B,88.0,32.0,0,0,0,1,0,0,0,0,0,0,1,0
PROP203046,30.0,Old,4222.0,F,79.0,40.0,1,0,0,0,0,0,1,1,0,0,1,0
PROP203047,14.0,Good,3686.0,A,91.0,73.0,0,0,0,0,0,0,0,1,0,0,1,0
PROP203048,7.0,Good,1343.0,B,97.0,68.0,0,0,0,0,1,0,0,1,0,1,0,0
PROP203049,6.0,Old,2935.0,A,97.0,81.0,0,0,1,1,0,1,0,0,0,1,1,0
PROP203050,,Old,3509.0,A,77.0,62.0,0,1,0,0,0,0,1,0,0,0,0,0
PROP203051,14.0,Old,2448.0,D,,68.0,0,0,1,1,0,0,0,0,1,0,0,1
PROP203052,29.0,Good,1541.0,A,41.0,77.0,0,0,0,1,1,0,0,0,0,0,0,0
PROP203053,23.0,Old,3190.0,F,95.0,64.0,0,1,1,0,0,0,0,0,1,1,0,0
PROP203054,10.0,Good,0.0,A,73.0,73.0,0,0,0,0,1,0,1,1,0,0,1,0
PROP203055,11.0,Old,2440.0,E,43.0,86.0,1,0,1,0,1,0,0,1,0,1,0,0
PROP203056,24.0,Good,2480.0,E,41.0,66.0,0,0,0,0,0,0,1,0,0,0,1,0
PROP203057,0.0,Good,2436.0,B,99.0,61.0,0,0,0,0,0,0,0,1,1,1,1,0
PROP203058,14.0,Good,963.0,B,95.0,41.0,1,1,0,0,0,1,0,1,1,0,0,0
PROP203059,26.0,New,2480.0,B,96.0,,1,0,0,0,0,0,1,0,1,0,0,0
PROP203060,32.0,New,2152.0,E,75.0,92.0,1,1,1,0,1,0,0,0,0,0,1,0
PROP203061,14.0,Old,2748.0,C,51.0,63.0,0,1,0,0,0,0,0,1,0,0,0,0
PROP203062,3.0,New,3894.0,E,53.0,64.0,0,1,1,0,1,0,0,0,1,0,0,0
PROP203063,,New,3682.0,C,61.0,38.0,0,0,0,1,0,0,0,1,1,0,1,1
PROP203064,5.0,Good,3061.0,A,77.0,,0,1,0,1,0,0,1,0,1,0,1,0
PROP203065,1.0,New,1746.0,B,84.0,62.0,0,0,0,0,0,0,0,0,0,1,0,1
PROP203066,7.0,Good,2917.0,C,66.0,33.0,1,1,0,1,0,0,0,0,1,0,0,0
PROP203067,6.0,New,2311.0,E,82.0,36.0,1,0,0,0,0,0,0,0,1,0,0,0
PROP203068,15.0,Old,2929.0,A,65.0,,0,1,0,0,1,1,0,0,1,0,1,0
PROP203069,39.0,Good,1268.0,E,67.0,61.0,0,0,0,0,1,1,1,0,1,0,1,0
PROP203070,5.0,Old,3919.0,B,81.0,97.0,0,1,0,0,1,0,0,0,0,0,0,0
PROP203071,19.0,Needs Renovation,1556.0,B,64.0,76.0,0,0,1,0,0,0,0,0,0,0,0,1
PROP203072,10.0,Good,203.0,E,87.0,85.0,1,0,1,0,0,0,1,0,0,0,0,0
PROP203073,29.0,Good,4087.0,F,42.0,,0,0,0,0,0,0,0,1,0,0,0,1
PROP203074,23.0,Good,2226.0,B,91.0,74.0,1,1,1,1,0,0,0,0,0,0,0,0
PROP203075,10.0,Needs Renovation,2175.0,C,85.0,56.0,0,0,0,1,0,0,0,0,0,1,0,0
PROP203076,1.0,New,1027.0,C,75.0,50.0,0,1,1,1,0,0,0,0,0,0,0,1
PROP203077,13.0,Needs Renovation,3049.0,F,76.0,75.0,0,1,0,1,1,1,0,0,0,0,1,0
PROP203078,35.0,New,2397.0,F,84.0,70.0,1,1,0,0,0,0,0,0,1,0,1,0
PROP203079,5.0,Old,2822.0,A,48.0,,0,0,0,1,1,0,0,1,0,1,0,0
PROP203080,31.0,Old,3615.0,E,77.0,99.0,0,1,0,0,0,0,0,0,1,0,1,1
PROP203081,24.0,Old,3342.0,D,66.0,67.0,0,0,1,0,0,1,0,0,0,0,0,1
PROP203082,20.0,Needs Renovation,1794.0,F,53.0,60.0,0,1,0,0,1,0,1,1,0,0,0,0
PROP203083,4.0,New,1622.0,A,,66.0,0,1,0,0,0,1,0,0,0,0,0,0
PROP203084,16.0,New,2582.0,B,97.0,33.0,0,0,0,1,0,0,0,0,1,0,1,0
PROP203085,15.0,New,0.0,D,40.0,44.0,1,0,0,0,0,0,0,0,0,1,0,0
PROP203086,6.0,New,1614.0,D,54.0,52.0,1,0,0,0,1,0,1,0,0,1,0,0
PROP203087,15.0,New,1965.0,D,67.0,91.0,1,0,1,1,0,1,1,0,0,0,0,0
PROP203088,2.0,Needs Renovation,2480.0,A,45.0,96.0,1,0,0,0,0,0,0,0,0,0,0,1
PROP203089,5.0,Old,3880.0,C,75.0,55.0,0,1,0,0,1,0,0,0,0,0,0,0
PROP203090,24.0,Needs Renovation,1866.0,E,69.0,58.0,1,1,0,0,1,0,0,0,1,1,0,0
PROP203091,,Needs Renovation,1733.0,F,40.0,47.0,1,0,0,0,0,0,0,0,0,0,1,0
PROP203092,34.0,New,4550.0,B,,41.0,0,1,1,0,0,0,0,1,0,0,1,1
PROP203093,13.0,Old,3090.0,B,49.0,48.0,0,0,1,0,0,1,0,0,1,0,0,1
PROP203094,12.0,New,2468.0,B,41.0,92.0,0,0,1,0,1,0,0,1,0,0,0,0
PROP203095,29.0,Good,4127.0,A,78.0,47.0,0,0,1,0,1,0,0,1,0,1,1,0
PROP203096,34.0,New,2836.0,B,90.0,82.0,1,1,0,0,0,0,1,0,1,0,0,0
PROP203097,4.0,New,433.0,D,44.0,85.0,0,1,0,1,1,1,0,0,0,0,0,0
PROP203098,1.0,Good,0.0,D,41.0,,0,0,0,1,1,1,0,1,0,0,1,0
PROP203099,13.0,Old,2702.0,A,65.0,54.0,0,1,0,0,0,1,0,0,1,0,1,0
PROP203100,21.0,Good,1398.0,F,99.0,50.0,0,0,0,0,1,0,0,1,1,0,0,1
PROP203101,22.0,Needs Renovation,2878.0,E,,31.0,0,1,0,0,1,0,1,0,1,1,0,0
PROP203102,19.0,Old,1938.0,D,91.0,75.0,0,1,0,1,0,0,0,0,1,0,0,0
PROP203103,13.0,Needs Renovation,4011.0,E,53.0,49.0,0,0,1,0,0,0,0,0,0,0,0,1
PROP203104,1.0,Needs Renovation,1705.0,E,85.0,84.0,0,0,0,1,0,0,0,0,0,1,1,0
PROP203105,24.0,Old,2320.0,C,56.0,30.0,0,0,1,0,0,0,0,0,0,1,0,0
PROP203106,19.0,New,2883.0,B,51.0,97.0,0,1,0,0,1,0,1,0,1,0,0,0
PROP203107,22.0,Old,3860.0,C,45.0,,0,0,0,0,0,0,0,1,1,0,0,0
PROP203108,3.0,New,3017.0,B,48.0,45.0,0,1,0,0,0,0,0,1,1,0,1,0
PROP203109,,Good,4714.0,A,66.0,47.0,0,0,0,0,1,0,0,1,0,0,0,1
PROP203110,16.0,Needs Renovation,3581.0,B,75.0,38.0,1,1,0,0,1,0,0,0,0,0,1,1
PROP203111,0.0,Good,2119.0,B,49.0,85.0,1,0,0,0,0,0,0,0,0,0,0,1
PROP203112,13.0,New,2362.0,C,56.0,31.0,0,0,1,0,0,0,1,0,1,0,0,1
PROP203113,25.0,New,2498.0,A,82.0,98.0,1,0,0,1,0,1,1,1,0,0,0,0
PROP203114,7.0,New,2212.0,C,59.0,55.0,0,0,1,0,0,1,1,0,0,0,0,0
PROP203115,21.0,Old,2480.0,A,43.0,94.0,1,1,1,0,1,0,0,0,0,0,0,1
PROP203116,22.0,Needs Renovation,1503.0,A,41.0,87.0,0,0,0,0,0,1,0,0,0,0,0,1
PROP203117,11.0,Needs Renovation,3260.0,D,69.0,47.0,0,0,1,1,0,0,0,0,1,0,0,1
PROP203118,27.0,Good,2184.0,E,72.0,40.0,0,0,0,0,0,0,1,1,1,0,0,1
PROP203119,37.0,Good,2480.0,B,44.0,75.0,0,0,1,0,0,0,1,0,0,0,0,0
PROP203120,,New,2266.0,A,68.0,66.0,0,0,1,0,0,0,0,1,0,0,0,0
PROP203121,20.0,Good,1827.0,C,74.0,88.0,0,0,1,0,0,1,0,0,0,1,1,0
PROP203122,10.0,Old,2387.0,D,47.0,71.0,0,1,0,0,0,0,0,0,0,0,1,0
PROP203123,19.0,Old,4244.0,A,63.0,84.0,0,0,0,0,1,1,0,0,0,1,0,0
PROP203124,4.0,Old,3030.0,C,75.0,71.0,1,0,0,0,1,1,0,0,0,0,0,0
PROP203125,35.0,Old,251.0,E,97.0,,1,0,1,0,0,0,1,0,0,0,0,0
PROP203126,27.0,Old,3772.0,F,81.0,69.0,0,0,0,0,1,0,0,0,0,1,1,0
PROP203127,32.0,Old,3531.0,D,55.0,97.0,1,0,0,0,1,0,0,1,0,0,1,0
PROP203128,12.0,Good,3836.0,B,56.0,58.0,1,0,0,0,0,0,0,0,0,0,1,0
PROP203129,20.0,New,1363.0,B,55.0,93.0,0,1,0,0,0,0,1,0,0,0,0,1
PROP203130,9.0,Good,2721.0,C,92.0,99.0,0,0,1,0,0,1,0,0,0,0,0,0
PROP203131,6.0,New,1788.0,B,43.0,73.0,0,0,0,0,0,0,1,0,1,0,0,0
PROP203132,39.0,New,1935.0,B,78.0,80.0,1,0,0,1,0,0,0,1,0,1,0,0
PROP203133,14.0,Needs Renovation,2116.0,B,68.0,95.0,0,1,0,0,0,1,0,1,0,1,1,0
PROP203134,13.0,New,3071.0,F,80.0,56.0,1,1,0,1,0,0,0,0,0,0,1,1
PROP203135,2.0,Needs Renovation,2480.0,D,67.0,37.0,0,0,0,1,1,0,1,0,0,0,1,0
PROP203136,10.0,New,2480.0,A,80.0,,0,1,0,1,1,0,0,0,0,0,1,1
PROP203137,30.0,Old,2782.0,A,94.0,96.0,0,0,0,0,1,0,0,1,0,0,1,0
PROP203138,21.0,Needs Renovation,0.0,B,61.0,46.0,1,0,0,0,0,1,1,0,0,0,0,0
PROP203139,38.0,Needs Renovation,6140.0,F,87.0,97.0,1,0,0,0,0,1,0,0,0,0,0,1
PROP203140,29.0,New,3455.0,E,67.0,51.0,0,1,1,1,0,0,0,0,0,0,0,0
PROP203141,,Needs Renovation,2838.0,E,79.0,63.0,0,0,1,0,0,0,1,1,0,0,0,0
PROP203142,17.0,Needs Renovation,1282.0,A,97.0,97.0,0,1,1,0,0,1,0,1,1,0,0,0
PROP203143,34.0,Old,2480.0,C,75.0,,0,0,0,1,0,0,1,0,0,1,1,1
PROP203144,22.0,Old,1080.0,E,44.0,95.0,0,0,0,0,1,1,0,0,0,0,0,0
PROP203145,18.0,Old,2017.0,B,98.0,76.0,0,1,0,0,1,0,0,1,1,0,1,0
PROP203146,22.0,Needs Renovation,1642.0,D,85.0,61.0,0,1,0,0,0,0,0,0,1,0,0,0
PROP203147,16.0,Old,1439.0,A,59.0,89.0,0,1,0,0,0,0,0,0,0,0,0,1
PROP203148,31.0,Old,5299.0,C,84.0,54.0,0,0,0,1,0,0,0,0,1,0,0,0
PROP203149,24.0,Needs Renovation,3634.0,B,55.0,78.0,0,0,1,0,0,0,1,0,1,0,1,0
PROP203150,33.0,Needs Renovation,3018.0,F,,69.0,0,0,1,0,0,0,0,1,0,0,0,0
PROP203151,36.0,New,4963.0,B,59.0,78.0,0,0,1,0,0,0,0,0,0,0,1,1
PROP203152,38.0,Good,3564.0,A,,97.0,0,0,1,0,1,1,0,0,1,0,0,0
PROP203153,37.0,New,3609.0,A,44.0,80.0,0,1,0,0,0,0,0,0,1,1,0,1
PROP203154,33.0,Good,3500.0,C,,47.0,0,1,1,1,0,0,0,0,1,0,0,0
PROP203155,31.0,Needs Renovation,2669.0,F,53.0,,0,0,0,1,0,1,0,1,0,0,0,0
PROP203156,23.0,Good,3069.0,B,43.0,74.0,1,0,1,1,1,0,0,0,0,1,0,0
PROP203157,29.0,Good,2480.0,C,64.0,33.0,0,0,0,0,0,1,0,0,1,0,0,0
PROP203158,3.0,Old,1644.0,F,,54.0,0,0,0,1,0,0,0,1,0,0,0,1
PROP203159,3.0,New,4082.0,C,95.0,30.0,0,1,0,0,1,1,1,0,0,0,0,0
PROP203160,35.0,Needs Renovation,839.0,E,49.0,45.0,0,0,0,1,1,0,0,0,0,1,0,0
PROP203161,33.0,New,2424.0,A,81.0,66.0,0,0,1,0,0,0,0,0,0,1,0,0
PROP203162,24.0,New,2114.0,E,46.0,85.0,1,1,0,0,1,0,0,0,0,0,1,0
PROP203163,15.0,Old,3916.0,B,,,0,0,1,1,0,0,0,0,0,0,0,0
PROP203164,17.0,Good,2660.0,C,77.0,37.0,0,0,1,1,0,0,0,0,0,0,0,0
PROP203165,32.0,New,2963.0,B,86.0,58.0,1,1,0,1,0,0,0,0,1,0,0,0
PROP203166,32.0,New,944.0,E,58.0,57.0,1,0,1,0,0,0,0,1,1,0,0,0
PROP203167,5.0,Good,2376.0,E,92.0,59.0,1,0,1,0,0,0,0,0,0,1,0,0
PROP203168,6.0,Good,3272.0,A,51.0,70.0,1,1,0,0,0,1,0,1,1,0,0,0
PROP203169,1.0,Needs Renovation,2480.0,B,,68.0,1,0,0,0,0,0,0,0,0,0,1,0
PROP203170,5.0,Good,442.0,F,83.0,98.0,0,1,1,0,0,0,0,0,1,1,1,0
PROP203171,9.0,New,2708.0,D,79.0,37.0,0,0,0,0,0,0,0,1,0,0,1,0
PROP203172,15.0,Good,3045.0,E,52.0,84.0,0,0,1,0,1,0,1,0,0,0,1,0
PROP203173,25.0,New,2480.0,E,45.0,85.0,0,0,0,0,0,1,0,0,1,1,1,1
PROP203174,25.0,Good,2073.0,C,51.0,32.0,0,0,1,0,0,0,0,1,0,0,0,0
PROP203175,6.0,Good,1232.0,C,68.0,,0,0,0,0,1,0,0,0,0,0,0,1
PROP203176,34.0,New,4312.0,C,51.0,49.0,1,0,1,0,1,0,0,0,0,0,0,1
PROP203177,18.0,Good,2480.0,F,71.0,36.0,0,0,0,0,0,0,0,0,1,1,0,0
PROP203178,8.0,New,2022.0,A,93.0,62.0,0,0,0,1,0,1,1,0,1,1,0,0
PROP203179,32.0,New,3715.0,C,96.0,37.0,1,0,0,0,0,0,0,0,1,0,1,1
PROP203180,5.0,Needs Renovation,634.0,C,48.0,73.0,1,0,0,0,0,1,1,0,0,0,0,0
PROP203181,6.0,Good,3219.0,C,87.0,59.0,0,0,0,0,0,0,1,1,0,1,1,1
PROP203182,26.0,Good,4337.0,C,,34.0,0,0,0,1,0,0,0,1,0,0,1,1
PROP203183,7.0,Needs Renovation,3695.0,A,,32.0,0,0,1,1,0,0,0,1,0,0,1,1
PROP203184,4.0,New,2480.0,D,76.0,62.0,0,1,0,1,0,0,0,0,0,0,0,0
PROP203185,32.0,New,1143.0,E,,60.0,0,1,0,0,0,0,0,1,0,0,0,0
PROP203186,32.0,Old,3341.0,B,88.0,52.0,0,1,0,0,1,0,0,0,0,0,0,0
PROP203187,36.0,Needs Renovation,4197.0,A,,96.0,0,0,1,1,0,0,1,0,0,0,1,0
PROP203188,18.0,Old,5069.0,D,88.0,72.0,1,1,0,1,0,0,0,0,1,0,1,0
PROP203189,13.0,New,5299.0,A,73.0,94.0,1,1,0,0,0,1,1,0,0,0,0,1
PROP203190,35.0,Good,3735.0,C,93.0,,0,1,0,1,0,1,0,1,0,0,0,0
PROP203191,,Good,2873.0,B,62.0,81.0,0,0,1,0,0,0,1,0,1,0,0,0
PROP203192,1.0,Good,3089.0,A,53.0,,0,1,1,0,0,0,0,1,0,1,0,1
PROP203193,10.0,Good,1098.0,D,94.0,,0,0,0,0,1,0,0,1,0,0,0,0
PROP203194,35.0,Needs Renovation,1976.0,F,63.0,91.0,1,1,1,0,0,1,1,0,0,0,0,0
PROP203195,29.0,New,725.0,B,84.0,40.0,0,1,1,0,0,0,0,0,0,0,1,0
PROP203196,21.0,Needs Renovation,2771.0,D,86.0,33.0,0,0,0,1,0,0,1,0,0,1,0,0
PROP203197,37.0,Old,4265.0,D,73.0,40.0,0,1,0,0,0,0,1,0,0,1,0,0
PROP203198,13.0,New,1476.0,E,92.0,32.0,0,1,0,0,0,1,0,0,1,0,0,0
PROP203199,18.0,New,5124.0,E,86.0,74.0,1,0,1,0,0,0,0,0,0,1,1,0
PROP203200,18.0,Good,2034.0,E,,41.0,0,0,0,0,1,0,0,0,0,0,1,1
PROP203201,7.0,Old,1533.0,D,68.0,88.0,1,0,1,0,1,1,0,1,0,0,0,0
PROP203202,17.0,Good,3050.0,B,73.0,86.0,0,1,0,1,0,0,1,1,0,1,0,0
PROP203203,14.0,Good,1010.0,C,99.0,,1,0,0,0,0,0,0,0,0,1,0,0
PROP203204,18.0,Old,2480.0,B,56.0,67.0,0,0,0,0,0,0,1,0,0,0,1,0
PROP203205,9.0,New,3096.0,F,80.0,32.0,0,0,0,1,0,0,0,1,0,1,0,0
PROP203206,18.0,New,2541.0,C,95.0,74.0,0,1,1,0,0,0,0,0,0,1,0,0
PROP203207,1.0,Needs Renovation,3019.0,D,83.0,89.0,0,0,0,0,0,0,1,1,1,0,0,0
PROP203208,12.0,Needs Renovation,5176.0,C,94.0,32.0,1,0,0,0,0,0,0,1,0,0,0,1
PROP203209,23.0,Good,4422.0,C,74.0,73.0,0,0,1,0,0,1,0,0,0,0,0,0
PROP203210,8.0,New,1286.0,B,54.0,91.0,0,0,0,0,1,1,1,0,0,0,0,0
PROP203211,33.0,Good,2480.0,B,,35.0,0,0,0,0,0,0,0,1,1,1,0,0
PROP203212,4.0,Needs Renovation,1353.0,B,49.0,61.0,0,1,0,0,0,0,0,0,0,0,0,1
PROP203213,0.0,Good,2683.0,E,40.0,85.0,0,0,1,0,0,0,0,0,1,0,0,0
PROP203214,12.0,New,4192.0,A,97.0,95.0,1,1,0,0,0,0,1,0,0,1,0,0
PROP203215,9.0,Old,714.0,C,96.0,95.0,1,0,1,0,0,0,0,0,0,0,0,0
PROP203216,5.0,Old,1419.0,C,59.0,55.0,0,0,0,0,1,0,0,0,1,0,1,0
PROP203217,39.0,Needs Renovation,2995.0,D,41.0,58.0,0,1,0,0,0,1,1,1,0,0,0,0
PROP203218,32.0,Needs Renovation,2046.0,C,80.0,34.0,1,1,0,0,0,0,0,0,0,1,0,0
PROP203219,24.0,New,1567.0,D,69.0,46.0,1,1,0,0,1,0,0,0,0,1,0,0
PROP203220,38.0,Good,1060.0,B,90.0,78.0,0,1,0,0,0,0,1,0,1,0,0,1
PROP203221,19.0,Old,555.0,B,93.0,88.0,1,0,1,0,0,1,0,0,0,0,0,0
PROP203222,23.0,Needs Renovation,1965.0,D,81.0,32.0,0,0,0,1,0,0,0,0,1,0,1,0
PROP203223,35.0,Needs Renovation,1261.0,C,58.0,47.0,1,0,0,0,0,0,0,1,1,1,1,0
PROP203224,,Good,2791.0,D,,86.0,0,0,0,0,0,0,0,0,0,1,0,1
PROP203225,1.0,New,1126.0,E,62.0,53.0,0,0,1,0,0,0,0,0,1,0,1,1
PROP203226,7.0,Old,1034.0,E,78.0,81.0,1,1,0,0,0,0,0,0,1,1,0,1
PROP203227,19.0,New,2298.0,F,42.0,55.0,0,0,0,1,0,0,0,0,0,0,1,0
PROP203228,15.0,Needs Renovation,2507.0,B,50.0,39.0,0,0,0,0,0,0,0,0,0,0,1,1
PROP203229,28.0,Old,3080.0,A,51.0,65.0,0,0,0,0,0,1,0,0,0,0,1,1
PROP203230,14.0,New,1971.0,E,88.0,41.0,1,0,0,1,0,0,0,0,1,0,0,0
PROP203231,9.0,New,3787.0,F,96.0,65.0,0,0,0,0,0,0,1,1,0,1,1,0
PROP203232,37.0,Old,3894.0,A,45.0,65.0,0,0,0,0,0,0,1,1,0,0,0,0
PROP203233,10.0,New,1375.0,A,74.0,52.0,0,1,0,1,0,0,0,0,0,0,0,0
PROP203234,18.0,New,2679.0,D,97.0,99.0,1,0,0,0,1,0,1,0,0,0,1,0
PROP203235,18.0,New,3276.0,D,83.0,86.0,0,0,0,1,0,1,0,0,1,0,1,0
PROP203236,13.0,Good,3588.0,F,89.0,45.0,1,0,0,0,0,0,1,0,0,0,0,0
PROP203237,37.0,Old,2323.0,C,90.0,39.0,1,1,0,1,0,0,0,1,1,0,0,0
PROP203238,25.0,Needs Renovation,1404.0,A,55.0,84.0,0,0,1,0,1,1,0,0,0,0,1,0
PROP203239,12.0,Good,4013.0,C,82.0,68.0,0,0,1,0,1,0,0,0,0,0,0,0
PROP203240,34.0,Good,4075.0,D,43.0,34.0,0,0,1,1,0,1,0,0,0,0,0,1
PROP203241,0.0,Good,2480.0,B,94.0,72.0,0,0,1,1,1,0,1,0,0,0,0,1
PROP203242,34.0,New,4351.0,B,68.0,82.0,0,0,0,0,0,0,0,0,1,0,1,0
PROP203243,25.0,Old,1691.0,F,46.0,30.0,0,0,0,0,1,0,0,0,0,1,0,0
PROP203244,20.0,New,1631.0,B,44.0,80.0,0,0,0,0,0,0,0,1,0,1,0,0
PROP203245,13.0,New,2681.0,F,45.0,89.0,1,0,0,1,0,0,0,0,0,1,0,1
PROP203246,5.0,Good,3663.0,B,59.0,88.0,0,0,1,0,1,0,0,1,0,0,0,1
PROP203247,18.0,Old,1060.0,C,82.0,43.0,0,0,0,0,0,0,1,1,0,0,0,0
PROP203248,6.0,Old,3100.0,B,76.0,48.0,0,0,0,0,0,0,1,0,0,0,0,1
PROP203249,24.0,Needs Renovation,3744.0,E,78.0,48.0,1,0,0,0,0,0,0,0,0,1,0,0
PROP203250,6.0,New,1931.0,B,64.0,83.0,1,1,0,0,1,0,0,0,1,1,0,0
PROP203251,38.0,Old,2032.0,B,82.0,96.0,1,0,1,0,0,1,0,0,0,0,1,1
PROP203252,26.0,Old,595.0,D,69.0,77.0,0,1,0,0,0,0,0,0,1,0,0,0
PROP203253,22.0,Needs Renovation,1210.0,B,45.0,83.0,0,0,0,1,1,0,1,1,0,1,0,0
PROP203254,25.0,Old,318.0,B,89.0,42.0,0,0,0,0,1,0,1,1,0,0,0,0
PROP203255,34.0,New,0.0,A,83.0,62.0,1,0,0,0,0,1,0,0,0,0,0,0
PROP203256,22.0,Good,2611.0,F,55.0,55.0,0,0,1,1,0,0,1,1,1,0,0,0
PROP203257,8.0,Needs Renovation,2730.0,D,88.0,84.0,0,1,1,0,0,1,1,0,0,1,0,0
PROP203258,16.0,Old,2384.0,E,98.0,,0,1,0,0,0,0,0,0,0,0,0,1
PROP203259,5.0,Good,3143.0,F,51.0,36.0,0,0,0,1,0,1,1,1,0,0,0,1
PROP203260,2.0,Old,3636.0,F,74.0,46.0,0,1,1,1,0,0,0,1,0,1,0,0
PROP203261,0.0,Old,2488.0,D,75.0,54.0,1,1,0,0,1,0,0,1,1,0,0,0
PROP203262,17.0,Needs Renovation,0.0,C,94.0,64.0,0,0,1,0,0,0,0,0,1,1,0,1
PROP203263,4.0,New,2205.0,E,68.0,60.0,0,0,1,1,1,0,0,1,0,0,0,1
PROP203264,22.0,Old,2921.0,D,69.0,99.0,0,0,0,1,0,0,0,0,0,0,0,1
PROP203265,0.0,Old,4994.0,C,92.0,45.0,0,0,0,0,0,0,1,0,0,0,0,1
PROP203266,4.0,Good,6056.0,A,58.0,42.0,1,0,0,0,1,0,1,0,0,0,1,0
PROP203267,35.0,Good,3421.0,F,94.0,65.0,0,0,0,0,0,1,0,0,1,0,0,0
PROP203268,0.0,Old,654.0,A,62.0,80.0,0,1,0,1,1,0,0,0,0,1,0,0
PROP203269,8.0,Old,3446.0,F,56.0,61.0,0,1,0,1,0,0,0,0,0,0,0,1
PROP203270,0.0,Good,2620.0,F,,59.0,0,1,0,0,0,0,0,0,0,0,0,1
PROP203271,19.0,Good,5455.0,A,46.0,82.0,0,0,1,0,0,0,0,0,0,1,1,0
PROP203272,16.0,New,3229.0,E,49.0,62.0,1,0,0,0,0,1,1,0,0,0,1,0
PROP203273,33.0,Good,4575.0,E,86.0,52.0,0,0,0,1,0,0,1,1,0,1,0,0
PROP203274,28.0,Old,921.0,E,42.0,,0,0,0,1,0,0,0,0,1,0,1,0
PROP203275,8.0,New,1951.0,B,60.0,79.0,1,0,1,0,0,0,0,0,1,0,0,0
PROP203276,12.0,New,2206.0,E,84.0,49.0,1,0,0,0,0,0,0,0,0,0,1,0
PROP203277,15.0,New,1421.0,F,,79.0,0,1,0,1,0,1,0,1,0,0,0,0
PROP203278,17.0,New,714.0,C,98.0,75.0,0,0,1,0,1,0,0,1,1,1,0,0
PROP203279,27.0,Old,1090.0,C,53.0,51.0,1,0,0,0,0,1,0,1,0,1,0,0
PROP203280,,Needs Renovation,2824.0,D,43.0,85.0,1,0,1,0,1,0,0,1,0,1,0,0
PROP203281,37.0,New,2333.0,A,,89.0,0,0,0,0,0,0,1,1,1,0,0,1
PROP203282,20.0,Old,2330.0,F,,,1,1,0,0,0,1,1,0,0,0,0,0
PROP203283,12.0,Good,3382.0,A,54.0,37.0,0,0,0,1,0,1,0,0,1,1,1,0
PROP203284,30.0,Good,534.0,A,41.0,60.0,0,0,0,1,0,0,1,1,0,0,0,0
PROP203285,25.0,Old,3416.0,D,68.0,75.0,1,0,0,0,0,1,0,1,0,0,0,0
PROP203286,18.0,Good,1794.0,E,57.0,56.0,1,0,0,0,1,0,0,0,0,0,1,1
PROP203287,34.0,Needs Renovation,1521.0,A,57.0,95.0,1,0,0,1,0,0,0,0,0,1,0,1
PROP203288,11.0,Good,2267.0,B,99.0,,0,1,0,1,1,0,1,1,0,0,0,0
PROP203289,39.0,Good,1972.0,C,60.0,82.0,1,0,1,0,0,0,1,0,0,1,1,0
PROP203290,31.0,Good,3522.0,B,80.0,43.0,0,0,0,0,0,0,0,0,1,0,0,1
PROP203291,21.0,Old,843.0,F,62.0,60.0,0,0,0,0,0,0,0,1,1,0,0,0
PROP203292,34.0,Old,2079.0,C,58.0,90.0,1,0,0,1,1,0,0,0,0,0,1,0
PROP203293,37.0,New,2480.0,E,,83.0,0,0,0,0,0,1,1,0,1,1,1,0
PROP203294,38.0,New,1799.0,D,79.0,33.0,0,1,0,0,1,0,0,1,0,0,1,0
PROP203295,38.0,Old,2424.0,B,55.0,60.0,1,1,0,0,0,0,0,0,0,0,0,0
PROP203296,24.0,New,1755.0,C,79.0,78.0,1,1,1,0,0,0,0,0,0,0,0,0
PROP203297,38.0,Old,3454.0,E,94.0,37.0,0,0,1,0,0,0,0,0,0,1,0,0
PROP203298,37.0,Good,3250.0,A,49.0,88.0,0,0,1,0,1,0,1,0,0,0,0,0
PROP203299,32.0,Needs Renovation,2277.0,B,53.0,76.0,0,0,0,1,0,1,0,0,0,0,0,0
PROP203300,39.0,Old,5160.0,E,73.0,97.0,1,0,0,0,0,0,1,0,0,0,0,0
PROP203301,18.0,Good,2456.0,B,59.0,33.0,1,0,0,0,0,0,0,1,0,0,0,0
PROP203302,25.0,Needs Renovation,2518.0,A,49.0,31.0,1,0,0,0,0,0,1,0,0,0,0,0
PROP203303,16.0,Needs Renovation,1653.0,C,47.0,59.0,0,1,1,0,0,1,0,0,1,0,0,1
PROP203304,24.0,Needs Renovation,1313.0,E,87.0,60.0,1,1,1,0,0,0,0,0,0,0,0,0
PROP203305,25.0,Good,3198.0,D,65.0,87.0,0,0,0,1,0,1,0,0,1,0,0,1
PROP203306,26.0,Old,1077.0,B,,80.0,0,1,1,0,1,1,0,0,0,0,0,0
PROP203307,21.0,Needs Renovation,4522.0,E,55.0,76.0,0,0,1,1,0,0,1,1,0,1,0,0
PROP203308,,New,927.0,F,78.0,62.0,0,0,0,1,0,0,0,1,1,0,0,1
PROP203309,28.0,Needs Renovation,0.0,F,78.0,78.0,1,1,1,0,0,0,0,0,0,0,0,0
PROP203310,31.0,New,1673.0,E,94.0,39.0,0,1,0,1,0,0,1,1,0,0,0,0
PROP203311,8.0,New,3455.0,D,83.0,37.0,0,0,0,0,0,0,0,1,0,1,0,0
PROP203312,33.0,Needs Renovation,2480.0,C,93.0,65.0,0,0,0,0,0,1,0,0,0,0,1,1
PROP203313,35.0,Old,2881.0,A,97.0,95.0,1,0,0,0,0,0,0,0,1,0,0,0
PROP203314,34.0,Old,2925.0,F,98.0,36.0,0,0,0,0,1,1,1,0,0,1,0,1
PROP203315,15.0,Good,1192.0,B,74.0,67.0,0,0,0,1,1,0,0,0,0,0,1,0
PROP203316,18.0,Good,3883.0,D,68.0,40.0,1,0,0,0,0,0,1,1,0,0,0,1
PROP203317,35.0,Old,2462.0,F,48.0,35.0,0,0,0,0,1,0,0,0,0,0,1,1
PROP203318,8.0,Needs Renovation,2322.0,D,54.0,90.0,0,1,0,0,1,0,0,1,0,0,0,0
PROP203319,9.0,Old,3456.0,D,42.0,68.0,0,1,1,0,1,0,0,0,1,1,0,0
PROP203320,23.0,Good,2896.0,F,49.0,70.0,1,0,0,0,0,0,0,1,0,1,1,0
PROP203321,18.0,New,4136.0,A,83.0,60.0,1,1,0,0,0,0,0,0,0,1,0,0
PROP203322,10.0,Good,3126.0,B,40.0,74.0,1,1,1,0,0,0,0,0,0,0,0,0
PROP203323,26.0,Good,1185.0,A,89.0,38.0,0,0,0,0,1,0,0,0,1,0,0,0
PROP203324,22.0,Old,1982.0,D,84.0,95.0,1,0,0,0,0,0,0,1,0,1,0,1
PROP203325,7.0,Needs Renovation,707.0,F,74.0,,0,1,0,0,1,1,0,0,0,0,0,0
PROP203326,19.0,Old,75.0,E,60.0,62.0,0,1,1,0,1,0,0,1,1,0,0,0
PROP203327,17.0,Old,3582.0,F,63.0,81.0,0,0,0,0,0,0,0,1,0,1,0,1
PROP203328,39.0,Good,3016.0,A,68.0,,1,0,0,0,0,1,1,0,0,1,0,0
PROP203329,37.0,Needs Renovation,2864.0,C,48.0,41.0,0,1,0,0,0,0,1,0,0,0,1,1
PROP203330,6.0,Old,2298.0,E,86.0,70.0,1,0,0,1,0,0,0,0,1,0,1,0
PROP203331,,Good,3109.0,B,79.0,84.0,0,0,1,0,0,0,0,0,0,0,0,1
PROP203332,4.0,New,747.0,A,94.0,66.0,0,0,1,1,0,0,1,0,0,0,1,1
PROP203333,34.0,Needs Renovation,3440.0,C,59.0,47.0,0,0,1,0,0,1,0,1,0,0,1,1
PROP203334,27.0,Needs Renovation,3046.0,B,91.0,83.0,0,1,1,0,0,0,1,0,1,0,0,0
PROP203335,9.0,Needs Renovation,2843.0,D,53.0,54.0,0,0,0,0,0,1,1,0,0,0,1,0
PROP203336,2.0,Needs Renovation,3141.0,E,74.0,77.0,0,0,0,0,1,0,0,0,0,0,0,1
PROP203337,,New,1576.0,D,99.0,61.0,0,0,1,0,1,0,0,0,0,0,0,0
PROP203338,11.0,Old,2771.0,C,86.0,76.0,0,0,0,1,0,1,0,1,0,0,0,1
PROP203339,21.0,Old,1757.0,F,40.0,80.0,0,1,1,0,0,0,0,0,1,1,0,0
PROP203340,6.0,Good,2074.0,D,,50.0,0,1,0,0,0,1,1,0,0,0,0,0
PROP203341,5.0,New,3367.0,A,61.0,84.0,0,1,1,0,0,0,1,0,0,0,0,0
PROP203342,3.0,Good,2480.0,B,51.0,94.0,0,0,0,1,0,0,0,1,1,0,1,1
PROP203343,8.0,Old,2789.0,D,72.0,35.0,0,0,1,1,1,1,0,0,0,0,1,0
PROP203344,28.0,Needs Renovation,1536.0,B,67.0,43.0,0,0,0,0,1,0,0,1,0,0,0,0
PROP203345,10.0,Needs Renovation,2774.0,F,,46.0,1,0,0,0,0,0,0,0,1,0,1,0
PROP203346,24.0,Needs Renovation,3256.0,F,95.0,37.0,0,0,0,0,1,0,0,0,0,0,1,0
PROP203347,25.0,Old,4262.0,A,90.0,42.0,0,0,0,0,1,0,0,0,1,0,1,0
PROP203348,18.0,Old,5088.0,D,83.0,77.0,1,1,0,0,0,0,1,0,0,0,0,0
PROP203349,29.0,Needs Renovation,2451.0,D,,89.0,1,0,0,1,0,0,0,1,1,0,1,0
PROP203350,6.0,Old,2014.0,F,,34.0,1,0,0,0,0,0,0,0,0,1,1,0
PROP203351,23.0,Old,1183.0,B,79.0,62.0,0,0,0,0,1,0,0,0,0,0,1,0
PROP203352,38.0,Old,1315.0,A,50.0,,0,1,1,1,0,1,0,0,0,0,0,0
PROP203353,32.0,Old,2801.0,E,56.0,80.0,0,0,0,1,0,1,0,1,1,0,0,0
PROP203354,2.0,Old,1959.0,C,56.0,82.0,1,0,0,0,0,0,0,0,0,0,1,0
PROP203355,19.0,New,2622.0,E,84.0,65.0,0,0,0,0,1,1,0,0,0,0,0,0
PROP203356,0.0,Old,3621.0,B,81.0,70.0,1,0,0,1,1,1,0,0,0,1,0,0
PROP203357,26.0,Good,1860.0,F,75.0,69.0,0,0,1,1,1,0,0,0,1,0,0,1
PROP203358,21.0,Needs Renovation,3860.0,B,76.0,52.0,0,0,0,0,0,1,0,1,1,0,0,0
PROP203359,28.0,Good,2480.0,E,72.0,70.0,1,0,0,1,1,0,0,0,0,0,0,1
PROP203360,18.0,Good,0.0,C,44.0,83.0,1,0,0,1,1,0,0,0,0,1,0,1
PROP203361,0.0,Needs Renovation,2179.0,C,64.0,48.0,1,0,0,0,1,1,1,0,1,0,0,0
PROP203362,15.0,Good,1503.0,A,41.0,,0,0,0,0,1,0,0,1,0,0,0,1
PROP203363,29.0,New,2480.0,F,61.0,83.0,1,0,0,0,0,0,0,1,0,0,0,1
PROP203364,12.0,Good,2302.0,B,,90.0,0,0,0,0,1,0,0,1,0,0,0,0
PROP203365,,Good,3173.0,F,46.0,89.0,0,1,0,1,1,0,0,1,0,0,1,0
PROP203366,0.0,Good,978.0,D,,54.0,1,1,0,0,1,0,0,0,1,0,1,0
PROP203367,28.0,Old,4364.0,E,63.0,96.0,0,0,0,1,0,0,1,0,0,0,0,0
PROP203368,13.0,Good,2480.0,A,91.0,91.0,0,0,0,0,0,0,0,0,0,1,1,0
PROP203369,25.0,Needs Renovation,1840.0,B,,37.0,0,0,0,0,1,0,0,1,0,1,1,1
PROP203370,26.0,New,3735.0,C,56.0,35.0,0,0,0,0,0,0,1,0,1,1,0,1
PROP203371,14.0,Needs Renovation,1606.0,E,85.0,45.0,0,0,0,0,1,0,0,0,0,0,1,0
PROP203372,8.0,Needs Renovation,3171.0,C,86.0,88.0,0,0,0,0,0,0,0,0,1,1,0,0
PROP203373,18.0,Good,1274.0,C,42.0,75.0,0,1,0,0,1,0,1,0,0,1,0,0
PROP203374,27.0,New,2735.0,E,95.0,83.0,0,0,0,0,0,0,0,0,0,1,1,0
PROP203375,1.0,New,3245.0,F,69.0,46.0,0,0,0,0,0,0,1,1,1,0,0,1
PROP203376,,Old,910.0,B,48.0,40.0,0,0,0,1,0,1,0,1,1,0,0,1
PROP203377,38.0,New,3532.0,A,76.0,97.0,0,0,0,0,0,0,1,1,0,0,0,0
PROP203378,1.0,Old,3072.0,A,92.0,59.0,1,0,0,0,0,0,1,1,0,0,1,0
PROP203379,20.0,New,1979.0,F,,84.0,1,0,0,0,0,1,0,1,1,1,0,0
PROP203380,38.0,New,2366.0,D,55.0,,0,0,0,0,0,0,0,1,1,0,0,0
PROP203381,0.0,New,1986.0,B,91.0,61.0,1,0,0,0,0,0,0,0,0,1,1,0
PROP203382,24.0,Needs Renovation,3788.0,B,65.0,68.0,1,0,0,0,0,0,0,0,0,0,0,1
PROP203383,39.0,Good,2557.0,C,75.0,46.0,0,0,0,0,0,1,1,0,0,1,1,0
PROP203384,11.0,New,2481.0,E,93.0,83.0,0,1,0,0,0,0,1,1,0,0,1,1
PROP203385,37.0,Old,3015.0,D,89.0,,0,0,0,0,0,1,1,1,1,0,0,0
PROP203386,19.0,Needs Renovation,3560.0,B,48.0,63.0,0,0,0,0,0,0,1,0,1,0,1,1
PROP203387,28.0,Old,2149.0,D,94.0,88.0,1,0,1,0,0,0,0,0,1,1,0,1
PROP203388,,New,4439.0,A,62.0,72.0,1,0,0,0,0,0,1,0,0,0,0,0
PROP203389,23.0,Needs Renovation,540.0,E,83.0,65.0,1,0,0,0,0,0,0,0,0,1,0,0
PROP203390,13.0,Needs Renovation,3090.0,F,76.0,86.0,0,0,0,0,0,0,0,1,1,0,0,0
PROP203391,18.0,Needs Renovation,980.0,B,84.0,35.0,1,0,1,1,0,0,0,1,0,0,1,0
PROP203392,27.0,Good,5170.0,D,49.0,33.0,1,0,0,1,0,0,0,0,0,0,0,1
PROP203393,25.0,Needs Renovation,1077.0,F,,71.0,0,0,0,1,1,0,0,0,1,0,0,0
PROP203394,39.0,Needs Renovation,3030.0,B,65.0,55.0,1,1,0,0,0,1,0,0,0,0,1,1
PROP203395,3.0,New,3303.0,D,75.0,79.0,0,0,1,0,0,0,0,1,0,0,0,0
PROP203396,37.0,Good,3767.0,C,75.0,58.0,0,0,1,0,0,0,0,0,0,1,0,0
PROP203397,19.0,Old,982.0,D,78.0,85.0,1,1,0,1,1,0,0,0,0,0,0,0
PROP203398,10.0,Needs Renovation,2662.0,D,83.0,79.0,0,0,0,0,0,0,1,0,1,1,0,1
PROP203399,14.0,Needs Renovation,2480.0,D,46.0,35.0,1,0,0,0,0,0,0,0,0,1,0,0
PROP203400,17.0,New,1977.0,D,83.0,66.0,0,1,0,1,0,1,0,0,0,1,1,0
PROP203401,35.0,Good,3220.0,D,74.0,74.0,1,0,0,0,0,0,0,0,1,1,1,1
PROP203402,8.0,New,1255.0,D,40.0,,0,0,0,0,1,1,0,0,0,1,0,1
PROP203403,16.0,New,2189.0,D,61.0,33.0,0,0,1,0,1,0,1,1,0,0,0,0
PROP203404,2.0,New,958.0,D,90.0,99.0,0,1,0,0,0,0,1,0,0,0,1,0
PROP203405,15.0,New,2255.0,F,68.0,85.0,1,0,0,1,0,0,1,0,1,1,0,0
PROP203406,10.0,Old,1872.0,F,57.0,49.0,0,0,0,0,1,0,0,0,1,0,1,1
PROP203407,11.0,New,2308.0,C,85.0,85.0,0,0,1,1,0,0,0,1,1,0,0,0
PROP203408,26.0,New,2226.0,E,72.0,62.0,0,0,0,0,1,0,0,0,1,1,0,1
PROP203409,8.0,New,1153.0,A,41.0,31.0,1,0,1,0,0,0,0,0,0,0,1,0
PROP203410,,Needs Renovation,54.0,B,68.0,78.0,0,0,0,1,1,0,1,0,0,1,1,0
PROP203411,22.0,Needs Renovation,1157.0,E,75.0,81.0,0,0,1,0,0,0,0,1,0,1,0,0
PROP203412,30.0,Needs Renovation,2455.0,E,77.0,32.0,0,0,0,0,1,0,0,0,0,1,0,0
PROP203413,34.0,Needs Renovation,2032.0,B,47.0,66.0,0,0,0,0,0,0,1,0,1,1,1,1
PROP203414,21.0,New,2102.0,B,99.0,58.0,0,1,0,1,1,1,0,0,1,0,0,0
PROP203415,36.0,Needs Renovation,2346.0,C,82.0,49.0,0,0,1,1,1,1,0,0,0,1,0,0
PROP203416,7.0,Good,2480.0,B,90.0,79.0,1,0,1,1,0,1,0,0,0,0,1,0
PROP203417,28.0,Good,1491.0,B,90.0,85.0,0,1,0,0,0,0,0,1,1,0,0,0
PROP203418,,Old,3170.0,B,59.0,35.0,0,0,0,1,1,0,0,1,1,0,0,0
PROP203419,,Good,2209.0,B,76.0,60.0,1,1,0,0,1,0,0,0,0,0,0,0
PROP203420,,Good,2579.0,F,65.0,45.0,0,0,0,1,1,0,0,0,0,0,0,0
PROP203421,10.0,Needs Renovation,1227.0,E,90.0,96.0,0,0,0,0,1,0,1,0,0,0,0,0
PROP203422,1.0,New,1520.0,E,57.0,55.0,0,0,0,1,1,0,1,0,0,0,0,0
PROP203423,20.0,Good,2838.0,C,70.0,43.0,0,0,0,0,1,0,0,0,1,0,0,0
PROP203424,29.0,Needs Renovation,2480.0,E,56.0,81.0,1,0,0,0,0,1,0,0,0,0,0,0
PROP203425,5.0,New,2200.0,A,50.0,70.0,1,0,0,0,0,0,0,1,1,0,1,1
PROP203426,2.0,New,4192.0,A,48.0,65.0,0,0,1,0,0,0,1,0,0,0,0,1
PROP203427,10.0,Needs Renovation,2524.0,A,92.0,97.0,0,1,1,1,0,0,0,1,1,0,0,0
PROP203428,5.0,New,2480.0,D,83.0,86.0,0,1,0,1,0,1,0,0,0,0,0,0
PROP203429,5.0,Needs Renovation,1466.0,B,74.0,31.0,0,0,0,1,0,0,0,0,0,0,0,1
PROP203430,7.0,Old,3124.0,F,55.0,69.0,0,0,0,1,0,0,0,1,1,1,0,0
PROP203431,36.0,Needs Renovation,1707.0,A,99.0,67.0,0,0,0,0,0,1,1,0,0,0,0,0
PROP203432,23.0,Old,2354.0,C,62.0,45.0,0,0,0,0,0,1,0,0,1,0,1,0
PROP203433,17.0,Needs Renovation,3287.0,D,56.0,56.0,1,1,0,0,0,1,0,0,0,0,0,0
PROP203434,24.0,Good,3519.0,B,45.0,58.0,1,1,1,0,0,0,0,0,0,0,1,0
PROP203435,11.0,Good,3254.0,D,93.0,78.0,0,1,0,0,0,1,1,0,0,0,1,1
PROP203436,27.0,Good,2281.0,F,47.0,90.0,0,0,0,1,0,1,1,0,0,0,0,1
PROP203437,10.0,New,2480.0,D,52.0,92.0,0,0,0,0,1,1,0,0,0,1,0,0
PROP203438,10.0,Old,4089.0,D,95.0,41.0,0,1,0,1,1,0,1,0,0,0,0,0
PROP203439,6.0,Old,3157.0,B,67.0,89.0,0,0,0,1,1,1,0,0,0,0,0,0
PROP203440,17.0,New,2421.0,D,49.0,46.0,0,1,1,0,0,1,0,0,0,0,0,0
PROP203441,1.0,Needs Renovation,2236.0,D,,86.0,0,0,0,1,1,1,1,0,0,0,0,0
PROP203442,12.0,Old,2626.0,D,91.0,34.0,0,0,0,0,1,1,0,1,0,0,1,1
PROP203443,23.0,New,1844.0,A,,48.0,1,0,1,0,1,0,1,0,0,1,0,0
PROP203444,6.0,New,3226.0,D,66.0,79.0,0,0,0,0,0,1,1,0,0,0,0,0
PROP203445,10.0,New,2480.0,E,81.0,,0,0,0,0,1,1,0,1,0,0,0,1
PROP203446,23.0,Good,1880.0,F,66.0,66.0,0,1,0,0,0,1,1,0,0,0,0,1
PROP203447,4.0,New,0.0,A,65.0,75.0,0,1,0,1,1,0,0,1,0,1,0,0
PROP203448,32.0,Good,2480.0,D,41.0,,1,1,1,0,0,0,1,0,0,0,0,0
PROP203449,,New,2937.0,E,81.0,31.0,1,0,1,0,0,0,1,0,1,1,0,0
PROP203450,18.0,New,1951.0,F,55.0,99.0,0,1,0,0,0,0,0,1,1,0,0,0
PROP203451,6.0,Old,2014.0,D,45.0,72.0,1,0,0,0,0,0,0,1,1,1,1,0
PROP203452,3.0,Good,653.0,D,,81.0,0,1,0,1,1,0,0,0,1,0,0,0
PROP203453,33.0,Old,2480.0,F,79.0,94.0,0,0,1,0,0,0,0,0,1,0,0,1
PROP203454,23.0,Old,1997.0,D,,61.0,1,0,0,0,1,1,0,0,0,0,1,0
PROP203455,30.0,New,2480.0,B,88.0,87.0,0,0,1,1,0,0,0,1,1,0,1,0
PROP203456,1.0,Needs Renovation,2177.0,A,98.0,79.0,0,0,0,1,0,0,0,0,1,0,0,0
PROP203457,19.0,New,2573.0,D,73.0,86.0,0,1,1,0,1,0,0,1,1,0,0,0
PROP203458,16.0,Good,1533.0,B,66.0,75.0,0,0,0,0,0,1,0,0,0,1,1,0
PROP203459,0.0,Good,3092.0,C,,61.0,0,1,1,0,0,0,1,1,0,1,0,0
PROP203460,26.0,Needs Renovation,2386.0,F,78.0,69.0,0,0,1,0,0,0,0,0,0,1,0,1
PROP203461,0.0,Old,2443.0,B,73.0,67.0,0,1,1,0,0,1,0,1,0,1,0,0
PROP203462,29.0,New,4129.0,D,79.0,50.0,1,0,1,0,0,0,0,1,0,0,1,1
PROP203463,33.0,Old,489.0,C,42.0,57.0,0,0,1,0,1,0,0,0,0,1,0,0
PROP203464,18.0,Good,3407.0,C,96.0,47.0,0,0,0,0,0,1,0,0,0,0,0,1
PROP203465,28.0,New,2480.0,C,96.0,54.0,0,1,0,0,0,0,1,1,0,1,0,0
PROP203466,3.0,New,4197.0,E,59.0,52.0,1,0,1,0,0,0,0,0,1,0,0,0
PROP203467,30.0,New,1270.0,C,69.0,85.0,0,0,0,0,1,1,0,0,1,0,0,0
PROP203468,16.0,Good,4206.0,D,88.0,31.0,1,0,0,0,0,1,0,0,0,0,0,0
PROP203469,13.0,Old,5112.0,B,66.0,98.0,1,0,0,1,0,0,1,0,0,0,0,1
PROP203470,4.0,Needs Renovation,2707.0,A,64.0,38.0,1,1,1,1,0,0,0,1,0,0,0,0
PROP203471,14.0,Old,2480.0,E,85.0,96.0,1,0,0,0,0,1,0,0,0,0,0,1
PROP203472,5.0,Good,1594.0,B,65.0,51.0,1,0,0,0,0,0,0,0,0,1,0,1
PROP203473,38.0,Good,2295.0,A,51.0,83.0,0,0,0,1,1,0,1,0,0,0,1,1
PROP203474,13.0,New,3627.0,A,78.0,41.0,1,0,0,0,0,1,0,1,1,0,0,0
PROP203475,19.0,Good,1671.0,A,75.0,52.0,0,0,0,1,0,0,0,0,1,0,1,0
PROP203476,10.0,Old,2476.0,C,89.0,83.0,0,0,0,0,1,1,1,0,0,0,0,0
PROP203477,14.0,Needs Renovation,369.0,D,68.0,98.0,0,0,1,0,0,0,1,0,0,0,1,1
PROP203478,30.0,Old,1106.0,D,99.0,54.0,0,0,0,0,0,1,0,0,0,1,1,0
PROP203479,38.0,Old,378.0,A,94.0,61.0,0,0,1,0,1,0,0,0,0,0,0,0
PROP203480,39.0,Good,3669.0,A,65.0,83.0,1,1,0,0,1,0,0,0,1,0,0,1
PROP203481,12.0,Good,2227.0,F,77.0,40.0,0,1,0,1,0,0,0,1,0,1,0,0
PROP203482,37.0,New,2700.0,C,79.0,69.0,0,0,0,1,0,0,0,1,0,1,1,0
PROP203483,3.0,Needs Renovation,2480.0,D,94.0,48.0,0,1,0,0,0,1,1,0,1,1,0,0
PROP203484,21.0,Good,2242.0,E,40.0,99.0,0,0,1,1,1,0,1,0,0,0,1,0
PROP203485,7.0,Needs Renovation,1750.0,C,65.0,76.0,0,0,1,1,0,0,0,0,0,0,0,0
PROP203486,6.0,Good,2512.0,E,64.0,33.0,0,0,0,0,0,1,0,0,1,0,1,1
PROP203487,6.0,New,2112.0,A,40.0,51.0,0,0,1,1,1,0,1,0,0,0,1,0
PROP203488,7.0,New,1922.0,D,49.0,88.0,1,0,0,1,0,0,0,0,0,0,1,1
PROP203489,32.0,Needs Renovation,2066.0,F,91.0,75.0,1,0,0,0,0,0,0,0,0,0,1,0
PROP203490,28.0,New,4774.0,E,50.0,31.0,1,0,0,0,0,0,0,0,0,1,0,0
PROP203491,34.0,New,2079.0,A,99.0,66.0,0,0,0,0,0,0,0,0,0,1,0,1
PROP203492,31.0,Needs Renovation,465.0,F,47.0,46.0,0,0,0,0,0,0,0,0,0,1,1,1
PROP203493,39.0,Good,2341.0,D,67.0,55.0,0,0,0,1,0,0,1,1,0,1,0,1
PROP203494,38.0,New,4218.0,E,92.0,55.0,1,0,0,0,1,0,0,0,0,0,1,0
PROP203495,25.0,New,3512.0,D,68.0,36.0,0,0,0,0,1,1,0,0,0,0,0,0
PROP203496,1.0,Old,477.0,A,60.0,63.0,0,1,0,0,0,0,0,0,1,0,0,0
PROP203497,25.0,Needs Renovation,1264.0,E,70.0,54.0,0,0,0,0,0,1,1,0,0,1,0,1
PROP203498,8.0,Old,268.0,D,85.0,47.0,0,0,0,0,1,0,0,0,0,0,0,1
PROP203499,36.0,Good,3314.0,B,62.0,76.0,1,1,0,1,0,1,0,0,0,0,1,0
PROP203500,,Needs Renovation,2918.0,A,,87.0,0,0,0,0,0,0,1,1,0,0,1,0
PROP203501,33.0,Good,3873.0,B,69.0,31.0,1,0,0,0,0,0,1,1,0,0,0,1
PROP203502,36.0,Good,0.0,A,48.0,82.0,1,0,0,0,0,0,0,1,1,0,0,0
PROP203503,24.0,New,3051.0,A,96.0,99.0,0,1,0,0,0,0,1,0,0,0,0,1
PROP203504,34.0,Needs Renovation,0.0,A,42.0,77.0,1,0,0,0,0,0,0,0,0,0,1,0
PROP203505,10.0,Old,3360.0,C,84.0,84.0,1,0,1,1,0,1,0,0,0,1,0,0
PROP203506,6.0,Needs Renovation,0.0,E,82.0,70.0,1,0,0,1,0,0,1,0,0,0,0,1
PROP203507,0.0,Needs Renovation,3379.0,A,58.0,64.0,0,0,0,0,1,1,1,0,1,0,0,1
PROP203508,20.0,Good,2321.0,F,59.0,,1,1,1,0,1,0,1,0,0,0,0,0
PROP203509,35.0,Good,3134.0,C,59.0,47.0,0,1,1,0,0,0,1,0,0,1,0,0
PROP203510,5.0,Needs Renovation,2049.0,F,65.0,83.0,0,1,0,0,0,1,0,0,0,0,0,0
PROP203511,9.0,Good,2141.0,C,63.0,54.0,0,1,0,0,0,0,0,0,0,0,0,1
PROP203512,32.0,Needs Renovation,3245.0,A,43.0,56.0,0,0,1,0,0,0,1,1,1,1,0,0
PROP203513,32.0,Needs Renovation,1705.0,C,76.0,52.0,1,0,0,0,0,1,0,1,1,0,0,0
PROP203514,15.0,Needs Renovation,5237.0,E,85.0,82.0,0,0,0,1,0,0,0,0,0,0,1,0
PROP203515,0.0,Old,2021.0,A,94.0,55.0,0,1,1,1,0,0,0,0,0,0,0,0
PROP203516,15.0,Needs Renovation,1415.0,F,97.0,99.0,0,0,0,0,0,0,1,1,0,0,1,0
PROP203517,34.0,New,3388.0,A,49.0,96.0,0,0,1,0,1,1,1,1,0,0,0,0
PROP203518,13.0,Needs Renovation,1427.0,B,55.0,42.0,0,0,0,0,0,1,0,0,0,0,1,0
PROP203519,36.0,Good,1744.0,B,91.0,56.0,0,1,0,0,0,0,0,0,0,1,1,0
PROP203520,21.0,Old,3226.0,D,92.0,52.0,0,1,0,1,0,0,0,0,1,0,1,1
PROP203521,16.0,Needs Renovation,2480.0,B,85.0,95.0,0,0,0,0,1,1,0,0,1,1,0,0
PROP203522,10.0,New,1192.0,C,92.0,32.0,0,0,0,0,1,0,0,0,0,1,1,1
PROP203523,11.0,Good,3787.0,A,99.0,86.0,0,0,1,0,1,0,0,0,0,0,0,0
PROP203524,19.0,Old,2303.0,C,56.0,,1,0,0,1,1,1,0,0,1,0,0,0
PROP203525,16.0,New,830.0,A,70.0,81.0,1,1,0,0,0,1,1,1,0,0,0,0
PROP203526,2.0,Needs Renovation,2653.0,C,54.0,33.0,0,0,0,0,0,0,0,1,1,0,0,1
PROP203527,16.0,Good,166.0,A,55.0,34.0,1,0,0,0,1,1,0,0,0,0,0,1
PROP203528,0.0,New,1771.0,C,97.0,68.0,0,0,0,1,1,0,0,1,0,0,0,0
PROP203529,14.0,Old,2020.0,B,67.0,39.0,1,0,0,0,1,0,0,0,0,1,1,0
PROP203530,29.0,Old,1846.0,F,54.0,62.0,0,0,1,0,0,0,0,0,0,0,1,0
PROP203531,26.0,New,3977.0,B,75.0,87.0,0,0,0,0,0,0,1,0,1,0,0,0
PROP203532,12.0,Good,2163.0,C,70.0,76.0,0,1,0,0,0,1,0,0,0,0,1,0
PROP203533,8.0,Needs Renovation,2480.0,B,93.0,55.0,1,0,0,0,0,0,0,0,0,1,0,0
PROP203534,8.0,Needs Renovation,3548.0,B,87.0,85.0,0,1,0,1,0,1,0,0,0,0,0,0
PROP203535,27.0,Good,2553.0,A,46.0,63.0,1,1,0,1,0,1,0,0,0,1,0,0
PROP203536,6.0,Needs Renovation,2441.0,B,95.0,96.0,0,0,0,0,0,0,1,0,1,0,0,1
PROP203537,17.0,Old,2480.0,F,42.0,61.0,0,1,0,0,0,0,0,0,0,0,0,1
PROP203538,2.0,Old,3645.0,F,84.0,70.0,0,1,1,1,1,0,0,0,1,0,0,0
PROP203539,17.0,New,2080.0,A,,99.0,1,0,1,0,0,1,0,0,0,0,0,1
PROP203540,27.0,Good,1941.0,B,50.0,96.0,0,0,1,0,0,0,0,0,1,0,1,0
PROP203541,31.0,Needs Renovation,1136.0,F,99.0,93.0,1,0,0,1,0,1,0,0,0,0,0,0
PROP203542,28.0,Old,1893.0,B,85.0,56.0,1,0,1,0,0,0,0,1,0,0,1,0
PROP203543,25.0,New,2928.0,F,73.0,70.0,0,0,0,0,0,0,1,1,1,1,0,1
PROP203544,6.0,New,2212.0,A,83.0,94.0,0,0,0,1,0,0,0,0,0,1,0,1
PROP203545,21.0,Old,1218.0,D,73.0,72.0,1,0,0,0,0,1,0,0,0,0,0,0
PROP203546,9.0,New,4693.0,A,74.0,60.0,0,1,1,0,0,0,1,1,0,0,0,0
PROP203547,23.0,Needs Renovation,698.0,D,91.0,42.0,0,0,1,0,0,0,1,0,1,0,0,0
PROP203548,29.0,Old,2440.0,E,50.0,89.0,0,0,1,0,0,1,0,1,0,0,0,0
PROP203549,14.0,Old,4342.0,F,75.0,59.0,0,0,0,0,1,0,0,0,1,0,0,0
PROP203550,21.0,Needs Renovation,3691.0,C,76.0,61.0,0,0,1,0,0,0,1,0,0,0,1,1
PROP203551,11.0,Needs Renovation,3122.0,C,89.0,38.0,1,1,1,0,0,0,0,1,0,0,0,1
PROP203552,37.0,Good,3187.0,F,80.0,62.0,0,0,0,1,1,0,0,0,0,0,1,0
PROP203553,31.0,Good,2298.0,E,69.0,96.0,0,0,1,0,1,0,0,0,1,1,0,1
PROP203554,27.0,New,1736.0,B,78.0,76.0,0,0,0,0,1,0,1,0,0,0,1,0
PROP203555,7.0,New,4473.0,D,93.0,77.0,0,0,0,0,0,0,0,1,1,0,0,0
PROP203556,,Needs Renovation,2476.0,D,,47.0,0,1,0,0,0,0,0,0,0,0,1,1
PROP203557,37.0,New,2210.0,B,74.0,59.0,1,0,0,0,1,0,0,0,0,0,0,0
PROP203558,1.0,Good,112.0,A,81.0,32.0,0,0,0,0,1,0,1,0,0,1,0,0
PROP203559,8.0,Old,1825.0,D,97.0,50.0,0,0,1,0,0,0,0,0,0,1,0,0
PROP203560,27.0,Old,3698.0,F,68.0,40.0,0,0,0,0,1,0,1,0,1,0,0,0
PROP203561,20.0,New,4664.0,A,75.0,97.0,0,0,0,0,0,0,1,1,0,0,0,0
PROP203562,32.0,New,1509.0,B,57.0,95.0,0,0,0,0,0,0,1,0,1,0,0,0
PROP203563,28.0,Old,1740.0,F,74.0,82.0,0,0,1,0,1,0,0,0,0,0,0,0
PROP203564,18.0,Needs Renovation,2659.0,B,58.0,92.0,1,0,0,0,0,1,0,0,0,0,0,0
PROP203565,25.0,Old,4252.0,F,88.0,65.0,0,1,0,0,1,1,1,0,0,0,0,1
PROP203566,23.0,Old,2004.0,B,99.0,62.0,0,1,0,1,0,0,0,0,1,0,0,0
PROP203567,30.0,Old,371.0,C,63.0,99.0,1,0,0,0,0,0,0,1,0,1,0,0
PROP203568,15.0,Old,2551.0,B,99.0,43.0,0,1,1,0,1,0,0,0,1,0,0,0
PROP203569,7.0,Needs Renovation,4005.0,A,,41.0,1,0,0,1,0,1,1,0,0,0,0,0
PROP203570,,Good,1452.0,E,81.0,91.0,0,1,1,0,0,0,0,0,0,0,0,0
PROP203571,36.0,Good,1591.0,B,,39.0,0,0,0,0,0,0,0,0,1,0,1,0
PROP203572,23.0,Needs Renovation,3737.0,A,46.0,76.0,0,0,0,0,0,1,0,0,0,0,1,0
PROP203573,3.0,Needs Renovation,4456.0,B,82.0,46.0,0,0,1,0,0,1,0,1,0,1,0,0
PROP203574,31.0,Good,2080.0,A,53.0,95.0,0,0,0,0,0,0,1,0,0,1,1,0
PROP203575,4.0,New,1420.0,E,67.0,45.0,0,0,0,1,0,1,0,0,1,1,1,0
PROP203576,33.0,Good,2536.0,F,,46.0,0,1,1,1,1,0,0,0,0,1,0,0
PROP203577,13.0,New,3238.0,F,74.0,,1,0,0,0,0,1,1,0,0,0,1,0
PROP203578,18.0,Good,3181.0,D,54.0,54.0,0,0,1,1,0,1,0,0,0,1,1,0
PROP203579,12.0,Needs Renovation,1444.0,F,77.0,44.0,1,0,0,1,1,1,0,0,0,0,0,0
PROP203580,28.0,Good,3717.0,D,59.0,32.0,0,0,0,1,1,0,1,0,0,1,0,1
PROP203581,20.0,Old,4853.0,B,42.0,89.0,0,0,0,0,0,0,0,0,1,1,0,1
PROP203582,36.0,New,2669.0,D,93.0,71.0,1,0,0,0,1,0,0,0,0,0,0,1
PROP203583,6.0,Old,915.0,C,63.0,37.0,0,1,0,1,0,1,0,1,0,1,0,0
PROP203584,7.0,New,2820.0,B,84.0,38.0,0,0,0,1,1,0,1,0,1,1,0,0
PROP203585,28.0,Needs Renovation,2434.0,D,80.0,32.0,1,0,0,0,1,0,0,0,0,1,1,0
PROP203586,2.0,Needs Renovation,1323.0,C,70.0,52.0,0,0,0,0,0,0,0,1,1,1,0,0
PROP203587,3.0,Good,2480.0,B,88.0,59.0,0,1,1,0,0,1,0,0,0,1,1,0
PROP203588,9.0,Good,3360.0,B,88.0,87.0,1,0,0,0,0,0,0,0,0,0,0,1
PROP203589,39.0,Needs Renovation,1622.0,A,85.0,72.0,0,1,0,1,1,0,0,0,0,0,0,0
PROP203590,38.0,New,842.0,F,68.0,95.0,0,0,0,0,0,0,0,1,0,1,0,1
PROP203591,25.0,Old,3869.0,A,97.0,63.0,1,0,0,0,0,0,0,1,0,0,0,0
PROP203592,7.0,Needs Renovation,3084.0,F,86.0,38.0,0,0,0,0,0,1,0,1,0,0,1,0
PROP203593,9.0,Old,3915.0,C,75.0,35.0,0,0,0,1,0,0,0,1,0,1,0,0
PROP203594,32.0,Good,2174.0,C,90.0,42.0,0,0,0,0,0,1,0,0,0,0,0,1
PROP203595,38.0,Old,2038.0,F,59.0,65.0,1,0,1,1,0,0,0,0,1,1,0,0
PROP203596,24.0,New,1900.0,E,91.0,44.0,0,0,0,1,1,0,0,0,1,0,1,0
PROP203597,32.0,Good,1369.0,B,40.0,94.0,0,0,0,1,0,0,1,0,0,1,0,1
PROP203598,22.0,New,2011.0,F,79.0,45.0,0,0,0,1,1,0,1,1,0,0,0,0
PROP203599,37.0,Good,1535.0,B,63.0,41.0,1,1,0,0,0,0,0,0,0,0,0,0
PROP203600,29.0,Good,1912.0,C,65.0,70.0,0,0,0,0,1,0,0,0,0,0,1,0
PROP203601,25.0,Old,1790.0,B,45.0,,0,0,0,0,0,1,0,1,0,0,0,0
PROP203602,27.0,Old,2638.0,C,,96.0,0,1,0,1,0,0,0,0,0,0,0,0
PROP203603,15.0,Good,3069.0,A,69.0,30.0,0,1,0,0,1,1,0,0,1,1,0,0
PROP203604,39.0,Old,1155.0,E,88.0,73.0,0,0,0,0,1,0,0,0,0,0,0,1
PROP203605,35.0,Old,1831.0,C,70.0,,1,0,0,0,0,0,1,0,1,1,0,0
PROP203606,31.0,Needs Renovation,3797.0,B,51.0,64.0,1,1,0,0,0,0,0,0,0,1,0,1
PROP203607,25.0,Needs Renovation,2304.0,E,61.0,78.0,1,1,0,0,0,0,0,1,1,0,0,1
PROP203608,19.0,New,309.0,A,98.0,52.0,1,0,0,1,0,1,1,0,0,1,0,0
PROP203609,32.0,Old,1479.0,A,80.0,39.0,0,0,0,0,1,0,0,0,0,1,0,0
PROP203610,0.0,Old,2480.0,C,83.0,62.0,0,0,0,0,0,1,1,0,0,0,0,0
PROP203611,36.0,New,3923.0,E,58.0,96.0,1,1,0,0,0,0,0,0,0,1,1,1
PROP203612,14.0,Old,2880.0,B,66.0,62.0,1,1,0,0,0,1,1,0,0,0,1,0
PROP203613,24.0,Needs Renovation,1697.0,B,49.0,50.0,1,0,1,0,0,0,1,0,1,1,0,0
PROP203614,25.0,New,2376.0,B,62.0,52.0,1,1,0,0,1,0,0,1,0,0,0,1
PROP203615,14.0,Old,175.0,F,49.0,,0,1,0,0,0,1,0,1,1,1,0,0
PROP203616,29.0,Needs Renovation,2831.0,F,67.0,78.0,1,0,0,0,0,0,0,0,1,0,0,0
PROP203617,3.0,Needs Renovation,2993.0,D,98.0,95.0,0,0,0,0,0,1,0,0,1,0,0,0
PROP203618,15.0,Needs Renovation,950.0,C,,61.0,0,0,0,0,1,0,0,1,0,0,0,0
PROP203619,21.0,New,2550.0,D,65.0,31.0,0,0,0,0,1,1,0,0,0,0,0,1
PROP203620,31.0,Needs Renovation,874.0,C,49.0,60.0,0,0,1,1,1,0,0,0,0,0,1,1
PROP203621,3.0,Old,2045.0,A,43.0,69.0,1,1,0,0,0,0,1,0,0,1,0,0
PROP203622,20.0,Old,2549.0,B,91.0,38.0,0,0,0,0,1,1,0,0,0,0,0,1
PROP203623,0.0,Good,2310.0,D,62.0,90.0,0,1,0,0,0,0,0,1,1,0,0,1
PROP203624,32.0,New,4271.0,A,89.0,66.0,0,0,1,0,0,1,0,0,0,1,0,0
PROP203625,31.0,Needs Renovation,2523.0,A,,44.0,0,0,1,0,0,1,0,1,0,0,0,1
PROP203626,34.0,Good,2480.0,F,73.0,39.0,0,0,0,0,0,0,1,0,0,1,0,0
PROP203627,14.0,New,2480.0,B,70.0,89.0,0,1,0,0,0,0,0,0,1,0,0,0
PROP203628,39.0,New,2159.0,C,72.0,93.0,1,0,0,1,0,0,0,0,0,1,0,0
PROP203629,20.0,Old,929.0,B,97.0,77.0,1,0,1,0,0,0,1,0,1,1,0,0
PROP203630,21.0,Good,2030.0,B,66.0,40.0,0,0,0,1,0,0,1,0,1,1,1,0
PROP203631,3.0,Good,2530.0,F,66.0,31.0,0,0,0,1,0,0,0,0,1,0,0,1
PROP203632,16.0,Good,2109.0,B,41.0,60.0,1,0,0,0,1,0,0,0,0,0,1,0
PROP203633,14.0,Needs Renovation,554.0,E,,,1,0,0,0,1,0,0,0,0,0,0,0
PROP203634,34.0,New,2348.0,D,69.0,65.0,1,0,0,0,0,0,1,0,0,0,0,0
PROP203635,31.0,Old,330.0,A,77.0,74.0,0,0,1,1,0,0,0,0,1,0,0,0
PROP203636,16.0,Good,2182.0,C,71.0,,1,0,1,1,0,0,0,0,0,1,0,1
PROP203637,25.0,Good,3074.0,A,61.0,82.0,1,0,1,0,1,1,0,1,0,0,0,0
PROP203638,39.0,New,2603.0,E,,,0,1,0,0,1,1,0,0,1,0,0,0
PROP203639,17.0,Old,3534.0,F,43.0,97.0,0,1,0,0,0,1,0,1,1,0,0,0
PROP203640,6.0,New,2347.0,B,50.0,77.0,0,1,0,0,1,0,0,0,0,0,0,0
PROP203641,7.0,New,1788.0,C,47.0,62.0,0,0,0,0,0,0,1,0,0,0,1,1
PROP203642,26.0,New,1974.0,F,48.0,63.0,0,1,0,1,1,0,0,0,0,0,0,0
PROP203643,38.0,Needs Renovation,2925.0,A,,91.0,0,0,0,0,0,1,1,0,0,1,0,0
PROP203644,9.0,New,4278.0,D,62.0,73.0,0,0,1,1,0,1,0,0,0,0,1,0
PROP203645,6.0,Good,2480.0,F,77.0,62.0,0,0,1,1,0,0,0,0,1,1,0,0
PROP203646,0.0,Needs Renovation,992.0,E,76.0,93.0,0,0,0,0,0,1,1,0,0,1,1,1
PROP203647,32.0,New,1253.0,D,90.0,67.0,0,0,0,0,1,1,0,0,0,1,0,1
PROP203648,5.0,Needs Renovation,2068.0,D,52.0,42.0,1,0,0,0,0,0,0,0,0,1,0,1
PROP203649,35.0,New,2191.0,E,69.0,76.0,0,0,1,1,0,0,0,0,0,1,1,0
PROP203650,29.0,New,3089.0,D,66.0,58.0,0,0,0,1,0,0,0,0,0,0,0,1
PROP203651,6.0,Good,2346.0,C,89.0,67.0,1,0,1,0,0,0,0,0,0,0,1,0
PROP203652,34.0,Old,3195.0,E,97.0,40.0,1,1,0,0,0,0,0,1,0,1,0,0
PROP203653,28.0,Good,3007.0,B,54.0,63.0,0,1,0,0,0,0,0,0,0,1,0,0
PROP203654,1.0,Good,2023.0,B,75.0,94.0,0,0,0,0,0,0,0,1,1,1,0,0
PROP203655,3.0,Old,2327.0,D,62.0,66.0,0,1,0,1,0,0,1,0,0,0,0,0
PROP203656,10.0,Needs Renovation,3837.0,F,,75.0,1,0,1,1,0,0,0,1,0,0,0,0
PROP203657,17.0,Old,3891.0,D,57.0,70.0,0,0,0,0,1,0,0,0,0,0,0,1
PROP203658,,New,4009.0,F,45.0,86.0,0,1,0,1,0,1,0,0,1,0,0,1
PROP203659,35.0,Good,2340.0,E,68.0,63.0,1,0,0,0,0,0,0,0,1,0,0,0
PROP203660,6.0,New,2856.0,A,68.0,58.0,1,0,1,0,0,0,0,0,1,0,0,0
PROP203661,20.0,Good,3399.0,C,90.0,77.0,1,0,0,0,1,0,0,0,0,0,0,0
PROP203662,19.0,New,3809.0,D,41.0,46.0,1,0,0,0,1,0,0,0,1,0,0,0
PROP203663,35.0,Old,505.0,B,72.0,65.0,0,1,1,0,0,1,0,1,0,1,0,0
PROP203664,18.0,Old,1311.0,B,99.0,86.0,1,0,0,1,1,0,0,0,0,1,0,0
PROP203665,34.0,Old,3216.0,E,70.0,51.0,0,1,1,0,0,0,0,0,0,0,1,0
PROP203666,10.0,Good,3494.0,F,94.0,91.0,0,0,0,1,0,0,0,0,1,1,0,0
PROP203667,11.0,Old,182.0,E,63.0,72.0,1,0,0,0,0,0,0,1,0,0,1,0
PROP203668,8.0,New,676.0,B,97.0,75.0,1,0,0,0,0,1,0,0,0,1,0,0
PROP203669,19.0,New,395.0,C,60.0,81.0,0,0,0,1,0,1,1,0,0,1,0,0
PROP203670,5.0,Good,965.0,A,61.0,36.0,0,1,0,0,1,1,0,1,0,0,0,0
PROP203671,14.0,Old,939.0,D,65.0,30.0,0,0,1,0,0,0,1,0,0,0,0,0
PROP203672,36.0,Needs Renovation,938.0,B,57.0,39.0,1,1,0,1,0,1,0,0,0,1,0,0
PROP203673,5.0,Good,2480.0,B,54.0,55.0,0,1,0,1,0,0,0,1,0,0,0,0
PROP203674,23.0,Good,2102.0,D,74.0,82.0,0,0,0,0,1,1,0,1,0,0,1,1
PROP203675,32.0,Good,3655.0,F,,54.0,0,0,0,1,1,0,0,1,0,0,1,0
PROP203676,26.0,Good,2480.0,A,60.0,,1,1,0,0,1,0,0,0,0,0,0,1
PROP203677,28.0,Old,2113.0,D,,99.0,1,0,0,0,0,0,0,0,0,0,1,0
PROP203678,18.0,Old,2976.0,E,44.0,58.0,1,0,0,1,0,1,0,0,0,1,0,0
PROP203679,,Old,3350.0,A,62.0,89.0,0,0,0,0,0,0,0,1,0,0,1,0
PROP203680,6.0,Needs Renovation,2839.0,E,94.0,87.0,1,1,0,0,0,0,0,1,0,0,1,0
PROP203681,31.0,New,2712.0,C,49.0,94.0,0,0,1,0,0,0,0,0,1,1,1,1
PROP203682,5.0,New,4860.0,E,78.0,91.0,0,1,0,0,1,0,0,1,0,0,1,0
PROP203683,26.0,New,6341.0,B,92.0,67.0,1,0,0,0,0,0,0,0,0,0,0,1
PROP203684,27.0,Good,2808.0,E,87.0,92.0,0,0,0,0,0,0,0,1,1,1,0,1
PROP203685,8.0,Needs Renovation,386.0,C,48.0,52.0,0,0,1,0,0,0,1,1,1,0,0,0
PROP203686,4.0,Needs Renovation,1175.0,E,70.0,77.0,0,0,0,0,0,0,1,0,0,1,0,0
PROP203687,30.0,Needs Renovation,3120.0,A,86.0,32.0,1,1,1,0,0,0,1,0,0,1,0,0
PROP203688,24.0,Old,1909.0,B,94.0,31.0,0,0,1,0,0,0,1,1,0,0,0,0
PROP203689,36.0,Good,3237.0,F,68.0,67.0,0,0,1,0,0,1,0,0,0,1,0,0
PROP203690,15.0,Good,3484.0,C,41.0,90.0,1,1,0,0,1,1,0,0,0,0,0,0
PROP203691,18.0,Old,1636.0,B,84.0,81.0,0,0,0,1,1,1,0,0,0,0,0,0
PROP203692,16.0,New,4500.0,E,77.0,44.0,0,0,0,0,0,1,1,0,0,0,1,0
PROP203693,29.0,New,2480.0,B,64.0,52.0,1,0,0,0,0,0,0,0,0,0,1,0
PROP203694,25.0,Needs Renovation,2827.0,D,60.0,50.0,0,0,0,0,0,0,0,0,1,0,1,0
PROP203695,7.0,New,3509.0,B,50.0,,0,1,0,0,0,0,1,0,0,1,1,0
PROP203696,14.0,New,1596.0,B,44.0,68.0,0,0,0,0,0,1,0,1,0,0,0,1
PROP203697,11.0,Old,524.0,B,52.0,30.0,0,1,0,0,0,0,0,0,0,0,0,1
PROP203698,14.0,Old,2663.0,D,97.0,67.0,0,0,0,0,0,0,0,1,1,0,0,0
PROP203699,4.0,Needs Renovation,1734.0,E,70.0,83.0,1,0,0,0,1,0,1,1,0,0,1,0
PROP203700,38.0,Needs Renovation,3787.0,E,,81.0,0,0,1,1,0,0,1,0,0,0,0,0
PROP203701,38.0,New,1912.0,B,51.0,54.0,0,0,0,1,0,1,1,1,0,0,0,0
PROP203702,28.0,Needs Renovation,2355.0,B,88.0,93.0,0,0,1,0,0,0,1,1,0,0,0,1
PROP203703,15.0,New,3072.0,E,81.0,58.0,0,1,0,1,0,0,0,1,0,1,0,0
PROP203704,34.0,Old,2639.0,B,51.0,40.0,0,0,1,1,0,0,0,0,0,0,1,0
PROP203705,27.0,Needs Renovation,0.0,E,47.0,71.0,1,0,0,0,1,0,0,0,1,0,0,0
PROP203706,2.0,Good,4412.0,A,86.0,34.0,0,0,0,0,0,1,0,0,1,1,0,0
PROP203707,3.0,Needs Renovation,2481.0,E,50.0,83.0,0,0,1,0,0,0,0,0,1,1,0,0
PROP203708,30.0,Good,3530.0,D,,78.0,1,0,1,0,0,0,0,0,0,1,0,0
PROP203709,,Old,3367.0,A,61.0,31.0,0,1,0,0,0,0,0,0,0,1,0,0
PROP203710,25.0,Old,4944.0,D,,56.0,1,0,0,0,1,0,0,1,0,0,0,0
PROP203711,7.0,New,2480.0,E,53.0,44.0,0,0,0,0,0,0,0,1,0,1,0,1
PROP203712,18.0,New,2328.0,F,78.0,61.0,0,0,0,0,1,0,1,0,0,1,0,1
PROP203713,22.0,New,2180.0,C,81.0,79.0,1,0,1,0,0,0,0,0,0,0,0,0
PROP203714,20.0,Needs Renovation,1703.0,A,55.0,69.0,0,1,0,0,0,1,1,1,0,0,1,0
PROP203715,9.0,Old,1058.0,B,67.0,60.0,1,0,0,0,0,0,1,0,0,0,0,0
PROP203716,13.0,Good,3233.0,B,50.0,71.0,0,1,0,0,1,0,1,0,1,0,0,1
PROP203717,23.0,Good,2647.0,D,57.0,62.0,0,0,1,0,1,0,1,0,0,0,0,0
PROP203718,38.0,New,2010.0,E,47.0,46.0,1,0,1,0,0,0,0,1,0,1,0,1
PROP203719,34.0,Good,2223.0,B,61.0,88.0,0,0,0,0,1,1,1,1,0,0,1,0
PROP203720,10.0,Needs Renovation,2703.0,B,76.0,71.0,0,0,1,0,0,0,0,0,1,0,0,1
PROP203721,16.0,Needs Renovation,1486.0,E,83.0,76.0,0,0,0,0,0,1,1,0,1,0,0,0
PROP203722,21.0,Good,1553.0,C,46.0,81.0,0,0,0,0,0,0,1,0,0,1,0,1
PROP203723,10.0,New,1062.0,E,50.0,85.0,1,1,0,0,0,0,0,0,1,0,1,0
PROP203724,4.0,New,5103.0,D,61.0,77.0,0,1,0,1,0,1,0,1,1,0,0,0
PROP203725,14.0,Good,1581.0,E,47.0,84.0,1,0,0,1,1,1,0,0,0,0,0,0
PROP203726,37.0,Good,3622.0,D,74.0,74.0,0,0,0,1,0,0,1,0,1,1,0,1
PROP203727,9.0,Old,2480.0,D,74.0,62.0,0,0,0,0,1,0,0,1,0,0,0,0
PROP203728,8.0,New,4329.0,F,79.0,42.0,0,1,0,1,0,1,0,0,1,1,0,0
PROP203729,10.0,Good,1431.0,A,67.0,69.0,0,0,0,1,0,1,0,0,0,0,0,0
PROP203730,34.0,Good,2480.0,E,80.0,67.0,1,0,0,0,1,0,0,0,1,0,0,0
PROP203731,34.0,New,1747.0,D,68.0,49.0,0,0,0,0,0,1,1,0,1,0,0,0
PROP203732,15.0,New,2480.0,A,78.0,40.0,0,0,0,1,1,0,0,0,0,0,0,0
PROP203733,37.0,New,2882.0,D,87.0,82.0,0,0,0,0,0,0,0,0,0,1,1,0
PROP203734,11.0,Good,1153.0,E,68.0,49.0,1,0,1,0,0,0,0,1,0,0,0,0
PROP203735,22.0,Good,1224.0,E,67.0,60.0,1,0,1,0,0,0,1,0,0,1,1,0
PROP203736,27.0,Good,2480.0,C,56.0,,1,0,0,0,0,0,0,0,0,1,0,0
PROP203737,14.0,New,1036.0,C,94.0,69.0,1,1,0,0,0,1,0,0,0,0,1,0
PROP203738,35.0,Good,2480.0,C,65.0,64.0,0,0,0,1,1,0,0,1,1,0,0,0
PROP203739,5.0,New,1976.0,F,95.0,75.0,1,0,1,0,0,0,0,0,0,0,0,0
PROP203740,36.0,New,1851.0,F,66.0,69.0,0,1,1,1,0,0,0,0,0,0,0,1
PROP203741,16.0,New,2507.0,B,45.0,35.0,0,0,1,0,1,0,1,0,0,0,0,0
PROP203742,,Old,1576.0,D,44.0,67.0,0,0,0,0,0,1,0,0,0,1,0,0
PROP203743,34.0,New,2197.0,F,52.0,46.0,1,0,0,0,1,1,0,0,1,0,0,1
PROP203744,24.0,Good,2813.0,E,73.0,67.0,0,0,0,0,1,0,0,0,0,0,0,1
PROP203745,5.0,Needs Renovation,3916.0,C,43.0,79.0,0,1,0,0,0,0,0,0,1,0,0,1
PROP203746,12.0,Old,1340.0,E,,99.0,0,0,0,0,0,1,0,0,0,0,0,1
PROP203747,34.0,New,2691.0,F,65.0,84.0,0,0,0,0,0,0,0,0,1,1,1,1
PROP203748,6.0,Good,1060.0,F,66.0,,0,0,0,0,1,1,1,1,0,0,1,0
PROP203749,9.0,New,2576.0,C,80.0,67.0,0,0,0,1,1,0,0,0,0,1,0,0
PROP203750,18.0,New,3013.0,E,48.0,47.0,0,0,0,0,0,0,0,1,0,1,0,0
PROP203751,25.0,New,2479.0,F,45.0,90.0,1,1,0,1,0,0,1,0,0,0,1,0
PROP203752,13.0,New,4612.0,E,96.0,41.0,1,1,0,0,0,0,1,0,0,0,0,0
PROP203753,28.0,Old,2358.0,D,76.0,92.0,0,0,0,0,0,1,1,1,0,0,0,0
PROP203754,36.0,Good,2480.0,F,70.0,33.0,0,0,1,1,0,1,0,0,1,0,1,0
PROP203755,18.0,Needs Renovation,2897.0,E,63.0,39.0,0,1,1,1,1,0,0,0,1,0,0,0
PROP203756,5.0,Old,1964.0,C,52.0,70.0,0,0,1,0,0,0,0,1,0,0,1,1
PROP203757,12.0,Old,4748.0,E,92.0,57.0,0,0,0,1,1,1,1,1,0,0,0,0
PROP203758,17.0,Needs Renovation,1844.0,B,56.0,48.0,0,0,1,0,0,0,1,0,0,1,0,0
PROP203759,34.0,Old,1178.0,A,96.0,39.0,0,0,0,1,1,0,1,0,0,0,0,0
PROP203760,35.0,Old,4178.0,B,91.0,59.0,0,1,0,1,0,1,0,0,0,1,0,0
PROP203761,4.0,Needs Renovation,1611.0,E,99.0,37.0,0,0,0,1,0,0,0,0,0,1,0,0
PROP203762,37.0,Good,3083.0,C,75.0,71.0,1,0,0,0,1,0,1,0,0,0,0,0
PROP203763,6.0,New,3134.0,D,84.0,66.0,0,0,1,1,0,0,1,1,0,0,0,0
PROP203764,11.0,Old,2393.0,B,42.0,66.0,1,1,1,0,0,0,0,1,0,0,0,0
PROP203765,36.0,Old,1858.0,A,68.0,32.0,0,1,0,0,0,0,0,0,0,1,1,1
PROP203766,34.0,Good,1385.0,B,97.0,80.0,0,0,0,1,0,0,0,0,1,0,1,1
PROP203767,35.0,Good,2731.0,A,57.0,78.0,1,0,0,0,0,0,1,0,0,0,0,0
PROP203768,25.0,Good,4572.0,E,63.0,31.0,0,0,0,1,0,1,0,0,0,1,1,1
PROP203769,9.0,Good,3158.0,D,89.0,65.0,0,0,0,1,1,0,1,0,0,0,1,0
PROP203770,26.0,Old,2523.0,E,88.0,51.0,0,0,0,1,1,1,0,0,0,0,0,0
PROP203771,34.0,Old,1154.0,A,54.0,70.0,0,0,0,0,1,1,0,0,0,0,1,0
PROP203772,36.0,New,3144.0,E,94.0,71.0,1,0,0,0,0,1,0,1,1,1,0,0
PROP203773,9.0,New,3384.0,E,58.0,97.0,0,1,0,1,0,1,0,0,0,0,1,0
PROP203774,10.0,Good,3034.0,E,98.0,56.0,0,1,0,0,1,0,0,1,0,1,1,0
PROP203775,24.0,Needs Renovation,1969.0,A,94.0,69.0,0,0,0,0,0,1,1,0,0,1,0,1
PROP203776,19.0,Good,1809.0,F,56.0,68.0,0,0,1,0,0,1,0,0,0,0,0,0
PROP203777,30.0,Needs Renovation,1634.0,A,92.0,37.0,1,0,0,0,0,0,0,0,0,0,1,1
PROP203778,5.0,Old,2278.0,D,97.0,80.0,1,0,0,0,0,0,1,0,0,0,0,0
PROP203779,20.0,New,938.0,A,69.0,62.0,0,0,0,0,1,0,0,1,1,0,0,1
PROP203780,,Needs Renovation,1545.0,F,,62.0,0,1,0,0,0,1,0,0,0,0,1,0
PROP203781,1.0,New,5709.0,A,57.0,72.0,0,0,1,1,1,0,0,0,0,1,0,1
PROP203782,1.0,New,2203.0,B,94.0,45.0,0,0,0,0,0,0,0,0,1,0,1,0
PROP203783,1.0,Good,2480.0,C,91.0,80.0,0,0,0,0,0,1,0,0,0,0,1,0
PROP203784,25.0,Needs Renovation,3971.0,C,,85.0,0,0,1,0,1,0,0,0,0,0,1,0
PROP203785,34.0,Needs Renovation,3196.0,D,,42.0,1,0,0,0,1,0,0,0,0,0,0,1
PROP203786,8.0,New,1827.0,D,,34.0,1,1,0,0,0,0,0,0,0,1,1,1
PROP203787,,New,2321.0,F,94.0,30.0,0,0,1,0,0,0,0,0,0,1,0,1
PROP203788,,Needs Renovation,1753.0,D,99.0,47.0,1,1,0,0,0,0,0,1,0,1,1,0
PROP203789,18.0,Good,2232.0,F,46.0,68.0,0,0,0,0,0,1,0,0,0,0,0,1
PROP203790,39.0,Good,1755.0,A,70.0,54.0,0,0,0,0,0,0,0,0,1,0,1,0
PROP203791,18.0,Needs Renovation,3391.0,C,,63.0,0,0,1,1,0,0,0,0,1,1,0,1
PROP203792,39.0,Needs Renovation,3289.0,B,63.0,74.0,0,0,0,0,0,0,0,1,0,0,1,1
PROP203793,30.0,Good,2609.0,D,84.0,51.0,0,0,0,0,1,0,0,0,0,0,1,0
PROP203794,21.0,New,4450.0,D,76.0,90.0,0,0,1,0,1,0,0,0,0,0,0,0
PROP203795,18.0,Needs Renovation,2480.0,E,43.0,97.0,0,0,0,0,0,0,0,1,0,0,1,0
PROP203796,7.0,Old,2480.0,D,81.0,34.0,0,0,1,0,0,1,1,0,1,1,0,0
PROP203797,2.0,New,1262.0,E,47.0,80.0,0,0,0,0,1,0,1,0,0,1,0,0
PROP203798,25.0,Good,2345.0,C,44.0,84.0,0,0,0,0,0,0,0,1,1,0,0,0
PROP203799,18.0,Good,1672.0,B,92.0,66.0,1,0,1,0,0,0,0,0,0,1,1,0
PROP203800,0.0,Good,2937.0,B,98.0,92.0,1,0,0,0,0,0,0,0,0,0,0,1
PROP203801,18.0,Old,0.0,C,66.0,44.0,0,0,1,0,1,1,0,1,0,0,1,0
PROP203802,9.0,New,1956.0,D,51.0,63.0,0,0,1,0,0,0,0,0,1,0,0,1
PROP203803,38.0,New,2413.0,B,69.0,77.0,0,0,0,1,1,1,0,0,0,0,0,0
PROP203804,15.0,Needs Renovation,3709.0,F,81.0,86.0,0,0,0,0,0,0,0,0,1,0,1,0
PROP203805,34.0,New,2304.0,D,61.0,40.0,1,0,0,0,1,0,0,0,0,1,0,1
PROP203806,1.0,Needs Renovation,2587.0,A,88.0,54.0,0,0,0,0,0,1,1,1,0,1,0,0
PROP203807,21.0,New,2480.0,E,84.0,,0,1,0,1,0,0,0,0,1,1,1,0
PROP203808,38.0,Old,2428.0,D,94.0,87.0,0,1,0,0,0,0,0,1,0,1,1,1
PROP203809,28.0,Needs Renovation,4607.0,D,97.0,41.0,1,0,0,0,1,0,1,0,0,0,0,1
PROP203810,36.0,New,2128.0,E,84.0,40.0,0,1,0,0,0,0,0,0,0,1,0,0
PROP203811,29.0,Old,1874.0,F,81.0,64.0,1,1,1,0,0,0,0,0,0,0,0,0
PROP203812,9.0,Needs Renovation,1604.0,A,68.0,52.0,1,0,0,0,0,0,0,1,1,1,0,0
PROP203813,0.0,Good,3739.0,B,,62.0,0,1,0,0,0,1,0,1,1,1,0,0
PROP203814,35.0,Good,3124.0,D,74.0,68.0,0,1,1,0,0,1,0,0,1,0,1,0
PROP203815,23.0,New,5210.0,C,77.0,84.0,0,0,0,0,1,1,0,1,0,0,0,0
PROP203816,0.0,Old,2747.0,B,,73.0,0,1,1,0,0,0,0,0,0,0,0,0
PROP203817,34.0,Good,0.0,E,56.0,52.0,0,0,0,0,1,0,1,0,1,0,0,1
PROP203818,3.0,Old,2888.0,D,58.0,41.0,0,1,0,1,0,0,0,1,1,1,0,0
PROP203819,11.0,Needs Renovation,4200.0,F,43.0,44.0,0,0,0,1,0,0,1,1,0,1,0,0
PROP203820,11.0,Old,1812.0,B,84.0,45.0,0,0,0,1,0,0,1,0,0,0,0,0
PROP203821,,New,3516.0,C,80.0,87.0,0,0,0,1,0,0,1,0,0,0,0,0
PROP203822,24.0,Needs Renovation,3548.0,A,68.0,45.0,0,1,0,1,0,1,0,1,1,0,0,0
PROP203823,25.0,Needs Renovation,3651.0,B,47.0,94.0,0,1,0,0,0,0,0,0,1,0,0,0
PROP203824,28.0,Needs Renovation,2457.0,E,77.0,49.0,0,1,0,0,0,0,0,0,0,1,0,0
PROP203825,13.0,Good,2194.0,A,68.0,53.0,1,1,0,1,0,0,1,1,0,0,0,0
PROP203826,17.0,Needs Renovation,2892.0,B,70.0,58.0,1,0,0,1,1,0,0,0,0,0,0,0
PROP203827,23.0,Good,2480.0,A,76.0,,0,1,0,0,0,0,0,0,0,0,0,1
PROP203828,30.0,Needs Renovation,2448.0,C,80.0,33.0,0,0,0,0,0,0,0,1,1,0,0,1
PROP203829,27.0,Old,2480.0,A,40.0,59.0,0,1,0,0,0,0,0,0,1,0,0,0
PROP203830,3.0,Good,2480.0,E,90.0,49.0,0,0,1,0,0,1,1,0,0,0,1,0
PROP203831,34.0,Old,2271.0,A,,64.0,1,1,0,1,0,0,0,1,0,0,0,0
PROP203832,34.0,New,3734.0,E,,56.0,0,1,0,0,0,0,1,0,0,1,0,1
PROP203833,9.0,Needs Renovation,2086.0,D,48.0,,0,0,0,0,0,0,0,1,1,0,1,0
PROP203834,13.0,Old,2480.0,D,96.0,,0,0,0,0,1,1,0,0,0,0,0,0
PROP203835,,Good,2480.0,B,92.0,84.0,0,0,0,0,1,0,0,0,0,1,0,0
PROP203836,20.0,Needs Renovation,3956.0,B,46.0,49.0,0,0,1,0,1,0,0,0,1,1,1,0
PROP203837,39.0,New,2983.0,D,77.0,72.0,0,0,0,0,0,1,1,0,0,1,0,0
PROP203838,7.0,Needs Renovation,3551.0,B,70.0,41.0,1,1,0,1,0,0,0,0,0,1,0,0
PROP203839,29.0,Good,2831.0,D,96.0,80.0,0,0,1,1,0,0,0,0,1,1,0,0
PROP203840,5.0,Needs Renovation,5307.0,E,72.0,84.0,0,1,1,0,0,0,1,0,1,0,0,0
PROP203841,4.0,Old,2031.0,C,47.0,79.0,0,0,0,1,0,0,0,1,0,0,0,0
PROP203842,18.0,Good,3533.0,D,80.0,45.0,0,0,0,0,1,1,1,0,0,0,0,0
PROP203843,1.0,Good,4186.0,A,99.0,63.0,0,0,1,0,1,0,0,1,0,0,0,1
PROP203844,0.0,Good,2137.0,E,57.0,82.0,1,0,0,0,0,0,1,1,0,0,1,0
PROP203845,0.0,New,1005.0,E,64.0,42.0,0,0,0,0,0,0,0,0,0,1,1,1
PROP203846,5.0,Old,1902.0,D,44.0,49.0,0,0,0,0,0,0,1,0,1,0,0,1
PROP203847,39.0,Needs Renovation,3519.0,D,,64.0,0,0,1,1,0,0,0,1,0,0,1,1
PROP203848,26.0,Good,3591.0,A,93.0,77.0,0,0,0,1,1,1,1,1,0,0,0,0
PROP203849,,New,3111.0,B,55.0,48.0,0,0,1,1,0,1,0,0,1,0,1,0
PROP203850,34.0,Old,2480.0,C,86.0,42.0,1,0,1,0,1,0,0,1,0,0,0,0
PROP203851,21.0,New,3578.0,A,82.0,83.0,1,1,0,0,0,0,0,0,0,0,0,1
PROP203852,35.0,Needs Renovation,2480.0,A,43.0,42.0,0,1,0,0,0,0,1,1,0,0,1,0
PROP203853,25.0,New,2228.0,C,99.0,31.0,0,0,1,1,0,1,1,1,0,0,0,0
PROP203854,,Old,3320.0,F,60.0,38.0,0,0,1,0,0,1,0,1,1,0,0,0
PROP203855,30.0,Good,3700.0,C,93.0,,0,1,0,0,1,0,0,0,0,0,0,0
PROP203856,8.0,Good,2357.0,C,59.0,82.0,1,0,0,0,0,1,0,0,0,1,1,0
PROP203857,12.0,New,1543.0,E,,74.0,0,0,0,0,0,1,0,0,0,0,1,0
PROP203858,15.0,Good,2480.0,B,,77.0,1,1,1,0,0,0,0,0,0,0,0,1
PROP203859,0.0,New,2390.0,D,95.0,99.0,0,0,0,0,1,0,1,0,0,0,1,1
PROP203860,12.0,Needs Renovation,2860.0,E,,44.0,0,1,1,0,1,0,1,0,0,0,0,0
PROP203861,14.0,Needs Renovation,4436.0,F,92.0,80.0,0,1,1,1,0,1,0,0,1,0,0,0
PROP203862,38.0,Needs Renovation,3523.0,B,67.0,67.0,1,0,1,0,1,1,1,0,0,0,0,0
PROP203863,15.0,New,2954.0,D,49.0,71.0,0,0,0,1,0,0,0,1,0,0,0,1
PROP203864,21.0,Old,0.0,C,45.0,34.0,0,0,0,1,1,0,1,0,0,1,1,0
PROP203865,29.0,New,109.0,F,56.0,49.0,0,1,0,0,0,0,0,1,1,0,0,1
PROP203866,21.0,New,1642.0,C,96.0,87.0,0,0,0,0,0,0,0,1,0,0,1,0
PROP203867,32.0,Good,1722.0,D,63.0,,1,0,1,0,1,0,0,0,0,0,0,0
PROP203868,3.0,Old,467.0,A,84.0,31.0,0,0,0,1,1,0,0,0,1,0,1,1
PROP203869,18.0,Good,2955.0,C,,37.0,0,0,1,0,1,1,1,1,0,0,0,0
PROP203870,28.0,Old,773.0,E,85.0,32.0,0,0,0,0,0,0,0,1,0,0,1,1
PROP203871,13.0,New,4021.0,B,97.0,48.0,1,0,1,0,0,1,0,1,0,0,0,0
PROP203872,9.0,Good,228.0,E,58.0,94.0,0,1,1,0,0,0,1,1,1,0,0,0
PROP203873,37.0,New,2626.0,D,83.0,34.0,1,0,0,0,0,0,0,0,0,0,1,0
PROP203874,29.0,New,4671.0,B,,93.0,1,1,1,0,0,0,0,0,0,1,1,0
PROP203875,39.0,New,4253.0,A,88.0,42.0,0,0,1,0,0,0,1,1,0,0,0,1
PROP203876,25.0,Good,2480.0,F,82.0,40.0,1,0,1,0,0,0,0,1,0,0,0,0
PROP203877,30.0,Old,2951.0,E,,,0,1,0,0,0,0,0,0,0,1,0,1
PROP203878,39.0,Old,1078.0,B,61.0,85.0,0,0,0,0,0,1,1,0,0,0,1,0
PROP203879,34.0,Needs Renovation,1693.0,A,61.0,67.0,0,1,0,0,0,0,1,0,1,0,0,0
PROP203880,7.0,Good,1678.0,C,42.0,31.0,0,1,0,0,0,0,0,0,1,0,0,0
PROP203881,19.0,Good,1850.0,C,97.0,,0,1,0,1,0,0,0,1,0,0,1,0
PROP203882,31.0,Old,3453.0,A,,43.0,0,0,0,1,0,0,0,0,0,0,1,0
PROP203883,8.0,New,3405.0,A,96.0,42.0,0,1,1,0,0,1,0,1,0,1,0,0
PROP203884,36.0,New,2480.0,B,47.0,45.0,0,1,0,0,0,0,1,1,1,0,1,0
PROP203885,32.0,Old,4281.0,A,87.0,55.0,1,0,0,0,0,0,0,1,0,1,1,1
PROP203886,32.0,Good,3453.0,A,59.0,52.0,0,1,0,1,0,0,1,0,0,0,0,0
PROP203887,,Old,4567.0,F,63.0,45.0,0,0,0,0,1,1,0,1,0,1,1,0
PROP203888,15.0,Old,1579.0,C,50.0,50.0,0,0,0,0,1,1,0,0,0,1,1,1
PROP203889,33.0,Old,2480.0,B,94.0,72.0,0,0,0,0,0,1,0,0,1,1,0,1
PROP203890,25.0,Needs Renovation,2477.0,B,86.0,30.0,0,0,1,1,0,0,1,0,0,1,0,0
PROP203891,14.0,Old,827.0,D,97.0,95.0,0,1,0,0,1,0,1,0,0,0,1,1
PROP203892,3.0,Old,2316.0,A,52.0,72.0,0,0,0,0,1,0,0,0,0,1,0,1
PROP203893,22.0,Old,1781.0,E,82.0,64.0,0,1,1,0,0,0,0,0,1,0,0,1
PROP203894,38.0,Good,4167.0,A,,74.0,1,0,1,0,0,1,0,1,0,0,0,0
PROP203895,35.0,Old,924.0,C,62.0,58.0,0,0,1,1,0,1,0,0,0,1,0,1
PROP203896,35.0,Needs Renovation,1730.0,C,87.0,59.0,1,0,1,0,0,0,1,0,1,0,0,0
PROP203897,29.0,New,1973.0,D,95.0,,0,0,0,0,0,0,1,1,1,1,0,1
PROP203898,23.0,New,4971.0,B,76.0,65.0,0,0,0,1,1,0,1,1,0,0,0,1
PROP203899,1.0,New,5043.0,E,72.0,57.0,0,0,1,0,0,0,1,0,0,1,1,0
PROP203900,5.0,New,2911.0,B,71.0,98.0,0,1,0,1,0,0,1,0,0,0,0,0
PROP203901,34.0,Good,1776.0,E,,82.0,1,1,1,0,0,0,0,0,0,1,0,0
PROP203902,37.0,New,4385.0,B,,90.0,0,0,0,1,0,1,1,0,1,0,1,0
PROP203903,6.0,Old,2662.0,C,90.0,50.0,0,1,0,0,0,1,0,0,0,1,0,0
PROP203904,7.0,New,3266.0,F,65.0,97.0,0,1,0,1,1,0,0,1,0,1,0,0
PROP203905,6.0,New,2605.0,F,63.0,38.0,0,0,0,0,0,1,0,1,0,0,0,0
PROP203906,1.0,New,3422.0,F,69.0,53.0,1,1,0,1,0,0,0,1,0,0,1,0
PROP203907,28.0,Old,2480.0,B,84.0,51.0,0,0,0,0,0,1,0,0,1,0,0,0
PROP203908,,Good,3778.0,B,81.0,,0,0,0,1,0,0,0,1,0,0,0,0
PROP203909,33.0,New,2063.0,D,41.0,67.0,1,0,1,0,0,1,0,0,1,0,0,0
PROP203910,9.0,Old,3150.0,F,57.0,,1,0,1,0,0,0,1,0,1,1,0,0
PROP203911,23.0,Old,0.0,B,53.0,84.0,0,0,0,0,0,0,0,0,0,0,1,1
PROP203912,4.0,Old,3967.0,D,43.0,57.0,0,1,0,0,1,0,0,0,0,0,0,0
PROP203913,11.0,Needs Renovation,3295.0,D,56.0,98.0,0,1,1,0,0,1,0,0,1,0,0,1
PROP203914,12.0,Good,5148.0,E,75.0,70.0,0,0,0,1,0,0,0,0,0,1,1,0
PROP203915,4.0,Needs Renovation,1981.0,A,90.0,97.0,1,1,0,0,0,1,0,0,0,0,0,0
PROP203916,1.0,Needs Renovation,769.0,E,77.0,95.0,0,0,0,1,0,0,1,0,0,0,0,1
PROP203917,23.0,New,2314.0,B,73.0,39.0,0,0,0,1,0,0,0,0,1,0,0,0
PROP203918,25.0,Old,2515.0,A,99.0,98.0,0,0,0,1,0,1,0,0,0,0,0,0
PROP203919,38.0,Good,1760.0,E,79.0,96.0,0,1,0,0,0,0,0,0,0,1,0,0
PROP203920,5.0,Old,2480.0,F,85.0,57.0,1,1,0,1,0,0,0,1,0,0,0,0
PROP203921,14.0,New,2480.0,F,49.0,68.0,1,0,0,0,0,0,0,0,1,1,0,0
PROP203922,25.0,Needs Renovation,2699.0,B,69.0,33.0,1,0,1,0,0,0,1,0,0,1,1,0
PROP203923,23.0,Needs Renovation,2964.0,B,65.0,55.0,0,1,0,0,0,1,0,0,1,0,1,1
PROP203924,35.0,New,1109.0,E,56.0,91.0,0,0,1,1,0,0,0,0,1,0,0,1
PROP203925,8.0,Needs Renovation,1462.0,D,72.0,58.0,0,0,0,0,0,1,1,1,0,0,1,0
PROP203926,30.0,Good,1281.0,C,54.0,53.0,0,0,0,1,1,0,0,0,1,0,1,0
PROP203927,5.0,Good,4750.0,D,63.0,58.0,0,0,0,1,0,0,1,1,1,0,0,1
PROP203928,16.0,Needs Renovation,1697.0,D,82.0,,0,1,1,0,0,0,1,0,0,0,0,0
PROP203929,33.0,New,2480.0,B,99.0,84.0,0,0,0,1,0,0,1,0,1,1,1,0
PROP203930,3.0,Needs Renovation,2619.0,D,,88.0,1,0,0,0,0,0,0,0,0,1,0,1
PROP203931,14.0,Needs Renovation,1958.0,F,91.0,71.0,0,0,1,0,0,0,1,0,0,0,0,0
PROP203932,31.0,Needs Renovation,1390.0,E,91.0,97.0,1,1,1,1,0,0,0,0,0,0,1,0
PROP203933,2.0,Old,4213.0,F,69.0,67.0,0,0,0,1,0,0,1,0,1,0,0,0
PROP203934,20.0,Good,1986.0,E,84.0,42.0,0,1,0,1,1,0,1,0,0,0,0,0
PROP203935,36.0,New,2480.0,B,72.0,30.0,0,1,0,0,0,0,1,1,0,1,0,0
PROP203936,30.0,Old,5575.0,E,69.0,36.0,0,0,0,0,1,0,0,0,0,0,0,1
PROP203937,18.0,Good,1211.0,A,91.0,69.0,0,0,1,0,0,0,1,0,0,0,0,0
PROP203938,30.0,Needs Renovation,2480.0,D,57.0,50.0,0,1,0,1,0,0,0,0,0,0,1,0
PROP203939,7.0,Needs Renovation,2428.0,F,67.0,63.0,1,0,0,0,1,0,0,1,0,1,0,0
PROP203940,20.0,New,2480.0,E,53.0,92.0,1,1,1,0,0,0,1,0,0,0,1,0
PROP203941,31.0,Needs Renovation,4283.0,E,99.0,51.0,0,0,1,1,0,0,0,0,0,0,1,1
PROP203942,29.0,Old,2480.0,A,62.0,77.0,0,0,1,0,0,0,0,0,0,0,1,1
PROP203943,34.0,Good,2760.0,A,74.0,66.0,1,1,0,1,0,1,0,0,0,1,0,0
PROP203944,8.0,Good,2059.0,B,99.0,52.0,0,1,1,0,0,1,0,0,1,0,0,0
PROP203945,33.0,Needs Renovation,2170.0,A,70.0,64.0,0,0,0,0,1,0,1,0,0,0,0,0
PROP203946,20.0,Good,1386.0,D,47.0,37.0,0,0,1,0,0,0,0,1,1,0,0,0
PROP203947,16.0,Needs Renovation,1905.0,C,97.0,51.0,0,0,1,0,0,0,0,0,0,1,1,0
PROP203948,35.0,Needs Renovation,1063.0,C,64.0,87.0,0,0,0,0,0,0,0,1,0,1,1,0
PROP203949,17.0,Old,3267.0,D,53.0,41.0,0,0,0,0,0,1,0,0,0,1,0,0
PROP203950,16.0,Old,3153.0,A,56.0,86.0,0,0,0,0,0,1,1,0,0,0,0,1
PROP203951,28.0,Needs Renovation,1030.0,D,57.0,94.0,0,0,0,0,0,0,0,0,0,1,1,0
PROP203952,33.0,Needs Renovation,2210.0,D,51.0,33.0,0,1,0,0,0,1,1,0,0,0,0,0
PROP203953,38.0,Needs Renovation,2145.0,C,69.0,56.0,0,0,1,1,1,0,0,0,0,0,1,0
PROP203954,27.0,Needs Renovation,2082.0,F,69.0,89.0,0,0,0,0,0,0,1,0,0,1,1,0
PROP203955,17.0,New,3576.0,A,42.0,79.0,0,1,0,0,0,0,1,0,0,1,0,1
PROP203956,26.0,Old,1754.0,D,88.0,,0,0,1,0,0,0,1,0,0,0,0,0
PROP203957,23.0,Old,2636.0,A,61.0,36.0,0,1,0,0,1,1,1,0,0,0,0,0
PROP203958,24.0,Needs Renovation,4005.0,C,,43.0,0,1,0,1,0,0,0,0,0,0,0,0
PROP203959,25.0,Good,1856.0,D,79.0,44.0,0,0,0,0,0,0,1,1,0,0,0,1
PROP203960,36.0,New,2910.0,C,89.0,47.0,1,0,0,1,1,0,0,0,0,1,1,0
PROP203961,5.0,Good,2487.0,F,90.0,,0,0,0,1,1,0,1,1,0,0,0,0
PROP203962,13.0,Old,2083.0,C,56.0,58.0,0,1,0,1,1,0,0,1,0,1,0,0
PROP203963,12.0,Good,3366.0,E,79.0,85.0,1,0,0,1,0,0,0,0,1,0,1,1
PROP203964,25.0,New,2480.0,D,67.0,42.0,1,1,0,0,1,1,0,1,0,0,0,0
PROP203965,24.0,Needs Renovation,2500.0,E,57.0,84.0,1,0,0,0,0,1,0,1,0,0,1,0
PROP203966,2.0,New,3472.0,D,56.0,,1,0,1,0,0,0,1,1,1,0,0,0
PROP203967,0.0,Old,1457.0,B,97.0,38.0,0,0,0,1,1,0,1,0,0,0,0,1
PROP203968,28.0,Needs Renovation,3656.0,A,76.0,64.0,0,0,0,1,0,0,0,0,0,0,1,0
PROP203969,6.0,Needs Renovation,3119.0,B,72.0,60.0,1,0,0,0,1,0,0,0,0,0,0,0
PROP203970,38.0,Good,2685.0,A,97.0,89.0,0,0,0,0,0,1,0,0,1,0,0,0
PROP203971,1.0,Old,2293.0,F,48.0,74.0,0,0,0,1,0,0,0,0,0,1,1,0
PROP203972,24.0,Old,2943.0,C,76.0,66.0,1,1,1,0,0,0,0,1,1,0,0,0
PROP203973,37.0,Needs Renovation,4094.0,F,43.0,47.0,0,0,0,1,0,1,0,0,1,0,0,0
PROP203974,6.0,Needs Renovation,3927.0,A,83.0,77.0,0,0,0,0,1,0,0,0,1,1,0,1
PROP203975,15.0,New,2480.0,D,73.0,,1,0,0,0,0,0,0,1,0,0,0,1
PROP203976,1.0,Good,2480.0,B,86.0,70.0,0,0,0,0,0,0,1,0,0,0,0,1
PROP203977,35.0,Old,3772.0,F,82.0,65.0,0,0,0,0,0,0,1,1,0,0,0,0
PROP203978,33.0,New,1077.0,E,54.0,91.0,0,0,0,0,1,0,1,0,0,0,0,1
PROP203979,32.0,Good,2337.0,E,64.0,68.0,0,0,1,1,0,0,1,1,0,1,0,0
PROP203980,3.0,Needs Renovation,2248.0,D,62.0,93.0,1,0,0,1,0,1,0,0,0,1,1,0
PROP203981,9.0,Good,3578.0,B,72.0,,0,1,0,1,0,0,0,0,0,0,0,0
PROP203982,8.0,New,1541.0,C,62.0,39.0,0,0,1,1,0,0,0,1,0,0,1,0
PROP203983,33.0,Good,0.0,E,85.0,72.0,0,0,0,0,0,1,0,1,0,0,0,0
PROP203984,39.0,Old,1943.0,F,59.0,58.0,0,0,0,0,1,0,0,0,1,1,0,0
PROP203985,30.0,Good,4376.0,E,,33.0,0,0,0,1,1,0,0,0,1,0,0,0
PROP203986,37.0,Old,2086.0,D,42.0,77.0,1,0,0,0,1,0,0,0,0,0,1,1
PROP203987,32.0,New,2986.0,D,64.0,33.0,1,0,0,1,0,0,0,0,0,0,0,0
PROP203988,9.0,New,1629.0,D,40.0,79.0,0,1,0,1,0,0,0,0,0,1,0,0
PROP203989,26.0,New,3646.0,D,88.0,,0,0,0,0,1,1,0,0,0,1,0,0
PROP203990,6.0,New,892.0,A,64.0,94.0,0,0,0,0,1,0,1,0,0,0,0,1
PROP203991,39.0,Old,1807.0,B,52.0,30.0,0,1,0,0,0,0,0,0,0,0,0,1
PROP203992,24.0,New,3395.0,A,95.0,44.0,1,0,0,1,0,0,0,0,0,0,0,1
PROP203993,38.0,Good,2480.0,F,79.0,82.0,1,0,1,1,1,0,0,0,0,0,1,0
PROP203994,14.0,New,1095.0,A,52.0,33.0,1,0,1,0,0,1,1,0,0,0,1,0
PROP203995,,Good,2311.0,E,99.0,,0,0,0,1,1,0,1,1,0,0,0,0
PROP203996,25.0,Good,2236.0,A,94.0,42.0,0,1,1,0,1,0,0,0,0,0,0,1
PROP203997,13.0,New,2155.0,C,97.0,99.0,0,0,0,0,0,0,0,1,0,1,1,1
PROP203998,33.0,New,2480.0,A,63.0,60.0,1,0,1,0,0,0,1,0,1,0,0,0
PROP203999,6.0,Needs Renovation,704.0,B,,50.0,0,0,1,0,0,0,0,0,0,0,0,1
PROP204000,33.0,Needs Renovation,2071.0,C,71.0,56.0,0,1,1,0,0,0,0,0,0,1,1,1
PROP204001,3.0,Needs Renovation,3874.0,E,91.0,95.0,0,0,0,0,0,0,1,0,0,1,1,0
PROP204002,3.0,Needs Renovation,1631.0,A,89.0,56.0,0,0,0,1,0,0,0,1,1,1,0,0
PROP204003,7.0,Old,2448.0,D,48.0,42.0,0,0,0,1,0,0,1,0,1,0,0,0
PROP204004,38.0,New,2364.0,A,48.0,81.0,0,0,1,0,0,0,0,0,0,0,0,1
PROP204005,24.0,Good,1761.0,C,54.0,56.0,0,0,0,1,1,0,0,1,0,0,0,0
PROP204006,1.0,Old,3116.0,A,58.0,34.0,0,0,1,0,0,1,1,1,0,0,0,0
PROP204007,7.0,Old,1908.0,D,73.0,90.0,0,0,0,0,1,0,0,0,0,0,0,1
PROP204008,24.0,Old,1169.0,A,44.0,78.0,1,1,0,0,0,0,1,0,0,0,0,0
PROP204009,21.0,Needs Renovation,2923.0,C,84.0,75.0,0,1,0,0,0,1,0,0,0,0,0,0
PROP204010,28.0,New,2285.0,A,48.0,99.0,0,0,0,1,0,0,1,0,1,1,0,0
PROP204011,29.0,Needs Renovation,4876.0,E,71.0,99.0,0,1,0,1,0,1,1,0,0,1,0,0
PROP204012,10.0,Needs Renovation,853.0,E,47.0,90.0,1,1,0,0,0,1,0,0,1,1,0,0
PROP204013,29.0,Needs Renovation,2177.0,C,69.0,61.0,0,0,0,0,1,0,0,1,0,1,1,0
PROP204014,34.0,Good,704.0,D,87.0,73.0,0,1,0,1,0,0,1,0,0,1,0,0
PROP204015,9.0,Good,2629.0,E,75.0,75.0,1,0,0,0,0,0,0,0,0,1,1,0
PROP204016,16.0,Old,3116.0,F,94.0,43.0,1,0,0,0,0,0,0,0,0,1,1,0
PROP204017,23.0,New,1770.0,E,92.0,32.0,1,0,1,0,0,0,0,1,0,1,0,0
PROP204018,6.0,Old,2073.0,D,61.0,37.0,0,1,1,0,0,0,0,0,1,0,0,0
PROP204019,1.0,New,3414.0,A,81.0,39.0,0,0,0,0,0,1,1,0,0,0,0,0
PROP204020,7.0,Old,2852.0,E,54.0,73.0,0,0,0,0,0,0,0,0,0,1,1,0
PROP204021,36.0,New,829.0,D,46.0,33.0,0,1,0,0,0,0,0,0,1,0,0,0
PROP204022,11.0,Needs Renovation,4358.0,B,60.0,72.0,0,0,0,1,0,0,0,0,0,0,0,1
PROP204023,33.0,Good,1464.0,E,56.0,89.0,0,0,0,1,1,0,0,0,0,0,1,0
PROP204024,34.0,Old,2166.0,E,54.0,94.0,0,0,0,1,1,1,0,1,0,0,0,1
PROP204025,39.0,Needs Renovation,2424.0,C,90.0,98.0,0,0,0,0,0,1,0,0,1,0,0,0
PROP204026,36.0,Old,3594.0,B,80.0,76.0,1,0,0,1,0,0,0,0,1,1,0,1
PROP204027,32.0,Good,4335.0,A,61.0,30.0,1,1,1,0,0,0,0,0,0,0,0,0
PROP204028,39.0,Needs Renovation,3478.0,D,60.0,85.0,0,0,1,0,0,0,0,1,0,0,0,0
PROP204029,8.0,Good,2001.0,A,76.0,94.0,0,0,0,0,1,0,1,0,0,0,1,0
PROP204030,26.0,Needs Renovation,2859.0,D,49.0,46.0,0,1,0,1,0,0,0,0,1,0,0,0
PROP204031,19.0,Good,4257.0,F,97.0,69.0,1,1,0,1,0,1,0,0,0,0,0,1
PROP204032,25.0,Needs Renovation,2480.0,D,84.0,35.0,1,0,0,0,0,1,0,1,0,0,1,1
PROP204033,14.0,New,3138.0,A,58.0,50.0,0,1,0,1,0,0,0,0,0,1,0,0
PROP204034,22.0,New,3171.0,B,50.0,79.0,1,0,0,1,1,1,0,0,0,0,0,0
PROP204035,11.0,Old,1553.0,C,87.0,62.0,1,0,0,0,0,0,0,0,0,1,0,0
PROP204036,32.0,New,1308.0,E,55.0,92.0,0,1,1,1,0,1,0,0,0,0,0,1
PROP204037,7.0,Needs Renovation,2671.0,A,40.0,92.0,1,0,0,1,0,0,0,0,0,1,0,0
PROP204038,29.0,Old,2480.0,C,87.0,47.0,0,0,0,1,0,0,1,0,0,0,0,0
PROP204039,28.0,New,1911.0,F,52.0,62.0,0,1,1,0,0,0,1,0,0,0,0,0
PROP204040,30.0,New,2903.0,A,80.0,40.0,0,0,1,0,1,0,0,0,1,0,0,0
PROP204041,34.0,Good,2480.0,A,55.0,69.0,0,1,0,0,0,1,0,0,0,0,1,0
PROP204042,28.0,Needs Renovation,2571.0,B,73.0,87.0,1,0,0,0,0,0,1,0,0,1,0,0
PROP204043,11.0,Needs Renovation,1681.0,F,,61.0,0,0,1,0,1,0,0,0,0,0,0,0
PROP204044,30.0,Needs Renovation,3792.0,F,52.0,87.0,0,0,0,0,0,0,0,1,0,0,0,1
PROP204045,29.0,New,3038.0,A,47.0,97.0,0,0,0,1,0,0,1,0,0,0,0,0
PROP204046,32.0,New,3501.0,F,78.0,30.0,0,1,0,0,0,0,1,0,1,1,0,0
PROP204047,22.0,Good,3774.0,A,87.0,69.0,0,0,0,0,1,0,1,0,0,0,0,1
PROP204048,19.0,New,2480.0,B,77.0,95.0,1,0,0,0,0,1,0,1,1,0,1,0
PROP204049,34.0,Needs Renovation,2409.0,A,45.0,67.0,0,1,0,1,0,0,1,0,1,0,0,0
PROP204050,13.0,New,2480.0,D,55.0,79.0,0,0,0,0,1,0,1,0,0,0,0,0
PROP204051,9.0,Needs Renovation,2706.0,A,,86.0,0,0,1,0,0,1,0,0,0,0,0,0
PROP204052,26.0,New,0.0,C,63.0,79.0,0,0,0,0,0,1,0,0,0,1,0,0
PROP204053,38.0,Needs Renovation,2865.0,D,51.0,44.0,0,0,0,0,0,0,0,0,0,1,0,1
PROP204054,,Old,2079.0,D,75.0,80.0,0,0,1,0,0,1,1,0,0,0,0,0
PROP204055,33.0,Good,4505.0,D,75.0,81.0,1,0,1,1,0,0,0,0,1,0,0,1
PROP204056,15.0,New,2480.0,D,60.0,96.0,1,0,1,0,1,0,0,1,0,0,1,0
PROP204057,,Needs Renovation,3116.0,C,62.0,41.0,1,0,0,1,0,1,1,0,0,1,0,0
PROP204058,11.0,Old,2480.0,E,,44.0,0,0,0,0,1,1,0,0,0,0,0,1
PROP204059,25.0,Old,4436.0,C,60.0,95.0,0,1,0,1,0,0,1,0,0,0,0,1
PROP204060,38.0,Needs Renovation,2879.0,D,44.0,54.0,1,0,0,0,0,0,0,0,0,0,0,1
PROP204061,29.0,Good,2257.0,D,70.0,48.0,0,0,0,1,1,0,1,0,0,1,0,0
PROP204062,18.0,New,2365.0,C,61.0,37.0,0,0,0,1,0,1,0,1,0,1,0,0
PROP204063,10.0,Needs Renovation,0.0,B,81.0,59.0,0,0,1,0,0,0,0,1,0,0,1,1
PROP204064,34.0,Old,2080.0,D,52.0,99.0,0,0,0,0,1,1,1,0,0,0,0,0
PROP204065,21.0,Needs Renovation,2210.0,A,56.0,97.0,0,1,0,1,0,0,0,0,0,0,0,1
PROP204066,6.0,Old,2449.0,B,66.0,37.0,0,1,1,0,0,0,0,0,0,0,1,1
PROP204067,1.0,Old,3022.0,B,71.0,91.0,1,1,0,1,0,0,0,0,0,0,0,0
PROP204068,15.0,Needs Renovation,2491.0,A,54.0,32.0,1,0,1,0,0,0,1,1,0,0,0,0
PROP204069,19.0,New,4632.0,B,45.0,69.0,0,1,1,0,0,1,0,0,0,0,0,0
PROP204070,,Old,1241.0,B,49.0,92.0,1,0,0,1,0,0,0,1,0,0,0,0
PROP204071,,Old,3195.0,E,54.0,89.0,0,0,1,0,1,0,0,1,0,0,1,0
PROP204072,22.0,Good,3911.0,E,54.0,60.0,0,0,0,1,0,0,0,0,0,0,0,1
PROP204073,35.0,Good,955.0,E,71.0,65.0,0,0,0,1,1,1,0,0,0,0,0,0
PROP204074,6.0,Needs Renovation,2871.0,E,60.0,90.0,0,1,1,0,1,1,0,0,0,0,0,1
PROP204075,28.0,Old,2744.0,E,71.0,49.0,0,0,0,1,0,0,0,0,1,0,0,1
PROP204076,2.0,Needs Renovation,4110.0,F,44.0,90.0,0,0,1,0,0,1,0,1,0,1,0,1
PROP204077,2.0,Old,3058.0,F,65.0,,0,0,0,0,0,0,1,0,0,1,0,1
PROP204078,26.0,Good,2480.0,B,76.0,51.0,0,0,0,1,0,1,0,0,0,1,1,0
PROP204079,0.0,Old,1813.0,E,69.0,87.0,0,1,0,0,0,1,1,0,0,0,0,0
PROP204080,,Old,2480.0,B,43.0,75.0,0,0,0,0,0,0,0,0,0,1,1,0
PROP204081,34.0,Needs Renovation,2282.0,A,91.0,70.0,0,0,0,0,0,1,0,1,0,0,1,0
PROP204082,33.0,Needs Renovation,1776.0,C,44.0,83.0,0,0,1,0,0,0,1,0,0,0,0,0
PROP204083,1.0,New,3007.0,D,93.0,73.0,1,1,1,0,0,0,1,1,0,0,0,0
PROP204084,7.0,Old,2037.0,C,72.0,81.0,1,0,1,0,1,0,0,0,0,1,0,1
PROP204085,15.0,New,1359.0,F,87.0,76.0,1,0,0,1,0,1,0,0,0,0,1,1
PROP204086,36.0,Good,1741.0,C,63.0,61.0,0,0,1,0,0,0,1,1,0,0,1,1
PROP204087,9.0,Old,289.0,F,42.0,93.0,0,1,0,1,1,0,1,0,0,0,0,0
PROP204088,39.0,Needs Renovation,2816.0,C,86.0,90.0,1,0,0,0,1,0,0,0,0,0,0,0
PROP204089,27.0,Needs Renovation,0.0,D,71.0,46.0,0,1,1,0,0,0,0,1,0,1,0,0
PROP204090,38.0,Needs Renovation,3693.0,E,48.0,66.0,0,0,0,0,0,1,0,1,0,1,0,0
PROP204091,15.0,Needs Renovation,2393.0,A,66.0,41.0,0,0,1,0,0,0,0,0,0,1,0,1
PROP204092,3.0,Old,3219.0,E,64.0,96.0,1,0,0,0,1,0,0,0,1,0,0,0
PROP204093,29.0,Old,5214.0,D,65.0,44.0,0,0,0,0,0,0,0,1,0,1,0,0
PROP204094,21.0,New,685.0,D,77.0,95.0,0,0,1,1,0,1,0,0,0,0,1,0
PROP204095,9.0,New,818.0,F,77.0,32.0,0,0,0,0,1,1,0,0,0,0,0,0
PROP204096,31.0,Needs Renovation,3409.0,A,69.0,84.0,0,1,0,0,0,0,0,1,1,0,0,0
PROP204097,5.0,Old,2945.0,E,82.0,66.0,0,0,0,1,0,1,1,0,0,0,1,1
PROP204098,0.0,New,2699.0,F,95.0,73.0,0,0,0,0,0,0,0,0,1,1,1,0
PROP204099,23.0,Old,3605.0,C,74.0,75.0,0,0,1,0,0,0,0,1,0,1,1,1
PROP204100,10.0,New,4564.0,A,65.0,,0,0,1,0,1,0,1,0,0,0,0,1
PROP204101,4.0,Good,3493.0,C,58.0,93.0,0,0,1,1,0,0,1,0,0,0,0,0
PROP204102,7.0,New,0.0,A,62.0,51.0,0,0,0,0,0,0,0,1,1,1,1,0
PROP204103,8.0,Old,4087.0,B,,46.0,0,0,0,0,1,0,0,1,0,0,1,0
PROP204104,30.0,Old,1754.0,C,86.0,55.0,0,1,0,1,0,0,1,0,0,0,0,0
PROP204105,23.0,Needs Renovation,2278.0,B,91.0,69.0,0,0,0,0,0,1,0,0,1,0,0,1
PROP204106,13.0,Good,1107.0,E,44.0,39.0,0,1,1,0,0,0,1,0,0,0,1,1
PROP204107,18.0,Good,4557.0,A,50.0,77.0,1,1,1,0,1,0,1,0,0,0,0,0
PROP204108,31.0,Needs Renovation,2480.0,F,,54.0,1,0,0,0,0,0,0,0,1,0,0,0
PROP204109,13.0,Needs Renovation,1116.0,C,65.0,60.0,1,0,0,1,0,0,0,0,1,1,0,1
PROP204110,,Old,1764.0,C,66.0,60.0,0,0,0,0,0,1,1,1,0,0,1,1
PROP204111,11.0,New,2100.0,F,65.0,89.0,0,0,0,1,0,0,0,0,1,0,0,0
PROP204112,22.0,Good,4931.0,F,93.0,55.0,1,0,0,0,0,0,1,0,1,1,0,1
PROP204113,9.0,New,1260.0,D,69.0,61.0,0,1,0,0,0,0,0,0,1,0,0,1
PROP204114,1.0,New,2187.0,B,53.0,90.0,0,0,0,1,0,1,1,1,0,0,1,0
PROP204115,12.0,Needs Renovation,1573.0,C,42.0,64.0,0,1,1,1,0,0,0,0,0,1,0,0
PROP204116,32.0,Good,2541.0,E,80.0,40.0,0,0,0,0,1,0,1,0,1,1,0,1
PROP204117,36.0,Good,1727.0,B,86.0,60.0,0,1,0,0,1,0,0,0,1,0,0,1
PROP204118,23.0,New,2048.0,E,58.0,68.0,1,0,0,1,0,1,0,0,0,0,0,0
PROP204119,24.0,Good,2021.0,B,74.0,88.0,1,0,0,1,0,0,1,0,0,0,1,0
PROP204120,28.0,New,3456.0,E,88.0,33.0,0,0,1,0,0,0,1,0,0,0,0,0
PROP204121,30.0,New,1931.0,A,43.0,37.0,0,0,1,1,0,0,0,1,1,0,1,0
PROP204122,38.0,New,4260.0,E,55.0,65.0,0,0,0,0,1,0,1,0,1,1,1,0
PROP204123,3.0,New,3646.0,F,88.0,68.0,1,0,1,0,1,0,0,1,0,0,0,0
PROP204124,4.0,Old,324.0,F,75.0,43.0,0,0,0,0,0,0,1,0,0,0,0,1
PROP204125,32.0,Needs Renovation,2687.0,E,78.0,84.0,0,0,0,1,0,0,1,1,0,0,1,1
PROP204126,0.0,New,3897.0,A,62.0,68.0,1,0,1,0,0,0,0,1,0,0,0,0
PROP204127,1.0,Old,2897.0,F,70.0,66.0,1,0,0,0,0,1,1,0,0,1,0,0
PROP204128,24.0,Needs Renovation,1351.0,B,46.0,,0,0,0,1,0,0,0,1,0,0,0,0
PROP204129,26.0,Old,2115.0,F,96.0,31.0,0,0,0,0,1,1,0,0,0,0,1,1
PROP204130,1.0,Old,1722.0,B,66.0,70.0,0,0,1,0,1,0,1,0,0,1,1,0
PROP204131,12.0,New,2849.0,F,77.0,99.0,0,0,0,0,0,0,1,1,0,1,1,1
PROP204132,32.0,Good,2430.0,F,83.0,85.0,0,1,0,0,0,1,1,0,0,1,0,0
PROP204133,39.0,Needs Renovation,4507.0,E,92.0,51.0,0,0,0,0,0,0,0,0,0,1,0,1
PROP204134,16.0,Needs Renovation,3201.0,C,91.0,30.0,1,0,1,0,0,0,0,1,0,0,1,0
PROP204135,0.0,New,1623.0,D,67.0,92.0,0,1,1,0,0,0,0,0,0,0,0,1
PROP204136,13.0,New,1893.0,C,67.0,61.0,1,0,0,0,0,0,0,0,0,1,0,0
PROP204137,13.0,Old,4076.0,F,71.0,81.0,0,1,0,0,1,1,0,0,0,0,1,0
PROP204138,20.0,Needs Renovation,3177.0,A,51.0,47.0,0,0,0,0,0,0,0,1,0,0,1,0
PROP204139,17.0,Needs Renovation,2399.0,D,54.0,69.0,1,0,0,0,0,1,0,1,1,0,1,0
PROP204140,36.0,New,382.0,B,98.0,70.0,1,0,1,0,0,1,0,0,0,0,0,1
PROP204141,37.0,New,3100.0,F,61.0,88.0,0,1,1,0,0,1,0,0,0,1,0,0
PROP204142,39.0,New,3882.0,F,,30.0,1,0,1,0,0,0,1,0,0,0,0,1
PROP204143,6.0,Good,2198.0,B,97.0,41.0,0,1,0,0,0,0,0,0,0,0,1,1
PROP204144,31.0,Old,3909.0,C,59.0,90.0,0,0,1,1,0,0,0,0,0,0,0,0
PROP204145,14.0,Needs Renovation,1733.0,F,68.0,50.0,0,1,0,0,0,1,0,1,0,0,1,1
PROP204146,17.0,Old,2856.0,C,86.0,42.0,1,0,1,0,0,0,0,0,0,1,0,1
PROP204147,16.0,New,2447.0,B,93.0,84.0,0,0,0,0,1,0,0,0,1,0,0,0
PROP204148,6.0,New,501.0,A,94.0,83.0,0,0,1,1,1,0,0,0,1,0,0,0
PROP204149,8.0,Needs Renovation,33.0,C,71.0,91.0,0,0,0,0,0,0,0,0,0,1,0,1
PROP204150,21.0,Good,2147.0,E,51.0,30.0,0,1,0,1,0,0,0,1,0,0,0,1
PROP204151,20.0,Old,3123.0,A,91.0,51.0,0,0,0,0,1,0,0,0,0,0,1,0
PROP204152,30.0,Needs Renovation,2480.0,F,51.0,66.0,0,0,1,0,0,0,0,1,0,0,0,0
PROP204153,,Good,1770.0,F,,49.0,0,0,1,0,0,0,0,0,1,0,0,0
PROP204154,9.0,New,3253.0,C,61.0,57.0,0,0,0,1,0,0,1,0,0,1,1,1
PROP204155,23.0,Needs Renovation,0.0,E,41.0,36.0,0,0,0,0,1,0,1,1,1,0,1,0
PROP204156,39.0,New,2592.0,F,62.0,62.0,1,1,0,1,0,1,0,0,0,0,0,0
PROP204157,35.0,Old,3795.0,A,51.0,80.0,0,0,1,0,0,0,1,0,0,1,1,0
PROP204158,9.0,Old,3466.0,E,61.0,33.0,1,1,0,0,0,0,1,0,0,1,0,1
PROP204159,12.0,Good,1740.0,F,47.0,87.0,0,0,0,0,0,0,1,0,0,1,1,0
PROP204160,20.0,Old,2850.0,D,,42.0,1,0,0,0,1,0,1,0,1,0,1,0
PROP204161,16.0,New,4315.0,E,83.0,37.0,0,0,0,1,0,0,0,0,0,1,1,0
PROP204162,,Needs Renovation,3664.0,B,84.0,48.0,1,0,0,0,0,0,0,0,0,0,1,0
PROP204163,39.0,Needs Renovation,3880.0,A,43.0,88.0,0,1,0,0,0,0,0,0,1,0,0,0
PROP204164,14.0,Good,2003.0,F,41.0,71.0,0,1,0,0,1,0,1,0,0,0,1,1
PROP204165,15.0,Needs Renovation,2774.0,F,60.0,55.0,0,0,1,0,0,0,0,1,0,0,0,0
PROP204166,15.0,Good,3672.0,C,,41.0,0,0,1,0,0,0,0,0,1,0,1,0
PROP204167,24.0,Old,2480.0,C,99.0,91.0,0,0,0,0,0,0,1,0,0,1,0,0
PROP204168,3.0,Good,4422.0,D,65.0,61.0,0,0,1,1,1,0,0,0,0,1,0,0
PROP204169,23.0,Good,4221.0,C,96.0,68.0,0,0,1,0,0,0,0,1,1,1,0,0
PROP204170,18.0,Old,4653.0,B,93.0,43.0,1,1,0,0,1,0,0,0,0,0,0,0
PROP204171,12.0,Old,1580.0,B,72.0,97.0,0,0,1,0,0,0,0,0,0,0,0,1
PROP204172,39.0,Old,1401.0,B,93.0,95.0,0,0,0,0,0,0,0,0,1,0,1,0
PROP204173,4.0,New,2801.0,E,61.0,40.0,0,0,0,0,0,0,1,0,1,0,1,0
PROP204174,3.0,Needs Renovation,2311.0,D,66.0,,0,0,0,0,0,0,0,1,0,1,0,0
PROP204175,18.0,Needs Renovation,954.0,F,45.0,48.0,0,0,1,0,0,1,0,0,1,0,0,0
PROP204176,8.0,Needs Renovation,2465.0,C,51.0,74.0,0,0,1,0,0,0,0,1,0,0,1,1
PROP204177,34.0,Needs Renovation,5084.0,B,86.0,33.0,0,0,1,0,0,0,1,1,0,0,1,0
PROP204178,38.0,New,1088.0,E,47.0,32.0,0,0,0,0,0,0,0,1,0,0,1,0
PROP204179,38.0,New,3480.0,D,80.0,55.0,0,0,1,0,0,0,0,0,0,0,0,1
PROP204180,24.0,Needs Renovation,2781.0,F,70.0,45.0,0,1,0,0,0,0,0,1,0,1,0,0
PROP204181,15.0,Good,3906.0,A,96.0,97.0,0,0,1,1,0,0,1,0,0,1,1,0
PROP204182,38.0,Needs Renovation,800.0,C,59.0,96.0,0,0,1,1,0,0,0,0,0,0,0,0
PROP204183,32.0,Good,2385.0,B,96.0,52.0,0,1,0,0,1,0,1,0,1,1,0,0
PROP204184,10.0,Old,1504.0,A,44.0,91.0,1,0,0,0,0,0,0,1,0,0,1,0
PROP204185,19.0,Needs Renovation,2480.0,F,81.0,77.0,0,0,0,1,1,1,1,0,0,0,0,1
PROP204186,2.0,Needs Renovation,2782.0,C,95.0,88.0,0,1,0,0,1,0,0,1,0,0,0,1
PROP204187,17.0,New,4013.0,D,68.0,87.0,1,0,0,0,0,0,0,0,0,0,1,1
PROP204188,11.0,Needs Renovation,3387.0,F,84.0,92.0,1,0,0,0,0,1,0,0,0,0,0,0
PROP204189,19.0,Good,3316.0,E,41.0,70.0,1,1,0,0,0,0,1,0,0,1,1,0
PROP204190,33.0,New,2248.0,B,58.0,70.0,1,0,1,0,0,0,1,0,0,1,0,1
PROP204191,18.0,New,3244.0,C,50.0,71.0,0,0,0,1,0,0,0,0,1,0,0,0
PROP204192,33.0,New,1574.0,F,,78.0,0,1,1,0,1,0,0,0,1,0,0,0
PROP204193,35.0,Old,2480.0,E,,75.0,0,0,0,0,0,0,0,0,1,1,1,0
PROP204194,3.0,Old,2424.0,C,44.0,69.0,0,0,0,0,0,0,1,1,0,1,0,0
PROP204195,9.0,Needs Renovation,2480.0,B,93.0,95.0,1,0,0,1,0,0,0,0,1,0,0,0
PROP204196,3.0,New,2551.0,A,80.0,43.0,1,1,0,0,0,0,0,1,0,1,1,0
PROP204197,2.0,Good,2493.0,B,65.0,66.0,0,0,1,0,1,1,0,0,0,0,0,0
PROP204198,5.0,Needs Renovation,1905.0,D,60.0,,1,0,1,0,0,0,0,0,0,1,0,1
PROP204199,22.0,New,2712.0,C,46.0,57.0,1,0,0,0,0,1,0,0,1,0,0,1
PROP204200,8.0,New,4291.0,F,58.0,81.0,0,0,0,0,0,0,0,1,1,0,0,0
PROP204201,7.0,Old,1783.0,C,92.0,47.0,1,1,0,0,0,0,0,0,0,0,0,0
PROP204202,,Old,2480.0,B,88.0,63.0,0,0,0,0,0,0,1,0,0,0,0,1
PROP204203,0.0,Good,4766.0,C,,,0,0,0,0,0,1,0,0,0,1,0,1
PROP204204,3.0,New,4108.0,E,66.0,52.0,0,0,1,0,1,0,0,1,0,1,0,1
PROP204205,10.0,Old,3927.0,E,80.0,76.0,0,1,1,0,1,0,0,0,0,0,1,0
PROP204206,18.0,Old,1858.0,C,44.0,58.0,0,1,0,0,0,0,0,0,0,0,1,0
PROP204207,30.0,Needs Renovation,3107.0,A,50.0,,0,0,0,0,1,0,1,0,1,0,0,0
PROP204208,14.0,New,3274.0,D,87.0,48.0,1,0,1,0,0,1,0,0,1,0,0,0
PROP204209,39.0,Needs Renovation,1051.0,D,67.0,95.0,0,0,1,1,0,1,0,0,0,0,0,1
PROP204210,24.0,Needs Renovation,3074.0,E,67.0,87.0,1,0,1,0,0,0,0,0,0,0,0,0
PROP204211,33.0,New,2631.0,D,87.0,97.0,0,0,0,0,0,1,0,0,0,1,0,0
PROP204212,7.0,Needs Renovation,2683.0,A,92.0,69.0,0,1,0,1,1,0,0,1,0,0,0,0
PROP204213,2.0,Good,3402.0,F,87.0,98.0,0,0,1,1,0,0,1,0,1,0,1,0
PROP204214,18.0,New,1211.0,B,72.0,,0,0,0,0,0,0,0,1,0,1,0,0
PROP204215,33.0,Good,3167.0,F,87.0,58.0,1,1,0,0,0,0,0,0,0,1,1,0
PROP204216,,New,1184.0,D,50.0,95.0,0,1,0,0,0,1,0,0,0,0,1,0
PROP204217,37.0,Needs Renovation,3913.0,B,48.0,43.0,0,0,0,0,0,0,1,0,1,0,0,0
PROP204218,8.0,Old,4252.0,C,91.0,62.0,1,1,1,0,0,0,0,0,0,0,1,0
PROP204219,28.0,Good,2480.0,A,40.0,80.0,0,0,0,0,0,0,0,0,0,0,1,1
PROP204220,22.0,Good,2743.0,D,64.0,78.0,0,0,0,0,0,1,0,1,0,1,0,0
PROP204221,13.0,Good,3789.0,C,42.0,60.0,1,0,1,0,0,1,1,0,0,1,0,0
PROP204222,26.0,Good,3482.0,B,43.0,99.0,0,1,0,0,0,0,0,1,0,0,0,0
PROP204223,13.0,Old,2480.0,F,50.0,67.0,1,1,1,1,0,0,0,0,0,0,0,0
PROP204224,0.0,Needs Renovation,2480.0,E,59.0,85.0,0,1,1,0,0,0,0,0,0,0,1,0
PROP204225,17.0,Needs Renovation,3483.0,F,,96.0,1,0,0,1,0,1,0,0,1,0,0,1
PROP204226,22.0,Needs Renovation,0.0,C,49.0,38.0,1,0,0,0,0,0,1,0,0,0,0,0
PROP204227,7.0,Needs Renovation,1952.0,D,50.0,40.0,1,1,0,0,1,1,0,0,0,0,0,0
PROP204228,0.0,New,1845.0,A,65.0,68.0,0,1,0,0,0,1,0,0,0,1,0,1
PROP204229,31.0,Needs Renovation,2208.0,A,95.0,81.0,0,0,0,1,0,1,0,0,1,0,1,1
PROP204230,34.0,Old,1550.0,A,72.0,43.0,1,1,1,1,0,0,0,0,1,0,0,0
PROP204231,26.0,New,1438.0,B,97.0,,0,0,0,0,1,1,0,0,0,0,0,0
PROP204232,5.0,Old,0.0,F,72.0,30.0,0,0,1,1,1,0,1,0,1,0,0,0
PROP204233,35.0,New,2782.0,F,67.0,73.0,0,0,0,0,1,0,0,0,0,0,1,1
PROP204234,31.0,Good,4971.0,C,49.0,58.0,0,0,0,0,0,0,0,1,0,1,1,0
PROP204235,26.0,Good,2480.0,F,57.0,81.0,1,0,0,0,1,0,0,0,0,0,1,0
PROP204236,3.0,Needs Renovation,756.0,D,98.0,66.0,1,1,0,0,0,0,0,0,0,1,0,0
PROP204237,20.0,New,1939.0,D,86.0,87.0,0,0,0,0,0,0,1,0,0,0,0,1
PROP204238,29.0,Old,0.0,E,,59.0,0,0,0,1,0,0,0,0,0,0,0,1
PROP204239,4.0,Good,208.0,A,93.0,68.0,1,1,0,0,0,0,1,0,0,1,1,0
PROP204240,5.0,Needs Renovation,2868.0,D,54.0,85.0,0,0,0,0,0,1,1,0,0,1,0,0
PROP204241,,Good,201.0,D,48.0,62.0,0,0,0,0,1,1,0,1,0,0,0,1
PROP204242,25.0,Old,2063.0,A,95.0,62.0,1,1,1,0,0,0,0,1,0,0,0,1
PROP204243,20.0,Needs Renovation,2913.0,B,,90.0,0,0,1,0,0,0,0,0,0,1,0,0
PROP204244,39.0,Old,1769.0,C,56.0,45.0,0,1,0,0,1,1,0,0,0,1,1,0
PROP204245,8.0,Needs Renovation,2602.0,F,77.0,36.0,0,0,0,1,1,0,0,0,1,0,0,0
PROP204246,21.0,Needs Renovation,3939.0,C,82.0,88.0,0,0,0,0,0,1,0,0,1,0,0,1
PROP204247,22.0,Needs Renovation,1963.0,F,74.0,67.0,1,0,0,0,0,0,0,1,1,1,0,0
PROP204248,,Old,2610.0,E,41.0,72.0,0,0,1,0,0,0,0,0,0,0,0,1
PROP204249,8.0,Old,1819.0,F,95.0,78.0,1,0,0,1,0,1,0,0,1,0,1,0
PROP204250,14.0,Good,4193.0,D,74.0,56.0,1,0,1,0,1,1,0,0,0,0,0,0
PROP204251,25.0,Old,2019.0,F,68.0,45.0,1,1,0,1,0,0,1,1,0,0,0,0
PROP204252,22.0,New,1641.0,A,69.0,35.0,1,0,0,0,0,0,0,0,0,0,1,0
PROP204253,29.0,New,3243.0,B,42.0,45.0,1,0,0,0,0,0,0,1,0,0,0,0
PROP204254,21.0,Old,1648.0,D,48.0,64.0,0,1,0,0,0,0,0,0,0,0,1,0
PROP204255,28.0,Old,3435.0,F,92.0,91.0,0,1,0,0,0,0,0,0,0,0,0,1
PROP204256,1.0,New,2581.0,E,75.0,66.0,1,0,1,0,0,1,0,1,0,0,1,0
PROP204257,1.0,Needs Renovation,4309.0,C,73.0,36.0,1,0,1,0,0,0,0,1,1,0,0,0
PROP204258,5.0,Old,3677.0,B,51.0,98.0,0,0,0,0,1,0,0,1,0,0,1,0
PROP204259,11.0,Old,2776.0,A,89.0,97.0,0,0,0,0,1,0,1,0,0,0,0,0
PROP204260,7.0,Good,3834.0,A,94.0,79.0,0,1,0,0,0,1,0,0,0,0,0,0
PROP204261,2.0,Good,2597.0,A,77.0,37.0,0,0,1,1,0,0,0,0,1,0,0,1
PROP204262,10.0,Good,3006.0,A,94.0,99.0,0,0,1,0,0,0,0,0,0,0,1,0
PROP204263,20.0,Good,2852.0,C,92.0,96.0,0,0,1,0,1,0,0,0,0,1,1,0
PROP204264,27.0,Old,3386.0,E,50.0,97.0,0,0,0,0,0,0,1,0,0,1,0,0
PROP204265,38.0,New,4402.0,C,98.0,87.0,1,0,1,0,0,0,0,0,0,1,0,0
PROP204266,26.0,New,2153.0,E,53.0,81.0,0,0,0,0,0,1,0,1,0,0,0,0
PROP204267,3.0,Good,3589.0,A,,57.0,0,0,0,0,0,0,0,1,1,1,0,0
PROP204268,24.0,Needs Renovation,4310.0,D,,89.0,0,0,0,0,1,0,1,0,0,0,0,0
PROP204269,16.0,Needs Renovation,1282.0,F,82.0,,0,0,0,0,1,1,0,0,0,1,0,0
PROP204270,23.0,New,3266.0,B,73.0,66.0,1,0,1,1,1,1,0,0,0,0,0,0
PROP204271,4.0,Needs Renovation,2742.0,A,98.0,40.0,0,1,0,0,0,1,1,0,0,1,0,0
PROP204272,23.0,Good,3551.0,C,,86.0,0,0,1,1,0,0,1,0,0,0,0,0
PROP204273,5.0,Needs Renovation,1638.0,E,49.0,46.0,0,0,0,0,0,0,1,1,0,0,1,0
PROP204274,16.0,Good,4474.0,B,64.0,86.0,0,0,1,0,0,0,0,0,0,1,0,1
PROP204275,15.0,Good,2212.0,D,59.0,35.0,0,0,0,0,0,0,0,0,1,0,1,0
PROP204276,,Old,4594.0,A,55.0,83.0,1,0,0,1,0,1,0,0,0,0,1,0
PROP204277,17.0,Old,2954.0,C,99.0,47.0,0,1,0,0,0,0,0,0,0,1,0,1
PROP204278,20.0,New,5226.0,B,72.0,55.0,1,0,0,0,0,1,0,0,1,0,0,1
PROP204279,33.0,Needs Renovation,2480.0,F,84.0,92.0,0,0,0,0,0,0,0,1,0,1,0,0
PROP204280,32.0,Old,2950.0,E,96.0,36.0,1,0,1,0,1,0,0,0,1,0,0,1
PROP204281,23.0,Old,3366.0,D,41.0,83.0,0,1,0,0,0,0,1,0,0,0,1,0
PROP204282,4.0,New,485.0,C,76.0,32.0,0,1,0,0,0,0,1,0,0,0,0,1
PROP204283,2.0,Old,1888.0,E,57.0,61.0,0,0,1,1,0,0,0,1,0,0,1,0
PROP204284,,Good,2315.0,C,98.0,96.0,0,1,0,0,0,0,1,0,0,0,0,0
PROP204285,37.0,Good,4100.0,D,47.0,32.0,0,0,0,0,1,1,0,0,0,1,1,0
PROP204286,24.0,Needs Renovation,3058.0,A,53.0,35.0,0,0,1,0,1,0,0,0,0,1,1,0
PROP204287,27.0,Old,2445.0,A,97.0,44.0,0,0,0,1,0,0,0,0,0,0,1,0
PROP204288,14.0,New,4341.0,F,69.0,69.0,0,0,0,0,1,1,0,0,0,0,0,1
PROP204289,2.0,Good,2876.0,B,75.0,92.0,0,0,1,0,0,0,0,1,0,0,0,0
PROP204290,3.0,Good,2480.0,C,75.0,87.0,0,1,0,1,0,1,1,0,0,0,0,0
PROP204291,22.0,New,3643.0,C,93.0,60.0,0,0,1,0,0,0,0,1,0,0,0,0
PROP204292,18.0,Good,2729.0,E,60.0,61.0,1,0,0,0,1,0,0,0,1,0,0,0
PROP204293,38.0,Good,1125.0,C,65.0,89.0,0,1,0,0,0,0,1,0,1,0,0,0
PROP204294,35.0,Good,3898.0,B,56.0,73.0,1,0,1,0,0,0,0,0,1,0,1,1
PROP204295,20.0,New,1103.0,B,53.0,77.0,1,1,0,0,0,0,0,0,0,1,0,0
PROP204296,27.0,New,2568.0,E,42.0,62.0,0,0,0,0,0,1,0,1,0,0,1,1
PROP204297,13.0,Old,2480.0,E,63.0,98.0,0,1,0,0,0,1,0,0,0,0,0,1
PROP204298,38.0,New,3338.0,D,42.0,77.0,0,0,0,1,0,0,0,0,1,0,1,0
PROP204299,28.0,Needs Renovation,1724.0,A,62.0,95.0,0,1,0,0,0,1,0,0,0,1,0,1
PROP204300,37.0,Old,2480.0,C,55.0,55.0,1,0,0,0,1,0,0,0,0,0,0,0
PROP204301,25.0,Good,3830.0,D,78.0,73.0,0,0,0,0,1,0,1,0,0,0,1,0
PROP204302,5.0,Old,2489.0,B,68.0,37.0,0,1,0,0,1,0,0,0,0,0,0,0
PROP204303,19.0,Old,1974.0,E,85.0,56.0,1,0,0,0,0,0,0,0,1,1,0,0
PROP204304,8.0,Old,2250.0,C,99.0,63.0,0,1,1,0,0,0,0,0,1,0,1,1
PROP204305,26.0,Old,2027.0,A,98.0,30.0,0,0,0,0,0,0,0,1,1,1,0,0
PROP204306,30.0,Needs Renovation,3475.0,F,61.0,48.0,0,0,1,0,0,0,0,0,0,0,1,0
PROP204307,21.0,Needs Renovation,4014.0,B,97.0,46.0,1,0,0,0,0,0,1,0,0,0,0,1
PROP204308,37.0,Needs Renovation,2295.0,A,99.0,79.0,0,1,0,0,1,1,0,1,1,0,0,0
PROP204309,35.0,Old,1846.0,D,67.0,45.0,0,0,0,0,0,0,1,0,1,0,0,0
PROP204310,33.0,New,257.0,D,82.0,48.0,0,0,1,0,0,1,0,0,0,1,0,0
PROP204311,,Needs Renovation,2775.0,A,57.0,83.0,0,0,1,1,0,0,0,1,1,0,1,0
PROP204312,38.0,Good,2978.0,F,70.0,99.0,0,0,0,0,1,0,1,0,1,0,0,1
PROP204313,16.0,New,598.0,F,47.0,,1,0,0,1,1,0,0,0,1,0,0,1
PROP204314,24.0,Old,2480.0,D,,69.0,0,1,1,0,1,1,1,0,0,0,0,0
PROP204315,24.0,New,2193.0,A,,66.0,0,1,0,0,0,0,0,0,1,0,0,0
PROP204316,12.0,Good,585.0,A,65.0,48.0,1,0,0,0,0,0,0,0,1,0,0,0
PROP204317,15.0,Old,2691.0,D,94.0,39.0,0,0,1,0,0,1,0,1,1,0,0,1
PROP204318,34.0,Old,2480.0,C,89.0,85.0,1,1,0,1,0,0,0,0,0,0,0,0
PROP204319,29.0,New,2751.0,D,,30.0,1,0,1,0,0,0,0,1,0,0,0,0
PROP204320,0.0,Needs Renovation,4046.0,E,62.0,44.0,0,0,1,0,0,0,1,1,1,0,0,1
PROP204321,18.0,New,3197.0,B,93.0,38.0,0,0,0,1,1,1,0,0,0,0,0,1
PROP204322,34.0,Old,2013.0,B,71.0,31.0,0,0,1,0,0,1,0,0,1,1,0,0
PROP204323,26.0,Good,3901.0,C,77.0,68.0,1,0,0,0,0,1,1,0,1,0,0,1
PROP204324,15.0,Old,3020.0,B,96.0,80.0,1,0,0,0,1,0,0,0,1,0,0,0
PROP204325,36.0,New,3880.0,A,81.0,31.0,1,0,0,0,1,0,0,0,0,0,0,0
PROP204326,21.0,Needs Renovation,2515.0,B,96.0,65.0,0,0,0,1,0,0,0,0,0,0,0,1
PROP204327,5.0,Needs Renovation,4726.0,E,41.0,82.0,1,1,0,0,1,0,0,0,0,0,0,0
PROP204328,21.0,Needs Renovation,799.0,F,78.0,92.0,0,0,0,1,1,0,0,0,0,0,1,1
PROP204329,8.0,Needs Renovation,1904.0,F,76.0,,0,0,0,1,1,1,1,0,0,0,0,1
PROP204330,20.0,Good,1711.0,B,70.0,78.0,0,0,0,1,0,0,0,0,1,0,0,0
PROP204331,1.0,New,1634.0,F,56.0,,1,0,0,1,0,0,0,0,0,0,0,0
PROP204332,29.0,Old,3177.0,C,86.0,58.0,1,0,0,1,0,0,1,0,0,0,1,0
PROP204333,2.0,New,4997.0,B,97.0,55.0,0,1,0,0,1,0,0,0,1,1,1,0
PROP204334,30.0,New,1886.0,C,53.0,69.0,0,0,0,1,0,1,0,0,0,0,0,0
PROP204335,29.0,Old,2440.0,D,66.0,89.0,0,0,1,0,1,0,0,0,0,0,0,0
PROP204336,1.0,Old,4214.0,F,77.0,91.0,0,1,1,0,0,0,0,1,0,0,0,0
PROP204337,15.0,Good,1645.0,A,47.0,65.0,0,0,0,1,0,0,0,0,1,0,0,0
PROP204338,26.0,Old,5937.0,E,57.0,98.0,0,1,1,0,1,0,0,0,0,0,0,0
PROP204339,16.0,Needs Renovation,2596.0,F,75.0,63.0,1,0,0,1,0,1,0,0,1,0,0,1
PROP204340,11.0,Good,718.0,F,96.0,45.0,0,0,1,1,0,1,1,0,1,0,0,0
PROP204341,20.0,Good,4849.0,C,68.0,30.0,0,0,0,0,0,0,0,1,0,0,0,1
PROP204342,32.0,Good,3435.0,A,68.0,,1,1,0,0,0,0,0,1,0,1,0,0
PROP204343,4.0,New,869.0,A,86.0,33.0,1,0,0,0,0,0,0,1,0,0,1,0
PROP204344,28.0,New,3072.0,A,70.0,60.0,0,0,1,0,0,0,0,1,0,0,1,1
PROP204345,7.0,Good,2769.0,A,67.0,47.0,0,0,1,1,0,0,0,1,0,0,1,1
PROP204346,5.0,Old,958.0,B,49.0,82.0,1,1,0,1,0,0,1,0,1,0,0,0
PROP204347,25.0,Needs Renovation,2037.0,B,82.0,65.0,1,0,0,1,1,0,1,0,1,0,0,0
PROP204348,1.0,Old,4535.0,A,82.0,66.0,1,0,0,0,0,0,0,0,0,0,0,1
PROP204349,34.0,Good,1726.0,D,97.0,99.0,0,1,0,0,0,1,0,1,0,0,0,0
PROP204350,17.0,Old,1620.0,F,68.0,50.0,0,0,1,0,0,0,0,0,1,0,0,1
PROP204351,27.0,Old,2480.0,A,40.0,86.0,0,0,0,1,0,1,0,0,0,0,0,0
PROP204352,34.0,Needs Renovation,3112.0,F,87.0,93.0,0,0,0,0,1,0,1,0,1,1,0,1
PROP204353,39.0,Good,2522.0,A,77.0,,0,0,1,0,0,0,0,1,0,0,1,0
PROP204354,29.0,Needs Renovation,1580.0,E,84.0,47.0,1,0,0,1,1,0,0,1,1,0,0,0
PROP204355,12.0,Needs Renovation,417.0,A,68.0,47.0,1,0,1,0,0,0,0,0,0,1,0,0
PROP204356,9.0,Good,2671.0,C,79.0,56.0,0,1,0,1,0,1,0,0,0,1,0,1
PROP204357,30.0,New,4227.0,B,78.0,45.0,0,0,1,0,0,1,0,1,0,1,0,0
PROP204358,24.0,Good,2480.0,C,80.0,78.0,0,0,0,1,1,1,0,1,1,0,0,0
PROP204359,3.0,Good,4396.0,D,70.0,72.0,0,1,1,0,0,0,0,0,1,1,0,1
PROP204360,13.0,Old,2480.0,A,,83.0,0,0,1,1,1,1,0,0,0,1,0,0
PROP204361,9.0,New,2668.0,D,45.0,68.0,1,0,1,1,0,0,0,0,1,0,0,0
PROP204362,9.0,Needs Renovation,2774.0,B,76.0,84.0,1,0,0,0,0,0,1,0,0,1,1,0
PROP204363,31.0,Needs Renovation,3254.0,F,70.0,74.0,0,1,1,0,0,0,0,1,0,1,0,0
PROP204364,33.0,Old,3505.0,F,58.0,62.0,0,0,1,0,1,0,0,0,0,0,0,0
PROP204365,30.0,New,2480.0,B,62.0,95.0,0,0,0,1,0,0,0,1,0,1,1,1
PROP204366,28.0,Needs Renovation,3350.0,F,75.0,60.0,1,0,1,0,1,0,0,0,1,0,0,0
PROP204367,39.0,Old,0.0,A,64.0,44.0,1,1,0,0,1,1,0,0,0,0,1,0
PROP204368,31.0,New,1672.0,C,92.0,59.0,0,1,1,0,1,0,0,0,0,0,0,0
PROP204369,26.0,Needs Renovation,3141.0,D,87.0,98.0,1,0,1,0,0,0,1,1,0,0,0,1
PROP204370,10.0,Old,2480.0,A,70.0,62.0,0,0,1,0,0,0,0,0,1,0,0,0
PROP204371,24.0,New,1292.0,D,74.0,,0,0,1,1,1,0,0,1,0,0,1,0
PROP204372,30.0,New,3580.0,D,72.0,67.0,1,0,0,0,0,0,0,0,0,0,0,1
PROP204373,27.0,New,2616.0,C,57.0,57.0,0,0,0,0,1,1,1,0,0,0,1,0
PROP204374,35.0,Needs Renovation,2480.0,E,53.0,45.0,0,0,0,1,0,1,0,1,0,0,0,0
PROP204375,0.0,Needs Renovation,2414.0,D,81.0,44.0,0,0,0,0,1,1,0,0,0,0,1,1
PROP204376,32.0,Needs Renovation,2172.0,C,75.0,70.0,0,1,1,1,0,0,0,1,0,0,0,1
PROP204377,2.0,Good,3384.0,C,88.0,93.0,0,1,0,0,0,1,1,0,0,0,1,1
PROP204378,19.0,New,1813.0,C,55.0,76.0,1,1,0,1,1,0,0,0,1,0,0,0
PROP204379,33.0,Needs Renovation,2740.0,F,74.0,,0,1,1,1,0,1,0,0,0,1,0,0
PROP204380,9.0,Good,2480.0,D,47.0,41.0,0,0,0,1,0,1,0,0,0,0,0,0
PROP204381,36.0,Old,3113.0,E,67.0,75.0,1,0,1,0,1,0,0,0,1,0,0,1
PROP204382,33.0,Good,2224.0,D,40.0,58.0,0,1,0,1,0,1,0,0,1,0,0,1
PROP204383,8.0,New,3516.0,C,44.0,99.0,0,1,1,0,0,0,1,1,0,0,0,0
PROP204384,18.0,Needs Renovation,1364.0,A,77.0,50.0,0,0,0,0,0,0,0,0,0,1,1,1
PROP204385,36.0,New,2011.0,D,60.0,36.0,1,0,0,1,0,1,0,0,0,1,0,1
PROP204386,15.0,New,3510.0,D,64.0,67.0,0,0,0,0,1,0,1,1,0,0,0,0
PROP204387,19.0,Good,3086.0,D,77.0,88.0,0,1,0,0,0,0,0,0,0,0,1,1
PROP204388,36.0,New,3042.0,E,81.0,64.0,1,0,1,0,0,0,1,0,1,0,0,1
PROP204389,5.0,Good,1429.0,D,,,0,1,1,0,0,0,1,0,1,0,1,0
PROP204390,8.0,Good,748.0,B,64.0,30.0,0,0,0,1,0,1,0,1,1,0,1,0
PROP204391,8.0,New,981.0,A,57.0,44.0,1,0,1,0,0,0,1,0,1,1,0,0
PROP204392,25.0,New,1383.0,E,88.0,37.0,0,0,1,0,0,0,0,0,0,0,1,1
PROP204393,20.0,Old,2015.0,E,70.0,80.0,1,0,1,0,0,0,0,0,0,0,0,0
PROP204394,,Good,1465.0,D,45.0,97.0,1,0,1,0,0,1,0,0,1,1,0,0
PROP204395,11.0,New,3184.0,D,44.0,59.0,1,0,0,0,0,0,1,1,1,0,0,0
PROP204396,14.0,Old,2505.0,E,86.0,,0,0,0,0,0,0,1,1,0,0,0,0
PROP204397,12.0,Needs Renovation,5462.0,E,52.0,71.0,0,0,1,1,0,0,0,0,1,1,0,0
PROP204398,3.0,Old,2480.0,C,83.0,95.0,1,0,0,1,0,1,0,0,1,0,0,1
PROP204399,,Good,3440.0,D,78.0,41.0,0,1,0,1,0,0,0,1,1,0,1,0
PROP204400,22.0,New,4251.0,E,72.0,91.0,0,0,1,1,0,1,0,0,1,1,0,0
PROP204401,3.0,Good,2168.0,E,50.0,95.0,0,0,0,0,0,0,1,0,1,0,1,0
PROP204402,27.0,New,2618.0,D,61.0,97.0,0,0,0,0,0,0,1,0,1,0,1,0
PROP204403,,Needs Renovation,2114.0,A,97.0,,0,0,0,1,0,1,1,1,0,0,1,0
PROP204404,37.0,Old,2480.0,E,86.0,62.0,0,1,0,0,1,0,0,0,0,0,0,0
PROP204405,9.0,New,1778.0,E,92.0,50.0,0,0,0,0,1,1,1,0,0,1,1,0
PROP204406,27.0,Good,4806.0,E,81.0,,1,0,0,0,0,1,1,0,0,0,0,0
PROP204407,33.0,Good,1704.0,A,54.0,78.0,0,1,0,0,1,0,1,0,0,0,0,0
PROP204408,16.0,Old,2480.0,D,97.0,92.0,0,0,1,0,0,0,0,1,0,1,0,1
PROP204409,30.0,Needs Renovation,417.0,D,43.0,94.0,0,0,1,0,1,0,0,1,1,1,0,0
PROP204410,19.0,Old,3481.0,E,98.0,53.0,1,0,0,0,0,0,0,0,0,1,0,0
PROP204411,,Old,3992.0,B,95.0,62.0,0,1,1,0,0,0,0,0,0,0,1,1
PROP204412,8.0,Needs Renovation,2544.0,F,64.0,77.0,1,1,1,0,0,0,0,0,0,0,0,0
PROP204413,3.0,New,3096.0,C,97.0,91.0,0,0,1,0,0,1,0,0,0,0,1,1
PROP204414,5.0,Needs Renovation,1391.0,B,,60.0,0,0,1,0,1,0,0,0,0,1,1,0
PROP204415,13.0,Needs Renovation,4746.0,A,54.0,88.0,1,1,0,0,0,0,1,0,0,0,0,0
PROP204416,16.0,Needs Renovation,2429.0,D,92.0,93.0,0,0,0,1,0,0,0,0,1,0,0,0
PROP204417,9.0,Needs Renovation,3408.0,D,,59.0,0,0,0,1,0,1,1,0,0,0,0,1
PROP204418,4.0,New,2634.0,A,57.0,57.0,1,0,0,0,0,0,0,0,1,1,0,0
PROP204419,25.0,Needs Renovation,3733.0,E,69.0,78.0,1,0,0,0,0,1,0,1,1,0,1,0
PROP204420,30.0,Needs Renovation,3956.0,F,86.0,94.0,1,1,0,0,0,0,0,1,1,0,1,0
PROP204421,21.0,Old,3291.0,B,45.0,94.0,0,0,1,0,0,0,0,0,1,1,0,1
PROP204422,35.0,Needs Renovation,3124.0,C,76.0,62.0,0,0,1,0,0,0,0,0,0,1,0,0
PROP204423,24.0,Good,2407.0,F,56.0,41.0,0,0,0,0,0,0,1,1,0,1,0,0
PROP204424,39.0,Needs Renovation,47.0,F,41.0,99.0,1,0,0,0,0,1,0,0,1,0,0,1
PROP204425,35.0,Good,2480.0,C,81.0,31.0,1,0,1,0,0,0,0,0,1,0,1,0
PROP204426,18.0,New,2480.0,C,91.0,56.0,0,0,0,1,0,1,1,0,0,1,0,0
PROP204427,10.0,Needs Renovation,1497.0,F,53.0,77.0,0,1,1,1,0,0,0,0,1,0,1,0
PROP204428,10.0,New,5268.0,C,95.0,44.0,1,0,0,0,1,0,0,0,0,0,0,1
PROP204429,4.0,Needs Renovation,1300.0,F,75.0,86.0,1,0,0,0,0,0,1,0,0,1,0,0
PROP204430,37.0,Needs Renovation,4289.0,D,74.0,30.0,0,1,0,0,1,1,0,1,0,0,0,0
PROP204431,35.0,Good,2494.0,E,50.0,91.0,1,0,1,1,0,0,0,0,0,1,1,0
PROP204432,23.0,Needs Renovation,3204.0,B,70.0,60.0,1,0,0,0,1,0,0,1,0,1,0,0
PROP204433,39.0,New,964.0,E,66.0,94.0,0,0,1,0,0,0,0,0,0,0,0,1
PROP204434,25.0,Old,2993.0,F,92.0,81.0,0,1,1,0,1,1,0,1,0,0,0,0
PROP204435,29.0,Needs Renovation,2409.0,C,46.0,36.0,0,0,1,0,0,0,0,0,0,1,0,1
PROP204436,22.0,New,3795.0,A,56.0,40.0,0,1,0,0,1,1,0,1,1,0,0,0
PROP204437,5.0,New,2480.0,C,41.0,41.0,0,0,0,0,0,1,0,1,1,1,1,0
PROP204438,5.0,New,2929.0,E,53.0,64.0,0,1,0,0,0,1,1,0,1,0,0,1
PROP204439,14.0,Good,534.0,F,75.0,88.0,0,0,0,0,0,1,1,1,1,0,0,0
PROP204440,39.0,New,3254.0,E,50.0,74.0,0,1,0,0,0,0,1,0,1,0,0,1
PROP204441,26.0,New,1755.0,F,51.0,69.0,1,1,0,0,0,0,0,0,0,0,0,0
PROP204442,14.0,Old,3577.0,E,51.0,63.0,0,0,0,0,0,1,0,0,0,1,0,0
PROP204443,5.0,Old,1361.0,D,49.0,88.0,0,1,1,0,0,0,0,0,0,0,1,0
PROP204444,20.0,Old,4093.0,B,66.0,51.0,0,1,0,0,0,1,0,0,1,1,0,0
PROP204445,31.0,Old,1669.0,E,41.0,98.0,1,0,0,0,0,0,1,0,0,0,1,0
PROP204446,6.0,Good,2571.0,D,73.0,43.0,0,0,1,0,0,1,0,0,0,1,0,0
PROP204447,0.0,Old,2480.0,D,64.0,48.0,1,0,0,1,0,0,1,0,1,0,0,0
PROP204448,39.0,New,1076.0,E,53.0,73.0,0,0,1,1,0,0,1,1,0,0,0,0
PROP204449,8.0,New,3153.0,D,46.0,97.0,1,1,0,0,0,0,1,0,0,1,0,1
PROP204450,21.0,Good,3042.0,B,69.0,69.0,0,0,0,0,1,0,0,0,0,0,1,1
PROP204451,2.0,Needs Renovation,1171.0,B,,64.0,0,0,1,1,0,0,1,1,0,0,0,0
PROP204452,30.0,Needs Renovation,2671.0,F,54.0,86.0,0,0,1,0,1,0,0,0,1,0,1,0
PROP204453,16.0,Good,1913.0,D,56.0,39.0,0,0,1,0,1,0,0,1,0,1,0,0
PROP204454,0.0,Good,1905.0,A,60.0,76.0,1,0,0,1,0,0,0,0,0,0,0,1
PROP204455,,Old,2480.0,B,71.0,34.0,0,0,1,0,0,0,0,0,0,1,1,1
PROP204456,21.0,New,2365.0,F,73.0,41.0,0,0,1,1,0,0,0,0,0,1,0,0
PROP204457,23.0,Good,30.0,C,85.0,48.0,0,0,1,1,0,0,0,0,0,0,0,0
PROP204458,37.0,New,5082.0,A,62.0,91.0,1,0,0,1,1,0,0,0,1,0,0,0
PROP204459,0.0,Good,94.0,E,54.0,61.0,0,0,1,1,0,0,0,0,1,1,1,0
PROP204460,39.0,Needs Renovation,2632.0,C,67.0,60.0,1,0,0,0,0,1,0,0,1,0,0,1
PROP204461,33.0,New,2545.0,C,97.0,50.0,0,0,0,1,0,1,0,0,0,0,1,0
PROP204462,8.0,Needs Renovation,2506.0,E,60.0,61.0,0,0,0,0,0,1,0,0,1,0,0,0
PROP204463,28.0,Needs Renovation,2480.0,C,52.0,77.0,0,1,0,0,0,0,0,0,1,0,0,0
PROP204464,26.0,Good,2132.0,A,53.0,49.0,0,0,0,0,0,1,0,0,1,1,1,0
PROP204465,1.0,Good,339.0,F,52.0,87.0,0,1,0,0,0,0,0,0,1,0,0,0
PROP204466,17.0,New,2538.0,E,43.0,45.0,1,0,1,0,0,0,0,0,1,1,0,0
PROP204467,39.0,New,2712.0,F,83.0,82.0,0,0,0,0,0,0,0,0,0,1,1,0
PROP204468,4.0,Old,4155.0,E,52.0,39.0,1,0,0,0,0,0,1,0,0,0,1,0
PROP204469,14.0,Needs Renovation,2264.0,C,86.0,56.0,0,0,0,0,1,0,0,0,0,0,0,1
PROP204470,,Old,1602.0,B,60.0,63.0,0,0,0,1,1,0,0,1,0,1,0,0
PROP204471,5.0,New,1813.0,F,68.0,,0,1,0,0,1,0,0,0,0,1,0,0
PROP204472,38.0,Old,1173.0,C,41.0,70.0,0,0,0,0,0,0,1,1,0,1,1,0
PROP204473,37.0,New,1274.0,B,47.0,70.0,0,0,1,0,0,0,0,0,1,1,0,0
PROP204474,,Good,3603.0,A,57.0,80.0,1,0,0,1,0,1,0,0,1,0,0,1
PROP204475,33.0,New,2480.0,D,,45.0,0,0,0,0,0,1,1,1,1,1,0,0
PROP204476,2.0,Needs Renovation,4103.0,C,54.0,70.0,0,0,1,1,1,0,0,1,0,0,1,0
PROP204477,2.0,New,3394.0,A,77.0,,1,0,0,0,1,0,0,0,1,0,0,0
PROP204478,13.0,Needs Renovation,2400.0,D,73.0,99.0,1,0,0,0,0,1,0,1,0,0,1,1
PROP204479,10.0,Old,4741.0,A,87.0,90.0,0,0,1,0,0,0,1,0,1,0,0,0
PROP204480,33.0,Old,2881.0,A,45.0,75.0,0,0,0,1,0,0,1,0,1,0,1,0
PROP204481,35.0,Old,690.0,A,40.0,65.0,0,0,0,0,1,0,0,0,1,0,1,0
PROP204482,17.0,Needs Renovation,2480.0,E,53.0,79.0,0,0,0,0,0,0,1,0,0,1,0,1
PROP204483,36.0,Needs Renovation,3433.0,B,86.0,55.0,1,0,1,0,0,0,1,0,0,0,1,1
PROP204484,5.0,New,3033.0,D,44.0,48.0,0,1,0,0,1,0,0,0,0,0,0,0
PROP204485,31.0,Needs Renovation,2571.0,C,56.0,64.0,1,0,0,0,0,1,0,0,0,0,0,0
PROP204486,20.0,Good,1663.0,D,49.0,,1,1,0,0,0,0,0,0,0,0,0,1
PROP204487,35.0,Old,2357.0,F,62.0,94.0,0,0,0,0,1,1,0,0,0,0,0,0
PROP204488,29.0,Needs Renovation,3492.0,B,46.0,96.0,0,0,1,0,1,1,1,0,1,0,0,0
PROP204489,37.0,Old,2810.0,B,,40.0,1,0,0,0,0,1,1,0,1,1,0,0
PROP204490,,Old,3347.0,B,81.0,88.0,1,0,1,0,0,0,0,0,0,0,0,0
PROP204491,10.0,Good,3136.0,B,67.0,37.0,0,0,0,0,0,1,0,0,1,0,0,0
PROP204492,31.0,Old,3018.0,C,98.0,92.0,0,0,1,1,0,0,0,0,0,1,0,1
PROP204493,25.0,New,2352.0,E,,82.0,0,0,0,1,0,0,1,0,1,0,0,1
PROP204494,7.0,Old,4269.0,B,55.0,98.0,0,0,1,0,0,0,1,0,1,1,0,1
PROP204495,10.0,New,1077.0,F,49.0,69.0,0,1,0,1,0,1,0,0,0,0,0,1
PROP204496,32.0,Needs Renovation,1855.0,C,69.0,97.0,0,0,0,0,0,1,1,1,0,1,1,0
PROP204497,,Good,2426.0,B,52.0,36.0,1,0,1,0,0,0,0,0,0,0,1,0
PROP204498,2.0,Needs Renovation,2655.0,E,,62.0,1,1,0,0,0,1,1,0,0,0,0,1
PROP204499,13.0,Old,1590.0,D,71.0,40.0,1,0,0,0,0,1,1,0,0,1,1,0
PROP204500,17.0,Good,3786.0,E,94.0,38.0,0,0,1,0,0,0,0,0,0,0,1,0
PROP204501,27.0,Needs Renovation,1811.0,F,95.0,82.0,0,0,1,0,0,0,0,0,0,0,1,0
PROP204502,20.0,Good,1696.0,F,76.0,37.0,0,0,0,0,0,1,1,0,0,0,1,0
PROP204503,37.0,Needs Renovation,2515.0,D,65.0,52.0,1,0,0,0,1,0,0,1,1,1,0,0
PROP204504,10.0,Old,2910.0,F,58.0,37.0,0,0,0,0,1,1,1,0,0,0,1,0
PROP204505,6.0,Old,2438.0,F,65.0,30.0,0,1,0,0,0,0,0,0,0,1,0,1
PROP204506,,Needs Renovation,2480.0,B,47.0,63.0,0,1,0,0,1,0,0,1,0,0,1,0
PROP204507,7.0,New,3652.0,E,52.0,46.0,0,0,1,0,0,0,1,1,0,0,0,1
PROP204508,36.0,Needs Renovation,1213.0,D,,65.0,1,0,0,1,0,0,1,0,0,0,0,0
PROP204509,5.0,New,1489.0,E,52.0,70.0,0,0,0,0,1,0,0,0,0,0,1,1
PROP204510,,Old,4932.0,F,66.0,74.0,1,0,0,1,0,0,0,0,0,0,0,0
PROP204511,12.0,Needs Renovation,3075.0,A,61.0,56.0,1,0,0,0,0,1,0,1,0,0,0,0
PROP204512,28.0,Needs Renovation,3872.0,B,79.0,44.0,0,0,0,1,1,0,0,0,1,0,0,0
PROP204513,1.0,Good,2609.0,D,42.0,58.0,1,0,1,0,0,1,0,0,0,1,0,0
PROP204514,26.0,Needs Renovation,2913.0,B,99.0,,0,1,1,0,1,1,0,0,0,0,1,0
PROP204515,36.0,Old,1241.0,A,82.0,41.0,0,0,0,0,0,1,1,1,1,0,1,0
PROP204516,37.0,New,2480.0,B,55.0,99.0,1,1,0,0,1,0,1,0,0,0,1,0
PROP204517,12.0,Old,2089.0,F,57.0,68.0,0,1,0,0,0,0,0,0,0,0,0,1
PROP204518,24.0,Needs Renovation,639.0,C,79.0,67.0,1,0,0,0,0,0,1,0,1,1,1,0
PROP204519,7.0,Needs Renovation,2480.0,B,84.0,91.0,0,0,0,0,1,0,1,0,0,0,1,1
PROP204520,34.0,Old,3841.0,F,45.0,97.0,0,0,0,1,0,0,1,1,0,1,0,1
PROP204521,19.0,New,3440.0,C,75.0,97.0,1,1,0,0,0,1,1,0,0,0,0,0
PROP204522,4.0,New,2355.0,E,44.0,68.0,0,0,0,0,0,0,1,0,1,0,0,0
PROP204523,6.0,Old,2103.0,B,53.0,75.0,0,1,0,0,0,0,0,1,0,0,0,1
PROP204524,22.0,Good,3531.0,A,80.0,83.0,0,0,0,1,0,1,1,0,1,0,0,0
PROP204525,39.0,New,3473.0,C,67.0,53.0,1,0,1,0,0,0,1,1,0,0,1,0
PROP204526,12.0,Good,2283.0,A,89.0,34.0,0,0,1,0,0,1,1,0,0,0,0,1
PROP204527,21.0,Needs Renovation,3938.0,C,81.0,72.0,1,0,0,1,0,0,0,0,0,0,0,0
PROP204528,17.0,Old,0.0,E,50.0,74.0,0,0,1,0,0,1,1,0,0,1,0,0
PROP204529,21.0,Old,2065.0,F,93.0,34.0,0,0,0,0,0,0,1,0,1,0,0,0
PROP204530,28.0,Needs Renovation,2219.0,E,78.0,98.0,1,0,1,0,0,0,0,0,0,0,1,0
PROP204531,2.0,Old,3196.0,D,42.0,32.0,0,1,0,0,0,0,0,1,0,1,0,0
PROP204532,34.0,Good,1389.0,D,40.0,69.0,0,0,0,0,1,1,0,0,0,0,1,0
PROP204533,10.0,Good,2480.0,B,61.0,33.0,0,1,0,1,0,0,1,0,1,0,0,1
PROP204534,23.0,Old,3034.0,D,85.0,57.0,1,0,0,0,0,0,0,0,0,0,1,0
PROP204535,39.0,Needs Renovation,5204.0,F,52.0,34.0,0,1,1,0,0,1,0,0,1,0,0,0
PROP204536,29.0,Needs Renovation,3483.0,D,88.0,95.0,0,0,0,0,0,1,0,1,0,0,0,0
PROP204537,3.0,Old,2781.0,C,47.0,85.0,0,0,1,0,0,0,1,0,0,0,0,1
PROP204538,15.0,Good,4339.0,E,43.0,56.0,1,0,0,1,0,0,0,1,0,0,1,0
PROP204539,38.0,Good,2480.0,E,59.0,94.0,0,0,0,0,0,1,0,0,1,0,0,0
PROP204540,6.0,Needs Renovation,906.0,E,58.0,74.0,0,0,0,0,0,0,0,0,1,1,0,0
PROP204541,25.0,Good,2480.0,F,58.0,95.0,1,1,0,0,0,0,0,1,1,0,0,1
PROP204542,24.0,Needs Renovation,2480.0,C,,37.0,0,1,0,0,0,1,1,1,0,0,0,0
PROP204543,14.0,Old,3434.0,B,67.0,89.0,0,1,0,1,0,0,0,0,0,0,0,0
PROP204544,18.0,New,3919.0,D,47.0,86.0,0,0,0,0,0,0,0,0,0,1,0,1
PROP204545,14.0,Needs Renovation,5230.0,D,53.0,51.0,0,0,1,0,0,1,0,0,0,0,1,1
PROP204546,24.0,New,2969.0,B,84.0,45.0,1,0,0,0,0,0,1,0,0,0,0,1
PROP204547,14.0,New,5662.0,F,91.0,67.0,0,0,1,0,0,1,1,1,0,0,0,1
PROP204548,6.0,New,337.0,F,49.0,54.0,0,1,0,0,0,0,1,1,0,0,0,0
PROP204549,2.0,Good,3403.0,A,78.0,69.0,0,1,0,0,0,0,1,1,0,0,0,0
PROP204550,39.0,New,2480.0,F,47.0,71.0,0,0,1,0,1,0,0,0,1,1,1,0
PROP204551,16.0,New,63.0,D,40.0,99.0,0,1,0,0,1,0,0,0,0,0,0,0
PROP204552,0.0,Old,3823.0,C,93.0,69.0,0,1,0,1,0,0,0,0,0,0,0,1
PROP204553,,Old,7121.0,A,66.0,82.0,1,0,0,1,0,0,1,1,0,0,0,1
PROP204554,17.0,New,2480.0,D,,96.0,1,0,0,0,0,0,0,1,0,0,1,1
PROP204555,36.0,Good,1981.0,B,48.0,91.0,0,1,0,0,0,1,0,0,1,1,0,1
PROP204556,8.0,Needs Renovation,1774.0,E,40.0,87.0,0,1,0,1,0,1,0,1,0,1,0,0
PROP204557,3.0,Good,1402.0,B,59.0,35.0,0,0,1,0,0,0,1,1,0,0,1,0
PROP204558,,Needs Renovation,2546.0,A,57.0,31.0,1,0,0,0,1,0,0,0,0,0,0,0
PROP204559,23.0,Good,3233.0,B,43.0,49.0,0,0,0,0,0,0,0,1,0,0,1,0
PROP204560,0.0,Needs Renovation,3187.0,D,85.0,69.0,0,0,0,1,0,0,1,0,0,0,0,1
PROP204561,21.0,Old,2366.0,A,61.0,55.0,0,0,0,1,0,0,0,1,0,0,0,0
PROP204562,2.0,Good,2611.0,F,66.0,47.0,0,0,1,0,0,1,0,0,0,0,0,0
PROP204563,25.0,Old,3422.0,C,58.0,95.0,0,1,0,0,1,0,0,0,1,0,1,0
PROP204564,23.0,New,2480.0,B,,96.0,0,0,1,1,0,0,0,0,0,0,0,1
PROP204565,18.0,Needs Renovation,3855.0,E,85.0,,0,1,0,0,0,0,0,0,0,0,0,1
PROP204566,7.0,New,3394.0,D,82.0,67.0,0,1,1,0,1,0,0,0,1,0,0,0
PROP204567,29.0,Good,1909.0,B,43.0,89.0,0,0,0,0,0,1,1,1,0,0,1,0
PROP204568,38.0,New,1924.0,E,96.0,40.0,0,1,1,0,1,0,1,0,0,0,0,0
PROP204569,38.0,Needs Renovation,2511.0,F,86.0,99.0,0,1,0,0,0,1,0,1,0,0,0,0
PROP204570,33.0,Good,5976.0,F,94.0,86.0,1,0,0,0,1,0,1,0,1,0,0,0
PROP204571,19.0,New,2835.0,B,81.0,74.0,0,1,1,1,1,0,0,0,1,0,0,0
PROP204572,39.0,Old,2138.0,D,76.0,95.0,0,0,1,0,0,0,0,0,1,0,1,0
PROP204573,19.0,Good,1947.0,A,78.0,,0,1,1,1,0,0,0,0,0,0,0,1
PROP204574,2.0,Old,2815.0,E,80.0,,0,0,0,0,1,0,0,0,1,1,0,0
PROP204575,10.0,New,1490.0,A,54.0,60.0,1,0,0,0,1,1,0,0,0,0,0,0
PROP204576,27.0,Good,561.0,E,62.0,76.0,0,0,0,0,0,0,0,1,0,0,0,1
PROP204577,,New,1871.0,B,45.0,61.0,1,1,0,0,0,0,0,1,1,0,0,1
PROP204578,18.0,Good,1507.0,C,42.0,91.0,1,1,0,0,0,0,0,1,1,1,0,0
PROP204579,13.0,New,3268.0,A,89.0,60.0,0,0,1,0,0,0,0,0,0,1,0,0
PROP204580,,Old,2772.0,A,,,0,0,1,0,1,0,1,0,0,0,1,0
PROP204581,19.0,Old,2374.0,C,97.0,65.0,0,1,0,0,1,0,1,0,0,0,0,1
PROP204582,6.0,Old,813.0,E,58.0,77.0,1,0,1,1,1,0,1,0,0,0,0,0
PROP204583,21.0,Needs Renovation,2301.0,C,66.0,61.0,0,0,0,1,1,0,0,0,0,0,0,0
PROP204584,27.0,Needs Renovation,2360.0,B,52.0,86.0,1,0,0,0,0,0,1,0,0,0,0,0
PROP204585,9.0,Needs Renovation,1273.0,E,68.0,80.0,1,0,1,0,0,1,0,1,1,0,0,0
PROP204586,1.0,Needs Renovation,2482.0,A,93.0,64.0,0,0,0,0,0,0,1,0,0,0,1,1
PROP204587,31.0,Old,1634.0,E,79.0,32.0,1,0,1,0,1,0,0,0,0,1,0,0
PROP204588,33.0,Old,3902.0,D,40.0,85.0,1,1,0,1,0,0,1,0,0,0,0,0
PROP204589,38.0,New,4624.0,A,52.0,93.0,0,0,0,1,1,0,1,1,0,0,1,0
PROP204590,37.0,Needs Renovation,2805.0,C,86.0,67.0,0,0,1,1,0,1,0,0,1,0,1,0
PROP204591,26.0,Old,2437.0,D,75.0,79.0,1,0,0,0,0,0,0,1,0,1,0,0
PROP204592,17.0,New,3265.0,A,64.0,53.0,0,0,0,1,1,0,1,0,0,0,1,1
PROP204593,25.0,Needs Renovation,874.0,E,56.0,63.0,0,0,0,0,0,0,1,1,0,0,0,1
PROP204594,28.0,Good,2420.0,D,77.0,72.0,0,1,0,0,0,0,0,0,1,0,0,0
PROP204595,34.0,Old,3746.0,D,43.0,53.0,0,0,0,1,0,0,0,1,1,0,0,1
PROP204596,0.0,New,1572.0,A,56.0,63.0,1,0,0,0,0,0,0,0,0,0,1,0
PROP204597,,Old,2480.0,C,45.0,43.0,0,0,1,0,0,0,0,0,0,1,0,0
PROP204598,22.0,Old,2315.0,A,40.0,62.0,0,0,1,1,1,0,0,0,1,0,0,0
PROP204599,16.0,Old,4682.0,B,83.0,80.0,1,1,0,1,0,0,1,0,0,0,1,0
PROP204600,10.0,Good,2063.0,E,82.0,,0,1,1,0,0,0,0,0,0,0,0,0
PROP204601,6.0,Needs Renovation,3469.0,F,54.0,70.0,1,0,0,0,1,0,0,0,1,0,0,0
PROP204602,,New,769.0,D,83.0,38.0,0,0,0,1,0,1,1,1,0,1,0,0
PROP204603,38.0,Good,2643.0,B,89.0,45.0,1,0,0,0,0,0,0,0,0,0,1,0
PROP204604,7.0,New,1137.0,C,74.0,64.0,1,0,0,0,0,1,0,0,0,0,0,0
PROP204605,,Old,2635.0,B,46.0,93.0,0,0,0,1,1,0,0,1,0,1,1,0
PROP204606,11.0,Old,513.0,B,65.0,48.0,1,1,0,0,0,0,0,1,1,0,0,1
PROP204607,24.0,New,2180.0,A,64.0,78.0,1,1,0,1,1,0,0,0,0,0,0,1
PROP204608,12.0,New,1173.0,D,59.0,51.0,1,1,0,1,0,1,0,0,0,0,0,1
PROP204609,1.0,New,382.0,C,71.0,97.0,1,0,1,0,0,1,1,0,0,0,0,0
PROP204610,,Good,1854.0,D,79.0,48.0,0,1,1,0,0,0,1,0,0,1,0,1
PROP204611,18.0,Old,5050.0,E,41.0,44.0,0,0,0,1,0,0,0,1,0,0,0,1
PROP204612,14.0,Needs Renovation,1406.0,A,63.0,55.0,0,1,0,1,0,0,0,0,1,0,0,0
PROP204613,36.0,Old,1863.0,D,92.0,34.0,0,0,1,0,0,1,0,1,0,0,0,0
PROP204614,12.0,Needs Renovation,1561.0,E,56.0,78.0,1,0,0,0,1,0,0,0,1,1,0,0
PROP204615,32.0,Old,341.0,D,90.0,95.0,0,0,0,0,1,0,0,0,1,0,0,0
PROP204616,8.0,Needs Renovation,1680.0,B,60.0,54.0,0,0,0,0,0,0,1,1,0,1,1,0
PROP204617,29.0,New,1198.0,E,82.0,84.0,1,0,0,1,0,0,0,0,0,1,0,0
PROP204618,13.0,Good,1644.0,E,69.0,87.0,1,0,0,1,1,1,0,0,0,0,0,0
PROP204619,11.0,Needs Renovation,3366.0,F,41.0,39.0,0,0,0,1,0,1,1,0,1,0,0,0
PROP204620,8.0,Old,3587.0,B,68.0,32.0,0,0,1,0,0,1,0,0,1,1,0,1
PROP204621,34.0,Good,2480.0,E,65.0,62.0,1,0,0,0,0,0,0,0,0,1,1,1
PROP204622,36.0,Good,4185.0,D,90.0,61.0,0,0,0,1,0,0,1,1,1,0,1,0
PROP204623,,Old,4173.0,D,88.0,87.0,0,0,0,0,1,0,1,0,1,0,0,0
PROP204624,29.0,Needs Renovation,2624.0,D,90.0,87.0,1,0,0,0,0,1,0,0,0,1,0,0
PROP204625,19.0,Needs Renovation,2568.0,F,67.0,49.0,0,0,0,0,0,1,0,0,0,0,1,0
PROP204626,1.0,Needs Renovation,2373.0,E,56.0,68.0,0,0,0,0,1,0,0,0,0,1,0,0
PROP204627,18.0,Old,2676.0,B,45.0,40.0,0,0,0,0,0,1,1,0,0,0,0,0
PROP204628,15.0,Good,2697.0,E,80.0,46.0,0,1,0,1,1,1,0,0,1,0,0,0
PROP204629,15.0,Old,3076.0,E,75.0,67.0,0,0,1,0,1,1,0,0,1,0,0,1
PROP204630,35.0,Good,3380.0,E,65.0,96.0,1,0,1,0,1,1,0,0,0,0,0,0
PROP204631,18.0,New,2462.0,B,93.0,63.0,0,0,0,1,0,0,1,0,0,1,0,0
PROP204632,28.0,Old,3734.0,B,44.0,62.0,0,1,0,0,0,1,0,1,0,0,0,0
PROP204633,0.0,Old,2738.0,E,85.0,71.0,0,0,1,1,0,0,0,1,0,0,1,1
PROP204634,7.0,Good,472.0,E,42.0,93.0,0,0,1,0,0,0,1,0,1,1,0,0
PROP204635,17.0,Old,1933.0,E,42.0,85.0,0,0,1,0,0,0,1,0,1,0,1,0
PROP204636,10.0,Old,2405.0,C,69.0,80.0,0,1,1,0,0,0,0,0,1,0,0,1
PROP204637,39.0,Good,4761.0,D,98.0,55.0,0,1,0,0,0,0,1,0,1,0,0,0
PROP204638,7.0,Good,2219.0,C,79.0,81.0,1,0,0,0,0,0,0,0,0,0,0,1
PROP204639,11.0,Old,1790.0,F,43.0,35.0,0,1,0,0,0,0,0,1,0,0,0,0
PROP204640,21.0,Old,3848.0,B,98.0,56.0,1,0,1,0,0,0,0,0,1,1,0,0
PROP204641,9.0,Old,4074.0,E,71.0,91.0,0,0,0,0,0,0,1,1,0,0,0,0
PROP204642,31.0,Needs Renovation,0.0,F,47.0,72.0,0,0,0,0,0,0,0,1,0,0,1,1
PROP204643,,Good,2480.0,F,73.0,48.0,0,0,1,1,1,0,0,0,1,1,0,0
PROP204644,8.0,Old,2791.0,B,90.0,49.0,0,0,0,0,0,0,1,0,1,1,1,0
PROP204645,20.0,New,2233.0,A,98.0,84.0,0,0,0,0,0,0,1,1,0,0,0,0
PROP204646,29.0,Old,2309.0,C,65.0,92.0,1,0,0,0,0,0,0,1,0,0,1,0
PROP204647,12.0,Old,5503.0,F,60.0,74.0,1,0,1,0,0,0,0,1,0,0,1,1
PROP204648,17.0,New,2168.0,C,45.0,,0,1,1,0,0,1,0,0,0,0,0,0
PROP204649,22.0,Old,167.0,C,43.0,57.0,0,0,1,0,1,0,0,1,0,0,0,0
PROP204650,22.0,New,3435.0,F,65.0,64.0,0,0,0,0,0,0,0,0,0,0,1,1
PROP204651,16.0,Old,1422.0,C,40.0,47.0,1,1,0,0,1,0,0,0,1,0,0,0
PROP204652,4.0,New,4212.0,A,46.0,91.0,0,0,0,0,1,1,1,0,0,0,0,0
PROP204653,24.0,Old,2461.0,D,76.0,49.0,0,1,0,0,0,0,1,0,0,0,1,0
PROP204654,30.0,Old,2533.0,A,70.0,52.0,0,1,1,0,0,0,0,0,0,0,1,0
PROP204655,32.0,New,2272.0,E,60.0,53.0,0,0,1,0,0,0,1,0,0,0,1,1
PROP204656,32.0,New,519.0,B,55.0,34.0,0,1,1,0,0,0,0,0,1,0,1,1
PROP204657,28.0,Old,4095.0,C,40.0,66.0,1,1,0,1,1,0,0,0,0,0,0,0
PROP204658,9.0,Old,2175.0,F,60.0,94.0,0,1,0,0,0,0,1,0,1,0,0,1
PROP204659,6.0,Old,2480.0,F,99.0,71.0,1,1,0,0,0,0,0,1,0,0,1,0
PROP204660,22.0,Needs Renovation,1500.0,F,61.0,30.0,0,0,0,0,0,0,1,0,0,0,1,0
PROP204661,19.0,Needs Renovation,2546.0,D,56.0,91.0,0,0,1,0,0,0,1,1,1,0,1,0
PROP204662,4.0,New,4261.0,E,80.0,75.0,1,0,0,0,0,1,1,0,0,1,1,0
PROP204663,34.0,Needs Renovation,3102.0,F,99.0,60.0,0,0,0,1,1,0,1,1,0,0,0,1
PROP204664,36.0,Needs Renovation,1497.0,D,75.0,83.0,1,0,0,1,0,0,0,0,1,0,0,0
PROP204665,4.0,Good,2578.0,F,89.0,49.0,0,0,0,1,1,0,0,1,0,1,0,0
PROP204666,15.0,Good,2357.0,E,68.0,83.0,0,0,0,1,0,0,0,0,0,1,0,0
PROP204667,36.0,Old,2480.0,E,86.0,67.0,0,0,1,0,1,1,1,0,0,0,0,1
PROP204668,38.0,Old,2882.0,B,68.0,33.0,0,1,1,0,1,1,0,0,1,0,0,0
PROP204669,5.0,New,2491.0,D,79.0,46.0,0,0,0,0,0,0,0,1,0,0,0,1
PROP204670,3.0,New,2912.0,A,60.0,63.0,0,0,0,1,1,0,0,0,0,0,1,1
PROP204671,32.0,Good,3363.0,A,62.0,93.0,0,0,0,1,0,0,1,0,1,0,1,1
PROP204672,0.0,New,3376.0,D,50.0,85.0,0,1,0,1,0,0,1,0,0,0,0,0
PROP204673,33.0,Needs Renovation,4707.0,E,76.0,,0,0,0,0,1,0,1,0,0,0,0,0
PROP204674,8.0,New,2000.0,D,43.0,57.0,0,0,1,0,0,1,0,0,0,0,0,0
PROP204675,,Old,3237.0,F,52.0,71.0,0,0,0,1,1,0,0,0,0,1,1,1
PROP204676,30.0,New,3592.0,B,67.0,58.0,0,0,1,1,0,0,1,0,1,1,0,0
PROP204677,31.0,Old,3939.0,A,54.0,79.0,1,0,0,0,0,1,0,0,0,0,1,0
PROP204678,31.0,New,1271.0,A,81.0,46.0,0,0,1,0,0,0,0,1,0,1,0,0
PROP204679,2.0,New,2827.0,E,75.0,36.0,0,0,1,1,0,0,0,1,0,0,0,0
PROP204680,9.0,Needs Renovation,1825.0,F,54.0,30.0,0,0,1,0,0,0,0,0,0,1,0,0
PROP204681,39.0,Needs Renovation,2480.0,A,54.0,43.0,1,0,1,0,0,0,0,1,0,0,1,1
PROP204682,23.0,Old,2480.0,F,71.0,69.0,0,1,0,0,0,0,0,1,0,0,0,1
PROP204683,37.0,New,2551.0,F,43.0,79.0,0,1,0,0,0,1,1,0,1,0,0,0
PROP204684,13.0,Old,2698.0,C,83.0,36.0,0,0,0,0,0,0,1,0,1,1,1,1
PROP204685,17.0,New,3059.0,C,72.0,40.0,0,1,0,1,0,1,0,0,0,0,0,1
PROP204686,14.0,Needs Renovation,3557.0,E,69.0,65.0,0,0,0,0,0,0,1,0,0,1,1,1
PROP204687,39.0,Good,2065.0,F,44.0,97.0,0,0,0,1,1,1,0,0,1,0,0,0
PROP204688,37.0,New,2426.0,A,52.0,,0,1,0,0,0,0,0,0,1,0,0,1
PROP204689,15.0,Good,683.0,C,59.0,88.0,1,0,1,1,0,0,0,0,1,0,0,0
PROP204690,15.0,Good,1849.0,B,96.0,62.0,0,1,0,1,0,0,0,0,0,0,1,0
PROP204691,,Needs Renovation,3454.0,D,96.0,98.0,1,0,0,0,0,0,0,0,0,1,0,0
PROP204692,0.0,New,126.0,D,94.0,79.0,0,1,1,0,0,1,0,0,0,0,0,1
PROP204693,20.0,Old,1441.0,C,78.0,87.0,0,0,1,1,0,1,0,1,0,1,0,0
PROP204694,7.0,Needs Renovation,2949.0,B,45.0,97.0,1,0,0,0,1,0,1,1,0,0,1,0
PROP204695,9.0,Needs Renovation,1539.0,B,92.0,79.0,0,0,0,0,0,0,0,1,0,0,1,0
PROP204696,18.0,Needs Renovation,499.0,E,96.0,85.0,0,0,0,0,0,1,0,1,0,0,0,0
PROP204697,34.0,Needs Renovation,1920.0,A,42.0,86.0,0,0,1,0,0,1,0,0,1,1,0,1
PROP204698,16.0,Good,2089.0,A,75.0,68.0,0,0,0,1,1,0,0,0,0,0,0,0
PROP204699,,Needs Renovation,2480.0,F,47.0,48.0,1,0,0,1,1,1,0,1,0,0,0,0
PROP204700,14.0,Needs Renovation,2550.0,B,94.0,32.0,1,0,0,0,0,0,0,0,0,0,1,0
PROP204701,33.0,Needs Renovation,3273.0,D,99.0,31.0,1,0,0,1,0,0,0,0,0,0,0,0
PROP204702,39.0,Needs Renovation,1207.0,A,46.0,46.0,1,1,0,0,0,1,0,0,0,0,0,0
PROP204703,19.0,New,1474.0,A,55.0,50.0,0,1,1,0,0,0,0,0,0,0,1,1
PROP204704,10.0,Needs Renovation,3624.0,E,79.0,80.0,1,0,0,0,0,1,1,1,0,0,0,0
PROP204705,29.0,Needs Renovation,3073.0,E,95.0,48.0,0,0,1,1,0,0,0,0,0,0,0,0
PROP204706,1.0,Needs Renovation,2905.0,D,,32.0,1,0,1,0,0,0,1,1,1,0,0,0
PROP204707,20.0,Old,3733.0,F,65.0,75.0,1,0,0,0,1,0,0,0,1,1,0,0
PROP204708,10.0,Old,2921.0,D,,31.0,1,0,1,0,0,1,0,0,1,0,0,0
PROP204709,26.0,New,378.0,A,,56.0,0,0,1,0,0,0,0,1,0,1,1,1
PROP204710,8.0,Needs Renovation,4661.0,E,71.0,46.0,0,1,1,0,1,0,0,0,1,0,0,1
PROP204711,6.0,Old,2264.0,B,72.0,,0,0,0,0,0,0,1,0,1,0,0,0
PROP204712,37.0,Needs Renovation,2607.0,D,44.0,33.0,0,0,0,1,0,1,0,0,1,0,0,0
PROP204713,39.0,Good,2627.0,D,58.0,30.0,0,0,1,0,0,1,0,0,0,0,0,0
PROP204714,34.0,Good,2480.0,E,82.0,86.0,0,0,1,0,0,1,0,0,0,0,0,0
PROP204715,5.0,Needs Renovation,1870.0,A,92.0,86.0,0,0,1,0,1,1,0,0,0,0,0,0
PROP204716,11.0,Good,3722.0,B,56.0,66.0,0,0,0,0,0,0,0,0,1,1,1,1
PROP204717,33.0,Needs Renovation,2975.0,A,64.0,,0,1,1,0,0,1,0,0,0,0,0,1
PROP204718,27.0,Old,3087.0,A,75.0,97.0,1,1,1,1,0,0,0,1,0,0,0,0
PROP204719,27.0,Good,2480.0,E,63.0,94.0,0,0,1,0,0,0,0,0,1,0,1,0
PROP204720,31.0,Needs Renovation,3100.0,D,89.0,63.0,0,0,0,0,0,1,0,1,0,0,0,0
PROP204721,0.0,Needs Renovation,2427.0,D,58.0,63.0,0,0,1,1,1,0,1,0,0,0,0,0
PROP204722,22.0,Needs Renovation,2790.0,A,89.0,64.0,1,0,1,0,0,0,0,0,0,0,0,0
PROP204723,32.0,Good,2549.0,F,42.0,,1,0,0,0,0,0,0,1,0,0,0,0
PROP204724,12.0,Needs Renovation,2108.0,C,73.0,53.0,1,1,0,0,1,0,0,1,1,0,0,0
PROP204725,24.0,Old,2034.0,D,56.0,62.0,1,0,0,0,1,0,0,1,0,1,0,1
PROP204726,38.0,Good,2436.0,A,,79.0,0,0,0,0,1,0,0,1,0,0,0,1
PROP204727,18.0,Good,3601.0,C,58.0,35.0,0,0,0,0,1,0,0,1,0,0,0,0
PROP204728,,Old,2480.0,A,41.0,98.0,1,1,1,0,0,0,1,0,0,0,1,0
PROP204729,10.0,Needs Renovation,2480.0,C,89.0,31.0,1,0,0,0,1,0,1,0,0,0,0,0
PROP204730,10.0,New,2844.0,A,64.0,97.0,0,1,0,1,1,1,0,0,0,0,0,0
PROP204731,3.0,Good,1816.0,C,46.0,68.0,0,0,0,1,0,1,0,1,1,0,0,0
PROP204732,18.0,Needs Renovation,2480.0,B,,81.0,1,0,1,0,1,0,0,0,0,0,1,1
PROP204733,3.0,Good,2994.0,E,63.0,83.0,0,0,1,0,1,1,0,0,0,1,0,0
PROP204734,7.0,Old,2429.0,A,65.0,56.0,1,1,0,1,0,1,1,0,0,0,0,0
PROP204735,8.0,Good,2480.0,F,63.0,85.0,0,0,0,0,0,0,0,1,0,1,1,0
PROP204736,12.0,New,2157.0,F,98.0,57.0,1,0,1,0,0,1,1,0,0,1,0,0
PROP204737,18.0,Old,1055.0,B,64.0,67.0,1,0,0,0,0,0,0,1,0,0,0,0
PROP204738,8.0,Old,1803.0,F,80.0,31.0,0,1,1,0,0,1,0,0,0,0,0,0
PROP204739,11.0,Needs Renovation,4046.0,C,82.0,97.0,0,0,0,0,0,1,0,0,1,0,0,0
PROP204740,33.0,Good,1812.0,F,,67.0,0,1,1,1,1,0,0,0,0,0,0,0
PROP204741,24.0,Old,3080.0,E,89.0,64.0,0,1,1,0,0,1,0,1,1,0,0,0
PROP204742,29.0,New,3432.0,B,62.0,38.0,0,1,0,0,1,0,1,0,0,0,0,1
PROP204743,39.0,New,3681.0,A,95.0,99.0,0,0,0,0,0,0,0,1,0,1,0,0
PROP204744,38.0,Good,1190.0,E,99.0,76.0,1,0,1,0,0,0,1,1,1,0,0,0
PROP204745,4.0,Needs Renovation,2792.0,D,64.0,56.0,0,0,0,1,0,1,0,0,0,0,1,0
PROP204746,9.0,Old,3044.0,F,52.0,34.0,0,0,1,1,0,0,0,1,1,0,0,0
PROP204747,7.0,Old,2324.0,E,98.0,75.0,0,0,0,0,1,0,0,1,0,0,0,0
PROP204748,38.0,New,4518.0,F,61.0,51.0,0,0,1,1,0,0,0,0,0,0,1,1
PROP204749,36.0,Old,2112.0,B,61.0,55.0,0,0,0,0,1,1,0,0,0,0,0,0
PROP204750,11.0,Needs Renovation,2563.0,D,43.0,59.0,0,1,0,0,0,1,0,0,0,0,1,0
PROP204751,17.0,Good,3223.0,C,48.0,48.0,1,1,0,1,0,0,0,0,0,0,1,0
PROP204752,15.0,Old,1804.0,C,48.0,,0,0,0,1,1,0,0,1,0,0,1,0
PROP204753,10.0,Needs Renovation,1241.0,A,85.0,64.0,1,1,1,0,0,1,0,0,0,1,0,0
PROP204754,,Old,3619.0,C,78.0,32.0,0,1,0,1,0,0,0,0,0,0,1,1
PROP204755,16.0,New,2281.0,C,93.0,54.0,0,1,0,0,1,1,1,0,0,0,0,1
PROP204756,14.0,Good,2517.0,E,59.0,93.0,0,1,1,0,0,0,0,0,0,0,0,0
PROP204757,35.0,Good,2943.0,A,51.0,66.0,0,0,0,0,0,0,0,1,0,1,0,0
PROP204758,3.0,Good,2866.0,D,91.0,86.0,0,0,1,0,1,0,1,0,0,0,0,0
PROP204759,0.0,Needs Renovation,2412.0,E,51.0,55.0,0,0,0,0,1,0,0,0,0,0,0,1
PROP204760,,Old,2124.0,C,68.0,95.0,1,1,0,0,1,0,0,0,0,0,0,0
PROP204761,20.0,Good,1043.0,D,67.0,97.0,0,1,0,0,0,0,0,0,1,0,0,0
PROP204762,28.0,Needs Renovation,2170.0,A,58.0,33.0,0,1,0,0,0,0,1,1,1,1,0,0
PROP204763,6.0,Good,3203.0,F,54.0,53.0,0,1,0,0,0,1,0,0,0,1,1,0
PROP204764,3.0,Good,4686.0,C,99.0,54.0,1,1,0,0,1,0,0,0,0,0,0,0
PROP204765,8.0,Old,4441.0,C,41.0,66.0,1,0,1,0,0,1,0,0,0,0,1,1
PROP204766,20.0,Old,2737.0,A,86.0,36.0,0,0,0,1,1,0,0,1,1,1,0,0
PROP204767,23.0,Needs Renovation,2824.0,B,74.0,68.0,1,0,0,0,0,0,0,0,0,0,1,0
PROP204768,17.0,Old,1075.0,E,77.0,30.0,0,0,0,0,0,1,0,0,0,1,0,1
PROP204769,11.0,Old,1150.0,E,93.0,85.0,0,0,0,0,0,0,0,0,0,0,1,1
PROP204770,15.0,Good,4673.0,D,79.0,76.0,1,0,1,0,0,0,1,1,1,0,0,0
PROP204771,,New,1098.0,B,50.0,42.0,0,0,0,0,0,1,0,1,1,1,0,1
PROP204772,37.0,Old,3347.0,E,76.0,74.0,0,0,1,0,0,0,1,0,0,1,0,1
PROP204773,1.0,Good,2248.0,D,46.0,93.0,1,0,0,1,1,0,1,0,0,0,1,0
PROP204774,14.0,Old,981.0,C,71.0,46.0,0,0,0,1,0,0,1,0,0,0,0,0
PROP204775,33.0,Needs Renovation,2086.0,A,57.0,95.0,0,0,0,0,0,1,1,1,0,0,1,1
PROP204776,19.0,New,3163.0,A,69.0,52.0,1,1,0,0,0,0,1,1,0,0,0,0
PROP204777,18.0,Good,102.0,B,82.0,79.0,0,1,0,0,0,0,1,0,0,1,0,0
PROP204778,20.0,Needs Renovation,4205.0,B,83.0,,1,0,0,0,1,0,0,0,0,1,1,1
PROP204779,22.0,New,3271.0,C,74.0,82.0,0,1,0,1,0,0,0,0,0,0,1,0
PROP204780,32.0,Needs Renovation,3304.0,C,76.0,,0,0,1,1,0,0,0,0,1,1,0,0
PROP204781,3.0,New,2393.0,F,,71.0,0,0,0,0,1,1,0,0,0,0,1,0
PROP204782,11.0,Good,1200.0,F,61.0,57.0,0,0,1,0,1,0,1,0,1,1,0,0
PROP204783,31.0,Needs Renovation,1378.0,D,95.0,50.0,0,0,0,0,1,0,1,1,1,0,0,0
PROP204784,27.0,Old,3248.0,C,91.0,70.0,0,0,0,1,1,1,0,1,0,0,0,0
PROP204785,7.0,New,877.0,B,51.0,58.0,0,0,0,1,0,0,0,0,1,0,0,0
PROP204786,25.0,Good,615.0,D,89.0,97.0,1,1,1,0,1,0,0,0,0,1,0,0
PROP204787,2.0,New,904.0,D,83.0,92.0,0,0,0,0,0,0,1,1,0,0,0,0
PROP204788,20.0,Needs Renovation,2480.0,B,93.0,75.0,0,1,1,1,1,0,0,0,0,0,0,0
PROP204789,22.0,Good,2909.0,D,66.0,98.0,0,0,0,0,0,0,1,0,0,1,1,0
PROP204790,20.0,Needs Renovation,2650.0,F,58.0,39.0,0,0,0,0,1,0,0,0,0,0,1,0
PROP204791,6.0,Old,2123.0,A,65.0,70.0,1,0,1,0,0,0,0,0,0,0,1,1
PROP204792,32.0,Needs Renovation,2839.0,A,64.0,44.0,1,0,0,0,0,0,0,0,0,0,1,1
PROP204793,19.0,Needs Renovation,2844.0,D,,97.0,0,1,1,0,0,0,0,1,0,1,0,0
PROP204794,12.0,Good,4516.0,F,40.0,75.0,0,1,0,0,0,0,0,0,0,1,0,0
PROP204795,2.0,Good,2480.0,A,93.0,55.0,0,0,0,0,0,1,0,1,0,1,0,0
PROP204796,20.0,New,3228.0,B,82.0,68.0,1,1,1,1,0,0,0,0,1,0,0,0
PROP204797,12.0,New,3713.0,A,47.0,76.0,1,0,0,0,0,0,0,0,0,0,0,1
PROP204798,19.0,Good,3216.0,C,95.0,47.0,1,1,0,0,0,1,0,0,0,1,1,0
PROP204799,8.0,Good,0.0,F,56.0,55.0,0,0,0,1,0,0,0,0,0,1,0,0
PROP204800,23.0,New,2480.0,A,65.0,70.0,0,0,0,1,1,1,0,0,0,0,0,0
PROP204801,13.0,Good,4451.0,C,82.0,84.0,1,0,1,0,0,0,0,0,0,1,1,0
PROP204802,35.0,New,3652.0,B,71.0,90.0,0,0,0,0,1,0,0,0,1,1,0,1
PROP204803,34.0,Good,1728.0,B,49.0,43.0,0,0,0,0,1,1,0,1,1,0,0,0
PROP204804,19.0,Needs Renovation,1372.0,E,68.0,56.0,1,0,0,0,0,0,0,0,1,1,0,0
PROP204805,9.0,Needs Renovation,196.0,A,84.0,76.0,0,0,1,0,0,1,0,0,0,0,0,0
PROP204806,19.0,New,805.0,B,67.0,66.0,1,1,0,0,1,0,1,0,0,0,1,0
PROP204807,,Good,1200.0,F,,78.0,0,1,1,0,0,0,0,0,0,0,0,1
PROP204808,28.0,New,2454.0,F,71.0,65.0,0,0,0,0,0,0,1,1,0,0,0,0
PROP204809,3.0,New,4279.0,A,95.0,50.0,0,1,1,0,1,0,0,1,0,0,0,0
PROP204810,15.0,New,729.0,A,96.0,90.0,0,0,0,1,1,1,1,0,0,0,0,0
PROP204811,36.0,Good,523.0,F,79.0,72.0,0,1,0,0,1,0,1,0,0,0,0,0
PROP204812,15.0,Old,2595.0,E,59.0,48.0,0,0,1,0,1,0,1,0,0,0,1,0
PROP204813,39.0,Old,3151.0,E,81.0,68.0,0,1,1,1,0,0,1,0,0,0,1,0
PROP204814,12.0,Good,2083.0,F,96.0,,1,0,0,0,1,1,1,1,0,0,0,0
PROP204815,15.0,New,0.0,A,93.0,40.0,0,1,0,1,1,0,0,0,0,0,0,1
PROP204816,10.0,New,4463.0,E,97.0,62.0,1,1,0,0,1,0,0,0,1,0,0,0
PROP204817,0.0,New,1538.0,A,,,0,0,1,0,0,0,1,1,0,0,1,1
PROP204818,18.0,Old,3504.0,F,41.0,51.0,1,1,0,0,1,0,0,0,0,0,1,1
PROP204819,8.0,Needs Renovation,4359.0,E,76.0,71.0,0,0,0,0,1,0,0,1,0,1,0,0
PROP204820,,Old,2288.0,D,94.0,37.0,1,0,0,0,0,1,0,0,1,0,0,1
PROP204821,1.0,New,2630.0,B,96.0,52.0,1,0,0,1,1,0,0,1,0,1,0,0
PROP204822,19.0,Needs Renovation,3501.0,E,,54.0,1,1,0,1,0,0,1,0,1,0,0,0
PROP204823,11.0,Good,2116.0,A,92.0,71.0,1,1,1,0,1,0,0,0,0,0,0,1
PROP204824,33.0,Old,3498.0,D,85.0,32.0,0,1,0,0,1,1,0,0,0,0,0,1
PROP204825,30.0,Old,1536.0,A,57.0,,0,1,0,0,0,1,0,0,0,0,0,0
PROP204826,23.0,Old,3164.0,D,97.0,46.0,0,0,0,0,0,1,0,0,0,1,0,0
PROP204827,33.0,Old,2102.0,D,59.0,91.0,0,0,0,1,0,0,1,1,0,1,0,0
PROP204828,11.0,Old,1470.0,C,69.0,89.0,0,0,0,0,0,1,0,0,0,1,0,0
PROP204829,16.0,Needs Renovation,3889.0,D,48.0,84.0,0,1,0,0,0,0,0,1,1,0,0,1
PROP204830,15.0,Old,733.0,F,80.0,46.0,1,0,0,1,0,0,0,0,0,0,0,0
PROP204831,33.0,New,3540.0,F,55.0,82.0,0,1,0,0,1,0,0,0,0,1,0,0
PROP204832,17.0,New,1993.0,B,72.0,50.0,0,1,0,1,0,0,0,1,1,0,0,1
PROP204833,5.0,Needs Renovation,3665.0,A,,94.0,0,1,1,1,0,0,0,1,1,0,0,0
PROP204834,,New,1024.0,C,92.0,62.0,0,0,0,0,0,0,0,0,0,1,1,0
PROP204835,38.0,Old,1292.0,A,59.0,68.0,0,0,0,1,1,0,0,0,0,1,0,1
PROP204836,1.0,Good,2480.0,E,59.0,87.0,0,1,0,1,0,0,0,0,0,0,0,0
PROP204837,3.0,Needs Renovation,5807.0,F,87.0,77.0,0,0,0,0,0,1,0,0,1,1,0,0
PROP204838,4.0,New,1884.0,F,,62.0,0,1,0,0,0,0,0,0,0,0,0,1
PROP204839,,Needs Renovation,2442.0,A,54.0,76.0,1,0,1,0,0,0,0,0,0,0,0,0
PROP204840,4.0,Old,0.0,C,73.0,,0,0,0,1,1,1,0,0,0,0,0,1
PROP204841,28.0,New,3126.0,D,75.0,62.0,0,0,0,1,0,0,0,0,0,1,0,0
PROP204842,14.0,Old,2480.0,D,98.0,,0,1,0,0,0,0,0,0,1,0,0,0
PROP204843,1.0,Good,1356.0,E,93.0,70.0,0,1,0,0,0,0,1,0,0,0,1,1
PROP204844,1.0,Good,1547.0,B,74.0,96.0,0,0,0,0,0,1,0,0,1,0,0,0
PROP204845,9.0,New,2674.0,C,64.0,49.0,0,1,0,1,1,0,0,1,1,0,0,0
PROP204846,16.0,Needs Renovation,2480.0,A,83.0,79.0,0,0,0,1,0,1,0,0,1,0,0,0
PROP204847,8.0,Good,3017.0,C,41.0,58.0,1,0,0,1,1,0,1,0,0,1,0,0
PROP204848,28.0,Needs Renovation,2142.0,B,71.0,84.0,0,0,0,0,1,0,0,0,1,1,0,0
PROP204849,,Old,3478.0,F,56.0,66.0,0,1,0,0,0,0,1,0,1,0,0,0
PROP204850,,Old,2784.0,B,58.0,51.0,1,0,0,0,1,0,0,1,0,1,0,0
PROP204851,38.0,New,3057.0,C,56.0,40.0,0,1,0,0,0,0,1,0,0,0,0,0
PROP204852,21.0,Old,2315.0,C,42.0,,1,1,0,0,1,0,0,0,1,0,1,0
PROP204853,25.0,Needs Renovation,2102.0,C,98.0,90.0,0,1,0,0,1,1,0,0,0,1,1,0
PROP204854,11.0,Good,3450.0,A,43.0,84.0,0,1,0,0,0,1,0,1,0,1,0,0
PROP204855,35.0,Old,4307.0,A,60.0,50.0,1,0,0,0,1,0,0,1,0,0,0,0
PROP204856,21.0,Good,1835.0,A,63.0,,0,0,0,0,1,0,0,0,0,1,0,0
PROP204857,31.0,Good,2248.0,C,64.0,33.0,1,1,0,0,0,1,0,1,0,0,0,0
PROP204858,17.0,New,287.0,A,90.0,,0,0,1,1,0,0,1,1,0,0,1,0
PROP204859,,Needs Renovation,1764.0,A,89.0,59.0,0,0,0,0,0,1,0,0,0,1,0,0
PROP204860,19.0,New,3350.0,F,45.0,62.0,0,1,0,0,0,0,1,0,1,0,0,0
PROP204861,7.0,Needs Renovation,3271.0,B,60.0,43.0,0,0,1,0,0,0,0,1,0,0,0,0
PROP204862,25.0,Needs Renovation,2094.0,C,,87.0,0,0,0,0,1,0,0,1,1,1,0,0
PROP204863,20.0,Old,2417.0,A,74.0,61.0,0,0,0,1,0,1,0,0,0,1,1,1
PROP204864,36.0,Good,962.0,C,96.0,76.0,0,0,0,0,0,1,0,1,1,0,1,1
PROP204865,37.0,Good,2302.0,F,70.0,93.0,0,1,1,0,0,0,0,1,0,0,0,0
PROP204866,10.0,Old,3965.0,E,78.0,42.0,1,0,0,1,0,0,0,0,0,0,0,0
PROP204867,30.0,Old,3832.0,B,41.0,38.0,1,0,0,0,1,0,1,0,0,0,0,1
PROP204868,30.0,Good,4655.0,E,54.0,67.0,1,1,0,0,0,0,0,0,0,0,0,1
PROP204869,4.0,Needs Renovation,4063.0,E,80.0,43.0,1,0,0,0,0,0,1,1,0,0,0,0
PROP204870,9.0,New,2086.0,C,88.0,51.0,0,0,0,0,1,1,1,0,1,0,0,1
PROP204871,10.0,New,3660.0,F,66.0,36.0,1,0,0,1,0,0,1,0,0,0,0,0
PROP204872,3.0,Good,1981.0,B,50.0,,0,0,1,0,1,0,1,1,0,0,1,0
PROP204873,16.0,Old,1297.0,A,,85.0,0,0,0,0,1,0,1,1,0,1,0,1
PROP204874,35.0,Needs Renovation,1994.0,E,89.0,41.0,0,0,0,0,0,0,1,0,0,0,0,1
PROP204875,5.0,Needs Renovation,1898.0,A,57.0,73.0,0,0,1,0,0,1,1,0,1,0,0,1
PROP204876,10.0,Needs Renovation,4489.0,D,60.0,37.0,0,0,0,0,1,1,1,1,0,0,0,0
PROP204877,8.0,Needs Renovation,2254.0,A,97.0,68.0,0,1,0,0,0,0,1,1,1,1,0,0
PROP204878,15.0,Needs Renovation,2920.0,D,68.0,46.0,1,0,0,1,0,0,0,1,0,0,0,1
PROP204879,22.0,Needs Renovation,2669.0,D,87.0,73.0,0,0,0,0,1,1,1,0,0,0,0,0
PROP204880,18.0,Needs Renovation,2660.0,A,48.0,30.0,0,0,0,0,0,0,0,1,1,0,1,0
PROP204881,21.0,Good,2742.0,B,85.0,80.0,0,0,0,1,1,0,0,1,0,1,0,1
PROP204882,31.0,Old,1324.0,B,,97.0,0,0,1,0,0,0,1,0,1,0,1,0
PROP204883,,Good,2441.0,A,63.0,32.0,1,0,1,0,0,0,0,0,1,0,0,0
PROP204884,1.0,Old,3049.0,A,51.0,82.0,0,0,0,1,1,1,0,0,1,0,0,0
PROP204885,22.0,New,524.0,A,90.0,32.0,0,1,1,0,0,0,1,1,0,0,0,1
PROP204886,13.0,Good,2312.0,D,65.0,96.0,0,0,0,0,0,0,0,1,0,1,0,0
PROP204887,15.0,Good,3705.0,A,85.0,35.0,0,0,0,0,1,0,0,0,0,1,0,0
PROP204888,29.0,Good,1898.0,F,78.0,,0,0,0,1,0,1,1,1,1,0,0,0
PROP204889,15.0,Needs Renovation,2948.0,A,62.0,48.0,0,0,1,0,0,0,1,1,0,0,0,1
PROP204890,36.0,Needs Renovation,674.0,E,96.0,51.0,1,1,0,0,0,0,0,0,1,0,0,0
PROP204891,30.0,New,342.0,E,78.0,54.0,1,0,0,1,1,0,0,0,0,0,0,0
PROP204892,24.0,Good,3896.0,A,86.0,71.0,0,0,1,1,0,0,0,0,1,0,1,1
PROP204893,26.0,Old,1982.0,E,,58.0,0,0,1,0,1,1,0,0,1,0,0,1
PROP204894,18.0,Old,3037.0,D,85.0,58.0,1,0,0,0,0,0,0,0,1,0,1,1
PROP204895,27.0,Old,2480.0,E,53.0,50.0,0,0,1,1,1,0,0,1,0,0,0,0
PROP204896,36.0,New,2144.0,E,,36.0,0,0,1,0,0,0,0,0,0,0,0,1
PROP204897,11.0,Good,3072.0,A,73.0,73.0,0,0,1,0,0,1,1,1,0,0,1,0
PROP204898,38.0,Needs Renovation,2341.0,D,78.0,64.0,0,0,0,0,1,0,0,0,1,0,0,0
PROP204899,7.0,Good,2480.0,C,96.0,,1,0,0,0,1,1,1,0,0,0,1,0
PROP204900,24.0,Needs Renovation,1585.0,E,71.0,57.0,0,0,1,0,0,0,0,0,0,0,1,0
PROP204901,29.0,Good,2686.0,D,84.0,65.0,0,0,1,0,1,0,0,0,0,0,0,0
PROP204902,39.0,Needs Renovation,3734.0,A,45.0,88.0,0,0,0,0,1,1,0,0,1,0,0,0
PROP204903,29.0,Needs Renovation,3437.0,C,70.0,84.0,1,1,1,1,0,0,0,0,1,0,0,0
PROP204904,29.0,New,2754.0,F,57.0,91.0,0,0,0,0,1,0,0,0,0,0,1,0
PROP204905,6.0,Needs Renovation,1154.0,E,59.0,79.0,0,1,0,0,0,0,1,0,0,0,1,1
PROP204906,6.0,Good,3964.0,A,78.0,70.0,1,1,1,0,0,0,0,0,1,0,0,0
PROP204907,27.0,New,3368.0,E,89.0,55.0,0,0,1,0,0,0,0,0,1,1,0,1
PROP204908,16.0,New,2061.0,F,66.0,39.0,0,0,0,0,1,0,1,1,0,0,0,0
PROP204909,25.0,Old,1753.0,B,,59.0,0,0,1,0,0,0,0,0,1,0,0,0
PROP204910,2.0,Old,4063.0,B,52.0,68.0,0,0,0,0,1,0,1,0,0,0,0,0
PROP204911,24.0,Needs Renovation,2480.0,C,94.0,45.0,0,1,1,0,0,1,1,0,1,0,0,0
PROP204912,31.0,New,2480.0,B,43.0,44.0,1,1,0,0,0,0,1,0,0,0,0,0
PROP204913,28.0,Needs Renovation,2739.0,B,72.0,45.0,1,0,0,0,0,0,1,0,0,0,0,0
PROP204914,37.0,Good,893.0,A,53.0,91.0,0,1,0,0,0,0,0,1,0,0,0,0
PROP204915,33.0,Good,2480.0,B,,,1,1,0,0,0,0,0,0,1,0,1,0
PROP204916,22.0,Good,2541.0,F,89.0,50.0,0,1,0,0,0,0,1,1,0,0,1,0
PROP204917,18.0,Old,3258.0,F,84.0,65.0,0,0,0,0,0,1,0,0,0,0,1,0
PROP204918,,Old,2480.0,C,50.0,58.0,0,0,0,0,0,1,0,0,0,0,1,0
PROP204919,7.0,New,5027.0,C,95.0,,0,0,0,0,0,1,0,0,1,0,0,0
PROP204920,35.0,Needs Renovation,3293.0,C,45.0,42.0,1,0,0,1,0,0,0,0,0,1,0,1
PROP204921,1.0,New,3513.0,D,49.0,63.0,0,0,0,1,0,1,0,0,0,0,1,0
PROP204922,1.0,New,1741.0,F,71.0,73.0,0,0,0,1,0,1,0,0,0,0,0,0
PROP204923,11.0,Needs Renovation,2863.0,F,48.0,67.0,1,1,0,0,0,1,1,1,0,0,0,0
PROP204924,37.0,New,3839.0,A,72.0,41.0,1,0,1,0,0,1,0,1,0,0,0,0
PROP204925,34.0,New,1461.0,C,91.0,42.0,0,0,0,1,1,0,0,0,0,0,0,0
PROP204926,20.0,Good,2206.0,F,75.0,93.0,0,0,0,0,1,0,1,1,0,0,1,0
PROP204927,,New,3776.0,F,47.0,88.0,0,1,0,1,0,0,0,0,1,0,0,0
PROP204928,6.0,Old,2480.0,B,63.0,50.0,0,0,1,0,0,0,0,1,0,0,0,1
PROP204929,22.0,Old,2168.0,B,63.0,40.0,0,0,0,0,1,0,0,0,0,0,1,0
PROP204930,35.0,New,2480.0,C,79.0,49.0,0,0,1,0,0,1,0,1,1,0,0,0
PROP204931,21.0,Good,4853.0,D,,55.0,1,0,0,1,0,0,0,0,0,0,0,0
PROP204932,15.0,Needs Renovation,3479.0,A,42.0,45.0,0,0,0,1,1,1,0,0,0,0,1,0
PROP204933,1.0,Old,3324.0,A,,55.0,0,0,0,1,0,0,0,0,1,0,0,1
PROP204934,11.0,New,1276.0,D,79.0,94.0,0,1,0,0,0,0,1,0,0,0,0,0
PROP204935,3.0,Good,2388.0,E,77.0,87.0,1,0,0,0,0,1,0,1,0,1,0,1
PROP204936,36.0,Old,2676.0,C,71.0,96.0,0,1,0,0,0,1,0,0,0,0,0,0
PROP204937,4.0,New,1207.0,C,77.0,73.0,0,0,0,0,0,0,0,0,1,0,1,1
PROP204938,15.0,Needs Renovation,3404.0,F,87.0,65.0,1,0,0,1,0,0,0,0,0,0,1,1
PROP204939,26.0,Good,56.0,D,73.0,65.0,1,0,1,0,0,0,1,0,0,1,0,0
PROP204940,13.0,Needs Renovation,1482.0,D,65.0,59.0,0,0,0,1,0,1,0,1,1,0,1,0
PROP204941,10.0,Old,909.0,E,51.0,,1,0,0,0,0,0,0,0,0,0,1,0
PROP204942,1.0,Old,2480.0,A,78.0,67.0,0,1,0,0,1,1,0,0,0,0,1,0
PROP204943,11.0,Needs Renovation,3264.0,A,89.0,77.0,0,0,1,1,0,1,0,1,0,0,0,0
PROP204944,3.0,Needs Renovation,1322.0,C,61.0,59.0,0,1,1,0,0,0,1,1,0,0,0,0
PROP204945,0.0,Good,2701.0,F,59.0,49.0,0,0,0,0,0,0,0,1,0,0,1,0
PROP204946,9.0,New,5124.0,F,41.0,88.0,0,0,0,1,0,0,1,0,1,1,0,1
PROP204947,31.0,Old,3205.0,D,81.0,98.0,0,0,0,1,1,1,0,0,1,1,0,0
PROP204948,34.0,Old,251.0,C,75.0,47.0,0,1,0,0,0,0,1,0,0,0,0,0
PROP204949,5.0,Old,2443.0,D,53.0,89.0,0,0,0,0,0,1,0,0,0,0,0,1
PROP204950,19.0,New,2950.0,F,55.0,,1,0,0,1,0,0,1,0,0,1,0,0
PROP204951,27.0,New,1027.0,D,87.0,94.0,1,1,0,0,0,0,0,0,0,1,1,0
PROP204952,21.0,Good,2480.0,F,53.0,88.0,0,0,0,0,0,0,0,1,0,1,0,1
PROP204953,26.0,Needs Renovation,644.0,F,40.0,98.0,1,1,0,0,0,0,1,0,0,0,1,1
PROP204954,11.0,New,3846.0,B,,78.0,1,0,0,1,0,0,0,0,1,0,0,0
PROP204955,1.0,Old,2286.0,F,56.0,56.0,0,0,0,0,0,0,0,0,1,1,0,0
PROP204956,35.0,Good,2480.0,A,79.0,40.0,0,0,1,0,0,0,0,0,1,0,1,0
PROP204957,11.0,Needs Renovation,553.0,A,99.0,,0,0,1,0,0,0,1,0,0,0,0,0
PROP204958,11.0,Old,4765.0,E,80.0,34.0,0,1,0,0,1,1,0,0,1,0,0,0
PROP204959,3.0,New,4808.0,A,95.0,39.0,0,0,1,0,0,0,0,0,0,0,1,1
PROP204960,22.0,Good,3112.0,F,68.0,63.0,0,1,0,1,0,0,0,0,0,0,1,1
PROP204961,7.0,Needs Renovation,5127.0,F,45.0,38.0,1,0,1,0,0,0,0,0,0,0,0,0
PROP204962,24.0,Good,183.0,E,72.0,62.0,0,1,1,0,0,0,0,0,0,0,1,0
PROP204963,34.0,Good,398.0,F,61.0,88.0,0,1,0,0,0,1,0,0,0,0,0,1
PROP204964,34.0,New,4148.0,A,41.0,96.0,1,0,0,0,0,1,0,1,0,0,0,0
PROP204965,32.0,Needs Renovation,2448.0,B,94.0,,0,1,0,1,0,0,0,0,0,0,0,0
PROP204966,16.0,Good,3679.0,A,73.0,54.0,0,0,0,0,0,1,0,0,0,0,1,0
PROP204967,38.0,New,2588.0,E,53.0,,0,0,0,1,0,0,0,0,1,0,0,1
PROP204968,32.0,Needs Renovation,1948.0,C,67.0,83.0,0,0,1,0,0,1,0,1,1,1,0,0
PROP204969,6.0,Old,1922.0,A,96.0,86.0,0,0,0,0,0,0,0,0,1,0,0,1
PROP204970,21.0,Good,3227.0,F,93.0,62.0,0,0,0,1,0,1,1,0,0,0,0,1
PROP204971,0.0,Needs Renovation,2480.0,B,65.0,89.0,1,0,0,0,0,0,0,0,0,0,0,1
PROP204972,18.0,Old,1593.0,B,88.0,,0,0,0,0,0,0,0,0,0,0,1,1
PROP204973,19.0,Good,3541.0,A,72.0,59.0,0,0,0,0,0,1,0,0,1,1,0,1
PROP204974,3.0,New,2289.0,D,51.0,59.0,1,1,0,0,0,1,0,0,0,0,1,0
PROP204975,1.0,Good,1614.0,C,40.0,36.0,1,1,1,0,1,0,0,0,0,0,0,0
PROP204976,25.0,Old,2746.0,F,48.0,72.0,0,0,0,0,1,1,0,0,0,0,0,0
PROP204977,13.0,Good,2715.0,D,41.0,,0,0,1,1,0,0,0,0,0,1,1,0
PROP204978,13.0,New,3490.0,E,86.0,73.0,0,0,0,0,0,0,1,1,0,0,0,1
PROP204979,5.0,New,2495.0,B,56.0,53.0,0,1,1,1,0,0,0,0,1,0,1,0
PROP204980,23.0,New,3987.0,C,73.0,93.0,0,1,0,0,0,1,0,0,0,1,0,0
PROP204981,0.0,Old,2933.0,D,97.0,84.0,0,0,0,1,1,0,0,0,1,0,0,0
PROP204982,20.0,Good,3671.0,F,66.0,55.0,0,0,0,1,0,0,0,1,0,0,0,0
PROP204983,14.0,Old,1045.0,C,83.0,32.0,1,0,1,0,0,0,1,0,0,1,0,1
PROP204984,,Old,2432.0,B,69.0,61.0,0,1,1,0,1,0,1,0,0,1,0,0
PROP204985,10.0,Needs Renovation,2400.0,D,79.0,33.0,1,0,0,0,0,0,0,0,1,1,1,0
PROP204986,20.0,Good,2805.0,C,65.0,58.0,0,0,0,0,0,0,0,0,1,0,0,1
PROP204987,5.0,New,3006.0,D,57.0,84.0,1,0,0,0,0,0,0,0,1,0,0,1
PROP204988,22.0,Good,1147.0,E,56.0,96.0,1,0,0,1,1,0,0,1,0,0,1,0
PROP204989,13.0,New,1708.0,C,41.0,38.0,0,1,0,0,0,0,1,0,0,0,0,0
PROP204990,26.0,Good,171.0,D,62.0,67.0,0,0,1,0,1,1,1,0,1,0,0,0
PROP204991,34.0,Needs Renovation,1610.0,F,96.0,62.0,1,0,0,0,0,1,0,0,1,0,1,1
PROP204992,6.0,New,2456.0,D,72.0,54.0,0,1,0,1,0,1,0,0,0,0,0,0
PROP204993,28.0,Needs Renovation,3859.0,D,42.0,78.0,1,1,0,0,0,0,1,0,0,1,0,1
PROP204994,1.0,Needs Renovation,4125.0,C,66.0,77.0,0,0,0,1,0,1,1,0,0,0,0,1
PROP204995,29.0,Needs Renovation,3835.0,D,,96.0,0,0,0,1,0,0,0,0,1,1,0,0
PROP204996,5.0,New,1737.0,E,99.0,79.0,0,0,0,0,1,0,0,1,0,1,1,0
PROP204997,11.0,New,2480.0,A,85.0,51.0,1,1,0,0,1,0,1,0,0,0,0,0
PROP204998,7.0,Needs Renovation,689.0,F,70.0,58.0,1,0,0,0,1,0,0,0,0,0,0,0
PROP204999,18.0,Needs Renovation,625.0,E,47.0,,0,0,1,1,0,0,0,0,0,0,0,0
PROP205000,,Good,1190.0,B,68.0,94.0,0,0,1,0,1,1,0,0,0,0,0,0
PROP205001,15.0,New,2608.0,D,51.0,62.0,0,0,1,0,0,0,0,0,0,0,0,1
PROP205002,8.0,Good,1744.0,C,49.0,93.0,0,0,0,1,1,0,0,0,1,0,1,1
PROP205003,35.0,Good,4173.0,C,70.0,75.0,0,0,0,1,1,0,0,0,0,0,0,0
PROP205004,35.0,Needs Renovation,2711.0,E,68.0,64.0,0,0,0,1,0,1,1,0,0,1,0,1
PROP205005,34.0,Good,2197.0,F,87.0,,0,0,1,1,1,0,0,0,0,0,0,1
PROP205006,4.0,Good,2588.0,A,41.0,38.0,0,0,0,0,0,1,0,0,0,1,0,0
PROP205007,27.0,Old,1015.0,B,56.0,30.0,0,1,0,0,0,0,0,1,0,1,1,0
PROP205008,34.0,Needs Renovation,1234.0,A,69.0,78.0,0,0,0,1,0,0,1,0,1,1,1,0
PROP205009,4.0,Needs Renovation,2480.0,B,62.0,45.0,1,1,0,0,0,1,0,0,0,0,0,0
PROP205010,36.0,Needs Renovation,2480.0,C,45.0,66.0,0,1,0,0,1,1,0,1,0,0,1,0
PROP205011,21.0,Old,3172.0,D,63.0,60.0,0,0,1,1,1,0,0,0,0,0,1,0
PROP205012,30.0,New,1702.0,C,74.0,,0,1,0,0,0,1,0,0,0,1,0,0
PROP205013,36.0,Good,5296.0,F,60.0,99.0,0,1,0,0,0,0,0,0,1,0,0,0
PROP205014,26.0,Old,1582.0,A,75.0,83.0,0,1,0,0,1,0,1,1,0,0,0,0
PROP205015,29.0,Needs Renovation,2772.0,B,46.0,44.0,1,1,0,1,1,1,0,0,0,0,0,0
PROP205016,17.0,New,2116.0,F,58.0,84.0,1,1,0,0,0,1,1,0,0,0,1,0
PROP205017,4.0,Good,840.0,B,45.0,61.0,1,1,0,1,0,1,0,0,0,1,0,0
PROP205018,13.0,Old,1559.0,F,91.0,98.0,1,0,1,0,0,0,0,1,1,0,0,0
PROP205019,33.0,Needs Renovation,558.0,F,98.0,,1,1,1,1,0,0,0,0,0,0,0,0
PROP205020,16.0,New,2480.0,D,43.0,87.0,0,0,1,1,0,1,0,0,0,0,0,0
PROP205021,35.0,Good,3961.0,D,70.0,67.0,0,0,1,0,0,0,0,0,1,0,0,1
PROP205022,33.0,Needs Renovation,737.0,C,91.0,36.0,0,0,0,1,0,0,0,0,0,1,0,1
PROP205023,1.0,Needs Renovation,2555.0,A,,91.0,0,0,1,1,1,0,0,1,0,0,0,0
PROP205024,29.0,Old,4270.0,D,,72.0,1,0,0,1,0,1,0,0,0,0,0,0
PROP205025,25.0,Old,3615.0,C,58.0,40.0,1,0,0,1,1,1,0,0,0,0,0,0
PROP205026,3.0,Old,2566.0,B,57.0,97.0,0,0,0,1,0,1,0,1,0,0,0,1
PROP205027,19.0,Needs Renovation,3085.0,F,,57.0,1,1,0,1,0,1,0,1,0,0,0,0
PROP205028,24.0,New,4203.0,E,76.0,34.0,0,0,0,0,0,1,0,0,0,0,0,1
PROP205029,37.0,Needs Renovation,3640.0,E,64.0,34.0,0,0,1,1,1,1,0,0,0,0,0,0
PROP205030,38.0,Needs Renovation,986.0,F,80.0,71.0,0,0,0,0,0,1,1,0,1,0,0,0
PROP205031,7.0,Old,2558.0,E,,55.0,1,0,1,0,0,0,0,0,0,0,0,0
PROP205032,0.0,Old,1978.0,C,90.0,70.0,0,0,0,0,0,1,1,0,0,0,0,0
PROP205033,26.0,New,2480.0,F,77.0,,1,0,1,0,1,0,0,1,1,0,0,0
PROP205034,31.0,Old,1917.0,E,98.0,,1,0,0,0,0,0,0,1,1,0,0,0
PROP205035,11.0,Needs Renovation,2470.0,A,72.0,93.0,0,0,0,1,1,0,1,0,0,1,1,0
PROP205036,32.0,Good,1592.0,D,89.0,78.0,0,1,1,1,0,0,1,0,1,0,0,0
PROP205037,23.0,Needs Renovation,2867.0,A,65.0,95.0,1,1,0,0,0,0,1,0,0,0,0,0
PROP205038,33.0,Good,813.0,B,51.0,72.0,0,1,1,0,0,0,0,0,1,0,0,0
PROP205039,34.0,Old,1655.0,B,51.0,80.0,0,0,0,0,1,0,1,0,0,0,0,0
PROP205040,25.0,New,2402.0,E,96.0,47.0,0,1,1,0,1,0,0,0,1,0,0,0
PROP205041,9.0,Old,1301.0,B,,65.0,0,0,0,0,1,0,0,1,0,0,0,0
PROP205042,39.0,New,1962.0,A,80.0,32.0,0,1,0,0,1,1,0,0,0,1,0,0
PROP205043,37.0,Needs Renovation,2500.0,B,91.0,70.0,0,0,0,0,0,1,0,1,1,0,1,1
PROP205044,29.0,Old,2080.0,C,46.0,78.0,1,0,0,0,0,0,0,1,1,0,1,0
PROP205045,37.0,New,493.0,C,73.0,61.0,0,0,1,0,1,0,0,0,0,0,0,1
PROP205046,36.0,Old,2003.0,B,46.0,44.0,1,0,0,0,0,1,1,0,0,0,0,0
PROP205047,39.0,Good,3115.0,E,,81.0,0,1,0,1,1,0,0,0,1,0,0,1
PROP205048,15.0,Old,2480.0,F,88.0,44.0,0,1,0,0,0,0,0,0,0,1,0,0
PROP205049,13.0,New,2811.0,B,67.0,90.0,0,1,0,0,1,0,0,1,1,0,0,1
PROP205050,19.0,Old,1857.0,E,67.0,41.0,0,0,0,1,0,0,0,1,1,1,0,1
PROP205051,16.0,Good,2878.0,E,75.0,67.0,1,0,0,1,1,1,0,0,0,0,0,1
PROP205052,12.0,Good,4539.0,F,40.0,73.0,1,0,0,0,0,0,0,0,0,1,0,0
PROP205053,17.0,Needs Renovation,2747.0,A,51.0,55.0,0,0,0,0,0,0,1,1,1,1,1,0
PROP205054,29.0,Needs Renovation,2078.0,C,92.0,,0,0,0,0,0,1,0,0,0,0,1,0
PROP205055,16.0,Good,1737.0,C,85.0,80.0,0,0,0,0,0,1,1,0,0,0,1,0
PROP205056,8.0,Needs Renovation,60.0,A,70.0,99.0,0,0,0,0,1,0,0,1,0,0,0,0
PROP205057,29.0,Needs Renovation,3112.0,E,48.0,42.0,1,0,0,0,0,0,0,1,0,1,0,0
PROP205058,33.0,Old,1919.0,D,49.0,95.0,1,0,0,0,0,1,0,0,1,1,0,0
PROP205059,30.0,Good,168.0,F,44.0,32.0,1,0,1,0,0,0,0,0,0,0,0,0
PROP205060,21.0,Good,1850.0,D,86.0,56.0,1,1,0,0,1,0,1,0,0,0,0,0
PROP205061,39.0,Good,3409.0,B,50.0,,0,1,0,1,0,1,0,1,1,0,0,0
PROP205062,34.0,Good,1875.0,C,42.0,69.0,1,0,0,0,0,1,0,0,0,0,0,0
PROP205063,18.0,Old,3750.0,D,69.0,37.0,1,1,0,0,0,0,0,0,0,0,1,0
PROP205064,29.0,Old,2480.0,D,74.0,31.0,0,1,0,0,0,1,0,0,1,1,1,0
PROP205065,39.0,Needs Renovation,2478.0,B,52.0,79.0,0,0,1,0,1,1,0,1,0,0,0,0
PROP205066,6.0,Needs Renovation,2412.0,E,81.0,39.0,0,0,0,1,1,0,0,0,0,0,1,0
PROP205067,30.0,Needs Renovation,3832.0,A,95.0,43.0,0,0,0,1,0,1,1,0,1,1,0,0
PROP205068,2.0,Old,3107.0,C,53.0,,0,0,0,0,0,0,0,1,1,1,1,0
PROP205069,8.0,New,2108.0,B,86.0,48.0,0,0,0,0,0,0,1,0,0,0,1,0
PROP205070,15.0,Needs Renovation,1743.0,C,79.0,,1,0,1,0,1,0,0,1,0,1,0,0
PROP205071,38.0,Needs Renovation,2155.0,B,80.0,61.0,0,0,0,0,0,0,1,0,1,1,1,0
PROP205072,34.0,Good,1539.0,B,44.0,99.0,0,0,0,0,1,1,0,0,0,0,0,0
PROP205073,34.0,Old,5109.0,F,67.0,56.0,1,0,1,0,1,1,0,1,0,0,0,0
PROP205074,20.0,New,4387.0,B,66.0,35.0,0,0,1,0,0,1,0,1,1,0,0,0
PROP205075,0.0,Old,3269.0,D,73.0,66.0,1,0,0,0,0,0,1,0,1,1,0,1
PROP205076,8.0,New,1255.0,C,53.0,63.0,0,0,0,0,1,0,0,1,0,0,0,0
PROP205077,32.0,New,4508.0,E,54.0,34.0,0,1,1,0,0,0,0,0,0,1,0,0
PROP205078,1.0,Old,2829.0,A,66.0,37.0,1,0,0,1,0,0,1,0,0,0,0,0
PROP205079,3.0,Good,3242.0,F,89.0,71.0,0,0,1,0,1,0,0,0,0,1,1,1
PROP205080,2.0,Needs Renovation,4939.0,C,44.0,86.0,0,0,0,1,0,1,0,1,0,0,0,1
PROP205081,27.0,Old,3731.0,A,93.0,94.0,0,1,1,0,1,0,0,1,0,0,1,0
PROP205082,35.0,Good,2957.0,C,86.0,65.0,0,0,0,1,0,0,1,0,0,0,0,1
PROP205083,13.0,Old,0.0,D,96.0,34.0,1,1,1,0,0,0,0,0,0,0,0,1
PROP205084,18.0,Good,2182.0,C,94.0,84.0,1,0,0,1,0,1,0,0,0,0,0,0
PROP205085,4.0,New,3718.0,E,98.0,47.0,0,0,1,0,0,0,0,0,0,1,0,1
PROP205086,35.0,Needs Renovation,2324.0,B,99.0,63.0,0,1,0,1,0,0,0,1,0,0,0,0
PROP205087,11.0,New,2815.0,B,40.0,71.0,1,1,0,0,0,0,0,0,0,0,1,0
PROP205088,37.0,New,2480.0,B,97.0,94.0,0,0,0,0,0,0,0,0,0,0,1,1
PROP205089,,New,1625.0,B,70.0,,0,1,0,0,0,0,0,1,1,0,1,1
PROP205090,2.0,Old,1370.0,F,76.0,47.0,0,1,0,0,0,1,1,0,0,0,1,1
PROP205091,27.0,Needs Renovation,2621.0,E,43.0,43.0,0,0,0,1,1,1,1,0,1,0,0,0
PROP205092,39.0,Needs Renovation,2754.0,B,65.0,38.0,0,0,1,0,1,1,0,0,0,0,0,1
PROP205093,30.0,Good,4885.0,A,78.0,95.0,0,0,0,1,1,0,1,0,0,1,0,0
PROP205094,27.0,Old,666.0,B,74.0,77.0,0,0,1,0,0,1,1,0,0,0,0,0
PROP205095,,New,2208.0,B,83.0,35.0,0,0,0,0,1,0,0,0,0,0,0,1
PROP205096,4.0,New,2155.0,B,98.0,53.0,1,0,0,0,0,0,0,0,0,1,0,0
PROP205097,39.0,New,1704.0,C,86.0,43.0,0,0,0,0,1,0,0,1,0,0,1,1
PROP205098,2.0,New,1315.0,E,81.0,71.0,0,0,0,0,0,1,0,0,0,1,0,1
PROP205099,7.0,New,2263.0,E,90.0,77.0,1,1,0,0,0,0,0,0,0,0,0,0
PROP205100,32.0,Old,2915.0,E,40.0,66.0,0,0,0,0,1,1,0,0,0,0,0,1
PROP205101,38.0,New,1432.0,E,73.0,35.0,0,1,1,0,0,1,1,0,1,0,0,0
PROP205102,0.0,Good,2554.0,F,47.0,96.0,0,1,0,0,0,0,0,0,0,0,0,1
PROP205103,38.0,Good,4151.0,F,42.0,80.0,0,0,0,0,1,0,1,0,0,1,0,0
PROP205104,20.0,Needs Renovation,2759.0,E,51.0,55.0,0,0,1,0,0,0,0,0,0,0,0,1
PROP205105,11.0,Old,681.0,E,50.0,30.0,0,0,0,0,0,1,1,0,1,0,0,1
PROP205106,7.0,Needs Renovation,2883.0,D,80.0,89.0,0,0,1,1,0,1,0,1,1,0,0,0
PROP205107,21.0,New,522.0,F,,67.0,0,1,0,0,0,1,0,0,1,0,1,1
PROP205108,14.0,Good,1833.0,A,94.0,77.0,0,1,0,0,0,1,1,0,0,0,0,0
PROP205109,2.0,Needs Renovation,3104.0,A,48.0,79.0,0,0,0,1,0,0,0,0,1,0,0,0
PROP205110,35.0,Old,2024.0,A,78.0,,0,1,0,1,1,1,0,0,0,0,0,0
PROP205111,10.0,Old,2705.0,A,56.0,55.0,0,0,0,0,0,0,0,0,1,1,1,0
PROP205112,32.0,Old,2585.0,C,,98.0,1,1,1,0,0,0,0,0,1,0,0,0
PROP205113,,Old,1516.0,B,94.0,42.0,0,1,1,1,0,0,0,1,0,0,1,0
PROP205114,13.0,Old,5400.0,B,84.0,78.0,0,1,0,0,0,0,0,0,0,0,0,1
PROP205115,38.0,New,2659.0,B,54.0,97.0,0,0,0,1,0,0,0,0,1,0,1,1
PROP205116,37.0,Needs Renovation,2474.0,D,91.0,37.0,0,0,1,0,1,0,0,1,0,0,1,1
PROP205117,11.0,Needs Renovation,1342.0,C,86.0,88.0,1,0,0,0,0,0,0,0,1,0,1,0
PROP205118,37.0,Old,1670.0,D,77.0,63.0,1,0,0,1,1,0,0,0,0,0,1,0
PROP205119,,Old,1829.0,C,46.0,87.0,0,0,0,0,1,0,1,1,1,0,1,0
PROP205120,21.0,Good,4060.0,D,78.0,60.0,0,0,0,1,0,0,1,0,0,0,1,1
PROP205121,12.0,Needs Renovation,3617.0,D,56.0,57.0,1,0,0,0,0,1,0,0,1,0,0,0
PROP205122,39.0,Old,2480.0,A,91.0,49.0,0,0,0,0,0,1,1,0,0,1,0,0
PROP205123,2.0,Needs Renovation,4268.0,A,74.0,78.0,0,0,0,1,1,0,1,0,0,0,0,0
PROP205124,12.0,Good,2856.0,D,,61.0,0,1,0,0,0,0,1,0,0,0,1,0
PROP205125,32.0,Old,1794.0,C,46.0,87.0,0,0,1,0,0,0,0,0,0,0,1,0
PROP205126,22.0,Old,1214.0,A,44.0,66.0,0,1,0,0,0,1,0,1,1,1,0,0
PROP205127,16.0,New,4453.0,D,59.0,43.0,0,0,0,0,0,0,0,0,0,0,1,1
PROP205128,18.0,New,0.0,D,80.0,49.0,0,0,0,0,1,0,0,0,0,0,1,0
PROP205129,19.0,New,4550.0,C,,32.0,0,1,0,0,0,0,0,1,1,1,0,0
PROP205130,0.0,Good,2381.0,B,68.0,41.0,0,0,1,1,0,0,0,1,0,1,0,1
PROP205131,2.0,Needs Renovation,2035.0,B,44.0,,0,1,1,0,0,0,0,0,0,1,0,0
PROP205132,9.0,Good,2085.0,C,74.0,41.0,1,0,0,0,0,1,1,0,0,0,0,0
PROP205133,2.0,Good,3883.0,E,63.0,76.0,1,0,0,0,0,1,0,0,0,1,0,0
PROP205134,0.0,New,1101.0,F,57.0,87.0,1,0,0,0,0,0,0,0,1,1,0,1
PROP205135,31.0,Good,3002.0,A,54.0,74.0,0,0,0,0,0,0,1,0,1,1,1,0
PROP205136,18.0,Good,1631.0,A,91.0,86.0,0,0,0,0,0,1,0,1,0,0,1,1
PROP205137,5.0,Old,626.0,D,69.0,70.0,0,1,0,0,0,0,0,1,0,0,1,0
PROP205138,38.0,New,2600.0,F,84.0,78.0,1,0,1,0,0,0,0,1,0,0,0,1
PROP205139,31.0,New,3140.0,D,90.0,39.0,1,0,1,0,1,0,0,0,0,1,1,0
PROP205140,5.0,Old,1217.0,A,80.0,85.0,0,0,0,0,0,1,0,1,0,0,0,0
PROP205141,5.0,New,2389.0,C,85.0,59.0,0,0,0,0,0,0,1,1,1,0,0,0
PROP205142,19.0,Good,2480.0,A,98.0,87.0,0,0,0,0,1,1,0,1,1,1,0,0
PROP205143,1.0,New,1189.0,B,67.0,57.0,0,0,0,0,0,0,0,0,1,1,0,0
PROP205144,20.0,New,999.0,C,80.0,50.0,1,0,0,0,0,0,0,0,0,1,0,0
PROP205145,6.0,Good,4586.0,D,51.0,79.0,0,0,0,1,0,1,0,1,1,0,0,0
PROP205146,16.0,Old,0.0,C,45.0,72.0,0,0,1,0,1,1,0,0,1,0,0,1
PROP205147,13.0,New,2480.0,A,60.0,43.0,0,1,1,0,0,0,0,0,0,0,1,0
PROP205148,29.0,Old,4028.0,F,43.0,78.0,0,0,0,1,0,0,0,0,0,0,1,0
PROP205149,26.0,Old,2985.0,F,57.0,63.0,0,1,0,0,0,0,0,1,0,0,0,1
PROP205150,14.0,New,762.0,B,44.0,,0,0,1,0,1,0,0,1,0,0,0,1
PROP205151,,Needs Renovation,2480.0,C,61.0,90.0,1,0,0,0,0,0,1,0,0,0,1,0
PROP205152,2.0,New,0.0,B,92.0,44.0,0,1,0,0,0,1,0,0,1,0,1,0
PROP205153,38.0,Good,3039.0,E,42.0,85.0,0,0,1,0,0,0,0,0,0,1,0,0
PROP205154,,New,2544.0,F,98.0,60.0,0,0,0,0,0,0,1,0,0,0,1,0
PROP205155,27.0,Good,3118.0,B,92.0,71.0,1,1,0,0,0,0,0,1,0,0,0,0
PROP205156,26.0,Needs Renovation,3203.0,B,68.0,74.0,1,0,0,1,1,0,0,1,0,0,0,0
PROP205157,27.0,Old,3779.0,E,93.0,30.0,1,0,0,0,0,0,0,0,0,1,1,1
PROP205158,0.0,Needs Renovation,2907.0,A,77.0,55.0,1,1,0,1,0,0,0,0,0,0,0,0
PROP205159,39.0,Good,2846.0,D,51.0,91.0,0,0,1,0,1,0,1,1,0,1,0,0
PROP205160,7.0,New,2409.0,B,60.0,91.0,0,1,1,1,0,0,0,0,0,1,0,0
PROP205161,17.0,Old,1047.0,D,52.0,36.0,0,1,0,0,0,0,1,0,0,0,0,1
PROP205162,12.0,Needs Renovation,2480.0,C,81.0,77.0,1,0,0,0,0,0,0,1,0,0,0,0
PROP205163,15.0,New,4047.0,E,62.0,46.0,0,0,0,0,0,0,1,1,0,0,1,0
PROP205164,22.0,Good,1475.0,A,,43.0,0,0,1,0,1,0,0,0,1,0,0,0
PROP205165,37.0,Good,773.0,F,47.0,95.0,0,1,0,0,1,0,0,0,0,0,0,0
PROP205166,38.0,Old,1796.0,A,80.0,46.0,0,1,0,1,0,1,0,0,0,1,1,0
PROP205167,14.0,New,3223.0,C,44.0,86.0,0,0,1,1,0,0,0,0,1,1,0,1
PROP205168,21.0,Old,2586.0,E,83.0,38.0,1,0,0,0,0,1,0,0,0,1,0,0
PROP205169,30.0,New,5162.0,A,,57.0,0,0,0,0,1,0,0,0,0,1,0,0
PROP205170,6.0,New,1618.0,A,,96.0,0,0,1,0,1,1,0,0,0,0,1,0
PROP205171,26.0,Old,2917.0,E,66.0,72.0,1,0,0,0,1,0,0,0,1,0,1,0
PROP205172,16.0,Old,2861.0,C,93.0,64.0,1,1,0,0,1,0,0,1,0,0,1,0
PROP205173,,Old,5107.0,E,85.0,85.0,0,1,0,0,1,0,0,0,0,0,1,0
PROP205174,,Old,4339.0,B,43.0,30.0,1,0,1,0,1,1,0,0,0,1,0,0
PROP205175,19.0,Good,3721.0,A,82.0,47.0,0,1,0,1,0,1,1,0,0,0,0,0
PROP205176,3.0,Needs Renovation,3327.0,B,,90.0,0,0,0,1,0,1,0,0,0,1,0,0
PROP205177,4.0,Old,579.0,F,,83.0,0,0,0,0,1,0,1,0,0,1,0,0
PROP205178,15.0,Needs Renovation,2480.0,C,67.0,64.0,0,0,0,1,0,0,0,1,1,0,1,0
PROP205179,14.0,Good,3083.0,A,72.0,58.0,0,1,0,0,1,0,0,1,0,0,0,1
PROP205180,9.0,Needs Renovation,2471.0,F,59.0,74.0,1,0,1,0,0,1,0,0,0,1,1,0
PROP205181,0.0,New,3274.0,B,52.0,82.0,1,0,1,0,1,0,0,0,0,0,0,1
PROP205182,19.0,Needs Renovation,1385.0,C,,76.0,0,0,0,0,0,0,0,0,0,0,1,1
PROP205183,16.0,Old,1594.0,B,91.0,68.0,1,1,1,0,1,0,0,0,0,0,0,0
PROP205184,31.0,Needs Renovation,3823.0,F,54.0,59.0,1,0,0,0,1,0,1,0,0,1,0,0
PROP205185,12.0,New,3985.0,E,84.0,54.0,1,0,0,1,0,0,1,1,0,0,0,0
PROP205186,5.0,Needs Renovation,3876.0,C,83.0,54.0,1,0,0,0,0,0,0,0,0,0,1,1
PROP205187,0.0,Old,1783.0,B,54.0,,1,0,0,0,0,0,0,1,0,1,0,0
PROP205188,37.0,Old,1693.0,E,76.0,67.0,0,1,0,0,0,1,0,1,1,1,0,0
PROP205189,23.0,Good,1666.0,F,85.0,38.0,0,1,0,1,0,1,0,1,0,0,0,0
PROP205190,28.0,Needs Renovation,1514.0,B,49.0,30.0,1,0,0,0,1,0,1,0,0,0,0,0
PROP205191,2.0,Good,1547.0,D,62.0,64.0,0,0,1,0,1,1,0,0,0,0,0,0
PROP205192,26.0,New,1761.0,B,72.0,92.0,1,0,0,1,0,0,0,0,0,0,1,0
PROP205193,25.0,Good,1719.0,F,40.0,57.0,0,1,0,0,0,0,0,0,0,0,1,0
PROP205194,8.0,Needs Renovation,3102.0,D,52.0,32.0,1,0,0,0,0,0,0,1,0,1,0,0
PROP205195,0.0,Needs Renovation,3244.0,F,63.0,73.0,0,0,0,0,0,0,1,0,0,0,0,1
PROP205196,21.0,New,4670.0,F,85.0,91.0,0,0,0,0,0,0,0,1,0,1,1,0
PROP205197,29.0,Needs Renovation,2480.0,B,72.0,94.0,0,0,1,1,0,0,0,0,0,0,0,1
PROP205198,37.0,Good,1803.0,E,91.0,34.0,1,0,1,1,0,0,1,0,0,0,0,0
PROP205199,31.0,Old,3649.0,D,43.0,45.0,0,0,0,1,0,1,0,0,0,0,0,0
PROP205200,13.0,New,3510.0,F,59.0,82.0,0,0,0,1,0,0,1,0,1,0,0,1
PROP205201,32.0,New,1525.0,C,49.0,78.0,0,0,1,0,0,1,0,0,0,0,0,1
PROP205202,30.0,Good,2480.0,E,58.0,42.0,0,1,0,0,0,0,0,1,0,0,0,0
PROP205203,,Needs Renovation,2480.0,F,57.0,49.0,0,1,0,0,0,0,0,0,0,1,0,0
PROP205204,33.0,Old,690.0,B,65.0,61.0,1,0,0,1,0,0,0,1,0,0,1,0
PROP205205,7.0,New,2480.0,D,73.0,37.0,0,0,1,0,0,0,0,0,0,1,0,1
PROP205206,9.0,Good,3069.0,B,,69.0,1,1,0,1,0,1,0,0,0,0,0,0
PROP205207,,Needs Renovation,2486.0,D,83.0,51.0,1,0,0,0,0,1,0,1,1,0,0,0
PROP205208,13.0,Good,2480.0,C,51.0,,0,1,0,0,0,1,0,0,0,0,0,0
PROP205209,30.0,Old,2390.0,A,51.0,47.0,0,1,1,0,0,0,0,0,0,1,0,0
PROP205210,5.0,Needs Renovation,2480.0,A,42.0,42.0,1,1,0,0,1,0,0,0,0,0,1,0
PROP205211,15.0,Good,3044.0,D,81.0,68.0,0,0,0,0,0,1,0,0,1,1,0,0
PROP205212,9.0,New,2713.0,C,98.0,88.0,0,0,1,1,0,1,0,0,1,0,0,1
PROP205213,4.0,Good,2693.0,C,79.0,85.0,1,0,1,1,0,0,0,0,1,0,0,1
PROP205214,4.0,Good,2529.0,E,98.0,83.0,0,0,1,0,1,1,0,1,0,1,0,0
PROP205215,27.0,New,2480.0,F,65.0,50.0,1,0,0,0,0,0,1,0,0,0,1,0
PROP205216,29.0,New,3091.0,B,90.0,48.0,0,0,0,0,0,0,0,1,0,0,0,1
PROP205217,30.0,Needs Renovation,1932.0,E,76.0,39.0,1,1,0,0,0,0,1,0,0,0,0,0
PROP205218,19.0,Good,4571.0,A,42.0,67.0,1,1,1,0,1,0,0,1,0,0,0,0
PROP205219,14.0,Good,3283.0,E,43.0,68.0,1,0,1,0,0,0,0,0,0,1,1,0
PROP205220,27.0,Good,3226.0,D,60.0,90.0,1,1,0,0,0,0,0,1,0,0,1,0
PROP205221,32.0,Old,2480.0,D,92.0,,0,1,0,0,0,1,1,0,1,0,0,0
PROP205222,,New,4412.0,F,78.0,41.0,1,0,0,1,1,0,0,0,1,0,0,1
PROP205223,22.0,New,2390.0,C,43.0,81.0,0,1,0,0,1,0,0,0,0,1,0,0
PROP205224,21.0,New,1925.0,C,52.0,31.0,0,1,0,0,1,0,0,0,0,0,1,0
PROP205225,4.0,Needs Renovation,1458.0,D,95.0,61.0,0,0,1,0,0,0,0,0,1,1,0,0
PROP205226,18.0,Good,1539.0,D,56.0,62.0,0,1,0,0,1,1,1,0,0,1,0,0
PROP205227,29.0,Old,2769.0,E,80.0,58.0,1,0,0,0,0,1,1,0,0,0,0,0
PROP205228,,Needs Renovation,2031.0,F,72.0,55.0,1,0,0,1,0,0,0,0,1,0,1,0
PROP205229,22.0,New,2517.0,A,59.0,84.0,0,0,1,1,0,0,0,0,1,0,1,0
PROP205230,5.0,New,2522.0,A,79.0,69.0,0,0,1,0,0,1,1,0,0,0,1,0
PROP205231,9.0,Needs Renovation,1250.0,B,49.0,39.0,0,0,0,0,1,1,1,0,0,0,0,0
PROP205232,3.0,Old,1271.0,D,98.0,41.0,1,0,0,1,0,0,0,0,1,0,1,0
PROP205233,28.0,New,1040.0,D,66.0,,0,0,1,0,0,0,1,1,0,1,0,0
PROP205234,8.0,Old,2040.0,E,47.0,96.0,1,1,0,0,0,1,1,0,0,0,1,0
PROP205235,34.0,Good,3011.0,F,,73.0,1,0,0,1,0,0,0,0,0,0,1,0
PROP205236,26.0,Old,3769.0,A,75.0,51.0,1,0,0,0,0,0,1,0,0,0,0,0
PROP205237,15.0,New,2946.0,E,86.0,90.0,0,0,1,1,1,1,0,0,0,0,0,0
PROP205238,19.0,Old,407.0,D,54.0,57.0,1,0,0,1,0,0,0,0,1,1,0,0
PROP205239,34.0,New,728.0,F,65.0,42.0,0,0,1,0,0,1,0,1,0,1,0,1
PROP205240,16.0,Good,0.0,D,71.0,98.0,1,0,0,0,0,1,0,0,0,0,1,0
PROP205241,2.0,Old,3973.0,E,47.0,40.0,0,0,1,0,0,0,0,0,0,1,0,0
PROP205242,1.0,Old,3725.0,B,88.0,32.0,0,0,0,1,1,1,0,0,0,0,1,1
PROP205243,38.0,Needs Renovation,4640.0,A,54.0,95.0,0,1,1,0,0,1,1,0,0,0,0,0
PROP205244,17.0,New,2480.0,B,,89.0,1,0,0,0,0,0,0,0,1,0,0,0
PROP205245,,Needs Renovation,3721.0,E,68.0,79.0,1,1,0,0,0,1,1,0,0,0,1,0
PROP205246,6.0,Good,5222.0,F,73.0,48.0,0,0,1,1,1,0,0,0,0,1,1,0
PROP205247,35.0,New,2957.0,B,57.0,,0,0,0,0,0,1,0,0,0,0,0,1
PROP205248,21.0,Good,2096.0,D,99.0,76.0,0,0,0,0,0,0,1,0,0,0,1,0
PROP205249,20.0,Good,4412.0,B,49.0,41.0,0,0,1,0,0,0,0,0,0,0,1,1
PROP205250,25.0,Old,2443.0,E,49.0,99.0,0,0,0,1,1,0,1,1,0,0,1,0
PROP205251,24.0,Good,891.0,C,53.0,71.0,0,0,0,1,1,0,1,0,0,0,0,1
PROP205252,9.0,Needs Renovation,771.0,E,75.0,68.0,0,0,1,1,1,0,0,0,0,0,0,1
PROP205253,8.0,New,1554.0,F,95.0,58.0,0,0,0,0,0,0,0,1,0,0,1,0
PROP205254,6.0,Old,3676.0,A,51.0,87.0,0,0,0,0,0,0,0,1,1,0,0,0
PROP205255,27.0,Good,1860.0,A,65.0,67.0,0,0,1,1,1,0,1,0,0,0,0,1
PROP205256,29.0,Old,438.0,C,45.0,82.0,0,0,0,0,0,1,1,1,0,0,0,0
PROP205257,6.0,New,4001.0,A,91.0,62.0,1,0,0,0,0,1,1,0,0,0,0,1
PROP205258,36.0,Needs Renovation,2914.0,A,81.0,94.0,1,0,1,0,0,0,1,0,0,0,0,0
PROP205259,8.0,New,3139.0,E,77.0,36.0,0,0,0,0,0,0,0,1,0,1,0,0
PROP205260,1.0,New,2735.0,C,91.0,82.0,0,0,0,1,0,1,1,0,1,0,0,0
PROP205261,22.0,Needs Renovation,3183.0,F,65.0,59.0,0,0,0,0,0,1,0,0,0,0,1,1
PROP205262,4.0,Old,5183.0,E,48.0,50.0,0,0,0,0,0,0,0,1,1,0,0,0
PROP205263,19.0,New,2765.0,E,46.0,77.0,1,1,0,1,0,0,0,0,0,0,0,1
PROP205264,29.0,Old,789.0,C,76.0,71.0,1,1,0,1,0,0,0,0,0,0,1,0
PROP205265,28.0,Good,2377.0,A,86.0,80.0,0,1,1,0,1,0,1,0,0,0,0,0
PROP205266,14.0,Old,1473.0,B,84.0,71.0,0,0,0,1,0,0,0,0,1,0,0,0
PROP205267,24.0,Needs Renovation,4494.0,D,86.0,59.0,1,1,0,0,1,1,0,0,0,0,0,0
PROP205268,19.0,New,4293.0,D,49.0,42.0,0,0,1,1,1,0,1,0,0,1,0,0
PROP205269,31.0,Old,1880.0,D,43.0,83.0,0,0,1,1,0,0,1,0,0,1,1,0
PROP205270,26.0,New,2829.0,B,77.0,45.0,0,1,1,0,0,0,1,1,0,0,0,0
PROP205271,19.0,New,1765.0,A,55.0,98.0,0,0,0,0,0,1,0,0,0,1,0,1
PROP205272,23.0,Needs Renovation,1178.0,D,65.0,,1,0,0,1,1,0,0,0,0,1,0,0
PROP205273,2.0,New,2507.0,A,61.0,,0,1,0,0,0,0,0,0,1,0,0,0
PROP205274,1.0,Good,2931.0,E,40.0,67.0,0,0,0,1,1,0,0,0,0,0,0,0
PROP205275,6.0,Good,3597.0,A,47.0,62.0,0,0,0,1,1,0,1,0,0,0,0,1
PROP205276,10.0,New,2248.0,B,41.0,45.0,0,0,1,0,0,0,0,1,0,0,0,0
PROP205277,35.0,New,2807.0,E,87.0,43.0,0,1,1,0,0,0,1,0,0,1,0,1
PROP205278,11.0,Needs Renovation,2992.0,B,94.0,32.0,0,0,1,1,1,0,0,0,0,0,1,0
PROP205279,24.0,New,2468.0,C,92.0,32.0,0,0,1,0,0,0,1,0,0,0,0,0
PROP205280,19.0,Old,2773.0,F,74.0,89.0,0,0,0,0,1,0,0,1,1,0,0,1
PROP205281,31.0,Needs Renovation,2189.0,D,63.0,46.0,0,0,0,1,1,0,0,0,1,0,0,1
PROP205282,32.0,New,1081.0,E,64.0,58.0,0,0,0,0,1,0,0,1,0,0,0,1
PROP205283,13.0,Needs Renovation,487.0,C,70.0,53.0,0,1,0,0,0,1,0,0,1,0,1,1
PROP205284,32.0,New,848.0,E,66.0,53.0,0,1,0,1,1,0,0,0,1,0,1,0
PROP205285,7.0,New,1205.0,B,99.0,,0,0,0,0,0,0,1,0,0,0,0,1
PROP205286,34.0,Old,499.0,E,68.0,68.0,0,0,1,0,0,0,0,0,0,0,1,1
PROP205287,11.0,Needs Renovation,5603.0,F,48.0,77.0,0,0,1,0,1,0,0,1,0,1,0,1
PROP205288,2.0,Needs Renovation,3698.0,D,41.0,,0,0,0,1,1,0,1,0,0,0,0,0
PROP205289,30.0,Good,1687.0,F,,91.0,0,1,0,0,0,0,1,0,0,0,0,1
PROP205290,,Old,2599.0,C,69.0,89.0,0,0,0,1,0,0,0,1,1,1,0,0
PROP205291,0.0,New,4271.0,E,46.0,98.0,0,1,0,0,1,0,0,0,0,0,0,1
PROP205292,14.0,Old,2824.0,E,77.0,59.0,0,0,1,1,1,0,0,0,1,0,0,0
PROP205293,31.0,Old,2333.0,B,42.0,30.0,0,1,1,0,0,0,0,0,0,0,0,0
PROP205294,4.0,Old,1986.0,D,47.0,36.0,0,0,0,0,0,0,0,1,1,0,1,0
PROP205295,34.0,Good,3488.0,E,43.0,56.0,1,0,0,0,0,0,0,1,0,0,0,0
PROP205296,12.0,Good,2480.0,C,65.0,85.0,0,1,1,1,0,0,0,0,1,0,0,1
PROP205297,5.0,Good,1251.0,F,45.0,63.0,0,0,0,0,0,0,0,0,0,0,1,1
PROP205298,35.0,Good,3577.0,E,62.0,39.0,0,0,1,0,1,1,0,0,0,0,0,0
PROP205299,34.0,Old,2224.0,B,51.0,86.0,0,0,1,0,0,0,0,0,0,0,0,1
PROP205300,26.0,New,2781.0,B,88.0,93.0,0,0,1,0,1,0,0,0,1,0,0,1
PROP205301,22.0,Old,2480.0,A,,41.0,0,0,1,0,1,1,1,0,0,1,0,0
PROP205302,27.0,Old,2247.0,E,82.0,49.0,0,0,1,1,0,0,0,0,1,0,1,1
PROP205303,31.0,Good,2523.0,F,,46.0,1,1,0,0,1,1,0,1,0,0,0,0
PROP205304,13.0,Old,2066.0,E,77.0,97.0,0,0,1,0,0,0,1,0,0,0,1,0
PROP205305,4.0,Old,3224.0,F,71.0,97.0,0,0,1,1,0,0,1,0,0,0,1,0
PROP205306,37.0,Needs Renovation,4347.0,F,90.0,51.0,1,1,0,0,0,0,0,0,0,0,1,0
PROP205307,36.0,New,2480.0,A,68.0,47.0,0,0,1,0,1,0,0,0,0,0,0,1
PROP205308,18.0,Old,2480.0,C,93.0,68.0,0,1,0,0,0,0,1,0,0,0,0,0
PROP205309,16.0,Old,3026.0,B,77.0,84.0,0,1,1,0,1,0,1,0,0,0,0,0
PROP205310,30.0,Old,1675.0,A,89.0,63.0,0,0,0,0,0,0,1,1,0,0,0,0
PROP205311,7.0,New,332.0,D,83.0,81.0,0,0,0,0,0,0,0,0,1,1,0,0
PROP205312,19.0,New,2746.0,D,,47.0,0,0,0,0,0,0,0,0,1,0,0,1
PROP205313,38.0,Good,2441.0,A,90.0,32.0,0,0,1,1,0,0,0,0,0,0,1,0
PROP205314,15.0,Good,2555.0,A,67.0,85.0,1,0,0,1,0,1,0,0,1,0,0,0
PROP205315,,Old,3663.0,D,44.0,34.0,0,1,0,1,0,0,1,0,0,1,0,0
PROP205316,28.0,Old,2648.0,E,67.0,81.0,0,1,0,0,0,0,1,0,1,0,1,0
PROP205317,38.0,New,6140.0,E,62.0,47.0,0,1,0,0,0,1,0,1,0,1,0,0
PROP205318,12.0,Good,2646.0,E,82.0,35.0,0,1,0,0,0,0,1,1,1,0,1,0
PROP205319,14.0,New,2681.0,D,45.0,45.0,1,0,0,0,1,0,0,0,0,0,1,0
PROP205320,18.0,New,1796.0,A,,85.0,0,0,0,1,0,1,0,0,0,1,0,1
PROP205321,32.0,Good,2480.0,C,85.0,35.0,0,0,0,0,0,0,1,1,0,0,0,0
PROP205322,8.0,New,4110.0,E,64.0,,0,1,0,0,0,0,1,0,0,1,1,1
PROP205323,22.0,New,2230.0,E,73.0,95.0,0,0,0,0,1,0,1,0,0,0,0,0
PROP205324,30.0,Good,2480.0,F,72.0,31.0,0,1,1,0,0,0,1,0,1,0,1,0
PROP205325,0.0,Good,1582.0,A,63.0,38.0,1,0,1,0,0,1,0,0,0,0,0,1
PROP205326,0.0,Good,3374.0,B,63.0,39.0,0,1,0,0,0,1,1,0,0,0,0,0
PROP205327,37.0,Good,4519.0,C,48.0,60.0,0,1,0,0,0,0,1,0,0,0,1,0
PROP205328,,Old,3924.0,D,78.0,,0,0,1,0,0,0,0,0,1,1,0,0
PROP205329,0.0,Good,1385.0,C,64.0,74.0,0,0,0,1,0,0,1,0,0,1,1,0
PROP205330,8.0,New,4555.0,F,67.0,78.0,1,0,0,1,0,1,0,0,1,0,1,0
PROP205331,8.0,New,2234.0,A,60.0,63.0,1,0,0,0,0,0,0,0,0,0,1,1
PROP205332,38.0,Needs Renovation,1551.0,D,65.0,62.0,0,1,1,0,0,1,0,0,0,0,0,0
PROP205333,23.0,Needs Renovation,2753.0,F,69.0,62.0,0,0,0,0,1,1,1,1,0,0,0,1
PROP205334,37.0,Needs Renovation,1225.0,E,77.0,84.0,1,0,0,0,0,0,0,0,1,1,1,0
PROP205335,5.0,Good,4522.0,C,45.0,76.0,1,1,1,0,1,0,0,1,0,0,0,0
PROP205336,18.0,Needs Renovation,2480.0,C,,89.0,0,0,0,1,0,0,0,1,0,0,0,0
PROP205337,37.0,Old,2529.0,A,89.0,63.0,0,0,1,0,1,1,1,0,0,1,0,0
PROP205338,12.0,Good,2993.0,A,,35.0,0,0,0,1,1,0,0,0,1,0,0,0
PROP205339,5.0,Needs Renovation,958.0,E,98.0,39.0,0,1,0,0,1,1,1,0,0,0,0,0
PROP205340,24.0,Old,2252.0,A,90.0,85.0,1,1,0,1,0,1,1,0,0,0,0,0
PROP205341,35.0,Good,2667.0,C,87.0,,0,0,1,1,0,0,0,0,0,0,0,0
PROP205342,23.0,Needs Renovation,2480.0,E,63.0,81.0,0,1,1,0,0,1,0,1,0,1,0,0
PROP205343,8.0,Good,4961.0,E,62.0,80.0,0,1,1,1,0,0,0,1,0,0,1,0
PROP205344,11.0,New,1750.0,B,57.0,40.0,1,1,1,0,1,0,0,0,1,0,0,0
PROP205345,3.0,Old,3161.0,A,54.0,95.0,1,0,0,0,0,1,0,0,0,0,0,0
PROP205346,4.0,New,4223.0,B,89.0,43.0,0,0,1,0,1,1,0,0,0,0,0,1
PROP205347,10.0,Needs Renovation,2707.0,E,83.0,80.0,0,0,0,0,0,0,0,1,1,0,0,0
PROP205348,4.0,Good,1491.0,B,98.0,65.0,0,0,0,0,0,1,0,1,0,0,0,0
PROP205349,10.0,New,3231.0,B,95.0,74.0,0,1,0,0,0,1,0,1,0,1,1,0
PROP205350,11.0,Good,2950.0,C,52.0,79.0,0,1,0,0,0,1,0,1,0,0,0,1
PROP205351,39.0,New,1219.0,B,88.0,62.0,0,1,1,0,0,0,1,1,0,0,0,0
PROP205352,1.0,Good,2971.0,A,73.0,30.0,0,1,0,0,1,0,1,0,1,0,1,0
PROP205353,35.0,Needs Renovation,2299.0,A,76.0,83.0,0,0,0,0,0,0,0,0,1,1,0,0
PROP205354,10.0,Old,3113.0,E,66.0,66.0,0,1,1,0,0,0,0,1,0,0,0,0
PROP205355,5.0,New,1999.0,F,51.0,83.0,0,0,0,0,1,0,0,0,0,0,1,0
PROP205356,14.0,Needs Renovation,1771.0,E,,70.0,0,1,1,0,0,0,0,0,0,0,1,0
PROP205357,38.0,Needs Renovation,1432.0,E,94.0,31.0,1,0,0,0,1,1,0,1,1,0,0,0
PROP205358,30.0,Good,3013.0,B,98.0,40.0,1,1,0,0,1,1,0,0,0,0,0,0
PROP205359,28.0,New,2579.0,B,46.0,75.0,0,1,0,1,0,0,0,0,0,1,0,0
PROP205360,30.0,New,2775.0,C,67.0,,0,0,0,1,1,0,1,1,0,0,0,1
PROP205361,39.0,Needs Renovation,3617.0,F,70.0,99.0,0,0,1,0,0,0,0,1,0,1,0,1
PROP205362,17.0,Old,2625.0,F,46.0,69.0,0,1,1,0,0,0,0,1,0,1,0,0
PROP205363,32.0,Good,2480.0,B,64.0,33.0,1,0,0,0,1,0,0,0,0,0,0,0
PROP205364,,New,2108.0,F,74.0,49.0,0,0,0,1,0,0,1,1,0,0,0,1
PROP205365,,Needs Renovation,4505.0,F,60.0,89.0,0,1,0,0,0,1,0,0,0,0,0,1
PROP205366,5.0,Old,4779.0,F,63.0,,0,0,0,1,0,0,0,0,0,0,1,0
PROP205367,23.0,Old,2976.0,A,79.0,85.0,0,1,1,0,0,1,0,0,0,0,0,1
PROP205368,9.0,New,188.0,F,85.0,52.0,1,1,0,0,1,0,0,0,0,0,0,0
PROP205369,24.0,Needs Renovation,3329.0,B,46.0,90.0,1,0,0,0,0,0,1,0,1,1,1,0
PROP205370,37.0,New,379.0,F,87.0,32.0,1,0,1,0,0,1,0,0,0,0,1,0
PROP205371,8.0,Good,2480.0,C,57.0,85.0,1,0,0,1,0,1,0,1,0,0,1,0
PROP205372,26.0,Good,3455.0,A,86.0,52.0,0,1,0,0,1,0,0,0,0,1,0,0
PROP205373,14.0,Needs Renovation,3255.0,E,,,0,0,0,0,0,0,0,0,0,1,1,1
PROP205374,31.0,Good,739.0,D,59.0,84.0,0,0,0,0,0,0,0,0,1,0,0,1
PROP205375,14.0,New,4534.0,C,89.0,97.0,1,0,0,1,1,0,0,0,1,0,0,1
PROP205376,36.0,New,1630.0,C,51.0,46.0,0,0,1,0,0,0,0,0,1,1,0,0
PROP205377,26.0,New,4033.0,E,40.0,61.0,1,1,0,1,0,0,0,0,0,0,0,1
PROP205378,35.0,Needs Renovation,3139.0,E,40.0,57.0,0,1,0,0,0,1,1,1,0,1,0,0
PROP205379,12.0,New,3457.0,D,61.0,61.0,0,1,1,1,0,0,0,0,1,0,1,0
PROP205380,11.0,Good,2749.0,D,66.0,74.0,0,0,1,0,0,0,0,0,0,0,1,0
PROP205381,13.0,Needs Renovation,971.0,A,85.0,,0,1,0,0,1,1,0,0,1,1,0,0
PROP205382,0.0,Old,3427.0,C,79.0,40.0,1,0,1,1,0,1,0,0,0,0,0,1
PROP205383,35.0,Old,3923.0,A,62.0,50.0,1,0,0,0,1,0,1,1,0,1,0,0
PROP205384,31.0,Old,2806.0,F,64.0,54.0,0,0,0,1,0,1,1,1,0,1,0,0
PROP205385,32.0,Needs Renovation,1273.0,C,97.0,93.0,0,0,1,0,1,1,0,0,0,0,0,1
PROP205386,28.0,New,4240.0,A,45.0,33.0,0,0,0,0,1,0,0,0,0,0,1,0
PROP205387,8.0,Good,2368.0,C,56.0,84.0,0,0,0,1,0,1,0,0,0,0,0,0
PROP205388,39.0,New,0.0,C,,98.0,1,0,1,0,0,1,1,0,0,0,0,0
PROP205389,12.0,Needs Renovation,2663.0,D,41.0,33.0,1,0,0,0,1,1,0,0,0,0,0,0
PROP205390,11.0,New,1668.0,A,67.0,64.0,0,0,0,0,1,0,0,0,0,1,0,0
PROP205391,14.0,Good,2578.0,C,74.0,,0,0,0,1,0,0,0,1,0,0,0,0
PROP205392,8.0,New,1508.0,B,88.0,86.0,0,0,1,1,0,0,0,1,0,1,0,0
PROP205393,,Good,2497.0,D,42.0,54.0,1,0,0,0,0,0,0,1,1,1,0,0
PROP205394,17.0,Needs Renovation,4476.0,C,91.0,67.0,0,0,0,0,0,1,0,1,1,0,0,0
PROP205395,11.0,Old,641.0,A,95.0,32.0,0,1,0,1,1,0,0,0,0,0,1,0
PROP205396,24.0,Good,2244.0,D,77.0,74.0,1,0,1,0,0,1,1,0,1,0,0,0
PROP205397,3.0,Old,2264.0,C,83.0,46.0,1,1,0,0,0,0,1,0,1,1,0,0
PROP205398,4.0,Good,4820.0,F,82.0,78.0,0,0,0,1,0,0,0,0,1,0,1,0
PROP205399,6.0,Old,2521.0,F,70.0,86.0,0,0,0,0,0,0,0,0,0,1,0,1
PROP205400,35.0,Needs Renovation,1869.0,A,60.0,95.0,0,1,1,1,0,0,0,0,0,0,0,0
PROP205401,5.0,Good,233.0,F,81.0,69.0,0,0,1,0,0,0,0,1,0,0,0,0
PROP205402,37.0,Good,472.0,F,48.0,82.0,0,0,0,0,0,0,0,0,0,1,0,1
PROP205403,25.0,Old,1871.0,D,59.0,61.0,1,0,1,0,1,0,0,0,0,1,0,0
PROP205404,31.0,Good,1752.0,E,77.0,38.0,1,0,0,0,0,0,0,0,0,1,1,1
PROP205405,,Good,2563.0,D,55.0,,0,0,0,1,0,0,1,0,0,0,0,0
PROP205406,27.0,New,1960.0,F,44.0,70.0,1,0,1,1,0,0,0,1,0,0,0,1
PROP205407,4.0,Good,3261.0,A,55.0,43.0,0,0,0,0,0,1,0,0,0,0,0,1
PROP205408,33.0,Needs Renovation,4908.0,A,95.0,32.0,1,0,0,1,1,0,0,0,1,0,1,0
PROP205409,25.0,Needs Renovation,3949.0,A,,,0,1,0,1,0,0,0,0,0,0,0,0
PROP205410,5.0,Good,3796.0,F,65.0,44.0,1,1,1,1,0,0,0,0,1,0,0,0
PROP205411,11.0,Old,1792.0,A,,53.0,0,1,0,1,0,1,0,0,1,0,1,0
PROP205412,6.0,Old,1433.0,E,64.0,42.0,0,0,0,1,1,0,0,0,0,1,1,1
PROP205413,1.0,Old,1372.0,B,40.0,46.0,0,0,0,1,0,1,0,0,0,1,0,0
PROP205414,14.0,Needs Renovation,2648.0,B,54.0,43.0,0,1,0,0,1,0,0,0,1,1,1,0
PROP205415,4.0,Old,2212.0,E,91.0,49.0,1,0,0,0,0,1,0,1,1,1,0,0
PROP205416,8.0,Old,2480.0,B,86.0,67.0,1,1,0,0,0,0,0,1,0,0,0,0
PROP205417,19.0,Needs Renovation,1629.0,F,48.0,91.0,0,0,0,0,0,1,0,0,0,0,1,1
PROP205418,,Good,3405.0,C,,79.0,1,0,0,0,0,0,1,1,0,1,1,0
PROP205419,38.0,New,2475.0,B,78.0,94.0,1,0,1,0,0,0,0,0,0,1,0,1
PROP205420,18.0,New,4312.0,A,52.0,69.0,1,0,0,0,1,0,0,1,1,0,1,0
PROP205421,32.0,Good,2722.0,D,60.0,44.0,0,0,1,0,0,1,0,0,0,0,1,0
PROP205422,27.0,Old,2311.0,C,48.0,83.0,1,0,1,1,0,0,1,1,0,0,0,0
PROP205423,9.0,Needs Renovation,2943.0,F,82.0,94.0,0,0,0,1,1,1,0,0,1,0,1,0
PROP205424,3.0,Good,2447.0,B,,39.0,1,1,0,0,0,0,0,0,0,0,0,0
PROP205425,32.0,Old,1985.0,B,92.0,46.0,0,0,1,0,0,0,0,0,0,1,1,0
PROP205426,23.0,New,3457.0,C,86.0,62.0,0,0,0,1,0,0,0,1,0,0,0,0
PROP205427,35.0,Good,3135.0,B,40.0,57.0,0,0,0,1,0,0,1,0,0,0,0,0
PROP205428,9.0,Old,3315.0,F,64.0,79.0,0,0,1,0,0,0,0,0,1,0,0,0
PROP205429,31.0,Good,2936.0,B,40.0,41.0,0,0,0,0,1,0,0,0,0,1,1,0
PROP205430,4.0,Old,1556.0,A,80.0,90.0,0,1,0,1,0,0,0,0,1,0,1,0
PROP205431,,Old,3153.0,F,53.0,71.0,1,1,1,1,0,0,1,0,0,0,0,0
PROP205432,20.0,Needs Renovation,599.0,B,62.0,42.0,0,0,0,1,1,1,0,0,0,1,0,0
PROP205433,27.0,New,3590.0,F,92.0,96.0,0,0,0,0,0,1,0,0,1,0,0,1
PROP205434,9.0,Needs Renovation,2835.0,B,43.0,94.0,0,1,0,0,1,0,0,1,0,1,1,0
PROP205435,30.0,Good,2583.0,B,66.0,34.0,0,0,1,0,0,0,0,1,0,0,0,0
PROP205436,15.0,Old,3571.0,E,86.0,34.0,0,0,1,0,0,0,0,0,0,1,0,1
PROP205437,7.0,Old,3414.0,F,48.0,62.0,0,0,0,0,1,0,1,0,1,1,1,0
PROP205438,30.0,New,4282.0,C,57.0,55.0,0,0,0,1,0,0,1,1,0,0,0,0
PROP205439,2.0,Old,2646.0,E,51.0,36.0,0,1,0,0,1,0,0,0,1,0,1,0
PROP205440,16.0,Old,3459.0,A,72.0,33.0,0,0,0,0,0,0,1,1,0,0,0,0
PROP205441,14.0,Old,2106.0,C,40.0,80.0,0,0,1,0,1,1,0,1,1,0,0,0
PROP205442,8.0,Old,1741.0,B,88.0,83.0,0,0,0,1,0,1,1,0,0,0,0,1
PROP205443,6.0,Good,1446.0,F,83.0,93.0,0,0,1,0,0,0,0,0,1,1,0,0
PROP205444,2.0,New,2875.0,D,50.0,31.0,0,0,0,0,1,1,1,1,0,0,1,0
PROP205445,1.0,Good,2038.0,A,61.0,61.0,0,0,0,1,0,0,1,1,1,0,1,0
PROP205446,10.0,New,885.0,F,48.0,94.0,1,0,1,1,0,0,0,0,0,0,1,0
PROP205447,11.0,New,2872.0,D,40.0,35.0,0,0,0,0,0,1,0,0,1,1,0,0
PROP205448,21.0,New,2758.0,C,99.0,75.0,1,1,0,0,0,0,0,0,0,0,0,0
PROP205449,27.0,Needs Renovation,3099.0,B,70.0,83.0,1,1,0,0,1,0,0,0,0,0,0,0
PROP205450,6.0,Needs Renovation,1928.0,B,86.0,71.0,1,0,1,0,0,0,0,1,0,0,0,0
PROP205451,34.0,Good,1263.0,E,,61.0,0,0,0,0,1,1,1,1,0,0,1,0
PROP205452,5.0,Needs Renovation,0.0,E,71.0,,0,0,0,0,1,1,1,0,0,0,0,0
PROP205453,21.0,Needs Renovation,2248.0,E,87.0,90.0,0,0,0,0,0,1,1,0,1,1,1,0
PROP205454,17.0,Needs Renovation,763.0,A,85.0,36.0,0,0,0,1,0,0,1,0,0,0,0,0
PROP205455,22.0,Old,2808.0,C,54.0,43.0,0,1,0,1,0,0,0,0,0,1,1,0
PROP205456,39.0,Old,2811.0,F,88.0,53.0,0,0,0,0,1,0,1,1,0,0,1,1
PROP205457,18.0,New,1447.0,F,86.0,81.0,0,0,1,0,0,0,0,0,0,0,1,1
PROP205458,37.0,Old,3608.0,C,40.0,78.0,0,0,0,0,0,0,0,0,0,1,1,0
PROP205459,3.0,New,1747.0,C,52.0,83.0,0,0,0,1,1,0,0,1,0,0,1,1
PROP205460,24.0,Needs Renovation,0.0,E,79.0,30.0,0,0,0,0,0,0,0,0,1,1,0,1
PROP205461,22.0,New,2480.0,C,42.0,43.0,0,0,0,0,1,0,0,1,0,1,1,0
PROP205462,30.0,Good,2324.0,C,63.0,42.0,1,0,0,0,1,1,0,0,0,1,1,0
PROP205463,11.0,Needs Renovation,1201.0,E,72.0,88.0,0,0,1,0,1,0,0,0,1,0,0,0
PROP205464,15.0,Old,0.0,A,95.0,71.0,0,0,0,0,1,0,0,0,0,0,0,1
PROP205465,20.0,Old,1940.0,C,79.0,41.0,0,0,1,1,1,0,0,0,0,0,0,0
PROP205466,11.0,Old,1915.0,A,97.0,57.0,0,0,0,1,0,0,0,0,1,1,0,0
PROP205467,17.0,New,3775.0,D,42.0,74.0,1,0,0,0,0,0,0,0,1,0,0,0
PROP205468,39.0,Needs Renovation,1908.0,A,92.0,39.0,0,0,1,1,0,1,0,0,0,1,0,0
PROP205469,21.0,Needs Renovation,3122.0,D,44.0,52.0,1,0,0,0,1,0,0,0,0,0,0,0
PROP205470,22.0,New,4076.0,F,88.0,40.0,0,0,1,0,0,0,1,1,0,1,0,1
PROP205471,5.0,New,2123.0,C,97.0,65.0,0,0,0,0,0,0,0,1,1,0,0,1
PROP205472,16.0,Old,2007.0,C,51.0,,0,0,0,0,0,1,0,0,0,0,0,1
PROP205473,35.0,New,4811.0,A,50.0,62.0,0,1,0,0,1,0,0,1,0,0,1,1
PROP205474,12.0,Needs Renovation,2602.0,F,83.0,45.0,0,0,1,1,0,1,0,0,0,0,0,1
PROP205475,34.0,Good,1808.0,F,99.0,,1,0,0,1,1,0,0,0,0,1,0,1
PROP205476,31.0,Old,1229.0,A,41.0,54.0,1,0,1,0,0,0,0,1,0,1,1,0
PROP205477,2.0,Needs Renovation,2145.0,C,58.0,50.0,0,0,0,0,0,0,0,1,1,0,0,1
PROP205478,6.0,New,2293.0,C,46.0,92.0,1,0,0,1,0,0,0,0,1,1,0,1
PROP205479,2.0,Needs Renovation,2184.0,A,92.0,31.0,1,1,1,0,0,0,0,0,0,1,0,0
PROP205480,0.0,Good,3869.0,C,98.0,,1,0,1,0,0,1,1,0,0,0,0,1
PROP205481,7.0,Old,2993.0,B,93.0,41.0,0,0,0,1,0,0,0,0,0,0,1,1
PROP205482,1.0,Needs Renovation,3597.0,E,61.0,,0,1,1,1,0,0,0,1,0,0,0,0
PROP205483,3.0,Good,1060.0,E,86.0,47.0,0,0,0,0,1,1,1,1,0,0,1,0
PROP205484,7.0,Old,4471.0,C,82.0,84.0,0,0,1,1,0,0,1,0,0,1,0,0
PROP205485,5.0,Good,3760.0,E,47.0,96.0,0,1,1,1,0,1,0,0,0,0,0,0
PROP205486,,Good,1998.0,D,48.0,49.0,0,1,0,1,0,1,0,0,1,1,0,0
PROP205487,36.0,Needs Renovation,2480.0,A,83.0,49.0,1,0,0,1,0,0,0,0,0,0,0,0
PROP205488,10.0,Needs Renovation,3581.0,C,93.0,47.0,0,1,0,0,0,0,0,0,1,0,0,0
PROP205489,22.0,Good,3493.0,B,60.0,75.0,0,0,0,0,1,1,0,0,1,1,1,0
PROP205490,2.0,Needs Renovation,2217.0,D,73.0,50.0,1,0,0,1,0,1,0,1,0,0,1,0
PROP205491,33.0,New,2179.0,F,94.0,,1,1,0,0,0,0,0,0,1,1,0,0
PROP205492,11.0,Needs Renovation,2549.0,A,,41.0,1,0,0,1,1,0,1,0,0,0,0,1
PROP205493,35.0,Needs Renovation,3961.0,A,,54.0,1,0,0,0,0,1,0,0,0,0,0,1
PROP205494,27.0,Old,912.0,E,98.0,53.0,1,0,0,0,0,0,0,0,0,0,1,0
PROP205495,7.0,New,2009.0,B,51.0,72.0,0,0,0,0,0,0,0,0,0,1,1,1
PROP205496,10.0,Needs Renovation,4070.0,D,87.0,90.0,0,0,1,1,0,0,0,1,0,1,0,0
PROP205497,1.0,Needs Renovation,2504.0,B,82.0,58.0,1,1,0,0,0,0,0,0,0,1,1,1
PROP205498,29.0,Good,2993.0,D,46.0,44.0,1,0,0,0,0,0,1,0,1,0,0,0
PROP205499,39.0,Needs Renovation,3297.0,D,63.0,41.0,1,0,0,0,1,0,1,0,1,1,0,0
PROP205500,5.0,Good,0.0,F,57.0,97.0,1,1,0,0,0,1,0,1,0,0,0,0
PROP205501,37.0,Old,3418.0,E,48.0,30.0,0,0,0,1,0,0,0,0,0,0,1,0
PROP205502,8.0,Needs Renovation,4985.0,D,,36.0,1,0,0,0,0,0,1,1,1,1,0,0
PROP205503,18.0,Needs Renovation,1781.0,A,74.0,39.0,0,0,0,0,1,0,1,0,0,0,1,0
PROP205504,23.0,Needs Renovation,2212.0,D,98.0,40.0,0,0,1,0,0,0,0,0,1,0,1,1
PROP205505,1.0,Old,3890.0,B,43.0,78.0,0,1,1,0,0,1,1,0,0,0,1,0
PROP205506,37.0,Needs Renovation,4423.0,F,73.0,50.0,0,0,0,0,0,1,1,0,0,0,0,0
PROP205507,8.0,Good,2248.0,B,59.0,31.0,0,0,1,0,0,1,0,0,0,0,1,1
PROP205508,33.0,Good,2795.0,F,41.0,53.0,0,0,1,0,0,0,0,0,0,1,0,1
PROP205509,35.0,Good,4684.0,D,77.0,60.0,0,0,0,1,0,0,0,1,0,1,0,0
PROP205510,37.0,Good,3157.0,E,80.0,48.0,0,0,0,0,1,0,1,0,1,1,0,1
PROP205511,23.0,New,2428.0,C,90.0,81.0,0,1,0,0,0,0,0,0,0,1,0,0
PROP205512,11.0,Good,4324.0,E,48.0,59.0,0,0,1,0,0,1,0,0,0,0,0,0
PROP205513,,New,2352.0,B,,68.0,1,1,1,0,0,0,0,0,0,0,1,1
PROP205514,13.0,Good,2327.0,C,66.0,82.0,0,0,0,1,0,0,0,0,1,0,0,0
PROP205515,17.0,Old,3248.0,D,67.0,55.0,1,0,0,0,0,1,0,0,0,0,1,0
PROP205516,16.0,New,2757.0,D,72.0,45.0,0,0,0,0,1,0,0,0,1,0,0,0
PROP205517,22.0,Needs Renovation,1490.0,F,58.0,44.0,0,0,0,1,0,1,0,0,0,1,1,0
PROP205518,35.0,Good,2480.0,B,95.0,60.0,0,0,1,0,0,1,1,0,1,0,0,0
PROP205519,6.0,Good,2480.0,B,82.0,81.0,0,0,0,0,0,1,0,0,1,0,0,0
PROP205520,19.0,Good,2249.0,C,80.0,49.0,1,0,0,1,1,0,0,0,0,0,0,0
PROP205521,,New,4535.0,F,98.0,52.0,1,0,0,0,0,1,0,0,1,0,0,1
PROP205522,26.0,Old,2453.0,B,73.0,39.0,0,0,0,0,1,0,1,0,0,0,0,0
PROP205523,25.0,New,762.0,A,55.0,41.0,0,0,0,1,0,1,0,0,1,0,0,0
PROP205524,25.0,Needs Renovation,3819.0,B,47.0,45.0,1,0,0,0,0,1,1,0,0,0,1,1
PROP205525,21.0,New,1015.0,B,51.0,44.0,0,1,0,1,1,0,0,1,1,0,0,0
PROP205526,19.0,New,3249.0,A,50.0,78.0,0,0,0,0,1,0,0,0,1,0,0,0
PROP205527,37.0,Needs Renovation,1128.0,C,77.0,60.0,0,0,0,1,0,0,0,0,1,0,0,0
PROP205528,36.0,Good,2208.0,B,59.0,88.0,0,0,0,0,0,1,0,0,1,1,0,0
PROP205529,4.0,Old,0.0,A,,,0,1,0,1,0,0,0,0,0,1,1,0
PROP205530,4.0,New,3232.0,D,64.0,96.0,0,0,0,0,0,0,0,1,0,0,1,0
PROP205531,38.0,Old,3424.0,C,58.0,67.0,1,0,0,0,0,0,1,0,0,0,0,0
PROP205532,2.0,Needs Renovation,1803.0,F,80.0,79.0,0,1,0,0,0,0,0,0,0,1,0,1
PROP205533,35.0,Needs Renovation,4276.0,A,77.0,56.0,1,0,0,0,1,0,1,1,0,1,0,0
PROP205534,11.0,Needs Renovation,2628.0,E,87.0,96.0,0,0,0,0,0,0,1,1,1,0,1,1
PROP205535,35.0,Needs Renovation,1329.0,D,65.0,97.0,0,1,0,0,1,0,0,0,1,1,0,0
PROP205536,15.0,Needs Renovation,2887.0,A,69.0,95.0,0,0,0,1,0,0,1,1,0,0,0,1
PROP205537,33.0,Needs Renovation,2179.0,C,94.0,97.0,0,1,0,0,1,0,0,1,0,1,1,0
PROP205538,29.0,Good,1562.0,F,41.0,54.0,0,0,0,1,0,0,0,0,1,0,1,0
PROP205539,32.0,Good,3243.0,C,89.0,,0,0,0,0,0,0,0,0,0,1,1,0
PROP205540,27.0,Needs Renovation,3738.0,D,61.0,74.0,0,0,0,0,0,0,0,0,0,0,1,1
PROP205541,6.0,Good,3794.0,F,72.0,99.0,0,0,0,0,0,1,1,1,0,1,0,0
PROP205542,5.0,Old,1088.0,F,,35.0,0,0,0,0,0,0,1,1,0,1,1,0
PROP205543,2.0,New,1330.0,C,98.0,58.0,0,0,0,0,0,0,0,0,0,0,1,1
PROP205544,31.0,Old,2809.0,E,50.0,79.0,0,0,0,0,0,1,0,0,0,0,1,0
PROP205545,19.0,Good,4290.0,E,49.0,86.0,0,0,0,1,0,0,0,0,0,1,0,0
PROP205546,24.0,Good,1469.0,F,58.0,86.0,0,0,0,0,1,0,0,0,0,0,1,0
PROP205547,31.0,Good,2122.0,C,84.0,95.0,0,0,0,1,0,1,0,1,0,0,1,0
PROP205548,7.0,New,2968.0,E,,44.0,1,0,0,1,1,1,0,0,0,0,0,0
PROP205549,36.0,Good,3949.0,E,70.0,40.0,0,1,0,1,0,1,1,0,0,0,0,0
PROP205550,25.0,Old,1892.0,F,40.0,78.0,1,0,0,0,1,1,0,0,0,1,0,1
PROP205551,29.0,Needs Renovation,2632.0,D,82.0,41.0,0,1,0,1,0,0,0,0,0,1,0,1
PROP205552,9.0,Needs Renovation,2442.0,E,75.0,35.0,0,0,0,0,0,1,1,0,0,0,0,0
PROP205553,27.0,Needs Renovation,540.0,B,53.0,65.0,0,0,0,1,1,0,1,0,0,0,0,0
PROP205554,22.0,Old,1381.0,C,95.0,65.0,1,0,0,0,0,0,1,0,0,0,0,0
PROP205555,32.0,Old,713.0,E,85.0,80.0,0,0,1,0,0,1,1,0,0,0,0,0
PROP205556,8.0,Old,3903.0,A,75.0,,0,0,0,1,0,0,0,1,1,0,0,0
PROP205557,3.0,New,3334.0,D,46.0,,1,0,0,1,1,0,1,0,0,0,0,0
PROP205558,30.0,Good,4821.0,D,64.0,83.0,0,0,0,0,0,0,0,0,1,1,0,0
PROP205559,32.0,Needs Renovation,2639.0,F,86.0,66.0,0,1,1,0,1,0,0,0,0,0,0,0
PROP205560,8.0,Good,1924.0,B,99.0,41.0,1,0,0,0,0,0,0,1,0,0,1,1
PROP205561,11.0,Old,492.0,B,87.0,83.0,0,1,0,0,0,0,0,0,0,1,0,0
PROP205562,36.0,Needs Renovation,3104.0,D,52.0,86.0,1,0,0,0,0,1,0,1,0,0,1,1
PROP205563,37.0,New,2692.0,D,82.0,86.0,0,1,0,0,0,0,0,0,0,0,1,0
PROP205564,21.0,Needs Renovation,4500.0,F,76.0,97.0,0,0,0,1,1,1,0,0,0,0,1,0
PROP205565,29.0,Needs Renovation,1426.0,D,62.0,59.0,0,0,0,0,1,0,0,0,0,0,0,1
PROP205566,17.0,Good,905.0,C,93.0,55.0,0,0,0,1,0,0,0,0,1,0,1,0
PROP205567,34.0,Old,2473.0,D,90.0,72.0,1,0,1,1,0,0,0,1,1,0,0,0
PROP205568,4.0,New,1316.0,E,64.0,71.0,0,0,0,0,0,0,0,1,0,1,0,0
PROP205569,23.0,Good,2102.0,A,62.0,32.0,1,1,0,1,0,1,0,1,0,0,0,0
PROP205570,33.0,Old,2276.0,B,77.0,90.0,0,0,0,0,0,0,0,0,0,0,1,1
PROP205571,14.0,Old,2292.0,D,93.0,51.0,0,0,1,1,0,0,1,0,0,0,1,1
PROP205572,28.0,Good,3388.0,A,60.0,30.0,0,1,1,1,1,0,0,0,0,1,0,0
PROP205573,34.0,Good,2449.0,F,88.0,56.0,0,0,1,0,0,0,0,0,1,0,0,1
PROP205574,13.0,Old,1693.0,B,61.0,47.0,0,0,0,1,0,0,0,0,0,1,0,0
PROP205575,6.0,Good,1537.0,C,70.0,44.0,0,1,0,1,0,1,0,0,0,0,0,0
PROP205576,14.0,Good,1175.0,D,89.0,79.0,0,1,0,1,0,0,0,0,1,0,0,0
PROP205577,18.0,New,891.0,F,80.0,46.0,0,0,0,0,0,1,1,0,1,0,0,0
PROP205578,,New,3998.0,D,73.0,34.0,0,0,0,0,0,1,1,0,1,1,0,1
PROP205579,13.0,New,2540.0,E,92.0,78.0,1,0,0,1,0,0,0,1,1,0,0,1
PROP205580,35.0,New,1793.0,B,74.0,39.0,0,0,0,0,0,1,0,1,1,0,0,1
PROP205581,25.0,Old,1269.0,D,44.0,73.0,1,0,0,0,0,0,0,1,0,1,0,0
PROP205582,26.0,Needs Renovation,2480.0,C,84.0,74.0,1,0,0,0,0,1,0,1,0,1,1,0
PROP205583,13.0,Good,1706.0,A,,71.0,1,0,0,0,1,0,0,0,1,0,0,0
PROP205584,2.0,Good,2462.0,B,41.0,33.0,0,0,0,0,0,0,0,1,1,0,0,0
PROP205585,25.0,Good,2480.0,B,90.0,88.0,0,0,1,0,0,0,0,0,0,0,1,0
PROP205586,21.0,Good,2480.0,F,87.0,92.0,1,0,0,0,1,0,0,1,0,1,0,0
PROP205587,29.0,Good,3255.0,E,62.0,56.0,1,1,0,0,0,1,0,0,0,0,1,1
PROP205588,1.0,Good,730.0,D,48.0,99.0,0,1,1,1,0,0,1,0,0,0,0,0
PROP205589,23.0,New,2480.0,C,63.0,33.0,1,1,0,0,0,0,0,0,0,0,0,1
PROP205590,15.0,New,2480.0,E,88.0,47.0,0,0,0,1,0,0,0,0,0,0,1,0
PROP205591,11.0,New,0.0,D,57.0,48.0,0,0,1,0,0,0,0,0,0,0,1,0
PROP205592,22.0,New,3441.0,D,44.0,85.0,0,0,0,0,0,0,0,1,1,0,0,1
PROP205593,1.0,New,2868.0,A,66.0,40.0,0,0,0,1,0,0,1,0,1,0,0,0
PROP205594,28.0,Good,1915.0,B,,57.0,1,0,0,0,0,0,0,1,1,0,1,0
PROP205595,16.0,Old,1954.0,A,97.0,73.0,0,0,1,0,0,1,0,0,1,1,0,1
PROP205596,21.0,New,1743.0,E,43.0,99.0,1,0,0,0,1,0,0,0,0,0,0,0
PROP205597,15.0,Needs Renovation,3739.0,A,95.0,56.0,0,1,0,0,1,1,0,0,0,0,0,1
PROP205598,38.0,New,2788.0,C,73.0,83.0,1,1,1,1,0,1,0,0,0,0,0,0
PROP205599,9.0,Old,2785.0,D,74.0,54.0,0,1,1,0,1,0,0,0,0,1,0,1
PROP205600,1.0,New,1455.0,B,51.0,41.0,1,1,0,0,0,0,0,0,1,1,0,0
PROP205601,23.0,New,3287.0,C,53.0,71.0,0,0,1,0,0,1,1,1,0,0,1,0
PROP205602,2.0,Needs Renovation,4533.0,E,44.0,,0,0,0,0,1,1,0,0,0,0,0,0
PROP205603,,Needs Renovation,3511.0,B,57.0,64.0,0,0,0,0,1,0,1,0,1,0,0,1
PROP205604,3.0,Needs Renovation,3593.0,F,53.0,62.0,0,0,1,0,0,0,1,0,1,0,0,0
PROP205605,36.0,Old,966.0,B,56.0,73.0,1,0,0,0,0,0,1,1,1,0,0,0
PROP205606,0.0,New,2480.0,D,78.0,32.0,1,0,1,0,0,0,0,0,0,0,0,0
PROP205607,,Good,2422.0,E,62.0,35.0,1,0,0,1,0,0,0,0,0,0,0,1
PROP205608,20.0,Good,1901.0,F,48.0,31.0,0,0,0,0,1,0,0,0,0,0,1,1
PROP205609,4.0,Good,4680.0,D,84.0,34.0,0,0,0,0,0,1,0,0,0,0,0,1
PROP205610,34.0,Old,2480.0,C,92.0,99.0,0,0,1,0,1,1,0,0,0,0,0,0
PROP205611,24.0,Needs Renovation,1721.0,D,55.0,66.0,0,0,0,0,1,0,0,1,0,0,0,0
PROP205612,10.0,Old,2894.0,A,43.0,35.0,0,0,1,1,0,0,0,0,0,0,1,0
PROP205613,11.0,Good,3078.0,D,,,0,0,0,1,0,1,0,0,0,0,0,0
PROP205614,18.0,Good,5022.0,C,98.0,39.0,0,0,1,1,0,0,0,0,0,1,1,1
PROP205615,30.0,New,1281.0,B,80.0,72.0,0,0,1,0,0,0,0,0,0,1,0,0
PROP205616,27.0,New,4349.0,D,55.0,71.0,0,0,0,0,0,1,1,0,1,0,0,0
PROP205617,35.0,Good,1536.0,C,83.0,51.0,1,1,0,0,0,0,1,0,1,0,1,0
PROP205618,37.0,Good,715.0,A,80.0,72.0,1,1,0,0,0,0,0,0,0,0,0,0
PROP205619,39.0,New,4345.0,F,91.0,51.0,0,0,0,1,1,1,1,0,0,0,0,1
PROP205620,35.0,Good,2164.0,B,44.0,52.0,0,1,0,0,0,0,1,0,0,1,0,0
PROP205621,39.0,Good,1991.0,B,51.0,94.0,0,0,0,1,0,0,0,0,0,0,0,1
PROP205622,2.0,New,960.0,A,88.0,39.0,0,0,0,0,0,1,1,0,0,1,0,0
PROP205623,23.0,New,2004.0,D,60.0,79.0,1,0,1,0,0,0,1,1,0,1,0,0
PROP205624,32.0,Needs Renovation,704.0,B,60.0,63.0,0,0,1,0,1,0,0,0,0,1,0,0
PROP205625,24.0,New,3210.0,A,99.0,32.0,0,1,0,0,1,0,1,0,1,1,0,0
PROP205626,30.0,Good,2480.0,E,56.0,47.0,0,0,0,0,1,1,1,0,0,1,0,1
PROP205627,12.0,Good,3572.0,E,80.0,70.0,1,1,0,0,1,0,0,1,1,0,0,0
PROP205628,32.0,Good,2621.0,A,43.0,77.0,1,0,0,0,1,0,0,0,0,1,1,1
PROP205629,1.0,New,1294.0,C,84.0,67.0,0,0,0,0,1,0,1,0,0,0,0,0
PROP205630,33.0,Good,2025.0,C,,56.0,0,0,0,0,0,0,1,1,1,1,0,0
PROP205631,30.0,Needs Renovation,1805.0,D,81.0,84.0,0,0,0,0,0,0,0,0,1,1,0,0
PROP205632,1.0,New,2744.0,A,42.0,52.0,0,1,0,0,1,1,0,0,0,0,1,1
PROP205633,12.0,Old,778.0,C,48.0,67.0,1,1,0,0,1,0,0,0,1,0,1,0
PROP205634,16.0,Needs Renovation,3429.0,C,41.0,68.0,0,1,0,1,1,0,0,0,0,0,1,0
PROP205635,21.0,New,4299.0,B,61.0,55.0,0,1,1,0,1,0,0,0,0,0,0,1
PROP205636,15.0,Old,2610.0,A,79.0,88.0,1,0,0,1,0,0,1,0,1,1,0,0
PROP205637,13.0,New,4094.0,F,87.0,76.0,1,0,0,1,0,0,0,0,0,0,0,1
PROP205638,22.0,Good,1904.0,D,,40.0,0,0,0,1,0,0,1,0,0,0,0,0
PROP205639,19.0,New,1661.0,C,56.0,63.0,1,0,0,0,1,0,0,0,0,0,0,0
PROP205640,20.0,Good,2154.0,B,,32.0,0,1,0,0,1,0,0,0,0,0,0,0
PROP205641,33.0,New,2100.0,B,48.0,60.0,0,0,0,0,0,1,1,0,1,0,1,0
PROP205642,29.0,New,2999.0,C,71.0,94.0,0,0,1,1,0,0,0,0,1,0,1,0
PROP205643,18.0,New,2224.0,E,82.0,37.0,0,0,0,0,1,1,1,0,1,1,0,0
PROP205644,19.0,Needs Renovation,3611.0,E,42.0,69.0,1,1,0,0,0,0,0,1,0,0,0,1
PROP205645,12.0,New,2505.0,C,56.0,76.0,1,1,1,0,0,0,1,0,0,0,1,0
PROP205646,13.0,Old,2372.0,F,86.0,84.0,1,0,0,0,0,0,0,1,0,1,1,0
PROP205647,16.0,New,788.0,C,54.0,73.0,0,1,0,1,1,0,0,0,1,0,0,1
PROP205648,26.0,New,2041.0,F,53.0,70.0,0,0,0,0,1,1,0,0,1,1,0,0
PROP205649,17.0,Needs Renovation,2900.0,D,72.0,86.0,1,0,1,1,1,0,0,0,0,0,0,0
PROP205650,33.0,Old,3995.0,A,92.0,67.0,0,0,0,0,0,1,0,1,0,0,0,0
PROP205651,19.0,Good,0.0,F,53.0,82.0,1,0,0,0,0,0,0,0,1,1,1,1
PROP205652,37.0,Needs Renovation,160.0,F,96.0,46.0,1,0,1,0,1,0,0,0,0,1,0,1
PROP205653,5.0,New,0.0,A,80.0,86.0,0,1,0,0,0,0,0,0,0,0,0,1
PROP205654,34.0,Old,4196.0,E,62.0,30.0,0,0,0,0,0,1,1,0,1,1,0,0
PROP205655,0.0,Good,2480.0,A,89.0,44.0,1,0,0,1,0,0,0,0,0,1,1,0
PROP205656,34.0,New,3147.0,E,75.0,82.0,0,1,1,0,0,0,0,1,0,0,0,0
PROP205657,4.0,Needs Renovation,1228.0,C,68.0,90.0,0,0,1,1,0,0,0,0,1,0,1,0
PROP205658,36.0,Good,2572.0,C,75.0,32.0,0,1,0,0,1,0,0,0,0,0,0,1
PROP205659,39.0,New,1074.0,C,42.0,33.0,1,0,0,0,0,0,1,0,0,0,0,0
PROP205660,27.0,Needs Renovation,1826.0,F,86.0,80.0,0,0,1,0,1,0,1,0,1,1,0,0
PROP205661,5.0,Needs Renovation,1277.0,C,60.0,,0,0,1,1,0,0,0,0,0,0,0,1
PROP205662,34.0,Needs Renovation,2879.0,F,43.0,88.0,1,1,0,0,0,0,0,0,0,0,0,1
PROP205663,24.0,Good,3919.0,B,42.0,44.0,0,0,1,0,0,0,0,0,1,0,0,0
PROP205664,6.0,New,3009.0,C,45.0,85.0,0,1,0,1,0,1,0,1,0,0,0,0
PROP205665,14.0,Needs Renovation,2345.0,C,61.0,74.0,0,0,1,1,0,0,0,0,1,1,0,1
PROP205666,20.0,Needs Renovation,3231.0,D,53.0,36.0,0,0,0,0,0,0,0,0,0,1,0,1
PROP205667,2.0,Needs Renovation,3136.0,F,95.0,65.0,1,0,0,1,0,0,0,0,1,0,0,0
PROP205668,34.0,Good,2160.0,D,67.0,30.0,0,0,0,0,1,0,0,1,1,0,0,1
PROP205669,31.0,Needs Renovation,2963.0,A,82.0,43.0,0,0,1,0,0,0,0,0,0,0,0,1
PROP205670,5.0,Good,1036.0,B,89.0,75.0,0,0,0,0,0,1,0,1,0,0,1,0
PROP205671,8.0,Old,3455.0,A,86.0,87.0,0,0,0,1,0,1,0,1,0,0,1,1
PROP205672,39.0,New,1720.0,C,72.0,70.0,0,1,1,0,0,0,0,0,1,0,0,0
PROP205673,15.0,Needs Renovation,4952.0,C,86.0,80.0,0,0,0,0,1,0,0,1,0,0,0,1
PROP205674,9.0,New,2753.0,E,43.0,40.0,1,0,0,0,0,0,0,0,0,0,1,0
PROP205675,0.0,Old,5060.0,D,42.0,86.0,0,0,0,0,1,0,1,1,0,0,0,0
PROP205676,33.0,Good,2951.0,B,86.0,97.0,1,0,0,0,1,0,0,0,0,1,1,0
PROP205677,,New,1606.0,C,97.0,63.0,0,1,0,0,0,0,0,0,0,0,0,1
PROP205678,23.0,New,2480.0,F,69.0,82.0,0,1,0,0,0,1,0,0,0,0,0,0
PROP205679,21.0,Needs Renovation,2480.0,D,81.0,75.0,1,1,0,0,0,0,0,1,1,0,0,1
PROP205680,30.0,Needs Renovation,1512.0,E,88.0,92.0,1,1,1,1,1,0,0,0,0,0,0,0
PROP205681,8.0,Good,4887.0,F,,43.0,0,0,1,0,0,0,0,0,0,0,1,0
PROP205682,20.0,Old,2994.0,E,85.0,64.0,0,0,0,1,1,0,1,0,0,1,0,0
PROP205683,38.0,New,3628.0,A,76.0,60.0,0,0,1,0,0,0,0,1,0,0,1,1
PROP205684,20.0,New,171.0,F,79.0,96.0,0,1,0,0,1,0,0,0,0,0,0,1
PROP205685,24.0,Good,1227.0,E,73.0,,0,0,0,1,0,0,0,0,0,1,0,0
PROP205686,39.0,New,2840.0,A,87.0,70.0,0,0,1,0,1,0,0,1,1,0,1,0
PROP205687,29.0,Needs Renovation,1755.0,A,42.0,73.0,1,1,0,1,0,0,1,0,0,0,0,0
PROP205688,,New,2596.0,B,,70.0,0,0,1,0,0,0,1,1,0,1,0,0
PROP205689,31.0,Needs Renovation,3373.0,B,85.0,96.0,0,0,0,0,1,1,0,0,0,0,1,0
PROP205690,0.0,New,2147.0,E,53.0,,1,0,0,0,1,0,0,0,0,0,1,0
PROP205691,19.0,Good,4863.0,A,65.0,70.0,0,0,0,0,1,0,0,0,0,1,1,0
PROP205692,3.0,Good,3197.0,B,58.0,40.0,1,0,0,0,1,0,0,1,0,0,1,0
PROP205693,5.0,New,4216.0,A,55.0,98.0,0,1,0,0,0,0,0,1,1,0,0,0
PROP205694,28.0,Old,2711.0,D,82.0,33.0,0,1,0,0,0,1,0,1,0,0,0,0
PROP205695,16.0,New,1856.0,C,89.0,50.0,0,0,0,1,0,0,1,1,0,1,1,0
PROP205696,4.0,Old,2343.0,C,83.0,40.0,0,0,1,0,0,0,0,0,1,0,0,0
PROP205697,24.0,Old,3312.0,B,56.0,52.0,0,0,0,0,1,0,1,1,0,0,0,1
PROP205698,37.0,Good,295.0,B,69.0,78.0,0,0,0,0,0,0,0,0,1,1,0,1
PROP205699,14.0,New,1586.0,B,59.0,44.0,0,0,0,0,1,0,0,1,0,0,0,1
PROP205700,38.0,Old,1959.0,C,94.0,90.0,0,0,1,0,0,1,1,0,0,0,1,1
PROP205701,28.0,New,2938.0,B,44.0,94.0,0,1,1,0,0,1,1,0,0,0,1,0
PROP205702,22.0,Needs Renovation,1488.0,E,79.0,85.0,0,0,0,1,0,0,0,0,1,0,0,1
PROP205703,5.0,Needs Renovation,1686.0,C,76.0,43.0,0,0,1,1,0,0,1,0,1,1,0,0
PROP205704,31.0,New,1942.0,A,,59.0,0,0,0,1,0,1,0,0,0,0,0,0
PROP205705,37.0,Old,2313.0,D,79.0,95.0,0,1,0,0,0,0,0,1,0,0,0,0
PROP205706,16.0,Good,2166.0,F,79.0,40.0,0,0,0,0,1,0,0,0,0,1,1,1
PROP205707,28.0,New,2653.0,B,48.0,70.0,1,0,0,1,1,0,0,1,0,0,1,0
PROP205708,0.0,Needs Renovation,3584.0,B,,93.0,1,0,0,0,0,0,0,1,0,0,1,1
PROP205709,35.0,Old,832.0,B,43.0,,0,1,1,0,0,1,0,0,1,0,0,0
PROP205710,21.0,Good,3403.0,C,73.0,98.0,1,1,0,0,0,0,0,0,0,0,0,0
PROP205711,13.0,Good,2483.0,F,85.0,83.0,0,1,0,0,0,0,0,0,1,0,1,0
PROP205712,33.0,New,4202.0,F,91.0,85.0,0,1,0,0,1,0,0,0,0,0,0,1
PROP205713,18.0,Good,3242.0,C,42.0,65.0,1,1,0,0,0,0,0,0,0,0,0,1
PROP205714,15.0,Old,2117.0,C,61.0,80.0,0,0,0,1,0,1,0,0,1,1,1,0
PROP205715,11.0,Old,1101.0,C,48.0,82.0,0,0,0,0,0,1,0,0,0,1,0,0
PROP205716,37.0,Needs Renovation,0.0,A,82.0,72.0,1,0,0,0,0,1,1,0,0,0,0,0
PROP205717,26.0,Old,4194.0,A,,59.0,0,0,0,0,1,0,0,1,0,0,0,0
PROP205718,6.0,Good,2793.0,C,55.0,63.0,1,0,0,1,0,1,0,0,0,0,0,0
PROP205719,32.0,Good,1744.0,B,48.0,41.0,0,0,0,1,1,1,0,0,1,0,1,0
PROP205720,33.0,Old,2186.0,A,69.0,40.0,0,0,0,0,0,0,1,0,0,0,1,0
PROP205721,0.0,Needs Renovation,1221.0,A,98.0,40.0,0,1,0,1,0,0,0,0,0,0,0,0
PROP205722,22.0,New,2835.0,C,60.0,80.0,0,0,0,1,0,0,0,0,0,0,0,1
PROP205723,32.0,Old,1395.0,E,78.0,78.0,0,0,0,1,0,1,1,0,0,0,0,0
PROP205724,8.0,Good,3199.0,E,56.0,37.0,1,0,0,0,1,0,0,0,0,1,1,1
PROP205725,2.0,Needs Renovation,945.0,E,54.0,81.0,0,1,0,1,1,0,0,0,0,0,0,0
PROP205726,39.0,Good,1069.0,B,,97.0,0,1,1,0,0,1,1,0,1,0,0,0
PROP205727,1.0,Old,2809.0,D,52.0,54.0,1,1,0,1,0,1,1,0,0,0,0,0
PROP205728,25.0,New,2659.0,B,70.0,71.0,0,1,0,1,0,0,0,0,1,0,0,0
PROP205729,5.0,Needs Renovation,2255.0,B,81.0,45.0,1,0,0,0,1,0,0,0,1,0,0,0
PROP205730,2.0,Needs Renovation,4020.0,A,47.0,87.0,0,0,0,1,0,0,0,0,0,0,0,1
PROP205731,20.0,Good,2566.0,F,56.0,49.0,1,0,0,0,0,0,0,0,1,0,1,0
PROP205732,0.0,Old,655.0,F,63.0,52.0,0,0,1,0,0,0,1,1,0,0,1,0
PROP205733,5.0,Old,2836.0,C,78.0,76.0,0,1,1,0,1,0,0,1,0,0,1,0
PROP205734,6.0,Good,472.0,E,91.0,76.0,0,1,0,0,1,0,0,0,0,0,0,0
PROP205735,32.0,Old,2789.0,D,58.0,96.0,0,0,0,0,0,0,0,1,0,0,1,0
PROP205736,9.0,Good,2484.0,B,44.0,77.0,1,0,0,0,0,0,0,0,0,0,0,1
PROP205737,0.0,Old,566.0,D,55.0,47.0,0,1,0,1,0,0,0,0,0,1,0,0
PROP205738,16.0,New,4074.0,C,44.0,57.0,0,1,1,0,0,0,0,0,1,0,1,0
PROP205739,30.0,Needs Renovation,971.0,B,49.0,,0,1,0,0,0,0,1,0,0,0,0,0
PROP205740,3.0,New,2488.0,C,77.0,85.0,0,1,0,0,0,0,0,1,0,1,0,1
PROP205741,29.0,Good,2474.0,A,63.0,,0,0,0,0,0,1,0,1,0,0,0,0
PROP205742,,New,2692.0,B,98.0,34.0,0,0,1,0,0,0,0,0,1,0,1,1
PROP205743,11.0,New,3280.0,B,44.0,85.0,1,0,0,0,0,0,0,0,1,0,0,0
PROP205744,32.0,Old,2230.0,A,68.0,58.0,0,0,1,1,1,0,0,0,0,1,1,0
PROP205745,7.0,Old,3336.0,D,63.0,52.0,0,1,0,0,1,1,1,0,0,0,0,1
PROP205746,6.0,New,3997.0,D,82.0,65.0,1,0,0,1,0,0,0,0,1,0,1,0
PROP205747,26.0,Needs Renovation,2049.0,E,97.0,52.0,0,0,0,0,0,1,0,0,1,0,0,0
PROP205748,3.0,Needs Renovation,2806.0,E,75.0,67.0,1,0,0,1,0,0,0,0,1,0,1,1
PROP205749,0.0,Needs Renovation,1503.0,E,99.0,76.0,0,0,1,0,0,0,1,1,0,0,0,0
PROP205750,16.0,New,1984.0,E,,36.0,0,0,0,0,0,0,1,0,0,1,0,0
PROP205751,26.0,Good,1583.0,B,97.0,60.0,0,1,1,0,1,0,0,0,0,1,0,0
PROP205752,10.0,New,2480.0,A,59.0,83.0,1,0,0,0,0,0,0,0,0,0,0,1
PROP205753,0.0,New,4496.0,E,90.0,77.0,0,0,0,1,0,0,0,1,0,1,0,0
PROP205754,16.0,Good,2623.0,A,68.0,81.0,1,0,1,0,0,0,0,0,0,0,0,0
PROP205755,28.0,New,1404.0,B,81.0,48.0,1,1,0,0,1,0,1,0,0,0,0,1
PROP205756,12.0,New,3751.0,B,84.0,70.0,0,1,1,0,0,0,0,0,0,1,0,1
PROP205757,22.0,Good,2407.0,A,71.0,91.0,0,0,0,1,1,0,0,0,0,0,0,1
PROP205758,,Good,3627.0,F,56.0,69.0,1,1,1,1,0,0,0,0,0,0,0,1
PROP205759,19.0,Old,3445.0,F,63.0,99.0,0,0,0,1,0,0,0,0,0,0,0,1
PROP205760,22.0,Old,2217.0,B,42.0,58.0,0,0,0,0,0,0,0,0,1,1,0,0
PROP205761,35.0,Old,2298.0,B,90.0,87.0,1,0,0,1,0,0,1,0,0,0,0,0
PROP205762,,Good,2449.0,F,75.0,62.0,0,0,0,0,0,0,1,0,0,0,1,0
PROP205763,,Good,2173.0,F,79.0,35.0,1,0,0,0,0,0,1,0,0,0,0,1
PROP205764,36.0,Needs Renovation,2830.0,F,94.0,35.0,1,1,0,0,1,1,1,0,0,0,0,0
PROP205765,15.0,New,2500.0,C,56.0,46.0,0,0,0,1,0,0,0,0,0,1,0,1
PROP205766,26.0,Good,2527.0,D,92.0,89.0,0,0,1,0,1,1,0,0,0,0,0,0
PROP205767,35.0,New,1854.0,A,99.0,84.0,1,0,0,1,0,1,0,0,0,1,0,1
PROP205768,14.0,Good,3185.0,D,58.0,41.0,0,0,0,1,0,0,1,1,0,0,0,1
PROP205769,36.0,Good,1527.0,C,45.0,96.0,1,0,1,0,0,0,0,0,0,0,0,0
PROP205770,36.0,Old,2539.0,F,71.0,55.0,1,0,1,0,0,1,0,0,0,1,0,1
PROP205771,15.0,Old,2433.0,F,57.0,37.0,0,0,0,1,0,0,0,0,0,0,0,1
PROP205772,15.0,Needs Renovation,1238.0,A,83.0,73.0,1,1,0,0,0,0,0,0,0,0,0,0
PROP205773,0.0,New,1394.0,F,96.0,,0,0,0,0,1,1,1,0,1,0,0,0
PROP205774,28.0,New,3163.0,A,43.0,70.0,0,1,0,1,1,0,1,0,0,1,0,0
PROP205775,32.0,Old,4549.0,E,72.0,92.0,1,0,0,0,0,0,0,0,0,1,0,0
PROP205776,27.0,Good,2480.0,B,,56.0,1,0,1,1,0,0,1,0,0,1,0,0
PROP205777,39.0,Old,3839.0,B,79.0,33.0,0,1,0,1,0,0,0,0,0,0,1,0
PROP205778,31.0,New,3050.0,B,43.0,43.0,0,0,1,0,0,0,1,1,0,0,0,1
PROP205779,10.0,Good,1532.0,F,85.0,75.0,1,0,0,0,1,0,0,0,0,0,1,1
PROP205780,3.0,New,2291.0,D,73.0,86.0,0,0,1,0,0,0,0,0,0,1,0,0
PROP205781,22.0,Old,2631.0,B,62.0,33.0,0,1,1,0,0,1,0,0,0,0,0,1
PROP205782,11.0,New,1702.0,D,67.0,99.0,1,1,0,0,0,0,1,0,1,0,0,1
PROP205783,29.0,Good,3298.0,D,73.0,79.0,0,0,0,0,1,0,1,0,0,0,0,0
PROP205784,37.0,Old,3001.0,A,60.0,82.0,1,0,0,0,1,0,0,0,1,0,0,0
PROP205785,8.0,Good,3356.0,C,,43.0,1,0,0,0,0,0,0,0,0,0,0,1
PROP205786,0.0,Good,3144.0,D,95.0,95.0,0,0,0,0,0,1,0,0,0,0,0,1
PROP205787,18.0,Good,2291.0,D,88.0,80.0,1,0,0,1,0,1,0,0,0,0,0,0
PROP205788,3.0,Needs Renovation,3999.0,B,44.0,36.0,0,0,1,0,0,0,0,0,0,0,1,0
PROP205789,15.0,New,256.0,F,58.0,82.0,1,0,1,1,1,1,0,0,0,0,0,0
PROP205790,35.0,New,3904.0,F,50.0,,0,1,1,0,0,0,1,0,0,0,1,0
PROP205791,16.0,Old,3389.0,C,97.0,42.0,0,0,1,1,0,0,1,0,0,0,1,1
PROP205792,14.0,New,1061.0,D,86.0,92.0,0,1,0,0,0,0,0,0,1,0,0,0
PROP205793,16.0,New,760.0,A,66.0,47.0,0,0,0,0,0,0,1,1,1,0,0,0
PROP205794,24.0,Good,1908.0,C,44.0,56.0,1,0,0,1,1,0,0,0,1,0,0,0
PROP205795,36.0,Good,1750.0,F,58.0,73.0,0,1,0,0,0,0,0,0,0,1,1,1
PROP205796,37.0,Needs Renovation,3591.0,D,69.0,,0,1,1,0,0,1,0,0,0,0,0,1
PROP205797,32.0,Good,1474.0,C,69.0,80.0,0,1,0,0,0,0,0,0,0,0,0,1
PROP205798,,Old,2785.0,C,52.0,63.0,0,1,1,0,0,0,0,0,0,0,1,0
PROP205799,8.0,Good,2564.0,A,40.0,99.0,0,0,1,1,0,0,1,1,0,0,0,1
PROP205800,26.0,Good,1000.0,B,81.0,75.0,1,0,0,0,1,0,1,0,0,0,1,1
PROP205801,13.0,Old,1965.0,C,61.0,77.0,0,0,0,0,0,1,0,1,0,0,0,0
PROP205802,12.0,New,2273.0,D,41.0,35.0,0,0,1,0,0,1,0,1,0,1,0,0
PROP205803,34.0,Good,2598.0,C,80.0,93.0,1,0,0,0,0,0,0,0,0,0,1,0
PROP205804,10.0,Good,1689.0,B,94.0,30.0,1,1,0,0,1,1,0,0,0,0,1,0
PROP205805,,Good,1417.0,D,82.0,55.0,0,1,1,0,1,0,0,1,0,1,0,0
PROP205806,11.0,New,4279.0,C,71.0,66.0,0,0,0,0,0,1,0,0,0,1,1,1
PROP205807,28.0,Good,3115.0,C,42.0,,0,1,0,0,0,1,1,0,0,1,0,1
PROP205808,7.0,New,1512.0,D,70.0,97.0,1,1,0,0,1,1,0,0,0,0,0,0
PROP205809,6.0,Good,3457.0,D,62.0,80.0,0,0,1,1,0,0,0,1,0,1,0,0
PROP205810,20.0,Old,667.0,A,81.0,68.0,0,1,0,0,0,1,1,0,1,0,0,1
PROP205811,14.0,Good,2189.0,A,51.0,47.0,0,0,0,1,1,1,0,1,0,1,0,0
PROP205812,31.0,Good,295.0,B,,86.0,0,0,0,1,1,0,0,1,1,0,0,1
PROP205813,33.0,Needs Renovation,2271.0,B,78.0,74.0,1,0,0,1,1,0,1,0,0,0,0,0
PROP205814,3.0,Good,2538.0,F,,99.0,1,0,1,0,0,0,0,1,0,0,1,1
PROP205815,11.0,Needs Renovation,331.0,B,58.0,61.0,0,0,0,1,0,1,1,0,0,0,1,1
PROP205816,17.0,Needs Renovation,1584.0,F,44.0,97.0,0,0,0,1,0,1,0,1,0,1,0,0
PROP205817,24.0,New,2480.0,E,95.0,41.0,0,0,0,1,1,0,0,0,1,0,0,0
PROP205818,5.0,Needs Renovation,2820.0,F,79.0,56.0,0,0,0,1,0,0,1,1,0,1,1,0
PROP205819,20.0,Old,2480.0,E,,95.0,1,0,0,0,0,0,1,1,0,0,0,1
PROP205820,33.0,Good,1884.0,C,,97.0,0,1,1,1,0,0,0,0,0,1,0,1
PROP205821,16.0,Old,2362.0,E,41.0,98.0,1,0,0,0,0,0,0,1,0,1,0,1
PROP205822,38.0,Needs Renovation,2933.0,D,46.0,67.0,1,0,0,1,0,0,0,1,1,0,0,1
PROP205823,29.0,New,268.0,D,,54.0,0,0,1,0,0,1,0,1,0,0,0,1
PROP205824,1.0,New,2222.0,B,91.0,33.0,0,0,1,0,1,1,1,0,0,0,0,1
PROP205825,39.0,Old,2695.0,B,68.0,42.0,0,0,0,0,0,1,0,0,1,0,0,0
PROP205826,25.0,Good,1930.0,F,56.0,,0,0,0,0,1,1,0,1,0,0,0,0
PROP205827,7.0,Needs Renovation,4109.0,C,72.0,81.0,0,0,0,1,1,0,1,1,1,0,0,0
PROP205828,34.0,Needs Renovation,2039.0,C,43.0,68.0,0,1,0,1,1,1,0,0,0,0,1,0
PROP205829,11.0,Needs Renovation,3024.0,F,72.0,,0,0,1,1,0,0,1,0,1,1,0,0
PROP205830,12.0,Needs Renovation,3518.0,C,,71.0,0,1,0,1,0,0,0,0,0,0,0,0
PROP205831,27.0,Old,3475.0,C,,49.0,0,1,0,1,0,0,0,0,0,1,0,0
PROP205832,39.0,Good,2963.0,E,89.0,41.0,0,0,0,1,0,0,0,1,1,0,0,0
PROP205833,15.0,Good,2297.0,C,91.0,54.0,1,0,0,0,0,0,0,1,1,0,0,0
PROP205834,38.0,Needs Renovation,1070.0,B,99.0,41.0,1,0,0,0,0,0,0,0,0,1,0,0
PROP205835,12.0,Good,1469.0,F,63.0,37.0,0,0,0,1,0,1,0,1,0,0,0,0
PROP205836,,Good,2480.0,F,59.0,52.0,0,0,0,0,0,1,0,0,0,0,0,1
PROP205837,33.0,Good,2490.0,E,89.0,59.0,0,0,0,0,0,1,0,0,1,1,1,1
PROP205838,2.0,Old,2480.0,F,96.0,59.0,0,0,1,1,0,0,0,0,0,0,0,0
PROP205839,36.0,Good,969.0,D,,62.0,1,0,0,0,0,1,0,0,1,1,0,1
PROP205840,12.0,Good,3036.0,D,69.0,85.0,0,0,1,0,0,0,0,1,0,0,0,0
PROP205841,10.0,New,2116.0,F,,,0,0,1,0,0,0,0,0,0,1,0,1
PROP205842,3.0,Needs Renovation,2697.0,E,52.0,59.0,0,0,1,0,0,0,0,0,0,0,0,1
PROP205843,22.0,Good,4891.0,D,60.0,93.0,0,0,0,1,0,0,1,0,0,0,0,0
PROP205844,39.0,Needs Renovation,1711.0,F,59.0,31.0,0,0,0,0,1,1,0,1,0,0,0,0
PROP205845,21.0,Good,2480.0,A,65.0,,0,1,0,0,1,0,0,0,0,0,0,0
PROP205846,15.0,New,1826.0,D,77.0,59.0,0,0,0,0,0,0,0,0,1,0,0,1
PROP205847,19.0,Good,2306.0,B,66.0,53.0,0,0,0,0,1,0,0,0,0,1,0,1
PROP205848,17.0,Needs Renovation,3343.0,E,73.0,98.0,0,0,0,0,1,0,0,1,1,1,1,0
PROP205849,7.0,Needs Renovation,1133.0,E,43.0,61.0,1,0,0,1,0,0,0,0,0,0,0,0
PROP205850,14.0,Old,3329.0,C,81.0,59.0,0,0,0,1,0,0,0,0,1,0,0,0
PROP205851,37.0,Good,2480.0,E,46.0,36.0,0,0,0,0,0,1,0,0,0,1,0,1
PROP205852,,Good,1858.0,D,43.0,83.0,1,1,0,0,0,0,1,0,0,0,1,0
PROP205853,19.0,Needs Renovation,3332.0,B,96.0,57.0,0,1,0,1,0,0,1,0,1,0,1,0
PROP205854,38.0,Good,2480.0,A,55.0,78.0,1,0,0,1,0,0,0,0,0,1,0,1
PROP205855,6.0,Needs Renovation,1224.0,B,98.0,31.0,0,1,1,0,1,0,1,0,0,0,0,0
PROP205856,37.0,New,1095.0,F,85.0,,0,0,0,1,0,0,0,1,0,1,0,0
PROP205857,16.0,Old,1476.0,F,66.0,49.0,1,0,0,0,0,0,1,0,0,0,0,0
PROP205858,27.0,New,2312.0,F,,60.0,0,1,0,0,0,0,0,1,0,1,0,1
PROP205859,25.0,New,580.0,B,63.0,76.0,0,0,0,0,0,1,0,0,1,0,0,0
PROP205860,23.0,Needs Renovation,2076.0,F,93.0,62.0,1,0,0,1,0,0,0,1,0,1,0,0
PROP205861,10.0,Good,3760.0,D,87.0,77.0,1,0,0,0,0,1,1,0,1,0,1,0
PROP205862,3.0,New,2480.0,C,88.0,,1,0,0,1,1,0,0,1,1,0,0,0
PROP205863,,Good,2908.0,D,65.0,95.0,0,1,0,1,0,0,0,0,0,0,0,1
PROP205864,22.0,Good,3556.0,D,71.0,31.0,1,0,1,0,1,1,0,0,0,1,0,0
PROP205865,26.0,New,2107.0,C,,54.0,1,0,0,0,0,1,0,0,1,1,0,1
PROP205866,35.0,Old,3021.0,D,97.0,90.0,0,0,1,0,0,0,0,1,0,0,0,0
PROP205867,18.0,Needs Renovation,1655.0,D,43.0,35.0,0,0,0,0,1,0,0,1,0,0,0,0
PROP205868,21.0,Old,2480.0,C,77.0,63.0,0,0,0,0,0,0,1,1,0,1,1,0
PROP205869,34.0,New,2307.0,F,,77.0,0,0,0,1,0,0,1,0,0,0,0,0
PROP205870,32.0,New,917.0,D,80.0,80.0,1,0,0,0,0,0,0,0,0,1,0,0
PROP205871,14.0,New,5127.0,F,86.0,98.0,0,0,0,0,1,0,0,1,0,0,1,0
PROP205872,21.0,Needs Renovation,1221.0,C,42.0,83.0,1,0,1,0,0,0,0,1,1,1,0,0
PROP205873,18.0,Good,3409.0,E,78.0,35.0,1,0,1,0,0,0,0,0,1,0,0,0
PROP205874,31.0,Needs Renovation,2393.0,C,78.0,37.0,1,0,1,0,1,1,0,1,0,0,0,0
PROP205875,12.0,Good,1039.0,D,51.0,,0,0,0,0,0,1,0,1,0,1,0,1
PROP205876,14.0,New,2749.0,B,77.0,89.0,0,1,1,0,0,1,0,0,1,0,0,1
PROP205877,25.0,Old,3817.0,E,53.0,66.0,1,1,0,0,0,0,0,0,0,1,0,0
PROP205878,13.0,Old,2695.0,F,85.0,93.0,0,0,0,1,0,1,0,1,0,1,0,0
PROP205879,35.0,New,2154.0,A,44.0,95.0,0,1,0,1,0,1,0,1,0,0,0,0
PROP205880,,Old,1092.0,D,75.0,55.0,0,0,1,1,0,0,0,0,0,1,0,1
PROP205881,30.0,Needs Renovation,2151.0,D,61.0,60.0,0,0,0,0,1,0,0,1,0,0,0,0
PROP205882,32.0,Good,1733.0,C,65.0,53.0,0,0,1,0,0,1,0,0,1,1,0,0
PROP205883,21.0,Good,1399.0,B,82.0,91.0,1,1,0,0,0,1,0,0,0,0,0,0
PROP205884,16.0,Needs Renovation,2480.0,B,,76.0,1,1,0,0,0,0,1,1,0,0,1,0
PROP205885,31.0,Good,2480.0,E,91.0,51.0,0,1,0,0,0,0,1,0,1,0,1,1
PROP205886,32.0,Needs Renovation,3198.0,D,58.0,49.0,0,0,0,0,0,0,0,0,1,1,0,0
PROP205887,,Good,2480.0,A,68.0,61.0,0,1,0,0,0,0,1,0,1,0,0,0
PROP205888,10.0,Needs Renovation,3066.0,D,47.0,86.0,1,0,0,0,0,1,1,0,1,0,1,0
PROP205889,18.0,New,4382.0,B,87.0,88.0,0,0,0,1,0,0,1,0,0,1,0,0
PROP205890,12.0,New,3673.0,F,99.0,39.0,1,0,0,0,0,1,0,0,1,0,0,0
PROP205891,20.0,Needs Renovation,2346.0,F,95.0,34.0,0,0,0,1,1,0,0,0,0,0,0,0
PROP205892,3.0,New,913.0,A,77.0,66.0,1,0,0,0,0,0,0,1,0,0,0,0
PROP205893,2.0,New,3006.0,D,64.0,85.0,0,0,0,0,0,0,1,0,0,0,0,1
PROP205894,27.0,New,1469.0,E,96.0,93.0,1,0,0,0,0,1,1,0,0,1,0,0
PROP205895,22.0,Good,3336.0,E,86.0,96.0,0,1,0,0,0,0,0,1,0,1,0,0
PROP205896,14.0,Old,3700.0,F,76.0,71.0,0,0,1,0,1,0,0,1,1,0,1,0
PROP205897,35.0,Good,1089.0,A,75.0,64.0,0,1,1,1,1,0,0,0,1,0,0,0
PROP205898,13.0,New,1257.0,A,,74.0,0,0,1,1,0,1,0,1,0,1,0,0
PROP205899,13.0,New,1621.0,C,47.0,59.0,0,0,0,0,0,0,1,0,0,0,0,1
PROP205900,32.0,Good,4586.0,C,80.0,79.0,0,1,0,0,0,0,0,1,0,0,0,0
PROP205901,0.0,Good,3993.0,C,63.0,62.0,1,1,0,0,0,0,0,0,0,0,0,0
PROP205902,10.0,Old,3170.0,E,50.0,57.0,0,0,0,1,0,1,0,0,1,0,0,0
PROP205903,22.0,Old,2811.0,D,52.0,98.0,0,0,0,0,0,0,1,1,0,1,0,0
PROP205904,27.0,Needs Renovation,4009.0,E,45.0,37.0,0,1,1,0,1,0,0,0,0,0,1,1
PROP205905,20.0,Old,4063.0,E,91.0,63.0,0,0,1,0,0,0,0,0,0,0,1,1
PROP205906,20.0,Old,2480.0,E,65.0,88.0,0,1,1,0,0,0,1,0,0,0,0,0
PROP205907,21.0,Good,2480.0,E,51.0,71.0,0,0,1,0,1,0,0,1,1,1,0,0
PROP205908,32.0,New,4267.0,D,96.0,54.0,0,1,0,1,0,0,0,0,0,0,1,0
PROP205909,4.0,New,4603.0,D,99.0,79.0,0,0,1,0,0,0,0,0,0,1,1,0
PROP205910,36.0,Good,2035.0,F,87.0,86.0,0,1,0,0,0,0,0,1,0,1,1,1
PROP205911,4.0,Old,3080.0,A,93.0,80.0,1,1,0,0,0,1,0,0,0,0,1,1
PROP205912,22.0,Needs Renovation,1754.0,E,93.0,89.0,0,0,0,0,0,0,0,1,0,0,0,1
PROP205913,7.0,Old,2659.0,A,50.0,77.0,0,0,1,1,0,0,0,1,1,0,0,0
PROP205914,27.0,Good,2217.0,F,48.0,96.0,0,0,1,1,0,0,0,0,1,0,0,1
PROP205915,8.0,Old,1143.0,D,76.0,74.0,0,0,0,0,0,0,0,0,1,1,1,0
PROP205916,15.0,Good,4943.0,A,84.0,,0,1,0,0,0,0,0,1,1,0,1,0
PROP205917,29.0,Needs Renovation,961.0,C,,51.0,0,1,0,0,1,0,0,1,0,0,1,0
PROP205918,3.0,Good,2480.0,E,50.0,82.0,0,0,0,0,1,0,1,1,0,0,1,0
PROP205919,5.0,Old,3137.0,D,94.0,39.0,0,0,0,0,1,0,0,0,0,0,1,0
PROP205920,0.0,New,2773.0,C,56.0,62.0,0,0,1,0,0,0,0,1,0,1,0,1
PROP205921,12.0,New,2247.0,B,51.0,78.0,0,1,0,0,0,1,0,1,0,0,1,0
PROP205922,,Old,1412.0,A,73.0,60.0,1,0,0,0,1,1,0,0,0,0,0,0
PROP205923,25.0,Old,5097.0,D,63.0,36.0,1,0,1,0,0,1,0,0,1,0,0,0
PROP205924,17.0,New,2746.0,D,95.0,54.0,0,0,0,1,0,0,0,0,0,1,0,0
PROP205925,1.0,Good,3975.0,F,84.0,55.0,0,0,1,0,0,1,0,0,0,0,0,0
PROP205926,24.0,Needs Renovation,3176.0,B,,69.0,0,0,0,1,0,0,1,0,0,1,0,0
PROP205927,15.0,Old,4402.0,E,97.0,87.0,0,1,0,0,1,0,0,0,0,0,0,0
PROP205928,3.0,Needs Renovation,871.0,E,47.0,72.0,0,0,1,1,0,1,0,0,1,0,0,0
PROP205929,13.0,New,2692.0,A,74.0,63.0,0,0,0,1,0,1,1,0,1,0,0,0
PROP205930,30.0,Good,2853.0,A,84.0,40.0,1,1,0,0,0,0,0,0,0,0,0,0
PROP205931,9.0,Needs Renovation,1369.0,A,64.0,89.0,0,0,1,0,1,0,1,0,1,1,0,0
PROP205932,3.0,Old,2619.0,C,48.0,32.0,1,1,1,0,1,0,0,0,0,1,0,0
PROP205933,10.0,New,2997.0,D,68.0,70.0,0,0,0,0,1,0,1,1,1,0,0,0
PROP205934,,Good,1375.0,C,54.0,80.0,1,1,0,0,0,0,1,0,0,0,0,1
PROP205935,28.0,New,1334.0,A,55.0,,0,0,1,1,0,0,0,0,0,0,0,0
PROP205936,39.0,Old,3386.0,B,45.0,39.0,1,0,0,0,1,0,0,0,0,0,0,1
PROP205937,0.0,New,1441.0,F,75.0,71.0,0,0,0,1,0,0,1,1,0,1,0,1
PROP205938,21.0,Good,2671.0,F,80.0,80.0,0,1,0,1,1,0,0,0,0,1,0,0
PROP205939,2.0,Old,4525.0,D,46.0,80.0,0,0,1,0,0,0,0,1,0,0,1,1
PROP205940,14.0,Needs Renovation,3370.0,B,84.0,90.0,1,0,1,0,0,0,0,1,1,1,0,0
PROP205941,37.0,Old,3983.0,E,89.0,86.0,0,1,0,1,1,0,0,0,0,0,0,0
PROP205942,37.0,New,4304.0,E,75.0,89.0,1,1,0,0,1,1,0,0,0,1,0,0
PROP205943,5.0,Old,2214.0,B,74.0,88.0,0,0,0,0,0,1,0,0,0,0,0,1
PROP205944,11.0,Good,3459.0,E,62.0,,1,1,0,1,0,0,0,0,0,1,0,0
PROP205945,12.0,Needs Renovation,1661.0,E,70.0,57.0,1,1,0,0,0,0,1,0,0,0,0,0
PROP205946,6.0,Needs Renovation,2410.0,A,54.0,85.0,0,0,0,0,0,1,0,1,1,1,0,0
PROP205947,16.0,Needs Renovation,966.0,F,52.0,92.0,0,1,1,0,0,0,1,0,0,0,0,0
PROP205948,34.0,Good,4134.0,A,,76.0,0,1,1,0,0,0,0,0,0,0,0,0
PROP205949,36.0,Needs Renovation,2114.0,D,44.0,67.0,0,0,1,1,1,1,0,0,0,0,1,0
PROP205950,34.0,Needs Renovation,1392.0,E,63.0,82.0,1,1,1,0,1,0,0,0,1,0,0,0
PROP205951,0.0,Old,2480.0,F,40.0,61.0,1,1,0,0,0,0,1,0,1,1,0,0
PROP205952,6.0,Old,1305.0,A,89.0,47.0,0,0,0,0,0,1,1,0,0,1,0,1
PROP205953,29.0,Needs Renovation,2802.0,E,84.0,34.0,0,0,1,0,0,1,0,0,1,0,0,0
PROP205954,9.0,Old,1590.0,A,87.0,97.0,1,0,0,0,0,0,0,0,0,0,1,0
PROP205955,22.0,Needs Renovation,906.0,A,78.0,76.0,0,0,0,0,0,0,0,1,1,0,0,0
PROP205956,9.0,New,3558.0,A,62.0,73.0,0,0,1,0,0,0,1,0,0,1,0,1
PROP205957,4.0,Old,0.0,E,57.0,71.0,1,0,0,0,1,0,0,0,1,0,0,0
PROP205958,37.0,Needs Renovation,4275.0,A,,43.0,1,0,0,1,1,0,1,1,0,0,0,0
PROP205959,8.0,Good,2926.0,C,53.0,91.0,0,0,0,0,1,0,0,1,0,0,0,0
PROP205960,6.0,Needs Renovation,2972.0,A,80.0,76.0,1,0,1,1,0,0,0,1,0,0,0,0
PROP205961,27.0,Old,3076.0,E,42.0,42.0,0,0,0,0,0,0,1,0,0,0,1,0
PROP205962,15.0,Needs Renovation,3514.0,B,59.0,65.0,0,0,0,0,0,0,0,1,0,0,1,0
PROP205963,,Old,3786.0,B,71.0,33.0,0,1,1,0,0,0,0,1,0,0,0,1
PROP205964,27.0,New,3920.0,C,94.0,34.0,0,0,0,0,0,1,0,0,1,0,0,0
PROP205965,9.0,Needs Renovation,1434.0,F,94.0,,0,0,0,1,0,1,1,1,0,0,0,0
PROP205966,24.0,New,2864.0,C,60.0,72.0,0,0,1,0,0,1,0,0,1,0,0,1
PROP205967,32.0,Good,1498.0,A,48.0,73.0,1,1,1,0,0,0,0,0,0,0,0,1
PROP205968,21.0,Old,2103.0,A,53.0,43.0,1,0,1,1,1,0,1,0,0,0,0,0
PROP205969,39.0,New,2296.0,B,42.0,38.0,0,0,1,0,0,0,0,1,1,0,0,0
PROP205970,14.0,Old,2166.0,A,92.0,49.0,0,0,1,0,0,0,1,0,1,0,1,0
PROP205971,35.0,Old,4354.0,C,44.0,48.0,1,1,0,1,0,0,1,0,0,0,1,0
PROP205972,27.0,Needs Renovation,1399.0,D,78.0,71.0,0,0,1,1,0,1,1,0,0,0,0,0
PROP205973,28.0,Good,1966.0,D,92.0,78.0,0,1,0,0,1,0,0,0,0,0,0,0
PROP205974,33.0,New,5490.0,C,77.0,63.0,0,0,0,1,1,0,0,0,1,0,0,0
PROP205975,34.0,Good,3674.0,C,77.0,56.0,1,0,0,0,0,0,1,0,1,1,0,0
PROP205976,31.0,New,2480.0,E,45.0,44.0,0,0,0,1,1,0,0,1,1,0,0,0
PROP205977,4.0,Needs Renovation,2069.0,E,46.0,92.0,1,0,0,0,1,0,0,0,1,0,0,0
PROP205978,15.0,New,2529.0,B,80.0,32.0,1,0,0,1,1,0,0,0,0,1,0,0
PROP205979,12.0,Good,3082.0,B,54.0,52.0,0,0,0,0,0,0,0,0,1,0,1,0
PROP205980,27.0,Good,4365.0,A,68.0,84.0,0,0,0,0,0,1,1,1,1,0,1,0
PROP205981,39.0,Old,1811.0,C,53.0,55.0,0,0,0,0,0,0,0,0,1,1,0,0
PROP205982,22.0,New,3973.0,F,,50.0,1,0,0,1,0,0,0,0,0,0,1,1
PROP205983,15.0,Good,2596.0,A,67.0,53.0,1,0,1,0,0,0,1,0,0,0,0,0
PROP205984,17.0,New,2461.0,A,87.0,,0,1,0,1,0,0,1,0,0,0,0,1
PROP205985,10.0,New,3868.0,D,53.0,35.0,1,0,1,0,0,1,0,0,1,0,1,0
PROP205986,27.0,Good,2700.0,B,55.0,82.0,0,0,1,0,1,0,0,0,1,0,1,0
PROP205987,22.0,Good,2481.0,A,73.0,88.0,1,0,0,0,0,0,0,0,1,0,0,0
PROP205988,9.0,Needs Renovation,2156.0,E,62.0,33.0,1,0,0,1,0,0,1,0,1,1,0,0
PROP205989,29.0,Good,3758.0,F,45.0,74.0,0,0,1,0,0,1,0,0,0,1,0,0
PROP205990,1.0,Good,2287.0,B,51.0,61.0,0,0,0,0,0,1,0,0,0,0,1,0
PROP205991,3.0,Needs Renovation,2366.0,F,68.0,,0,1,0,0,0,0,1,0,0,0,1,0
PROP205992,27.0,Old,1521.0,C,88.0,58.0,1,0,0,0,0,0,0,1,0,0,0,0
PROP205993,15.0,Needs Renovation,3489.0,C,96.0,40.0,0,0,0,1,1,1,0,1,1,0,0,0
PROP205994,23.0,Needs Renovation,1631.0,E,92.0,50.0,1,1,0,0,1,1,0,0,0,0,1,0
PROP205995,10.0,Needs Renovation,1388.0,E,90.0,62.0,0,0,1,0,1,0,0,0,0,1,1,0
PROP205996,29.0,Old,2827.0,E,76.0,57.0,0,1,0,0,1,1,0,0,0,0,0,1
PROP205997,18.0,Needs Renovation,3328.0,D,41.0,,1,0,0,0,0,1,0,0,1,0,0,1
PROP205998,19.0,Good,3661.0,B,71.0,91.0,0,0,0,0,0,1,1,1,1,0,0,1
PROP205999,29.0,New,3903.0,D,97.0,95.0,0,0,0,1,0,0,1,0,0,0,1,0
PROP206000,13.0,New,750.0,E,48.0,57.0,0,0,1,0,0,1,1,0,0,0,0,1
PROP206001,5.0,Needs Renovation,3297.0,B,93.0,42.0,0,0,0,1,1,0,0,0,1,0,0,0
PROP206002,19.0,New,2887.0,F,57.0,56.0,0,0,1,0,0,0,1,0,0,0,1,1
PROP206003,29.0,Old,4391.0,C,58.0,43.0,0,0,0,1,1,0,0,0,1,0,0,0
PROP206004,8.0,New,1814.0,D,90.0,63.0,0,0,0,1,0,0,0,1,0,0,0,0
PROP206005,9.0,Needs Renovation,2480.0,B,82.0,35.0,0,0,0,1,1,0,0,0,0,1,0,0
PROP206006,13.0,Old,69.0,F,61.0,83.0,1,1,0,0,0,1,0,1,0,0,0,0
PROP206007,5.0,Old,2480.0,F,55.0,49.0,0,1,1,0,1,1,0,0,0,1,0,0
PROP206008,26.0,Needs Renovation,5734.0,F,95.0,76.0,1,1,0,0,0,0,0,0,0,0,0,0
PROP206009,13.0,Needs Renovation,2302.0,F,82.0,87.0,0,0,1,1,1,0,0,0,0,0,0,0
PROP206010,15.0,Old,3335.0,F,52.0,48.0,0,0,0,0,0,1,1,0,1,1,0,0
PROP206011,2.0,Old,3625.0,F,50.0,58.0,0,0,1,1,0,0,1,0,1,0,0,0
PROP206012,23.0,Needs Renovation,2781.0,A,,44.0,0,0,1,0,1,0,0,1,0,0,0,0
PROP206013,14.0,New,4751.0,D,52.0,,1,0,1,1,0,1,0,0,0,1,0,0
PROP206014,37.0,Old,2480.0,B,80.0,62.0,0,0,1,1,0,1,0,0,1,0,1,0
PROP206015,2.0,Good,4332.0,D,95.0,88.0,0,1,0,1,0,0,0,1,0,0,0,1
PROP206016,25.0,New,1978.0,C,63.0,81.0,0,1,0,1,1,0,0,0,0,0,1,0
PROP206017,38.0,Needs Renovation,2803.0,B,82.0,70.0,0,1,0,0,1,0,0,0,0,1,0,0
PROP206018,6.0,Needs Renovation,2578.0,B,60.0,50.0,0,1,0,0,0,1,1,1,0,1,0,0
PROP206019,39.0,Needs Renovation,2418.0,A,69.0,65.0,1,1,0,0,0,0,0,0,0,0,0,1
PROP206020,28.0,New,1959.0,A,80.0,89.0,1,0,0,0,0,0,1,1,1,1,0,0
PROP206021,26.0,Old,4666.0,D,57.0,61.0,1,0,0,1,1,1,0,0,0,0,0,1
PROP206022,33.0,New,3060.0,E,57.0,93.0,0,1,0,0,0,0,1,1,0,0,0,0
PROP206023,33.0,New,0.0,B,52.0,89.0,0,0,0,0,0,0,1,0,0,0,1,0
PROP206024,18.0,Good,1771.0,E,63.0,45.0,1,0,0,1,0,1,0,0,0,0,0,0
PROP206025,35.0,Good,3210.0,C,83.0,34.0,1,0,0,1,0,0,1,0,0,0,0,0
PROP206026,22.0,Old,4792.0,A,73.0,68.0,1,0,0,1,1,0,0,0,1,0,0,1
PROP206027,34.0,Good,2320.0,A,81.0,34.0,0,0,1,1,0,0,1,0,1,0,0,1
PROP206028,2.0,New,3101.0,E,66.0,94.0,0,0,1,1,0,0,0,0,0,1,0,0
PROP206029,13.0,New,1968.0,D,61.0,43.0,1,0,0,0,0,0,0,1,0,0,0,0
PROP206030,26.0,New,5100.0,F,96.0,81.0,1,1,0,1,1,0,1,0,0,0,0,0
PROP206031,12.0,Old,3508.0,E,90.0,43.0,1,0,0,1,0,0,0,0,0,0,1,0
PROP206032,19.0,Old,2135.0,D,59.0,46.0,1,0,0,0,1,0,0,0,0,0,0,0
PROP206033,20.0,Needs Renovation,2586.0,F,,58.0,0,0,0,1,1,0,1,0,1,1,0,0
PROP206034,39.0,Needs Renovation,4131.0,A,78.0,66.0,0,1,0,1,0,0,0,1,0,1,1,0
PROP206035,11.0,Good,2740.0,B,59.0,34.0,0,0,1,0,0,0,0,1,0,0,0,0
PROP206036,3.0,Old,1971.0,B,82.0,42.0,0,0,1,0,1,0,0,0,1,1,0,0
PROP206037,,Good,4065.0,E,59.0,65.0,0,0,0,1,1,0,0,0,0,0,1,0
PROP206038,14.0,Good,2212.0,E,52.0,67.0,1,0,1,0,0,0,0,0,0,0,1,1
PROP206039,2.0,New,2855.0,B,77.0,73.0,0,1,1,0,0,0,1,0,1,0,0,0
PROP206040,29.0,New,2480.0,F,86.0,59.0,1,0,0,0,0,1,0,0,0,0,0,0
PROP206041,30.0,New,2695.0,F,64.0,61.0,0,0,0,1,0,1,0,0,0,0,1,0
PROP206042,2.0,Needs Renovation,1171.0,C,43.0,65.0,0,0,1,1,0,0,1,1,0,1,0,0
PROP206043,5.0,New,2987.0,D,87.0,71.0,0,1,0,1,0,0,0,1,1,0,0,0
PROP206044,36.0,Old,2480.0,E,76.0,,1,1,0,0,0,0,0,0,1,0,0,1
PROP206045,7.0,Good,3670.0,C,65.0,77.0,0,1,0,0,0,1,0,0,0,1,1,1
PROP206046,0.0,Old,4017.0,F,52.0,79.0,1,0,0,0,0,1,0,0,1,0,0,0
PROP206047,,New,3174.0,D,,46.0,0,0,0,1,1,0,0,1,0,0,0,1
PROP206048,3.0,Old,2861.0,F,96.0,53.0,1,1,1,0,0,0,0,0,0,1,0,1
PROP206049,10.0,New,1180.0,D,79.0,77.0,1,0,0,1,0,0,0,0,0,1,0,0
PROP206050,2.0,Good,4720.0,B,70.0,74.0,0,1,0,0,0,0,1,1,0,1,0,0
PROP206051,22.0,Old,887.0,C,,82.0,0,0,0,0,0,1,1,0,0,1,0,0
PROP206052,21.0,Needs Renovation,501.0,D,88.0,90.0,0,1,1,1,0,0,0,0,0,0,0,0
PROP206053,4.0,New,1591.0,B,69.0,59.0,0,1,0,0,0,1,0,1,1,0,0,0
PROP206054,33.0,Good,4488.0,E,40.0,82.0,0,0,0,0,0,1,0,1,1,1,0,0
PROP206055,33.0,Old,158.0,A,51.0,50.0,0,1,0,0,0,0,1,0,0,0,1,1
PROP206056,10.0,Old,2753.0,A,91.0,52.0,1,1,0,0,0,0,0,0,0,1,0,1
PROP206057,33.0,Good,2290.0,B,82.0,57.0,0,0,1,0,0,1,1,0,1,0,1,0
PROP206058,21.0,Old,3580.0,E,59.0,90.0,0,1,1,0,1,0,0,1,0,0,0,0
PROP206059,31.0,Old,1836.0,A,55.0,72.0,0,1,1,0,0,0,1,1,0,0,1,0
PROP206060,19.0,Old,2444.0,E,61.0,37.0,1,0,1,0,0,1,0,0,0,1,0,1
PROP206061,3.0,New,2144.0,C,91.0,92.0,1,1,0,0,0,0,0,1,0,0,1,0
PROP206062,16.0,New,3380.0,A,88.0,78.0,1,0,0,1,0,0,0,0,0,0,0,1
PROP206063,30.0,Needs Renovation,4418.0,A,96.0,41.0,0,0,0,1,0,1,0,0,1,1,0,0
PROP206064,39.0,New,2178.0,C,71.0,95.0,0,0,0,0,0,0,0,1,1,0,0,1
PROP206065,8.0,Old,2151.0,A,89.0,86.0,0,1,0,0,1,0,0,1,0,0,1,1
PROP206066,35.0,Old,2999.0,E,90.0,56.0,0,1,0,0,1,0,0,0,0,0,0,1
PROP206067,26.0,New,1204.0,D,76.0,31.0,1,1,0,0,0,0,0,0,0,1,0,1
PROP206068,,Old,2150.0,F,40.0,30.0,0,1,1,1,0,0,0,0,0,0,1,0
PROP206069,1.0,Good,2947.0,B,90.0,60.0,1,1,0,1,0,0,1,0,0,0,0,1
PROP206070,5.0,Good,2480.0,F,83.0,67.0,0,0,0,0,0,1,1,0,0,0,0,0
PROP206071,1.0,Needs Renovation,3317.0,D,47.0,31.0,0,0,0,1,0,0,0,0,1,1,1,0
PROP206072,3.0,Old,2480.0,A,49.0,37.0,0,0,0,0,1,1,1,0,0,0,0,1
PROP206073,36.0,Old,4617.0,E,65.0,31.0,0,1,1,0,0,0,0,0,0,1,1,0
PROP206074,6.0,Needs Renovation,1841.0,C,90.0,,0,0,0,0,1,0,0,1,0,0,0,1
PROP206075,10.0,Old,2480.0,F,44.0,75.0,0,1,0,0,0,0,1,1,0,0,1,0
PROP206076,11.0,Needs Renovation,2480.0,B,93.0,37.0,0,1,1,1,0,0,0,0,0,1,0,1
PROP206077,23.0,Old,2480.0,C,47.0,80.0,1,1,1,0,0,0,0,0,0,0,0,0
PROP206078,6.0,New,852.0,D,76.0,58.0,1,0,0,0,0,0,0,1,0,0,1,0
PROP206079,18.0,Old,1613.0,B,70.0,67.0,1,1,0,0,1,0,0,0,0,0,0,0
PROP206080,5.0,New,2773.0,D,80.0,78.0,0,0,0,0,0,1,0,1,0,1,0,0
PROP206081,39.0,Old,3654.0,B,55.0,89.0,0,0,0,0,0,0,0,1,1,0,1,0
PROP206082,13.0,Old,3116.0,D,81.0,94.0,0,0,1,1,1,0,0,0,0,0,0,0
PROP206083,11.0,Needs Renovation,2528.0,E,99.0,73.0,0,0,0,1,1,0,0,0,0,0,0,0
PROP206084,4.0,Old,2480.0,C,73.0,53.0,0,0,0,1,0,0,0,0,1,1,0,0
PROP206085,5.0,New,3318.0,E,84.0,47.0,0,0,0,1,1,0,1,0,1,0,1,0
PROP206086,3.0,Old,2764.0,C,80.0,30.0,0,0,0,0,0,0,1,0,1,0,0,0
PROP206087,30.0,New,4908.0,A,81.0,49.0,0,1,0,1,0,0,1,0,0,0,0,1
PROP206088,13.0,New,3420.0,A,57.0,84.0,0,0,0,0,0,1,0,0,0,1,0,0
PROP206089,21.0,Good,2480.0,D,71.0,51.0,1,0,1,0,0,0,0,0,1,0,0,0
PROP206090,,New,2480.0,A,90.0,36.0,0,1,0,0,0,0,1,0,0,1,1,0
PROP206091,17.0,Old,2130.0,B,,31.0,0,1,0,0,1,1,0,0,0,0,1,0
PROP206092,32.0,Good,2622.0,F,97.0,39.0,0,0,0,0,1,1,0,0,1,1,0,1
PROP206093,30.0,Old,2114.0,E,62.0,30.0,0,0,0,0,0,0,1,1,1,1,1,0
PROP206094,8.0,New,1351.0,A,77.0,31.0,1,0,0,1,0,0,1,1,0,0,1,0
PROP206095,31.0,Old,3935.0,B,,46.0,0,1,0,0,1,0,1,0,0,1,0,0
PROP206096,7.0,Old,1412.0,F,58.0,,0,1,0,1,0,0,0,1,0,0,0,1
PROP206097,26.0,New,1041.0,F,54.0,60.0,1,1,0,0,0,1,0,1,0,0,1,0
PROP206098,23.0,Needs Renovation,4882.0,A,82.0,74.0,1,0,0,0,0,0,0,1,1,0,0,0
PROP206099,5.0,Old,2042.0,F,53.0,67.0,0,0,0,0,1,0,0,0,0,1,0,0
PROP206100,17.0,Needs Renovation,2372.0,D,92.0,52.0,0,0,0,0,0,0,0,1,0,0,1,0
PROP206101,11.0,New,4426.0,C,48.0,99.0,1,1,1,0,0,1,0,0,1,0,0,0
PROP206102,29.0,Needs Renovation,1130.0,F,63.0,,0,1,1,1,0,0,0,0,0,0,0,0
PROP206103,12.0,New,3336.0,A,92.0,73.0,0,0,0,1,0,1,1,1,1,0,0,0
PROP206104,4.0,Good,3076.0,E,52.0,96.0,0,0,0,1,0,0,1,1,1,0,1,0
PROP206105,18.0,New,3478.0,F,81.0,,0,0,1,0,0,0,1,0,1,0,0,0
PROP206106,28.0,Needs Renovation,0.0,D,82.0,86.0,1,0,0,0,0,0,0,0,1,0,0,0
PROP206107,36.0,Old,3786.0,F,97.0,43.0,1,0,0,0,0,0,1,0,0,0,0,0
PROP206108,8.0,Needs Renovation,1895.0,C,89.0,38.0,0,0,1,1,1,0,0,0,1,1,0,0
PROP206109,1.0,Good,783.0,E,71.0,,1,0,0,0,0,1,0,1,1,1,0,0
PROP206110,5.0,Needs Renovation,2489.0,B,,52.0,0,0,0,1,0,0,0,0,1,1,0,1
PROP206111,24.0,New,1091.0,D,82.0,98.0,1,0,1,0,0,0,0,0,0,0,0,0
PROP206112,6.0,Needs Renovation,1771.0,B,40.0,93.0,0,0,1,0,1,0,1,0,1,0,1,0
PROP206113,37.0,Old,2207.0,D,51.0,,1,0,0,0,1,1,0,1,0,1,0,0
PROP206114,12.0,Good,2650.0,D,95.0,57.0,1,0,1,0,1,1,0,0,0,0,0,0
PROP206115,21.0,Needs Renovation,2837.0,D,,50.0,0,0,0,0,0,0,1,0,0,0,1,1
PROP206116,17.0,Old,2480.0,F,87.0,67.0,0,0,0,1,0,0,1,1,1,1,0,0
PROP206117,33.0,Needs Renovation,1358.0,D,66.0,39.0,0,0,1,0,0,0,0,1,1,1,0,0
PROP206118,10.0,Old,3641.0,C,96.0,78.0,0,0,0,0,1,0,1,0,0,1,0,0
PROP206119,28.0,New,2339.0,C,42.0,57.0,0,0,0,0,1,0,0,0,1,1,1,0
PROP206120,31.0,Needs Renovation,1239.0,B,97.0,57.0,1,0,0,1,1,0,1,0,1,0,0,0
PROP206121,9.0,Good,2441.0,F,64.0,92.0,0,1,0,0,0,1,0,0,0,0,0,0
PROP206122,18.0,Old,3096.0,A,69.0,80.0,0,0,0,0,0,1,0,0,0,0,0,1
PROP206123,20.0,Needs Renovation,3916.0,D,45.0,35.0,1,0,0,1,0,0,0,0,0,0,0,0
PROP206124,38.0,Needs Renovation,1159.0,A,55.0,78.0,0,0,0,0,0,0,1,0,0,1,1,0
PROP206125,11.0,Old,3251.0,D,93.0,77.0,1,0,0,1,0,0,1,0,1,0,1,0
PROP206126,11.0,Needs Renovation,1762.0,A,56.0,94.0,0,0,0,0,0,1,0,0,1,0,0,0
PROP206127,18.0,Good,1551.0,A,44.0,38.0,0,1,0,0,0,0,1,0,0,0,0,0
PROP206128,35.0,Old,3095.0,C,44.0,93.0,1,0,1,0,0,0,1,1,0,0,1,0
PROP206129,4.0,Good,2934.0,B,65.0,62.0,0,1,1,1,1,0,0,0,0,1,0,0
PROP206130,28.0,Needs Renovation,1622.0,F,75.0,46.0,0,0,0,1,0,0,1,0,0,0,0,0
PROP206131,17.0,Needs Renovation,2480.0,B,78.0,79.0,0,0,0,1,0,1,0,1,0,0,0,1
PROP206132,1.0,New,5579.0,A,65.0,57.0,0,0,1,0,0,1,1,0,0,1,0,1
PROP206133,12.0,Needs Renovation,4147.0,B,60.0,98.0,0,0,1,0,0,0,1,0,0,0,0,0
PROP206134,34.0,Good,24.0,D,54.0,61.0,1,0,1,0,0,0,0,0,1,0,0,0
PROP206135,37.0,Good,1834.0,F,87.0,82.0,0,1,0,0,0,0,0,1,0,0,0,0
PROP206136,21.0,Needs Renovation,2480.0,C,64.0,75.0,0,0,0,0,0,1,0,0,0,1,1,0
PROP206137,6.0,New,692.0,B,57.0,,0,1,0,0,0,0,0,1,0,1,0,1
PROP206138,6.0,New,2073.0,F,78.0,55.0,0,0,0,0,1,1,1,1,0,0,0,0
PROP206139,5.0,Needs Renovation,937.0,A,62.0,39.0,1,1,0,0,0,0,0,0,1,0,1,0
PROP206140,34.0,Good,2480.0,F,69.0,55.0,0,1,0,0,1,1,0,0,0,1,1,0
PROP206141,36.0,New,2966.0,A,70.0,78.0,0,1,0,0,1,0,1,1,0,1,0,0
PROP206142,25.0,New,1638.0,A,67.0,30.0,0,0,0,0,0,1,0,1,1,0,1,0
PROP206143,24.0,Needs Renovation,1772.0,B,92.0,,0,0,0,1,0,0,0,1,0,0,0,0
PROP206144,29.0,Good,1409.0,B,60.0,59.0,0,1,1,0,0,1,0,0,0,0,0,0
PROP206145,0.0,Needs Renovation,1588.0,B,73.0,49.0,0,0,0,0,1,0,0,0,0,1,1,0
PROP206146,28.0,Needs Renovation,3567.0,B,76.0,80.0,0,0,0,0,1,0,0,0,0,0,0,1
PROP206147,29.0,Old,1971.0,B,80.0,40.0,0,0,0,1,1,0,0,1,0,0,1,1
PROP206148,8.0,Good,2472.0,A,97.0,61.0,1,0,1,0,0,0,1,0,0,0,0,0
PROP206149,21.0,Good,2629.0,E,61.0,84.0,0,0,1,1,0,0,1,0,0,0,0,0
PROP206150,33.0,Needs Renovation,2693.0,A,41.0,81.0,0,1,1,0,0,0,0,1,0,0,0,1
PROP206151,2.0,Needs Renovation,1622.0,F,75.0,98.0,0,0,1,1,0,0,1,0,0,1,0,1
PROP206152,,Good,3095.0,B,92.0,42.0,0,0,0,0,0,0,0,1,0,0,1,0
PROP206153,35.0,Good,3016.0,B,89.0,76.0,1,0,0,1,1,1,0,0,0,0,0,0
PROP206154,,Old,3783.0,F,97.0,97.0,0,1,1,0,1,0,1,0,0,0,1,0
PROP206155,0.0,New,2051.0,F,55.0,41.0,0,0,0,0,0,0,1,1,0,0,0,1
PROP206156,26.0,Good,1559.0,E,65.0,96.0,0,0,0,0,0,0,0,1,0,0,1,0
PROP206157,25.0,Needs Renovation,2480.0,B,75.0,71.0,0,0,1,1,0,1,0,1,0,0,0,0
PROP206158,,Needs Renovation,3636.0,B,98.0,39.0,0,0,0,1,0,1,1,0,1,1,0,0
PROP206159,5.0,Old,2480.0,D,51.0,96.0,0,0,0,0,1,0,0,0,0,1,0,1
PROP206160,11.0,Needs Renovation,4670.0,E,98.0,72.0,1,0,0,0,1,1,0,0,0,0,0,0
PROP206161,35.0,Old,2137.0,E,71.0,70.0,0,1,0,0,0,0,0,0,0,0,1,0
PROP206162,30.0,Good,2958.0,F,49.0,47.0,1,0,0,1,0,1,0,0,0,0,0,0
PROP206163,21.0,New,2609.0,E,71.0,32.0,0,0,0,1,1,0,0,1,1,0,0,1
PROP206164,17.0,Needs Renovation,4910.0,F,80.0,71.0,0,0,0,0,1,0,0,1,0,0,0,0
PROP206165,35.0,New,2480.0,E,54.0,37.0,0,0,0,0,1,0,0,1,0,1,1,0
PROP206166,1.0,Old,918.0,B,53.0,36.0,1,0,1,0,0,0,0,0,0,0,0,0
PROP206167,27.0,Needs Renovation,2831.0,C,47.0,85.0,0,1,0,0,0,1,0,0,0,0,0,0
PROP206168,23.0,Old,3966.0,C,64.0,39.0,0,0,0,1,0,0,1,0,1,1,0,0
PROP206169,9.0,Good,3675.0,A,46.0,87.0,1,1,0,1,1,0,1,0,0,0,0,0
PROP206170,17.0,Needs Renovation,1447.0,D,90.0,72.0,0,0,0,0,0,0,1,1,1,0,0,0
PROP206171,37.0,Good,303.0,D,45.0,53.0,1,1,1,1,0,1,0,0,0,0,0,0
PROP206172,32.0,Good,1656.0,D,41.0,79.0,0,1,1,0,0,0,0,0,0,0,0,0
PROP206173,37.0,Needs Renovation,2046.0,C,69.0,67.0,0,0,0,0,1,0,0,0,1,1,0,0
PROP206174,23.0,New,2314.0,C,61.0,47.0,0,0,0,0,0,0,1,1,0,0,1,0
PROP206175,6.0,Old,1840.0,D,99.0,75.0,0,0,1,0,0,0,0,0,0,1,0,0
PROP206176,33.0,Good,2146.0,A,84.0,91.0,0,0,0,0,1,1,1,0,0,0,0,0
PROP206177,34.0,Good,3096.0,E,99.0,52.0,0,0,0,0,0,1,0,0,0,0,1,0
PROP206178,11.0,Old,2306.0,F,86.0,44.0,1,0,0,0,0,0,0,1,0,0,0,0
PROP206179,33.0,Old,2146.0,C,85.0,82.0,0,0,1,1,0,0,1,0,0,1,1,0
PROP206180,17.0,Old,4246.0,E,84.0,49.0,0,0,1,0,1,0,1,0,0,0,1,0
PROP206181,3.0,Needs Renovation,4436.0,A,63.0,70.0,0,1,0,1,0,0,0,0,0,1,0,0
PROP206182,33.0,Needs Renovation,2538.0,E,92.0,36.0,1,0,0,1,0,0,0,1,0,1,0,0
PROP206183,27.0,Needs Renovation,1905.0,C,99.0,52.0,0,0,1,1,0,1,0,0,1,0,0,0
PROP206184,2.0,Needs Renovation,803.0,F,73.0,80.0,0,1,0,1,0,1,0,1,0,0,0,0
PROP206185,7.0,Old,1549.0,E,61.0,90.0,1,1,0,1,1,0,0,0,0,0,0,1
PROP206186,18.0,Good,3645.0,C,87.0,31.0,0,0,0,1,0,0,0,0,0,1,1,0
PROP206187,27.0,New,2320.0,D,,43.0,0,0,0,0,1,0,0,0,0,0,1,1
PROP206188,10.0,Good,2162.0,E,51.0,58.0,1,1,0,0,1,1,0,0,0,0,0,0
PROP206189,5.0,Old,4834.0,B,91.0,96.0,0,1,0,0,0,0,1,0,0,0,1,1
PROP206190,2.0,Old,1510.0,B,95.0,85.0,0,0,1,0,0,0,0,0,1,0,0,0
PROP206191,18.0,Needs Renovation,2654.0,F,70.0,60.0,0,0,1,0,1,0,0,1,0,1,0,0
PROP206192,24.0,Old,4991.0,D,65.0,91.0,0,0,1,0,0,0,0,1,0,0,0,1
PROP206193,34.0,New,2480.0,E,67.0,47.0,0,0,0,0,0,0,1,0,0,1,0,0
PROP206194,5.0,New,2153.0,D,75.0,96.0,1,0,0,0,0,1,0,0,0,0,0,0
PROP206195,13.0,Needs Renovation,1007.0,F,89.0,71.0,0,0,0,0,1,0,0,0,1,0,0,1
PROP206196,21.0,New,2782.0,B,74.0,,0,0,1,0,0,0,0,0,0,0,1,0
PROP206197,7.0,Old,945.0,B,62.0,80.0,0,0,1,1,0,0,0,1,0,0,1,0
PROP206198,37.0,Needs Renovation,1437.0,C,47.0,92.0,0,0,1,0,0,1,0,0,0,1,1,0
PROP206199,20.0,Old,2178.0,C,43.0,84.0,0,1,0,0,1,0,1,0,1,0,0,0
PROP206200,19.0,Needs Renovation,2078.0,D,52.0,33.0,0,1,1,0,0,0,0,0,0,1,0,0
PROP206201,18.0,Needs Renovation,5546.0,D,43.0,58.0,0,1,0,1,0,0,1,0,0,0,0,0
PROP206202,18.0,Old,2077.0,F,67.0,37.0,1,0,0,0,1,1,0,0,1,0,0,1
PROP206203,12.0,Needs Renovation,1668.0,A,77.0,53.0,0,0,0,1,1,0,1,0,0,0,0,0
PROP206204,34.0,Good,3577.0,F,40.0,71.0,0,1,0,0,0,0,0,1,0,1,1,0
PROP206205,12.0,Good,2413.0,A,42.0,88.0,1,0,0,1,1,0,0,0,1,0,0,0
PROP206206,5.0,Needs Renovation,806.0,E,97.0,84.0,0,1,0,1,0,0,0,0,1,0,1,1
PROP206207,38.0,Good,4125.0,A,45.0,,1,0,0,0,0,0,0,1,1,1,1,0
PROP206208,6.0,Needs Renovation,2015.0,E,48.0,57.0,0,0,0,0,1,1,0,0,0,1,0,0
PROP206209,12.0,Good,2868.0,A,40.0,42.0,0,0,1,1,0,1,1,0,0,1,0,0
PROP206210,12.0,New,2660.0,F,73.0,35.0,0,0,1,1,0,0,0,0,0,0,0,0
PROP206211,12.0,Old,3878.0,C,,41.0,0,0,1,0,0,0,0,0,1,0,1,0
PROP206212,19.0,Old,2480.0,E,84.0,90.0,0,0,0,0,0,0,0,0,1,0,0,1
PROP206213,11.0,Old,3465.0,B,91.0,51.0,0,0,1,0,0,1,0,1,1,0,0,0
PROP206214,,New,5317.0,B,66.0,50.0,1,1,0,0,0,1,0,1,0,0,0,0
PROP206215,24.0,Good,1883.0,C,60.0,37.0,1,1,0,1,0,1,0,0,0,0,0,1
PROP206216,22.0,Old,3214.0,B,63.0,49.0,0,1,0,0,1,0,0,0,1,1,0,0
PROP206217,37.0,New,3643.0,B,62.0,,0,1,1,0,0,0,0,1,0,0,0,0
PROP206218,34.0,Good,766.0,F,93.0,65.0,0,1,0,1,0,0,0,0,0,0,0,0
PROP206219,24.0,Old,937.0,E,88.0,34.0,1,0,0,0,0,0,1,1,1,0,0,1
PROP206220,14.0,Good,2480.0,E,62.0,42.0,1,0,0,1,0,0,0,0,0,0,0,0
PROP206221,9.0,Needs Renovation,1851.0,B,80.0,,0,1,1,0,1,0,0,0,1,0,0,0
PROP206222,2.0,Good,3059.0,B,55.0,77.0,0,0,0,1,0,0,0,0,1,0,0,0
PROP206223,7.0,New,2112.0,D,63.0,99.0,1,0,1,0,0,0,0,0,0,0,0,0
PROP206224,22.0,Good,2024.0,B,46.0,84.0,0,1,0,0,0,0,0,0,0,0,1,0
PROP206225,3.0,Old,1806.0,A,93.0,78.0,0,1,0,0,0,0,0,0,1,0,0,0
PROP206226,5.0,Needs Renovation,661.0,E,95.0,47.0,1,1,0,0,0,0,0,1,1,0,1,0
PROP206227,8.0,Good,2561.0,F,72.0,69.0,0,0,0,1,0,0,0,0,0,0,1,0
PROP206228,21.0,New,3356.0,D,73.0,61.0,0,1,0,1,0,1,0,0,0,0,1,0
PROP206229,26.0,New,2487.0,E,80.0,51.0,0,0,0,0,1,0,1,0,0,1,0,0
PROP206230,16.0,Old,4515.0,E,74.0,69.0,0,0,0,1,0,0,0,0,0,0,1,0
PROP206231,34.0,Old,2425.0,F,44.0,35.0,0,0,0,0,1,0,0,0,0,0,1,0
PROP206232,5.0,Needs Renovation,4327.0,E,52.0,82.0,0,0,1,0,0,0,0,1,1,0,0,0
PROP206233,15.0,Old,2480.0,C,83.0,38.0,1,1,0,1,0,0,1,0,0,0,0,0
PROP206234,1.0,New,0.0,F,75.0,36.0,0,0,0,0,1,0,1,0,0,0,0,0
PROP206235,22.0,Good,3923.0,C,98.0,86.0,0,1,1,1,0,0,0,0,0,1,0,1
PROP206236,,Good,1249.0,F,89.0,75.0,0,1,0,1,0,0,1,1,0,0,0,0
PROP206237,,New,1370.0,F,80.0,41.0,0,1,0,0,0,0,0,0,1,0,0,0
PROP206238,12.0,New,3620.0,E,80.0,43.0,0,1,0,1,0,0,1,0,0,0,1,1
PROP206239,8.0,New,1112.0,F,98.0,85.0,1,0,0,0,0,0,0,0,0,1,0,0
PROP206240,12.0,Good,2723.0,E,45.0,73.0,0,1,0,1,1,1,0,0,0,0,0,0
PROP206241,18.0,Old,2972.0,C,94.0,46.0,0,0,0,1,0,1,0,1,1,0,1,0
PROP206242,0.0,Old,2480.0,C,78.0,76.0,1,0,0,1,0,0,0,0,1,0,0,0
PROP206243,34.0,Old,2376.0,F,96.0,97.0,1,0,1,0,0,0,0,0,0,0,0,1
PROP206244,35.0,Needs Renovation,902.0,D,99.0,66.0,0,0,1,0,0,0,0,1,0,0,0,0
PROP206245,10.0,Good,2480.0,C,55.0,,0,0,0,1,1,0,1,0,0,1,0,1
PROP206246,2.0,Needs Renovation,4234.0,B,,86.0,0,0,1,0,0,1,0,0,1,1,0,0
PROP206247,,New,1665.0,D,91.0,56.0,1,0,1,0,0,1,1,0,0,0,0,0
PROP206248,19.0,New,491.0,E,43.0,48.0,0,0,0,1,0,0,0,0,0,1,1,0
PROP206249,6.0,Good,1589.0,F,,45.0,0,1,0,0,0,0,0,0,0,0,0,1
PROP206250,,New,2595.0,C,47.0,46.0,0,0,0,0,0,0,0,1,0,0,0,1
PROP206251,26.0,Old,2893.0,E,57.0,69.0,0,0,1,0,1,0,1,0,0,0,0,1
PROP206252,21.0,New,2714.0,F,43.0,64.0,0,0,0,0,0,0,0,1,1,0,1,0
PROP206253,8.0,Needs Renovation,1982.0,F,62.0,57.0,0,1,0,1,0,1,1,0,1,0,0,0
PROP206254,0.0,Good,3028.0,D,41.0,,0,0,0,1,1,0,0,1,1,1,0,0
PROP206255,39.0,Needs Renovation,1769.0,D,68.0,89.0,0,0,0,0,1,0,0,1,0,0,0,0
PROP206256,11.0,New,3536.0,A,65.0,66.0,1,0,0,0,0,0,0,0,0,1,0,0
PROP206257,20.0,New,2263.0,F,51.0,96.0,1,0,0,0,0,1,0,0,0,0,1,0
PROP206258,0.0,New,1138.0,B,75.0,68.0,0,1,0,0,0,0,0,1,1,1,1,0
PROP206259,0.0,Needs Renovation,5105.0,D,67.0,93.0,0,0,0,0,0,1,0,0,0,1,0,0
PROP206260,14.0,Good,1439.0,C,88.0,30.0,0,0,0,1,0,0,1,0,1,0,0,0
PROP206261,34.0,Old,2563.0,B,71.0,39.0,0,1,0,0,0,1,0,0,0,0,0,0
PROP206262,38.0,Old,2004.0,A,66.0,73.0,0,1,0,1,1,1,0,0,0,0,1,0
PROP206263,35.0,New,3540.0,D,51.0,46.0,0,1,1,0,0,1,0,1,0,0,1,0
PROP206264,16.0,New,1475.0,E,76.0,54.0,1,1,0,1,0,1,0,0,0,1,0,0
PROP206265,15.0,Old,3034.0,E,83.0,,0,0,0,1,1,0,1,0,1,0,0,1
PROP206266,17.0,New,0.0,A,88.0,45.0,1,0,0,0,0,0,0,0,0,1,0,0
PROP206267,24.0,Good,2915.0,B,42.0,33.0,0,1,0,0,0,0,0,0,0,1,0,1
PROP206268,,Needs Renovation,1494.0,A,59.0,32.0,0,1,0,1,0,0,1,0,1,0,0,1
PROP206269,18.0,Needs Renovation,2934.0,E,60.0,39.0,0,0,0,1,0,0,0,0,1,0,1,0
PROP206270,4.0,Needs Renovation,2417.0,C,97.0,81.0,1,0,0,0,0,0,0,1,0,0,0,1
PROP206271,31.0,Old,5454.0,D,75.0,41.0,0,1,0,0,1,1,0,1,0,0,0,1
PROP206272,23.0,Needs Renovation,4141.0,F,80.0,89.0,0,0,1,1,0,1,0,0,1,0,0,0
PROP206273,18.0,New,974.0,B,97.0,58.0,0,0,1,0,1,0,0,1,0,0,0,1
PROP206274,8.0,New,2720.0,F,83.0,47.0,1,0,0,1,0,0,0,0,0,0,0,0
PROP206275,38.0,Good,3272.0,F,68.0,30.0,0,1,1,0,0,0,0,0,1,1,0,1
PROP206276,0.0,Needs Renovation,1514.0,D,87.0,81.0,0,0,0,1,0,0,0,0,0,0,1,0
PROP206277,0.0,Good,2471.0,A,42.0,54.0,0,1,0,1,0,0,0,1,0,0,0,1
PROP206278,7.0,Old,3085.0,D,47.0,80.0,1,0,0,0,0,0,0,0,0,0,1,0
PROP206279,17.0,Needs Renovation,2115.0,F,44.0,98.0,0,0,0,1,1,0,0,0,0,0,0,0
PROP206280,8.0,New,2798.0,F,85.0,65.0,0,0,1,0,0,1,0,0,0,0,0,1
PROP206281,26.0,Old,952.0,C,73.0,83.0,0,0,1,1,1,1,0,0,1,0,0,0
PROP206282,23.0,New,1455.0,A,45.0,88.0,1,0,0,0,0,0,1,0,1,0,1,0
PROP206283,28.0,Old,3023.0,B,95.0,96.0,1,0,0,1,0,0,0,1,0,1,0,1
PROP206284,6.0,Old,1287.0,F,97.0,67.0,0,0,0,0,0,0,1,0,1,0,0,0
PROP206285,15.0,Needs Renovation,1410.0,C,76.0,49.0,0,1,1,0,0,0,0,0,0,1,0,0
PROP206286,29.0,Needs Renovation,1787.0,A,85.0,38.0,0,0,1,0,1,0,1,1,1,0,0,0
PROP206287,,Needs Renovation,1877.0,D,43.0,90.0,0,0,0,1,1,0,0,0,1,0,0,0
PROP206288,39.0,Needs Renovation,1165.0,E,,55.0,0,1,0,1,1,0,0,0,0,1,0,0
PROP206289,11.0,Good,2480.0,E,89.0,36.0,0,0,0,1,1,0,0,1,1,0,0,0
PROP206290,39.0,New,1189.0,E,52.0,41.0,0,0,0,0,1,0,0,0,0,1,0,0
PROP206291,30.0,New,882.0,C,71.0,60.0,0,1,0,0,0,0,0,0,1,1,1,0
PROP206292,34.0,New,2480.0,F,92.0,32.0,1,0,0,1,0,0,0,0,1,0,0,0
PROP206293,28.0,Old,746.0,A,91.0,68.0,0,0,0,0,0,1,0,0,1,1,1,1
PROP206294,,Needs Renovation,2186.0,F,97.0,,0,0,1,0,0,0,0,0,0,0,1,0
PROP206295,19.0,Good,3640.0,A,44.0,85.0,0,1,0,1,0,1,1,1,0,0,0,0
PROP206296,28.0,New,4599.0,C,55.0,39.0,0,0,0,0,1,0,1,0,0,1,0,0
PROP206297,9.0,Needs Renovation,1601.0,F,73.0,47.0,1,1,0,0,0,0,1,0,0,1,0,0
PROP206298,15.0,New,2764.0,E,70.0,58.0,0,0,0,0,0,1,0,1,1,0,0,0
PROP206299,24.0,Needs Renovation,2722.0,B,54.0,44.0,1,0,0,0,0,1,0,0,1,0,1,1
PROP206300,36.0,New,4712.0,D,65.0,34.0,0,0,0,1,1,0,1,1,1,0,0,0
PROP206301,23.0,Good,2105.0,A,68.0,59.0,0,0,1,0,0,0,0,1,1,0,0,0
PROP206302,11.0,Good,4709.0,E,60.0,96.0,1,0,0,0,0,0,0,0,0,1,0,1
PROP206303,12.0,New,2379.0,B,96.0,76.0,0,1,1,0,0,0,0,0,0,1,0,1
PROP206304,20.0,Good,2074.0,A,44.0,41.0,0,0,0,0,1,0,0,1,0,1,0,0
PROP206305,21.0,New,2167.0,A,79.0,84.0,1,0,0,0,1,1,0,0,1,0,0,0
PROP206306,32.0,Old,2624.0,F,41.0,82.0,1,0,1,0,1,0,0,0,0,0,0,0
PROP206307,33.0,Old,1833.0,D,86.0,,0,1,1,0,1,1,0,0,1,0,0,0
PROP206308,20.0,Old,2220.0,B,89.0,41.0,0,0,1,1,0,0,0,0,1,1,0,0
PROP206309,30.0,New,2849.0,B,45.0,45.0,0,1,0,0,0,0,0,1,1,1,1,0
PROP206310,22.0,Old,1985.0,B,89.0,53.0,0,1,0,1,0,0,0,0,1,0,0,0
PROP206311,24.0,New,1828.0,A,52.0,62.0,0,0,0,1,0,1,1,0,1,0,0,0
PROP206312,30.0,Needs Renovation,2540.0,B,75.0,50.0,0,0,0,1,1,0,0,0,0,0,0,0
PROP206313,35.0,Needs Renovation,2071.0,E,65.0,90.0,1,0,0,0,0,0,0,0,0,0,0,1
PROP206314,29.0,Needs Renovation,3021.0,D,,54.0,1,0,1,1,0,1,0,0,1,0,0,0
PROP206315,24.0,Old,3054.0,E,88.0,,1,1,0,0,0,0,1,0,0,0,0,1
PROP206316,20.0,Needs Renovation,2586.0,D,57.0,59.0,1,1,1,0,1,0,0,0,0,1,0,0
PROP206317,9.0,Old,3770.0,D,67.0,,0,1,0,0,0,1,0,0,0,1,0,0
PROP206318,25.0,Needs Renovation,2346.0,F,94.0,36.0,0,1,0,0,0,0,0,0,1,0,0,0
PROP206319,10.0,New,1763.0,D,91.0,92.0,0,0,0,0,0,1,0,1,1,1,1,0
PROP206320,5.0,Good,3012.0,B,,92.0,1,0,0,0,0,1,1,1,0,0,0,0
PROP206321,13.0,Needs Renovation,2872.0,E,44.0,90.0,0,0,0,1,0,0,0,0,1,0,0,0
PROP206322,8.0,Old,2669.0,F,48.0,68.0,1,1,0,0,0,0,1,1,0,1,0,0
PROP206323,,Good,3561.0,B,77.0,80.0,0,0,0,1,0,0,0,1,1,0,0,1
PROP206324,36.0,Good,1390.0,C,57.0,89.0,1,0,0,0,1,0,1,1,0,0,0,0
PROP206325,31.0,Good,3421.0,F,65.0,31.0,1,1,0,1,0,1,0,0,0,0,0,0
PROP206326,15.0,Needs Renovation,3070.0,B,98.0,57.0,1,0,1,0,0,1,0,1,0,0,1,0
PROP206327,0.0,New,1569.0,A,50.0,32.0,0,0,0,0,1,0,0,0,0,1,1,0
PROP206328,,Good,4067.0,D,97.0,,1,0,1,0,0,1,0,1,0,0,0,0
PROP206329,34.0,Needs Renovation,322.0,A,90.0,64.0,1,0,0,0,1,0,0,0,0,0,0,0
PROP206330,8.0,Good,1739.0,F,60.0,,0,0,1,0,0,0,1,0,0,0,0,0
PROP206331,6.0,New,2480.0,B,67.0,32.0,0,0,0,1,0,0,0,1,0,1,0,0
PROP206332,20.0,Old,4956.0,D,81.0,76.0,0,0,1,1,0,0,0,0,1,0,0,0
PROP206333,5.0,Needs Renovation,3476.0,C,62.0,97.0,1,0,0,0,1,0,0,0,1,0,0,0
PROP206334,24.0,Good,2480.0,D,58.0,44.0,0,1,0,0,0,0,0,1,0,1,1,0
PROP206335,15.0,Old,2259.0,D,79.0,55.0,1,0,0,0,0,1,0,1,0,0,1,1
PROP206336,9.0,Old,2793.0,D,,66.0,0,0,1,0,0,0,0,0,0,0,1,0
PROP206337,18.0,Needs Renovation,2101.0,C,75.0,47.0,0,0,0,0,1,0,1,1,1,1,0,0
PROP206338,28.0,New,1320.0,F,40.0,,0,0,1,1,0,0,0,0,0,0,1,1
PROP206339,18.0,Old,3903.0,C,73.0,63.0,0,0,1,0,0,0,1,0,0,1,0,0
PROP206340,28.0,New,4479.0,E,85.0,69.0,0,1,0,1,1,0,0,0,1,1,0,0
PROP206341,28.0,Good,2149.0,D,84.0,95.0,0,1,0,0,1,0,0,0,1,0,0,0
PROP206342,9.0,Old,2548.0,C,89.0,95.0,1,0,0,1,0,0,0,0,0,0,0,1
PROP206343,23.0,Needs Renovation,2616.0,B,54.0,34.0,1,0,1,0,0,0,0,0,0,0,0,0
PROP206344,4.0,New,1537.0,A,40.0,62.0,0,1,0,0,0,1,1,0,1,1,0,0
PROP206345,37.0,Needs Renovation,3962.0,F,77.0,63.0,0,0,0,0,1,0,0,1,1,0,1,0
PROP206346,7.0,Old,2174.0,F,75.0,34.0,0,0,1,0,0,0,0,0,0,0,0,1
PROP206347,18.0,Good,3247.0,A,71.0,30.0,0,1,1,0,0,0,1,0,0,0,1,0
PROP206348,1.0,Old,780.0,C,98.0,32.0,1,0,0,0,1,0,0,0,0,0,0,1
PROP206349,18.0,Needs Renovation,2135.0,D,87.0,40.0,1,0,0,1,1,0,0,0,0,1,0,1
PROP206350,22.0,Needs Renovation,1271.0,B,81.0,50.0,1,0,0,0,1,0,0,1,0,0,0,0
PROP206351,21.0,New,5018.0,B,83.0,78.0,0,1,0,0,0,0,0,0,1,1,0,0
PROP206352,5.0,Needs Renovation,1088.0,B,83.0,72.0,0,1,0,1,0,0,0,0,1,0,0,0
PROP206353,14.0,Good,3684.0,A,81.0,31.0,1,0,0,1,0,0,1,1,0,0,0,0
PROP206354,21.0,Good,2680.0,B,94.0,49.0,0,0,1,0,0,0,0,1,0,0,0,0
PROP206355,30.0,Old,4105.0,F,97.0,84.0,0,0,1,1,0,0,0,1,1,0,0,1
PROP206356,27.0,Old,2635.0,A,67.0,43.0,0,0,1,0,1,0,1,0,1,0,0,0
PROP206357,21.0,Good,3831.0,C,52.0,31.0,0,1,0,0,0,0,1,0,0,1,1,1
PROP206358,7.0,Good,2942.0,C,47.0,86.0,0,0,0,0,1,1,1,0,0,0,1,0
PROP206359,30.0,Good,2539.0,E,55.0,54.0,0,0,0,0,0,1,1,0,0,0,0,0
PROP206360,31.0,Old,1788.0,F,46.0,83.0,0,1,0,0,0,0,0,0,1,0,1,1
PROP206361,6.0,Old,2478.0,B,88.0,62.0,1,0,0,1,0,0,0,0,0,0,0,0
PROP206362,2.0,Old,1363.0,C,98.0,73.0,0,0,0,0,0,1,1,0,0,0,0,0
PROP206363,8.0,Old,3280.0,E,43.0,37.0,0,0,0,1,1,0,0,0,0,0,0,0
PROP206364,8.0,Good,1243.0,D,,93.0,1,0,0,0,1,0,0,0,0,1,0,1
PROP206365,28.0,Needs Renovation,2621.0,E,84.0,61.0,0,0,1,0,1,0,0,0,0,0,0,0
PROP206366,17.0,New,4762.0,F,,51.0,0,1,0,1,0,0,0,0,0,0,1,0
PROP206367,24.0,Good,2.0,A,47.0,91.0,0,0,0,0,0,0,1,0,0,0,0,1
PROP206368,20.0,Needs Renovation,1785.0,E,45.0,75.0,0,0,1,0,1,1,0,0,0,1,0,0
PROP206369,11.0,New,2116.0,C,53.0,94.0,0,0,0,0,0,0,0,0,0,0,1,1
PROP206370,19.0,New,1011.0,A,,91.0,0,0,1,0,0,0,1,0,1,0,0,0
PROP206371,16.0,New,2480.0,E,80.0,53.0,1,0,0,0,0,1,0,0,0,1,0,0
PROP206372,19.0,New,4279.0,C,46.0,,0,1,0,0,0,0,0,1,0,0,0,0
PROP206373,29.0,New,3260.0,A,77.0,74.0,0,0,1,0,0,0,0,0,0,0,1,0
PROP206374,17.0,Old,2725.0,A,51.0,59.0,0,0,0,0,1,1,1,1,0,0,0,0
PROP206375,9.0,New,0.0,A,74.0,63.0,0,0,1,0,0,1,0,0,0,0,0,0
PROP206376,29.0,New,1811.0,C,,61.0,0,0,0,0,0,1,1,0,0,0,1,1
PROP206377,38.0,Good,3868.0,A,,92.0,1,0,1,1,0,1,0,0,0,0,1,0
PROP206378,30.0,Good,2228.0,D,52.0,55.0,0,0,0,0,0,0,1,1,0,0,0,0
PROP206379,16.0,New,3413.0,B,62.0,70.0,0,0,1,0,1,0,1,0,1,0,0,0
PROP206380,4.0,Needs Renovation,2851.0,E,82.0,82.0,1,0,0,1,0,0,0,0,1,0,0,0
PROP206381,24.0,Good,1396.0,D,71.0,88.0,0,1,0,0,1,0,0,0,0,0,0,0
PROP206382,35.0,New,1695.0,A,,76.0,0,1,0,1,1,0,1,0,0,0,0,0
PROP206383,2.0,Old,4895.0,E,81.0,78.0,1,1,0,1,0,0,0,0,0,0,0,0
PROP206384,26.0,Needs Renovation,2946.0,D,81.0,56.0,1,0,0,0,0,0,0,1,0,0,0,0
PROP206385,34.0,New,2775.0,B,70.0,45.0,0,0,0,1,0,1,1,0,1,1,0,0
PROP206386,31.0,Old,3367.0,B,73.0,70.0,0,0,0,1,0,0,0,0,0,1,0,1
PROP206387,17.0,New,1653.0,C,65.0,72.0,0,0,1,0,0,1,0,0,0,1,1,0
PROP206388,8.0,New,2434.0,C,90.0,,0,0,0,0,1,0,0,0,0,1,1,0
PROP206389,30.0,Good,106.0,B,83.0,30.0,0,0,0,1,1,0,0,0,0,0,0,0
PROP206390,1.0,Old,1605.0,B,51.0,82.0,0,0,0,0,1,1,0,0,0,1,0,0
PROP206391,3.0,Good,1677.0,F,74.0,81.0,0,0,0,1,0,1,1,0,0,0,0,0
PROP206392,38.0,New,3625.0,A,53.0,51.0,1,0,0,0,1,1,0,0,0,0,1,0
PROP206393,12.0,Needs Renovation,2815.0,A,71.0,88.0,1,0,0,0,0,0,0,0,0,1,0,0
PROP206394,23.0,Old,2301.0,A,89.0,45.0,0,0,0,0,0,1,1,0,0,0,0,0
PROP206395,35.0,Old,0.0,C,98.0,,0,1,0,0,0,0,0,0,0,0,1,0
PROP206396,30.0,New,1642.0,B,79.0,84.0,0,0,1,1,0,0,0,0,0,0,0,0
PROP206397,,Old,3733.0,B,41.0,40.0,1,0,0,0,0,0,0,0,1,1,1,0
PROP206398,15.0,New,1.0,E,63.0,55.0,1,0,1,0,1,0,0,0,0,0,0,0
PROP206399,32.0,New,3021.0,D,,30.0,1,0,0,0,1,0,0,0,0,1,0,0
PROP206400,15.0,Old,2205.0,E,40.0,,0,1,0,0,1,0,1,0,1,0,0,0
PROP206401,23.0,Needs Renovation,2480.0,C,95.0,96.0,0,1,0,0,0,1,0,1,0,0,0,0
PROP206402,7.0,Old,1717.0,E,70.0,69.0,0,0,0,1,0,1,0,1,0,0,0,0
PROP206403,12.0,Good,957.0,F,43.0,36.0,0,0,1,0,1,0,1,0,0,1,0,1
PROP206404,7.0,Old,1851.0,C,65.0,88.0,1,0,1,0,1,0,0,1,0,0,0,0
PROP206405,12.0,Old,2436.0,D,71.0,52.0,1,0,0,0,1,0,1,0,0,0,0,1
PROP206406,,Needs Renovation,1267.0,E,46.0,37.0,0,1,1,0,0,0,0,0,0,0,0,0
PROP206407,16.0,Good,3191.0,E,83.0,40.0,1,0,1,1,0,1,0,0,0,0,1,0
PROP206408,16.0,Needs Renovation,2873.0,F,42.0,33.0,1,0,0,0,0,0,0,0,0,0,0,1
PROP206409,4.0,New,3212.0,E,98.0,47.0,1,0,0,0,0,1,1,0,0,0,1,0
PROP206410,10.0,Good,2389.0,D,75.0,34.0,0,1,0,0,1,0,0,1,0,0,1,1
PROP206411,35.0,Good,2810.0,F,99.0,68.0,0,0,0,0,0,1,1,0,1,0,1,0
PROP206412,33.0,New,3189.0,B,86.0,51.0,1,0,1,0,0,0,0,0,0,1,1,0
PROP206413,11.0,Old,1543.0,A,97.0,96.0,1,1,0,1,0,0,0,1,1,0,0,0
PROP206414,30.0,Good,864.0,E,84.0,92.0,1,0,0,0,0,0,0,0,1,0,0,0
PROP206415,3.0,Good,1994.0,B,54.0,69.0,0,0,0,0,1,0,0,0,1,1,0,0
PROP206416,35.0,Good,2422.0,D,60.0,65.0,0,0,0,1,1,0,0,0,0,0,1,0
PROP206417,17.0,Good,1448.0,C,47.0,63.0,1,0,0,1,0,1,0,0,0,1,0,0
PROP206418,38.0,Good,2971.0,A,65.0,78.0,1,0,0,0,0,0,0,0,1,0,0,0
PROP206419,36.0,Needs Renovation,686.0,C,69.0,31.0,0,1,0,0,0,1,0,0,0,0,1,0
PROP206420,28.0,Old,3789.0,E,92.0,92.0,0,1,0,0,0,0,0,0,1,0,0,0
PROP206421,16.0,Good,3191.0,B,55.0,36.0,0,1,0,0,0,0,1,0,0,0,0,0
PROP206422,35.0,Good,1982.0,B,98.0,68.0,1,1,0,0,1,0,0,0,1,0,0,1
PROP206423,3.0,New,1573.0,D,51.0,66.0,0,1,0,0,1,0,0,0,0,0,0,0
PROP206424,7.0,Needs Renovation,1883.0,E,99.0,88.0,1,1,1,0,0,0,1,0,1,0,0,0
PROP206425,14.0,Old,5481.0,B,68.0,42.0,0,1,0,0,0,0,1,1,1,0,0,0
PROP206426,32.0,Needs Renovation,2480.0,D,,63.0,1,0,0,0,0,1,0,0,0,0,0,0
PROP206427,8.0,Good,2480.0,E,43.0,39.0,0,0,0,0,1,0,1,0,1,0,0,1
PROP206428,36.0,New,2357.0,A,54.0,53.0,0,0,0,1,0,0,1,0,0,1,0,0
PROP206429,20.0,Needs Renovation,1270.0,B,90.0,48.0,1,1,0,0,0,0,1,0,1,0,1,0
PROP206430,24.0,New,3610.0,C,55.0,47.0,1,0,1,0,0,0,0,0,0,1,0,0
PROP206431,0.0,Needs Renovation,2480.0,D,62.0,92.0,0,0,0,0,0,0,1,0,0,0,0,1
PROP206432,13.0,Old,3463.0,A,78.0,51.0,0,0,1,1,0,1,0,1,0,0,1,0
PROP206433,10.0,New,2574.0,A,88.0,,0,1,1,0,1,0,0,0,1,0,0,1
PROP206434,13.0,Good,1905.0,E,43.0,67.0,1,0,0,1,1,0,1,0,0,0,0,0
PROP206435,12.0,New,2905.0,B,,62.0,1,0,0,0,1,0,0,1,0,0,1,1
PROP206436,3.0,Needs Renovation,2582.0,B,50.0,47.0,0,0,0,0,1,1,0,1,1,0,0,0
PROP206437,37.0,Needs Renovation,2561.0,C,42.0,90.0,1,1,0,0,1,0,0,0,0,0,1,0
PROP206438,29.0,Old,2739.0,E,71.0,64.0,1,0,1,0,0,0,1,0,1,0,0,1
PROP206439,29.0,Old,3489.0,E,99.0,,0,0,0,0,0,0,1,1,0,0,1,1
PROP206440,8.0,Old,1470.0,D,70.0,39.0,0,1,0,0,1,0,1,0,1,0,0,1
PROP206441,12.0,New,1811.0,E,94.0,81.0,0,0,1,0,0,0,1,1,0,0,0,1
PROP206442,33.0,New,2606.0,C,64.0,,1,0,0,0,0,0,1,0,0,0,0,0
PROP206443,37.0,Needs Renovation,2139.0,D,56.0,77.0,1,0,0,0,0,0,0,0,0,0,0,1
PROP206444,39.0,New,3649.0,E,40.0,70.0,0,1,1,0,1,0,0,0,0,1,1,0
PROP206445,30.0,New,2138.0,B,86.0,71.0,0,0,0,0,1,1,0,0,1,0,1,0
PROP206446,36.0,Old,1651.0,E,61.0,80.0,0,0,1,1,0,0,1,0,1,0,1,0
PROP206447,10.0,New,2286.0,C,76.0,65.0,0,0,1,0,0,0,0,0,1,0,0,0
PROP206448,24.0,Old,3907.0,B,51.0,88.0,0,0,0,1,0,0,0,1,0,1,0,0
PROP206449,20.0,New,3558.0,A,54.0,96.0,1,0,0,0,0,1,0,0,0,0,0,0
PROP206450,24.0,Old,2480.0,A,46.0,55.0,1,0,0,0,1,0,0,0,0,1,1,0
PROP206451,9.0,Old,2480.0,F,78.0,87.0,0,0,0,0,0,1,1,0,0,0,1,0
PROP206452,27.0,Old,5485.0,F,69.0,43.0,1,0,0,0,0,0,0,0,0,0,1,0
PROP206453,13.0,Good,2693.0,A,75.0,40.0,0,0,0,0,1,0,0,0,1,0,1,0
PROP206454,16.0,Needs Renovation,562.0,F,76.0,83.0,1,1,0,0,0,0,1,0,0,0,0,1
PROP206455,2.0,New,2336.0,D,78.0,61.0,0,0,0,0,1,0,1,0,0,1,1,0
PROP206456,14.0,New,1750.0,C,84.0,88.0,1,0,0,1,1,0,0,0,1,0,0,0
PROP206457,,Needs Renovation,620.0,B,87.0,73.0,1,0,1,1,1,0,0,0,0,1,0,0
PROP206458,0.0,Old,2411.0,C,42.0,43.0,1,0,0,0,0,0,0,1,1,0,1,1
PROP206459,25.0,Needs Renovation,3866.0,E,45.0,48.0,0,0,0,0,1,0,0,1,1,0,0,0
PROP206460,32.0,Good,1578.0,A,,,1,0,0,0,0,0,0,1,0,1,0,1
PROP206461,20.0,Needs Renovation,1543.0,D,70.0,35.0,0,0,1,0,0,0,1,0,1,0,1,1
PROP206462,33.0,Needs Renovation,1963.0,E,63.0,53.0,1,0,0,0,0,1,1,0,1,1,0,0
PROP206463,39.0,Old,2313.0,E,63.0,,0,1,1,0,0,0,1,0,0,0,0,1
PROP206464,17.0,New,1441.0,A,53.0,34.0,1,0,0,0,0,0,0,1,0,0,1,0
PROP206465,9.0,Good,1259.0,B,,68.0,0,0,0,0,1,0,0,1,1,0,0,0
PROP206466,0.0,Needs Renovation,2480.0,F,82.0,48.0,0,1,1,0,0,1,1,0,0,0,0,0
PROP206467,35.0,Old,2480.0,A,80.0,58.0,0,1,0,0,0,0,0,0,1,1,1,0
PROP206468,11.0,Good,650.0,E,63.0,34.0,0,0,0,0,1,0,0,0,0,1,0,0
PROP206469,0.0,Old,970.0,D,70.0,76.0,0,1,0,1,0,0,0,0,0,0,0,0
PROP206470,26.0,New,1615.0,A,87.0,65.0,1,0,0,0,0,0,1,0,0,0,0,0
PROP206471,14.0,Needs Renovation,3019.0,D,58.0,62.0,0,1,0,1,1,0,0,1,1,0,0,0
PROP206472,24.0,Old,3450.0,F,64.0,40.0,0,1,0,0,0,0,0,0,1,1,1,1
PROP206473,33.0,Old,1772.0,E,93.0,86.0,0,1,0,0,0,0,0,0,1,0,0,1
PROP206474,16.0,Old,695.0,B,42.0,80.0,0,1,0,0,0,1,0,1,0,0,1,0
PROP206475,34.0,New,864.0,E,71.0,88.0,0,1,1,0,1,0,1,0,1,0,0,0
PROP206476,37.0,Good,1893.0,F,81.0,85.0,0,0,0,0,0,0,0,1,1,1,1,0
PROP206477,25.0,New,2709.0,C,75.0,48.0,0,0,0,1,0,0,0,0,0,1,1,0
PROP206478,20.0,Needs Renovation,4499.0,C,54.0,98.0,0,0,0,0,0,0,1,1,0,0,0,1
PROP206479,5.0,New,1252.0,F,45.0,38.0,1,0,1,0,0,0,0,0,1,1,0,1
PROP206480,11.0,Good,3998.0,C,83.0,82.0,1,1,0,0,0,1,0,0,1,0,0,1
PROP206481,16.0,Good,3344.0,E,47.0,,0,1,0,1,0,0,0,1,1,1,0,0
PROP206482,37.0,Needs Renovation,4251.0,D,58.0,31.0,0,1,1,0,0,1,0,0,1,0,0,0
PROP206483,31.0,Old,2772.0,C,40.0,34.0,1,0,0,0,0,1,0,0,1,1,1,0
PROP206484,0.0,New,2359.0,C,64.0,73.0,0,0,1,1,0,0,0,1,0,0,0,0
PROP206485,1.0,Good,2305.0,F,54.0,49.0,0,1,0,0,0,1,0,0,0,1,0,1
PROP206486,,Old,3759.0,A,68.0,60.0,0,1,1,0,1,0,0,0,0,0,0,0
PROP206487,11.0,Good,212.0,E,53.0,38.0,0,0,1,1,0,0,0,0,0,1,0,0
PROP206488,25.0,Needs Renovation,2480.0,D,94.0,92.0,0,0,0,0,0,0,0,1,1,0,1,0
PROP206489,11.0,Good,3328.0,C,73.0,46.0,0,1,0,0,1,0,0,1,0,1,0,0
PROP206490,36.0,Good,2994.0,E,66.0,72.0,0,0,0,0,0,0,1,0,0,0,0,1
PROP206491,20.0,New,3043.0,A,47.0,,0,1,0,0,0,0,0,0,0,1,0,0
PROP206492,22.0,Old,2913.0,C,83.0,87.0,0,1,1,0,0,1,0,1,0,0,0,1
PROP206493,17.0,New,2419.0,F,86.0,54.0,0,0,0,1,1,0,0,0,0,0,0,0
PROP206494,,Needs Renovation,279.0,E,80.0,43.0,0,0,1,0,0,0,0,1,0,0,1,0
PROP206495,5.0,New,4310.0,B,79.0,89.0,0,0,0,0,0,0,1,1,0,0,0,0
PROP206496,14.0,Needs Renovation,4044.0,F,59.0,34.0,0,0,0,0,0,0,0,0,0,1,0,1
PROP206497,6.0,Old,4339.0,A,42.0,79.0,0,0,0,1,0,0,1,0,1,0,1,0
PROP206498,10.0,Good,644.0,D,48.0,92.0,0,0,0,0,1,0,0,0,1,0,0,1
PROP206499,28.0,Old,2480.0,F,99.0,80.0,0,1,0,0,1,0,0,0,0,1,0,0
PROP206500,39.0,New,2744.0,A,46.0,78.0,1,0,1,0,0,0,1,0,0,0,0,1
PROP206501,37.0,Old,3689.0,A,88.0,98.0,1,0,0,0,0,0,1,0,1,0,0,1
PROP206502,9.0,Good,4617.0,D,95.0,78.0,0,1,0,0,0,0,1,1,0,0,0,0
PROP206503,5.0,New,3541.0,D,65.0,58.0,1,0,0,1,0,0,0,0,0,0,0,0
PROP206504,6.0,New,3048.0,A,80.0,60.0,0,1,0,0,1,0,0,1,0,0,1,0
PROP206505,36.0,Old,5456.0,E,,35.0,1,0,1,0,1,0,0,0,1,0,0,0
PROP206506,1.0,Old,3158.0,B,74.0,59.0,0,0,0,0,1,0,1,0,0,1,0,0
PROP206507,36.0,Needs Renovation,1731.0,C,76.0,43.0,0,0,0,0,1,1,0,0,0,1,0,0
PROP206508,16.0,New,2480.0,E,98.0,,0,0,1,0,0,0,0,0,1,0,0,0
PROP206509,12.0,Needs Renovation,5507.0,F,52.0,83.0,0,1,0,0,1,0,1,0,0,0,0,0
PROP206510,30.0,Needs Renovation,2976.0,E,64.0,31.0,1,0,0,1,0,0,0,0,0,0,0,0
PROP206511,24.0,Needs Renovation,2931.0,E,62.0,75.0,1,0,0,0,0,1,1,0,0,0,1,1
PROP206512,25.0,Needs Renovation,2480.0,F,87.0,98.0,1,0,0,0,0,0,0,1,0,1,0,1
PROP206513,8.0,Needs Renovation,2696.0,D,54.0,86.0,1,0,1,1,0,0,0,0,0,0,0,1
PROP206514,13.0,New,2480.0,A,85.0,83.0,1,0,0,0,0,0,1,0,0,1,0,0
PROP206515,22.0,Old,2022.0,C,45.0,45.0,0,0,0,0,1,0,0,0,1,0,0,0
PROP206516,11.0,Good,1490.0,E,85.0,,1,0,1,0,0,1,0,1,0,0,0,0
PROP206517,28.0,Needs Renovation,1413.0,D,55.0,88.0,0,0,0,1,0,0,0,0,0,1,0,0
PROP206518,24.0,Old,1144.0,B,,59.0,0,0,0,0,1,0,0,0,1,1,1,0
PROP206519,9.0,Needs Renovation,3095.0,A,92.0,45.0,0,0,0,0,0,1,0,1,0,0,0,1
PROP206520,12.0,Needs Renovation,4110.0,A,,47.0,0,0,1,1,0,1,0,0,0,0,0,1
PROP206521,33.0,Needs Renovation,810.0,B,,31.0,0,0,1,0,0,0,0,0,1,0,0,1
PROP206522,11.0,New,2480.0,B,59.0,80.0,0,0,1,0,0,0,1,0,0,0,0,1
PROP206523,0.0,Old,558.0,C,88.0,69.0,1,0,0,0,1,1,0,1,0,0,1,0
PROP206524,26.0,Good,276.0,D,81.0,76.0,0,1,0,0,0,0,0,0,0,1,0,0
PROP206525,30.0,Old,221.0,A,77.0,61.0,1,0,0,1,0,0,0,1,0,0,1,1
PROP206526,10.0,Needs Renovation,1266.0,D,55.0,49.0,0,1,0,0,0,0,0,1,1,1,0,1
PROP206527,1.0,New,845.0,B,52.0,68.0,0,0,0,0,0,1,0,0,0,0,0,1
PROP206528,35.0,Needs Renovation,2849.0,B,,83.0,0,1,0,0,1,0,0,0,0,0,0,0
PROP206529,6.0,Old,2480.0,F,78.0,32.0,0,1,0,1,0,1,0,0,0,0,1,1
PROP206530,12.0,New,4374.0,B,96.0,,0,1,0,0,1,0,0,0,1,1,0,0
PROP206531,37.0,Old,999.0,E,92.0,68.0,0,1,0,0,0,1,0,0,0,0,0,0
PROP206532,31.0,New,0.0,C,51.0,94.0,0,0,0,0,1,0,1,1,1,0,0,1
PROP206533,18.0,Needs Renovation,2570.0,D,85.0,88.0,1,0,0,0,0,1,0,0,0,0,0,0
PROP206534,20.0,Old,3292.0,C,94.0,67.0,1,1,0,0,1,0,1,0,1,0,0,0
PROP206535,9.0,Needs Renovation,3360.0,C,73.0,59.0,1,0,1,0,0,0,0,0,0,0,1,0
PROP206536,10.0,New,1850.0,E,69.0,98.0,0,1,1,0,0,0,0,0,0,0,0,1
PROP206537,22.0,Needs Renovation,3052.0,E,84.0,61.0,1,0,0,0,0,1,0,0,0,0,1,0
PROP206538,9.0,Old,2444.0,D,95.0,44.0,0,0,0,0,1,0,0,1,0,1,1,0
PROP206539,,New,506.0,B,44.0,72.0,0,0,0,0,0,0,1,0,0,1,0,0
PROP206540,9.0,New,2288.0,E,82.0,41.0,0,0,0,1,0,1,0,0,1,0,0,0
PROP206541,34.0,New,678.0,C,55.0,78.0,0,0,0,1,1,0,1,0,0,0,1,0
PROP206542,9.0,Needs Renovation,296.0,C,40.0,81.0,1,0,1,0,0,0,0,0,1,0,0,0
PROP206543,14.0,Old,716.0,E,95.0,42.0,0,0,0,1,0,0,0,0,0,0,0,1
PROP206544,20.0,Needs Renovation,2817.0,D,45.0,67.0,0,1,0,1,0,0,1,0,0,0,0,0
PROP206545,16.0,New,2262.0,C,,69.0,0,1,0,0,0,0,0,0,1,0,0,0
PROP206546,32.0,Old,1593.0,E,62.0,78.0,1,0,1,1,0,0,1,0,0,0,0,1
PROP206547,20.0,Needs Renovation,1601.0,C,50.0,32.0,1,1,0,1,0,0,0,0,1,0,1,0
PROP206548,22.0,Needs Renovation,2713.0,C,75.0,60.0,0,0,0,0,1,0,0,0,1,1,0,0
PROP206549,26.0,Needs Renovation,2366.0,F,73.0,96.0,0,0,0,0,0,0,1,0,1,0,1,1
PROP206550,20.0,New,266.0,D,52.0,66.0,0,0,1,0,0,1,0,0,1,0,1,0
PROP206551,19.0,New,3392.0,B,93.0,48.0,1,0,0,0,0,0,0,0,0,0,0,1
PROP206552,29.0,Needs Renovation,1884.0,B,,66.0,1,0,0,0,0,0,1,0,1,0,0,1
PROP206553,30.0,Needs Renovation,4603.0,C,74.0,82.0,0,1,0,0,0,0,0,1,0,0,1,0
PROP206554,16.0,Good,3247.0,E,68.0,37.0,1,1,0,0,0,0,0,0,1,0,1,0
PROP206555,13.0,Good,2822.0,A,67.0,,1,1,0,0,0,0,0,0,0,0,1,1
PROP206556,36.0,Good,562.0,C,49.0,96.0,0,0,0,0,1,0,0,1,0,0,1,0
PROP206557,10.0,Old,448.0,A,,80.0,1,1,0,0,1,1,0,0,0,1,0,0
PROP206558,21.0,Old,1931.0,F,80.0,32.0,0,0,0,0,1,1,0,0,0,0,0,0
PROP206559,36.0,Needs Renovation,1008.0,B,52.0,97.0,0,0,0,0,0,0,1,0,0,1,0,0
PROP206560,4.0,Old,2273.0,D,62.0,60.0,0,1,0,0,0,0,0,1,0,1,0,1
PROP206561,,Needs Renovation,1406.0,A,77.0,74.0,1,0,0,0,0,0,0,0,0,0,1,0
PROP206562,4.0,Old,1659.0,E,73.0,53.0,1,1,0,0,0,0,0,0,0,0,0,0
PROP206563,38.0,Old,4332.0,A,56.0,89.0,1,0,1,0,0,0,1,0,1,0,1,0
PROP206564,34.0,Old,3478.0,A,,77.0,0,0,0,0,0,0,1,1,0,1,0,0
PROP206565,25.0,Good,1310.0,F,43.0,62.0,0,0,0,1,0,0,0,1,0,1,1,1
PROP206566,36.0,New,2401.0,D,73.0,45.0,0,0,0,0,0,1,0,0,1,1,1,0
PROP206567,7.0,Old,2970.0,E,52.0,71.0,0,1,0,1,0,0,1,0,1,1,0,0
PROP206568,6.0,New,1133.0,F,40.0,60.0,1,1,0,0,1,0,0,0,1,0,0,0
PROP206569,39.0,New,2801.0,E,83.0,75.0,0,0,0,1,1,0,0,0,0,0,0,0
PROP206570,8.0,Old,3098.0,D,73.0,49.0,0,1,0,0,0,0,0,0,0,1,0,1
PROP206571,19.0,Good,2480.0,E,86.0,89.0,0,0,1,0,0,1,0,0,0,0,1,1
PROP206572,27.0,Needs Renovation,2235.0,A,63.0,99.0,0,0,0,1,1,0,0,1,0,1,0,0
PROP206573,19.0,Needs Renovation,3882.0,E,73.0,43.0,0,0,0,0,0,0,0,0,1,1,0,0
PROP206574,37.0,Good,1823.0,A,,40.0,0,1,0,0,0,0,0,0,0,1,0,0
PROP206575,8.0,New,3200.0,E,59.0,63.0,1,0,0,1,0,0,0,0,1,0,0,0
PROP206576,20.0,Old,3846.0,D,91.0,55.0,1,0,0,1,0,0,0,1,0,0,1,1
PROP206577,23.0,Needs Renovation,3513.0,E,63.0,77.0,0,0,0,0,1,0,0,0,0,0,1,1
PROP206578,16.0,Good,2344.0,A,45.0,41.0,0,1,0,0,0,0,0,1,1,1,1,0
PROP206579,35.0,New,2011.0,E,93.0,75.0,0,0,0,0,1,1,0,0,1,1,1,0
PROP206580,20.0,Needs Renovation,683.0,E,43.0,41.0,1,0,0,0,0,0,0,0,1,0,0,0
PROP206581,24.0,Old,3299.0,A,59.0,37.0,0,0,1,0,1,1,1,0,0,0,1,0
PROP206582,35.0,Old,4048.0,E,58.0,54.0,1,0,0,0,1,0,0,1,0,0,0,0
PROP206583,16.0,Old,2480.0,C,98.0,63.0,0,1,0,1,0,1,0,0,0,0,0,0
PROP206584,23.0,Old,3203.0,A,93.0,60.0,1,0,0,0,1,1,1,0,0,0,1,0
PROP206585,16.0,Good,1237.0,A,78.0,80.0,1,0,0,1,0,0,0,0,0,1,1,0
PROP206586,36.0,Needs Renovation,3547.0,D,57.0,40.0,1,0,0,0,1,1,1,0,0,0,1,0
PROP206587,3.0,New,2926.0,A,91.0,30.0,0,0,0,0,1,1,1,0,0,1,1,0
PROP206588,37.0,Needs Renovation,1815.0,E,79.0,97.0,0,0,0,0,1,0,0,0,0,0,0,1
PROP206589,10.0,Needs Renovation,2710.0,B,48.0,92.0,0,0,0,0,1,0,1,1,0,0,0,1
PROP206590,15.0,Needs Renovation,2893.0,A,73.0,50.0,1,0,0,0,0,0,1,0,0,0,0,1
PROP206591,9.0,Good,1684.0,D,55.0,38.0,1,0,1,0,1,0,0,0,0,0,0,0
PROP206592,33.0,Good,1721.0,E,74.0,72.0,0,0,1,0,1,0,0,0,0,0,0,0
PROP206593,32.0,Good,702.0,A,87.0,87.0,1,0,0,0,1,0,0,1,0,0,0,0
PROP206594,38.0,Good,1272.0,E,72.0,84.0,0,0,0,1,0,1,0,0,1,0,0,0
PROP206595,32.0,Old,2513.0,C,54.0,62.0,0,1,1,1,0,0,0,0,1,1,0,0
PROP206596,30.0,Good,2480.0,C,43.0,88.0,0,0,0,0,1,0,0,0,0,0,0,1
PROP206597,27.0,New,4302.0,B,,81.0,1,1,0,1,1,0,0,0,1,0,0,0
PROP206598,20.0,New,3979.0,B,54.0,82.0,0,0,1,1,0,0,0,0,0,0,0,1
PROP206599,30.0,Needs Renovation,5863.0,D,53.0,95.0,0,0,0,0,0,0,1,1,1,1,1,0
PROP206600,13.0,New,1800.0,F,90.0,98.0,0,0,0,0,1,0,1,0,0,0,0,0
PROP206601,27.0,Needs Renovation,316.0,D,70.0,91.0,1,0,0,1,0,0,0,0,0,0,0,0
PROP206602,19.0,New,2818.0,E,55.0,32.0,1,0,0,0,0,1,1,0,1,1,0,0
PROP206603,21.0,New,1961.0,B,78.0,61.0,0,1,0,1,0,0,0,0,0,0,0,0
PROP206604,30.0,Needs Renovation,2511.0,F,,38.0,0,0,0,0,0,1,0,0,1,0,0,0
PROP206605,28.0,New,2604.0,D,58.0,94.0,0,0,0,0,0,0,1,1,0,0,0,0
PROP206606,11.0,Old,3314.0,C,40.0,60.0,0,0,1,0,1,0,0,0,1,0,1,0
PROP206607,30.0,Needs Renovation,2480.0,B,,76.0,0,0,0,0,1,0,0,0,1,0,0,1
PROP206608,16.0,New,3678.0,F,44.0,78.0,0,0,0,0,1,0,0,1,1,0,0,1
PROP206609,7.0,Old,975.0,F,61.0,41.0,1,0,0,1,0,0,1,1,0,0,1,0
PROP206610,16.0,Good,4418.0,D,78.0,50.0,0,0,0,0,0,0,0,0,0,0,1,1
PROP206611,36.0,New,5571.0,E,86.0,32.0,0,0,0,0,1,1,0,1,1,0,1,0
PROP206612,32.0,New,3485.0,E,69.0,75.0,0,1,0,0,0,1,0,0,0,0,1,0
PROP206613,29.0,Needs Renovation,3299.0,A,,57.0,0,0,0,1,0,0,1,0,0,0,0,1
PROP206614,18.0,Old,2480.0,D,,,0,1,0,0,0,1,0,0,0,0,0,0
PROP206615,11.0,New,2408.0,D,87.0,63.0,0,0,1,0,0,0,0,1,1,0,0,0
PROP206616,1.0,Needs Renovation,2223.0,F,54.0,72.0,0,1,1,1,0,1,0,0,0,0,1,0
PROP206617,10.0,New,4308.0,C,52.0,73.0,0,1,1,0,0,0,0,1,0,1,1,0
PROP206618,8.0,Needs Renovation,0.0,F,81.0,64.0,1,1,0,0,0,0,1,1,0,0,1,0
PROP206619,10.0,Needs Renovation,2054.0,B,67.0,60.0,0,0,0,0,1,1,0,0,0,1,0,0
PROP206620,31.0,Needs Renovation,2480.0,C,64.0,50.0,1,0,0,0,1,0,1,0,1,0,1,0
PROP206621,31.0,Old,2480.0,D,66.0,97.0,0,0,0,0,0,0,1,0,1,0,0,1
PROP206622,13.0,Good,2756.0,C,59.0,89.0,1,0,1,0,0,0,0,1,1,0,0,0
PROP206623,10.0,Good,601.0,F,62.0,67.0,0,1,0,0,0,0,0,1,1,1,1,0
PROP206624,12.0,Good,3029.0,A,62.0,80.0,1,0,0,0,0,1,0,0,0,1,1,0
PROP206625,34.0,Good,701.0,F,51.0,90.0,1,1,1,0,0,0,1,0,1,0,0,0
PROP206626,24.0,Good,2480.0,A,88.0,66.0,1,1,0,0,0,0,0,1,0,1,1,0
PROP206627,24.0,Needs Renovation,3407.0,A,,48.0,1,0,0,0,1,0,0,1,0,1,0,0
PROP206628,31.0,Needs Renovation,5166.0,C,81.0,34.0,1,0,0,0,0,0,0,1,0,0,0,0
PROP206629,3.0,Old,1159.0,B,53.0,70.0,0,0,1,0,1,0,1,1,0,0,0,0
PROP206630,26.0,Needs Renovation,248.0,F,56.0,59.0,1,1,0,0,1,1,0,0,0,1,0,0
PROP206631,11.0,Needs Renovation,2370.0,B,65.0,59.0,0,1,0,0,0,0,0,0,1,0,0,0
PROP206632,2.0,Good,1912.0,D,,,1,1,0,1,0,0,1,0,0,0,0,0
PROP206633,,Old,4459.0,A,48.0,92.0,0,0,0,1,0,1,1,0,0,0,0,0
PROP206634,12.0,Old,2480.0,E,75.0,39.0,0,0,0,0,0,0,0,1,0,1,0,0
PROP206635,27.0,Good,3131.0,D,96.0,68.0,0,0,0,1,0,0,0,0,0,0,1,1
PROP206636,7.0,Old,1620.0,A,46.0,77.0,0,0,0,0,1,0,0,1,0,0,0,0
PROP206637,37.0,Good,3065.0,C,42.0,49.0,0,0,0,1,0,0,1,0,0,1,1,1
PROP206638,21.0,Needs Renovation,2999.0,E,41.0,88.0,0,0,0,0,0,1,0,0,0,0,0,1
PROP206639,32.0,Needs Renovation,1645.0,D,94.0,62.0,0,0,1,1,0,0,1,1,1,0,0,0
PROP206640,22.0,Needs Renovation,3312.0,A,90.0,89.0,1,0,0,1,1,0,0,1,0,0,1,0
PROP206641,37.0,New,835.0,E,68.0,37.0,0,0,0,0,1,0,0,0,1,0,0,1
PROP206642,10.0,Needs Renovation,2533.0,A,52.0,45.0,0,0,1,0,0,0,0,1,0,0,0,0
PROP206643,37.0,Good,1901.0,C,92.0,45.0,0,0,0,0,0,0,0,1,1,0,1,1
PROP206644,21.0,New,2480.0,C,46.0,37.0,0,0,0,0,0,0,0,0,1,0,1,0
PROP206645,35.0,Good,1966.0,A,75.0,51.0,0,0,0,0,1,0,0,1,0,1,0,0
PROP206646,20.0,Good,2590.0,D,53.0,66.0,0,0,0,1,0,0,1,0,1,1,0,0
PROP206647,25.0,New,2489.0,F,93.0,91.0,0,1,0,0,1,0,1,1,0,0,0,1
PROP206648,26.0,Good,1433.0,F,75.0,73.0,1,0,1,0,0,0,0,1,0,1,0,0
PROP206649,5.0,Needs Renovation,1659.0,B,43.0,72.0,0,0,0,0,0,0,1,1,1,1,0,1
PROP206650,17.0,New,433.0,D,98.0,85.0,0,0,0,1,0,1,0,0,0,0,0,0
PROP206651,14.0,Old,2633.0,D,85.0,78.0,0,0,0,0,0,0,1,0,0,0,0,1
PROP206652,32.0,New,1704.0,E,86.0,30.0,1,1,1,1,0,0,0,0,1,0,0,0
PROP206653,11.0,New,1706.0,F,41.0,41.0,1,0,1,0,1,0,0,1,0,1,0,0
PROP206654,,Old,2480.0,E,99.0,51.0,0,1,1,1,0,0,1,0,0,1,0,0
PROP206655,18.0,New,2480.0,C,91.0,,0,1,0,1,1,0,0,0,0,0,0,1
PROP206656,,New,1493.0,A,74.0,34.0,0,1,0,1,0,0,0,0,0,1,0,0
PROP206657,36.0,Needs Renovation,5203.0,F,89.0,80.0,0,0,0,0,0,0,0,1,0,1,0,0
PROP206658,19.0,New,1044.0,F,97.0,89.0,1,1,0,0,0,0,0,0,0,0,0,0
PROP206659,,Needs Renovation,3136.0,A,81.0,98.0,1,1,0,0,1,0,0,1,0,0,0,1
PROP206660,31.0,Needs Renovation,1114.0,F,90.0,56.0,0,0,1,1,1,0,0,0,0,0,0,0
PROP206661,2.0,Good,3358.0,F,59.0,64.0,0,0,1,0,0,0,1,1,1,1,0,0
PROP206662,32.0,Good,685.0,C,92.0,34.0,0,1,1,0,0,1,0,1,0,0,0,1
PROP206663,33.0,New,1244.0,C,96.0,96.0,1,1,0,0,0,1,0,1,0,0,0,1
PROP206664,35.0,New,3294.0,B,51.0,48.0,1,0,0,0,0,0,0,0,0,0,1,1
PROP206665,16.0,Good,2387.0,B,53.0,35.0,1,1,0,1,0,1,0,0,0,1,0,0
PROP206666,34.0,Needs Renovation,715.0,E,,53.0,0,1,1,0,0,0,0,0,0,0,0,0
PROP206667,12.0,Old,2026.0,A,59.0,69.0,0,1,0,1,1,1,0,0,0,0,1,0
PROP206668,38.0,Good,2480.0,E,47.0,40.0,1,0,0,0,0,1,0,1,1,0,1,0
PROP206669,7.0,Old,1434.0,B,88.0,86.0,0,0,0,0,1,0,0,0,0,1,0,0
PROP206670,10.0,Good,3449.0,F,95.0,95.0,0,0,0,0,1,0,1,0,0,0,0,0
PROP206671,30.0,Good,945.0,C,83.0,64.0,0,0,0,1,0,0,0,0,1,0,0,0
PROP206672,18.0,Good,4590.0,F,95.0,45.0,0,0,1,0,0,1,0,1,1,0,0,1
PROP206673,1.0,Old,289.0,A,50.0,33.0,0,0,0,1,0,0,0,1,0,0,0,0
PROP206674,7.0,Good,1419.0,F,90.0,78.0,0,1,0,0,1,0,1,0,1,0,0,0
PROP206675,18.0,Good,2448.0,D,96.0,53.0,0,1,1,0,0,0,1,0,0,0,0,0
PROP206676,19.0,Needs Renovation,3383.0,E,96.0,30.0,0,1,0,0,0,0,1,0,0,0,0,0
PROP206677,27.0,Needs Renovation,1981.0,B,70.0,70.0,0,0,1,0,0,1,1,0,0,0,1,1
PROP206678,12.0,New,2571.0,F,87.0,56.0,0,0,1,0,1,0,1,0,0,0,0,0
PROP206679,38.0,New,385.0,F,92.0,64.0,1,0,0,0,0,1,0,1,0,0,0,1
PROP206680,6.0,Needs Renovation,1721.0,B,88.0,48.0,0,0,0,1,0,1,0,0,0,0,0,1
PROP206681,27.0,New,2480.0,E,65.0,44.0,1,0,0,0,0,0,1,0,0,0,0,0
PROP206682,2.0,Needs Renovation,4937.0,D,92.0,53.0,0,1,0,0,1,0,1,0,1,0,0,0
PROP206683,25.0,Needs Renovation,2480.0,C,51.0,75.0,0,0,1,1,0,0,1,0,0,1,0,1
PROP206684,8.0,Good,3111.0,A,74.0,83.0,0,1,1,1,0,1,0,0,0,1,0,0
PROP206685,16.0,Needs Renovation,3809.0,C,64.0,56.0,1,1,0,1,0,0,0,0,0,1,0,0
PROP206686,4.0,Needs Renovation,1836.0,A,72.0,47.0,0,0,0,1,0,0,0,0,0,0,1,1
PROP206687,39.0,New,2065.0,B,40.0,45.0,0,0,0,0,0,1,0,0,1,1,1,1
PROP206688,20.0,Old,2477.0,E,76.0,95.0,0,0,1,0,0,0,0,0,0,1,0,1
PROP206689,35.0,Old,5085.0,D,55.0,40.0,0,0,0,0,1,0,0,0,1,0,0,1
PROP206690,25.0,Good,1957.0,E,66.0,96.0,0,0,0,0,0,0,1,0,0,0,1,0
PROP206691,1.0,Good,1597.0,F,50.0,83.0,0,0,0,0,0,0,1,0,0,1,0,0
PROP206692,14.0,New,3345.0,D,75.0,69.0,0,0,1,1,1,0,0,0,0,0,0,1
PROP206693,26.0,Old,2066.0,D,66.0,90.0,0,0,0,0,0,0,0,0,1,0,1,0
PROP206694,32.0,Good,997.0,A,93.0,51.0,0,0,0,0,0,0,0,0,0,1,1,0
PROP206695,,Good,1697.0,F,57.0,93.0,0,0,1,1,1,0,0,0,0,0,1,1
PROP206696,15.0,Good,0.0,F,77.0,46.0,1,0,0,1,1,0,0,0,0,0,0,0
PROP206697,21.0,Old,3847.0,D,80.0,95.0,0,1,0,0,1,1,0,0,0,1,0,0
PROP206698,19.0,Good,720.0,C,96.0,45.0,1,0,0,0,1,0,0,1,1,0,0,0
PROP206699,35.0,Old,2871.0,D,85.0,49.0,1,1,0,0,0,0,1,1,0,0,0,1
PROP206700,28.0,New,1789.0,F,59.0,51.0,0,1,0,0,1,0,0,0,1,0,0,0
PROP206701,12.0,New,2307.0,C,,77.0,0,1,0,0,0,0,0,1,0,0,0,0
PROP206702,19.0,Old,2634.0,A,42.0,88.0,1,0,0,1,1,0,0,0,0,0,0,1
PROP206703,3.0,New,3835.0,B,95.0,67.0,0,0,0,0,0,0,0,1,0,0,0,1
PROP206704,4.0,Needs Renovation,2610.0,D,79.0,60.0,0,1,0,0,1,0,0,0,1,0,1,0
PROP206705,11.0,Old,2328.0,D,41.0,42.0,1,0,0,1,0,0,0,0,1,1,1,0
PROP206706,6.0,Old,1083.0,A,40.0,33.0,1,0,0,0,0,0,0,1,0,0,0,0
PROP206707,35.0,Needs Renovation,3530.0,E,93.0,56.0,0,0,0,1,1,0,0,0,0,0,0,0
PROP206708,3.0,Needs Renovation,2585.0,A,92.0,89.0,0,0,0,1,0,1,1,0,0,0,0,0
PROP206709,36.0,Old,4587.0,C,78.0,46.0,0,0,0,1,0,0,0,0,1,1,0,1
PROP206710,36.0,Old,2480.0,E,73.0,86.0,0,0,1,1,0,1,0,1,0,1,0,0
PROP206711,26.0,New,2334.0,D,92.0,66.0,0,0,0,0,1,0,1,0,0,1,0,1
PROP206712,24.0,Good,2480.0,D,,60.0,0,0,0,1,0,1,1,0,0,1,0,0
PROP206713,16.0,New,3886.0,F,59.0,56.0,0,0,1,0,0,1,0,0,1,1,1,0
PROP206714,19.0,Needs Renovation,934.0,A,90.0,64.0,0,0,1,0,0,1,0,0,1,0,0,0
PROP206715,39.0,Needs Renovation,2117.0,C,76.0,65.0,0,1,0,0,0,0,0,1,0,0,0,1
PROP206716,9.0,Good,1834.0,D,64.0,92.0,1,0,0,0,0,1,0,0,1,1,0,0
PROP206717,,Old,2948.0,C,88.0,93.0,0,0,0,0,0,1,1,0,1,0,0,0
PROP206718,6.0,Old,2638.0,E,45.0,84.0,1,0,0,1,0,0,0,0,1,0,1,0
PROP206719,31.0,New,1687.0,F,46.0,91.0,0,1,0,1,1,0,1,0,0,0,1,0
PROP206720,29.0,Needs Renovation,363.0,C,99.0,59.0,0,0,0,1,1,0,0,0,1,0,1,0
PROP206721,21.0,New,2691.0,C,,51.0,0,0,1,0,0,0,0,0,1,0,0,0
PROP206722,32.0,Old,1323.0,D,98.0,91.0,0,1,0,1,0,0,1,0,1,0,1,0
PROP206723,8.0,Old,3192.0,E,40.0,51.0,0,1,0,0,0,1,1,1,1,0,0,0
PROP206724,15.0,Good,2537.0,E,84.0,48.0,0,1,1,1,1,0,0,0,0,0,1,0
PROP206725,17.0,New,1100.0,F,,74.0,0,1,0,0,0,0,0,0,0,0,1,0
PROP206726,2.0,Needs Renovation,5108.0,D,89.0,49.0,0,0,0,0,1,0,0,0,1,0,0,0
PROP206727,26.0,New,3000.0,B,76.0,58.0,1,1,1,1,0,0,0,0,1,0,0,0
PROP206728,22.0,New,2157.0,D,45.0,42.0,0,1,0,1,0,1,1,0,0,0,0,0
PROP206729,16.0,Old,2480.0,E,77.0,83.0,1,0,1,0,1,0,0,0,0,1,0,0
PROP206730,7.0,Needs Renovation,2052.0,E,50.0,66.0,0,0,1,1,1,0,0,0,0,0,1,0
PROP206731,29.0,Needs Renovation,2480.0,A,84.0,55.0,1,0,1,0,0,1,0,1,0,0,0,1
PROP206732,15.0,Old,2126.0,F,59.0,84.0,0,1,0,0,1,0,1,0,0,1,1,0
PROP206733,27.0,Old,713.0,E,80.0,42.0,1,0,0,0,0,0,0,0,0,1,0,0
PROP206734,4.0,Old,4094.0,C,,49.0,0,0,0,1,0,0,1,0,0,0,0,0
PROP206735,0.0,Needs Renovation,1472.0,A,,41.0,1,1,0,0,0,1,0,0,0,0,0,1
PROP206736,5.0,Old,2892.0,A,,94.0,0,0,0,0,1,0,0,0,0,1,0,0
PROP206737,16.0,Old,53.0,E,,71.0,0,0,1,0,0,0,0,1,0,1,0,1
PROP206738,0.0,Needs Renovation,644.0,C,93.0,42.0,0,1,0,0,0,0,0,0,0,0,1,0
PROP206739,36.0,Old,4039.0,D,,93.0,0,0,1,0,0,0,1,0,0,0,1,0
PROP206740,0.0,Good,1208.0,C,51.0,66.0,0,0,1,0,0,1,0,1,1,1,0,0
PROP206741,36.0,New,2341.0,D,77.0,53.0,0,1,0,0,0,0,1,1,0,0,1,1
PROP206742,26.0,New,1918.0,B,69.0,65.0,0,0,0,0,1,0,0,1,0,0,0,1
PROP206743,5.0,Old,840.0,E,84.0,,1,0,0,0,0,1,0,0,0,1,0,1
PROP206744,21.0,New,1027.0,F,51.0,67.0,0,0,1,1,1,0,1,0,0,1,0,0
PROP206745,31.0,Old,899.0,F,65.0,89.0,0,1,0,0,0,1,0,1,0,1,0,0
PROP206746,38.0,New,2614.0,E,66.0,45.0,0,0,0,0,1,0,0,0,0,0,0,1
PROP206747,18.0,New,3151.0,A,82.0,94.0,1,0,0,0,0,0,0,0,0,0,1,0
PROP206748,29.0,Needs Renovation,2305.0,A,76.0,69.0,0,0,0,1,1,1,0,0,0,0,0,1
PROP206749,35.0,Needs Renovation,5245.0,E,44.0,88.0,0,0,0,1,0,1,0,0,0,0,0,1
PROP206750,15.0,New,2248.0,D,86.0,64.0,1,0,0,0,0,0,1,0,1,0,1,0
PROP206751,11.0,New,2974.0,F,50.0,86.0,1,1,0,1,0,1,0,0,0,0,1,0
PROP206752,35.0,Good,0.0,D,65.0,90.0,0,0,1,0,0,0,0,0,1,0,0,0
PROP206753,25.0,Old,1753.0,C,64.0,,0,0,0,1,1,0,0,0,0,0,0,0
PROP206754,34.0,Good,4905.0,E,90.0,46.0,0,0,0,0,1,1,0,1,0,0,0,0
PROP206755,13.0,Old,3359.0,A,66.0,51.0,0,0,0,0,0,1,1,0,1,0,1,0
PROP206756,12.0,Good,1805.0,B,71.0,55.0,1,1,0,0,0,1,1,0,0,0,0,0
PROP206757,24.0,Old,2440.0,B,96.0,88.0,0,1,0,0,1,1,0,0,1,0,1,0
PROP206758,1.0,New,1379.0,A,65.0,32.0,1,0,0,0,1,1,0,0,1,0,0,0
PROP206759,3.0,New,2480.0,A,41.0,58.0,1,0,1,1,0,0,1,0,0,0,1,0
PROP206760,12.0,Old,2674.0,B,58.0,70.0,1,0,0,0,0,0,1,0,0,0,0,0
PROP206761,18.0,Needs Renovation,2480.0,E,66.0,76.0,1,0,0,1,0,0,0,0,0,1,0,0
PROP206762,5.0,Old,4634.0,C,53.0,44.0,0,1,0,0,0,1,0,0,0,0,0,0
PROP206763,10.0,Old,2565.0,C,73.0,55.0,0,0,0,0,0,0,1,1,0,0,1,0
PROP206764,6.0,New,3686.0,A,70.0,57.0,0,1,0,1,0,0,0,1,0,0,0,1
PROP206765,6.0,Needs Renovation,3051.0,E,73.0,90.0,0,1,1,0,0,0,0,0,1,0,1,0
PROP206766,21.0,New,3127.0,C,42.0,57.0,0,0,0,0,1,0,1,1,0,0,0,0
PROP206767,15.0,Good,2480.0,D,44.0,64.0,0,0,1,1,1,1,0,0,0,0,0,1
PROP206768,18.0,Old,2401.0,D,78.0,86.0,0,0,1,0,1,1,0,0,0,0,0,1
PROP206769,39.0,New,367.0,B,56.0,57.0,0,0,1,0,0,0,0,0,0,0,0,1
PROP206770,29.0,Needs Renovation,3037.0,D,40.0,31.0,0,0,0,1,0,1,0,1,0,0,0,0
PROP206771,,Old,2531.0,C,76.0,55.0,0,0,0,1,0,0,0,0,1,0,0,0
PROP206772,34.0,Needs Renovation,2480.0,B,89.0,57.0,1,0,0,0,0,0,0,1,0,0,0,0
PROP206773,3.0,Good,3510.0,C,88.0,32.0,0,1,0,0,0,0,1,0,1,1,0,1
PROP206774,38.0,Good,2148.0,C,41.0,86.0,0,0,0,1,1,1,0,0,0,1,0,1
PROP206775,11.0,Old,3586.0,B,84.0,73.0,0,1,0,1,0,0,0,1,0,0,0,0
PROP206776,21.0,Good,2480.0,F,58.0,,0,0,0,0,0,1,1,1,0,0,0,1
PROP206777,12.0,Needs Renovation,3268.0,F,60.0,75.0,1,1,0,1,1,0,0,0,0,0,0,0
PROP206778,32.0,Good,2577.0,B,70.0,42.0,0,0,0,0,0,1,0,1,0,0,0,0
PROP206779,6.0,New,2480.0,C,75.0,83.0,0,1,0,0,0,0,0,0,0,0,0,1
PROP206780,16.0,Good,1899.0,E,67.0,95.0,1,0,0,0,0,0,0,1,1,0,1,0
PROP206781,20.0,Old,2370.0,D,84.0,97.0,0,0,0,0,1,0,1,0,1,1,1,0
PROP206782,6.0,Good,2308.0,D,96.0,42.0,0,1,0,0,0,0,0,1,0,1,1,0
PROP206783,14.0,New,2696.0,E,94.0,89.0,0,0,1,0,0,0,1,1,0,0,0,0
PROP206784,,Good,1828.0,D,65.0,42.0,0,0,0,0,0,1,1,1,1,0,0,0
PROP206785,29.0,Needs Renovation,549.0,F,76.0,44.0,0,1,1,0,1,1,0,0,1,0,0,0
PROP206786,35.0,Old,3789.0,D,90.0,65.0,0,1,0,1,0,1,0,0,1,1,0,0
PROP206787,30.0,Good,1680.0,A,68.0,95.0,0,1,0,1,0,0,0,1,1,0,0,0
PROP206788,30.0,Old,2002.0,A,95.0,97.0,0,1,0,1,0,0,1,0,0,0,1,1
PROP206789,18.0,Good,1551.0,F,93.0,35.0,0,1,0,0,0,0,1,1,0,1,0,0
PROP206790,39.0,Old,1875.0,B,92.0,89.0,0,1,0,0,0,0,0,1,0,1,0,0
PROP206791,34.0,Needs Renovation,1153.0,E,82.0,97.0,0,0,1,1,1,0,0,1,0,1,0,0
PROP206792,0.0,Old,888.0,A,52.0,54.0,0,0,0,0,1,1,1,1,0,0,1,0
PROP206793,7.0,Good,2488.0,E,47.0,65.0,0,0,0,1,1,0,0,1,0,0,0,0
PROP206794,27.0,Old,2638.0,C,60.0,34.0,0,1,0,0,0,0,0,0,0,0,1,0
PROP206795,28.0,Needs Renovation,2480.0,F,92.0,63.0,0,0,0,1,0,0,0,1,1,0,1,0
PROP206796,39.0,New,2664.0,C,47.0,75.0,0,0,0,0,1,0,0,0,0,0,1,1
PROP206797,35.0,New,889.0,E,,74.0,0,1,0,0,0,0,1,0,0,0,0,0
PROP206798,20.0,Needs Renovation,2102.0,D,54.0,68.0,0,1,0,0,0,1,0,0,0,1,1,0
PROP206799,24.0,New,2283.0,B,49.0,81.0,0,0,1,1,1,1,0,0,0,0,0,1
PROP206800,25.0,Good,5049.0,A,83.0,58.0,0,0,0,0,1,0,1,0,0,0,0,0
PROP206801,5.0,Old,2030.0,D,89.0,32.0,0,0,0,0,0,1,0,1,0,0,0,0
PROP206802,25.0,Old,3641.0,B,44.0,41.0,0,0,0,0,0,1,1,0,0,0,1,0
PROP206803,31.0,Needs Renovation,1716.0,A,90.0,33.0,0,0,0,0,1,0,1,0,0,1,0,0
PROP206804,28.0,Good,1420.0,C,82.0,56.0,1,0,0,0,0,0,0,0,0,0,1,0
PROP206805,11.0,New,2972.0,F,50.0,31.0,0,0,0,0,1,0,0,0,1,0,1,1
PROP206806,14.0,Good,1686.0,D,78.0,39.0,0,0,1,0,0,0,0,1,0,0,0,0
PROP206807,15.0,Good,2249.0,C,43.0,74.0,0,1,0,0,0,0,0,1,1,0,0,0
PROP206808,21.0,Good,3253.0,F,51.0,45.0,0,0,1,1,0,0,0,0,0,0,0,1
PROP206809,34.0,Good,1562.0,D,89.0,84.0,0,0,1,1,0,0,0,0,1,0,1,1
PROP206810,39.0,Needs Renovation,2726.0,D,83.0,69.0,1,0,1,0,0,1,1,0,0,0,0,0
PROP206811,10.0,Old,1989.0,D,67.0,30.0,1,1,1,0,0,0,1,0,0,0,0,0
PROP206812,11.0,Needs Renovation,2273.0,A,99.0,77.0,0,1,0,0,0,0,0,1,1,1,1,0
PROP206813,16.0,New,2652.0,C,66.0,44.0,0,1,0,0,0,0,0,0,1,0,0,0
PROP206814,17.0,Old,3409.0,C,58.0,86.0,0,0,0,0,0,0,0,1,1,0,1,0
PROP206815,,Needs Renovation,2954.0,C,98.0,90.0,0,0,0,1,0,0,0,0,1,1,0,0
PROP206816,3.0,Good,2951.0,C,,60.0,0,1,0,0,0,0,0,1,0,0,0,0
PROP206817,24.0,Needs Renovation,3879.0,C,50.0,42.0,0,0,0,1,1,0,1,1,0,0,0,1
PROP206818,36.0,Good,0.0,B,48.0,90.0,0,1,0,0,0,0,0,1,0,1,0,1
PROP206819,8.0,New,3374.0,E,80.0,64.0,0,1,0,0,0,0,0,0,0,1,0,1
PROP206820,6.0,Needs Renovation,732.0,F,73.0,62.0,0,0,0,0,1,1,1,0,1,0,0,0
PROP206821,38.0,Good,1665.0,F,71.0,60.0,1,0,0,1,0,0,1,0,0,0,0,0
PROP206822,11.0,Good,3273.0,E,,87.0,1,1,0,0,1,0,0,0,0,0,0,0
PROP206823,28.0,New,3422.0,C,85.0,38.0,1,1,0,0,0,1,1,0,0,0,0,1
PROP206824,2.0,New,1450.0,C,44.0,92.0,0,1,0,0,0,0,0,0,0,0,1,0
PROP206825,29.0,Old,3496.0,B,84.0,69.0,0,1,0,0,0,0,0,0,0,1,0,0
PROP206826,33.0,Needs Renovation,2619.0,E,79.0,54.0,1,1,0,0,1,0,1,0,0,1,0,0
PROP206827,39.0,Old,2480.0,B,81.0,78.0,1,1,1,0,1,0,0,0,0,0,0,0
PROP206828,27.0,Old,3153.0,C,93.0,76.0,0,0,0,1,0,1,0,0,1,0,0,1
PROP206829,37.0,Needs Renovation,4654.0,C,74.0,,1,0,0,0,0,0,0,1,1,0,0,1
PROP206830,5.0,Old,1263.0,D,71.0,74.0,0,0,0,0,1,0,1,0,0,0,0,0
PROP206831,5.0,Good,4042.0,C,49.0,74.0,0,1,0,1,0,0,0,0,0,0,1,0
PROP206832,0.0,Needs Renovation,2444.0,D,68.0,60.0,0,0,0,0,1,1,0,0,1,0,1,1
PROP206833,12.0,Old,3101.0,A,68.0,79.0,1,0,0,0,1,1,0,0,0,0,0,1
PROP206834,5.0,New,2079.0,D,68.0,91.0,0,0,0,1,0,1,0,0,0,0,0,0
PROP206835,6.0,New,2295.0,A,59.0,54.0,1,0,1,0,1,1,0,0,0,0,0,0
PROP206836,25.0,New,0.0,E,,,0,0,0,0,1,0,1,0,1,0,0,0
PROP206837,36.0,Old,3641.0,B,62.0,94.0,0,1,0,0,0,1,0,0,0,0,0,1
PROP206838,29.0,New,3558.0,D,93.0,85.0,1,0,0,0,0,0,0,0,0,1,0,0
PROP206839,,Good,2925.0,F,54.0,54.0,0,1,0,0,0,0,0,1,0,0,0,1
PROP206840,,Old,2716.0,C,67.0,91.0,1,1,0,0,1,0,0,0,0,0,0,1
PROP206841,35.0,New,2540.0,B,40.0,63.0,0,0,1,1,0,0,1,0,0,1,0,0
PROP206842,37.0,Old,2480.0,C,62.0,44.0,0,0,0,1,0,0,0,0,0,1,0,0
PROP206843,37.0,Old,2340.0,A,94.0,71.0,1,0,0,0,0,1,1,0,1,0,0,0
PROP206844,22.0,Needs Renovation,1308.0,A,93.0,66.0,0,0,0,1,1,0,0,0,0,0,0,0
PROP206845,29.0,Good,1881.0,E,42.0,45.0,0,1,0,0,1,0,0,1,0,1,1,0
PROP206846,38.0,Needs Renovation,2612.0,D,76.0,74.0,0,1,1,1,0,0,1,0,0,0,0,0
PROP206847,4.0,Needs Renovation,4704.0,F,79.0,63.0,1,0,0,0,0,0,0,0,0,0,0,1
PROP206848,12.0,Old,3171.0,D,88.0,,0,0,0,0,0,0,1,0,1,1,0,0
PROP206849,7.0,Needs Renovation,3260.0,F,77.0,63.0,0,0,0,0,0,1,0,0,1,1,0,0
PROP206850,35.0,Good,1276.0,D,67.0,66.0,1,0,0,0,1,1,0,0,1,1,0,0
PROP206851,19.0,Good,2035.0,F,69.0,99.0,1,0,0,1,0,0,1,0,1,0,0,1
PROP206852,9.0,Needs Renovation,2457.0,C,81.0,76.0,0,1,0,0,0,0,0,1,1,0,1,1
PROP206853,12.0,Old,650.0,C,71.0,67.0,0,0,0,1,0,0,0,0,0,1,0,0
PROP206854,37.0,Good,2033.0,F,76.0,94.0,0,0,0,0,0,1,0,0,1,1,0,0
PROP206855,29.0,Good,1412.0,D,59.0,60.0,1,0,0,1,0,0,1,1,0,0,0,1
PROP206856,20.0,Good,1477.0,E,53.0,30.0,0,0,0,0,1,0,0,0,1,0,1,0
PROP206857,28.0,Needs Renovation,2592.0,E,44.0,31.0,0,0,0,0,0,0,1,1,0,1,0,1
PROP206858,21.0,Good,3219.0,E,,79.0,0,0,0,0,1,0,0,0,1,0,0,0
PROP206859,27.0,New,1165.0,D,63.0,40.0,0,0,0,0,0,1,0,0,0,0,1,0
PROP206860,29.0,Good,2462.0,A,58.0,86.0,0,0,0,0,0,0,1,0,1,0,1,1
PROP206861,36.0,Needs Renovation,2480.0,E,,91.0,0,0,0,1,1,0,1,0,1,0,0,0
PROP206862,10.0,Needs Renovation,1982.0,A,81.0,59.0,0,1,0,0,0,1,1,0,0,0,0,1
PROP206863,0.0,Old,841.0,A,43.0,76.0,0,0,0,0,0,0,1,0,0,0,1,0
PROP206864,36.0,Needs Renovation,1433.0,D,45.0,86.0,1,1,0,0,0,1,0,0,0,0,0,1
PROP206865,25.0,New,2131.0,D,45.0,63.0,0,0,0,0,0,0,0,0,1,0,1,0
PROP206866,39.0,Good,562.0,D,82.0,,0,1,0,0,0,0,1,1,0,0,0,0
PROP206867,19.0,Needs Renovation,3329.0,E,85.0,38.0,0,0,1,0,0,0,0,0,1,1,0,1
PROP206868,,Good,3469.0,C,92.0,93.0,1,1,0,0,0,0,0,0,1,0,0,0
PROP206869,16.0,New,1806.0,B,47.0,56.0,1,0,1,0,0,0,1,0,0,0,1,1
PROP206870,36.0,Needs Renovation,4677.0,B,94.0,99.0,1,0,0,0,1,1,1,0,0,1,0,0
PROP206871,28.0,New,3662.0,B,42.0,33.0,1,1,0,0,0,0,0,0,0,0,0,1
PROP206872,39.0,Good,1793.0,D,44.0,68.0,0,0,1,0,1,0,0,0,0,1,1,1
PROP206873,32.0,New,3367.0,A,63.0,91.0,1,1,0,0,1,0,1,0,0,0,0,1
PROP206874,25.0,Old,2480.0,D,41.0,,0,0,0,0,0,1,1,0,0,0,1,0
PROP206875,7.0,Old,3851.0,D,74.0,90.0,0,1,0,1,0,0,0,0,0,0,1,1
PROP206876,34.0,Good,2412.0,D,78.0,79.0,1,1,0,0,0,1,1,0,1,0,0,0
PROP206877,37.0,Good,1547.0,B,47.0,59.0,1,0,1,0,0,0,0,0,1,0,1,0
PROP206878,26.0,New,1994.0,D,40.0,86.0,1,1,0,0,0,1,1,0,0,1,0,0
PROP206879,20.0,Old,4131.0,A,79.0,93.0,0,0,0,0,0,0,1,0,0,0,0,1
PROP206880,19.0,Good,3149.0,C,68.0,77.0,1,0,1,1,0,0,0,1,0,1,0,0
PROP206881,4.0,Needs Renovation,5100.0,D,88.0,59.0,0,1,0,1,0,0,0,0,0,0,0,0
PROP206882,1.0,New,2709.0,F,95.0,74.0,0,0,1,1,0,0,0,0,1,1,0,1
PROP206883,33.0,New,994.0,E,45.0,38.0,0,0,0,0,0,1,0,0,1,0,1,1
PROP206884,4.0,New,1725.0,F,94.0,63.0,0,0,0,0,1,0,0,0,0,0,1,0
PROP206885,32.0,Old,2126.0,A,91.0,66.0,0,0,0,0,0,1,0,1,0,0,0,0
PROP206886,38.0,Old,2480.0,B,91.0,,1,0,0,1,0,0,0,1,0,1,0,0
PROP206887,24.0,Good,1892.0,B,77.0,45.0,0,0,0,1,1,1,0,0,0,0,0,0
PROP206888,0.0,Good,876.0,D,77.0,37.0,0,0,0,0,0,0,0,0,1,0,1,1
PROP206889,6.0,Good,808.0,A,92.0,87.0,0,0,0,0,0,0,0,0,0,0,1,1
PROP206890,20.0,New,3181.0,E,89.0,33.0,1,0,0,0,0,0,0,0,1,1,0,0
PROP206891,39.0,Old,4385.0,B,91.0,63.0,1,1,0,1,0,0,0,0,0,0,0,0
PROP206892,10.0,New,3979.0,A,52.0,62.0,1,0,0,0,0,0,0,1,0,1,1,0
PROP206893,6.0,Good,1968.0,F,59.0,99.0,0,0,0,0,0,1,0,1,1,0,0,0
PROP206894,30.0,Old,3601.0,B,76.0,44.0,0,1,0,1,1,1,0,0,1,0,0,0
PROP206895,36.0,Needs Renovation,1321.0,A,63.0,97.0,0,0,0,0,0,1,1,0,0,0,0,0
PROP206896,28.0,Old,1879.0,C,79.0,84.0,0,1,0,1,1,0,1,0,0,0,0,1
PROP206897,2.0,Needs Renovation,5006.0,D,81.0,76.0,1,0,0,0,1,0,1,0,0,0,0,0
PROP206898,29.0,Needs Renovation,3618.0,F,75.0,75.0,1,0,0,0,0,0,0,1,1,0,0,1
PROP206899,24.0,New,2769.0,A,41.0,95.0,1,0,0,0,1,0,0,0,0,1,0,0
PROP206900,37.0,Old,1648.0,F,78.0,83.0,1,0,1,1,0,0,0,0,1,0,0,0
PROP206901,9.0,Good,3023.0,C,,68.0,0,0,0,1,0,0,1,0,0,0,0,0
PROP206902,34.0,New,1726.0,E,50.0,64.0,0,1,0,0,0,0,0,1,0,0,1,0
PROP206903,11.0,New,2480.0,C,90.0,,1,0,0,0,0,1,0,1,0,0,0,0
PROP206904,8.0,Good,3610.0,E,95.0,45.0,0,0,0,0,1,0,0,1,0,0,0,0
PROP206905,34.0,New,5838.0,C,59.0,37.0,0,1,1,1,0,1,1,0,0,0,0,0
PROP206906,2.0,Old,2845.0,F,78.0,,0,0,0,0,0,1,1,0,0,0,0,1
PROP206907,30.0,New,3833.0,E,62.0,76.0,0,0,1,0,0,0,0,0,0,0,1,0
PROP206908,21.0,Good,3857.0,B,67.0,33.0,0,0,0,0,0,0,0,1,0,0,0,1
PROP206909,26.0,Needs Renovation,0.0,C,,49.0,0,0,0,0,0,0,1,0,0,0,1,0
PROP206910,10.0,Good,2712.0,D,97.0,74.0,0,0,0,1,0,0,0,1,0,0,0,1
PROP206911,29.0,Old,1997.0,B,56.0,83.0,0,0,1,0,0,0,0,0,0,0,0,1
PROP206912,5.0,Old,2981.0,D,87.0,49.0,0,0,0,1,1,0,1,0,0,0,1,0
PROP206913,16.0,Needs Renovation,3053.0,B,54.0,62.0,1,0,0,0,0,0,0,1,0,1,0,1
PROP206914,19.0,Old,714.0,A,87.0,54.0,0,0,1,0,0,1,0,0,0,0,0,0
PROP206915,5.0,Needs Renovation,2573.0,D,90.0,34.0,1,0,0,0,0,0,0,1,1,0,0,1
PROP206916,11.0,Needs Renovation,382.0,F,82.0,50.0,0,0,0,1,1,0,0,1,0,0,1,0
PROP206917,9.0,Good,3281.0,B,,86.0,1,0,1,0,0,1,0,1,0,1,0,0
PROP206918,3.0,Needs Renovation,1313.0,B,49.0,80.0,0,0,0,0,0,0,1,0,0,1,0,0
PROP206919,12.0,New,3273.0,F,90.0,66.0,0,0,0,1,0,0,0,1,0,0,1,0
PROP206920,24.0,New,2178.0,C,47.0,33.0,1,0,0,0,0,0,0,0,1,0,1,0
PROP206921,30.0,Needs Renovation,4004.0,A,,61.0,1,1,0,0,0,0,0,0,1,0,1,1
PROP206922,9.0,Needs Renovation,2593.0,B,52.0,53.0,0,0,0,1,1,1,1,0,0,0,0,0
PROP206923,10.0,New,1837.0,D,85.0,91.0,0,1,0,0,1,1,1,0,0,0,0,0
PROP206924,0.0,Good,2480.0,D,93.0,,0,0,1,1,0,0,0,0,0,0,0,0
PROP206925,,Good,2851.0,B,,47.0,1,0,0,1,0,0,1,0,1,0,0,0
PROP206926,1.0,Needs Renovation,0.0,B,95.0,44.0,0,0,0,0,0,1,0,0,1,0,0,0
PROP206927,31.0,Good,1654.0,A,47.0,70.0,0,0,0,1,0,0,1,0,0,0,0,0
PROP206928,26.0,Needs Renovation,1587.0,E,89.0,60.0,0,0,0,1,0,1,0,0,0,0,0,0
PROP206929,11.0,Needs Renovation,2602.0,F,57.0,74.0,0,0,1,0,0,0,1,1,0,0,0,0
PROP206930,24.0,Needs Renovation,3435.0,D,52.0,60.0,1,0,1,1,1,0,0,0,0,0,1,0
PROP206931,11.0,Good,3543.0,E,66.0,72.0,0,0,0,1,0,0,0,0,0,0,1,0
PROP206932,22.0,Good,3012.0,F,62.0,66.0,0,0,0,0,1,1,0,0,0,0,1,1
PROP206933,38.0,Good,1228.0,A,58.0,45.0,0,1,0,0,1,0,0,1,0,0,1,0
PROP206934,3.0,New,2947.0,A,,89.0,1,0,0,0,1,1,1,0,0,1,0,0
PROP206935,36.0,Old,5153.0,E,87.0,59.0,1,0,1,0,1,0,1,0,0,0,0,0
PROP206936,28.0,Good,4006.0,B,43.0,82.0,0,0,0,0,0,0,1,1,0,1,0,0
PROP206937,24.0,Old,2480.0,D,48.0,33.0,0,1,0,0,1,1,0,0,0,0,0,1
PROP206938,16.0,Good,1462.0,F,47.0,46.0,0,1,0,1,0,0,1,0,0,0,0,0
PROP206939,5.0,New,467.0,B,80.0,38.0,0,0,0,0,0,0,1,1,0,0,0,0
PROP206940,38.0,Good,2820.0,D,72.0,85.0,1,0,1,0,0,0,0,0,1,1,0,0
PROP206941,6.0,Old,2376.0,D,41.0,47.0,0,0,0,0,1,0,0,0,0,0,1,0
PROP206942,29.0,Good,3675.0,F,52.0,74.0,0,0,1,0,1,0,0,0,0,0,0,0
PROP206943,35.0,Good,1669.0,D,91.0,,0,0,0,0,1,1,0,1,0,0,0,0
PROP206944,24.0,Old,4975.0,B,67.0,39.0,0,0,1,0,0,0,0,0,0,1,1,1
PROP206945,38.0,New,1568.0,C,99.0,82.0,1,1,0,0,0,1,1,1,0,0,0,0
PROP206946,,Old,3435.0,E,50.0,80.0,0,0,0,1,0,0,0,1,0,0,1,0
PROP206947,9.0,New,975.0,A,97.0,38.0,0,0,0,1,0,0,0,1,1,0,0,0
PROP206948,4.0,Needs Renovation,337.0,D,76.0,91.0,0,0,0,0,0,0,1,0,0,0,0,1
PROP206949,21.0,New,1678.0,B,99.0,90.0,0,0,0,1,0,0,0,1,0,0,0,1
PROP206950,,Needs Renovation,2212.0,E,84.0,53.0,1,0,1,0,1,0,0,0,0,1,1,0
PROP206951,36.0,Old,3073.0,D,87.0,88.0,0,0,0,1,0,0,1,0,0,0,0,1
PROP206952,4.0,New,2632.0,C,90.0,75.0,0,0,1,0,0,0,1,1,1,0,0,1
PROP206953,9.0,Old,3382.0,E,84.0,92.0,0,1,0,0,0,0,0,0,0,0,0,1
PROP206954,6.0,New,691.0,A,62.0,75.0,0,0,0,0,1,0,1,0,0,0,1,0
PROP206955,1.0,Needs Renovation,2111.0,A,66.0,,0,0,1,0,1,0,0,1,1,0,0,0
PROP206956,30.0,New,780.0,F,94.0,64.0,0,0,1,1,1,1,0,0,0,0,0,0
PROP206957,28.0,Needs Renovation,1036.0,A,80.0,,0,0,0,1,0,0,1,0,0,1,1,0
PROP206958,30.0,Good,3487.0,E,46.0,77.0,0,0,0,0,1,1,0,1,0,1,0,1
PROP206959,12.0,New,5052.0,C,51.0,66.0,0,0,1,0,0,1,0,0,0,0,0,1
PROP206960,11.0,New,2480.0,A,48.0,86.0,0,1,0,0,0,0,1,0,1,0,1,0
PROP206961,,New,2582.0,B,42.0,33.0,0,0,0,0,1,0,0,0,1,0,0,0
PROP206962,10.0,Good,3484.0,F,84.0,84.0,0,0,0,0,0,0,0,0,0,1,0,1
PROP206963,9.0,New,4181.0,E,99.0,47.0,1,0,0,0,0,0,0,0,0,1,0,1
PROP206964,5.0,Needs Renovation,915.0,E,54.0,80.0,0,1,0,0,0,0,1,0,0,1,0,1
PROP206965,0.0,Needs Renovation,5425.0,E,65.0,68.0,0,0,0,1,0,0,0,1,0,0,0,1
PROP206966,9.0,Old,1877.0,F,,44.0,1,1,0,1,0,0,1,0,0,0,0,0
PROP206967,32.0,Needs Renovation,2472.0,B,96.0,86.0,1,0,0,1,1,0,0,0,0,0,0,1
PROP206968,21.0,Good,2031.0,C,74.0,73.0,0,0,0,0,0,1,0,0,0,0,1,0
PROP206969,34.0,Good,0.0,C,49.0,44.0,0,0,1,0,0,0,0,0,1,1,1,0
PROP206970,25.0,New,947.0,B,43.0,56.0,1,1,0,0,1,0,0,0,0,1,0,0
PROP206971,24.0,New,1733.0,A,83.0,71.0,1,0,1,0,0,1,0,1,0,0,0,0
PROP206972,38.0,Needs Renovation,2183.0,A,53.0,47.0,0,0,0,0,1,1,0,0,0,0,0,1
PROP206973,21.0,Needs Renovation,2852.0,F,63.0,90.0,1,0,1,0,1,1,0,0,0,1,0,0
PROP206974,30.0,New,1965.0,E,68.0,,0,1,1,0,0,0,0,1,0,0,1,0
PROP206975,12.0,Needs Renovation,1836.0,B,55.0,,0,0,0,1,0,0,1,0,0,1,0,0
PROP206976,37.0,New,1611.0,E,70.0,73.0,0,0,1,0,1,0,0,0,0,0,0,1
PROP206977,29.0,Old,4296.0,F,74.0,87.0,1,0,1,0,0,1,0,0,1,0,1,0
PROP206978,3.0,Needs Renovation,4962.0,A,76.0,81.0,1,1,0,0,1,1,0,0,0,0,1,0
PROP206979,12.0,Needs Renovation,1156.0,E,61.0,88.0,0,0,1,1,0,0,0,1,0,1,1,0
PROP206980,0.0,Good,469.0,D,71.0,95.0,1,0,1,0,0,0,0,1,0,1,1,0
PROP206981,11.0,Old,3401.0,C,84.0,89.0,0,0,1,0,0,0,0,0,0,1,0,0
PROP206982,39.0,Good,2264.0,D,64.0,90.0,0,1,0,1,0,0,0,0,0,1,1,0
PROP206983,19.0,Good,503.0,F,43.0,84.0,1,1,0,0,0,0,0,0,1,0,1,0
PROP206984,33.0,New,2027.0,E,50.0,81.0,0,0,1,0,0,0,0,1,0,0,1,1
PROP206985,33.0,New,3835.0,E,63.0,81.0,1,0,0,0,0,0,0,0,1,0,0,0
PROP206986,36.0,Good,2661.0,E,55.0,98.0,0,0,0,0,0,1,1,0,0,0,1,0
PROP206987,11.0,New,1344.0,B,94.0,38.0,0,1,1,0,0,0,0,0,0,0,0,0
PROP206988,24.0,Old,905.0,D,81.0,44.0,0,0,0,0,0,0,0,1,1,0,1,1
PROP206989,18.0,Needs Renovation,4066.0,A,89.0,66.0,0,0,1,0,0,0,0,1,0,0,0,0
PROP206990,20.0,New,1139.0,A,54.0,44.0,0,0,0,1,0,0,0,0,1,0,0,0
PROP206991,38.0,Old,3641.0,E,50.0,46.0,0,0,1,1,0,1,0,0,0,0,1,0
PROP206992,29.0,Old,3331.0,E,70.0,63.0,1,0,0,1,0,0,0,1,0,0,0,1
PROP206993,15.0,New,2480.0,B,71.0,,0,1,0,0,0,0,1,0,1,0,1,1
PROP206994,16.0,Old,2480.0,D,47.0,63.0,0,0,0,0,1,0,1,0,1,0,0,0
PROP206995,22.0,New,278.0,D,55.0,39.0,1,0,0,0,0,0,0,0,0,1,1,0
PROP206996,37.0,Good,1752.0,A,79.0,89.0,0,1,1,1,0,0,0,0,0,0,0,1
PROP206997,13.0,Needs Renovation,2616.0,B,69.0,55.0,0,1,0,0,0,0,1,0,0,0,0,0
PROP206998,9.0,New,3030.0,F,55.0,58.0,1,0,0,0,0,0,0,0,0,0,1,1
PROP206999,7.0,Needs Renovation,2432.0,D,99.0,88.0,0,0,0,1,1,0,0,0,1,0,0,1
PROP207000,23.0,Good,3352.0,A,96.0,87.0,0,1,1,0,1,0,1,0,1,0,0,0
PROP207001,34.0,New,4207.0,A,,,0,0,0,1,0,0,0,0,0,1,0,1
PROP207002,13.0,Good,2318.0,B,41.0,63.0,0,0,0,0,1,0,0,0,1,0,0,0
PROP207003,21.0,Old,3545.0,A,53.0,43.0,0,1,0,1,1,0,0,1,0,1,0,0
PROP207004,23.0,Old,2632.0,C,66.0,39.0,0,0,1,0,1,0,1,0,0,0,0,0
PROP207005,0.0,New,4292.0,A,57.0,75.0,1,0,0,0,0,0,1,0,0,0,0,0
PROP207006,33.0,New,3814.0,B,57.0,,0,1,0,0,1,0,0,1,0,0,0,1
PROP207007,,Needs Renovation,2335.0,C,81.0,99.0,1,0,0,0,0,0,0,0,1,0,0,0
PROP207008,15.0,New,2818.0,C,41.0,46.0,0,0,0,0,0,0,0,1,0,1,0,1
PROP207009,11.0,Old,2480.0,F,90.0,47.0,1,0,0,0,0,0,1,1,0,0,1,0
PROP207010,10.0,New,969.0,E,47.0,57.0,0,1,0,0,0,0,0,0,0,1,0,1
PROP207011,,Good,1803.0,F,98.0,67.0,0,0,0,1,0,1,0,0,0,0,0,0
PROP207012,35.0,Needs Renovation,4697.0,D,63.0,84.0,0,0,0,1,0,0,0,0,1,0,0,0
PROP207013,8.0,Good,4171.0,C,76.0,36.0,0,0,0,0,1,0,0,1,0,0,0,0
PROP207014,22.0,Old,3668.0,A,63.0,59.0,1,0,0,0,0,0,1,1,0,0,0,0
PROP207015,36.0,Old,1717.0,E,99.0,49.0,0,0,0,1,0,0,0,0,0,0,0,1
PROP207016,27.0,Good,3676.0,F,53.0,85.0,0,0,0,0,0,0,0,1,0,1,0,0
PROP207017,29.0,Good,3392.0,A,55.0,86.0,1,1,0,0,0,0,0,0,1,1,1,0
PROP207018,0.0,Needs Renovation,3110.0,C,84.0,43.0,0,1,0,0,1,0,1,0,1,1,0,0
PROP207019,7.0,Needs Renovation,2715.0,D,44.0,49.0,0,0,0,1,1,1,0,1,0,0,0,0
PROP207020,18.0,Old,4333.0,F,96.0,55.0,0,0,0,0,0,0,0,0,1,1,0,0
PROP207021,2.0,Good,3151.0,A,77.0,,0,0,0,0,0,0,0,0,0,1,0,1
PROP207022,18.0,Good,1970.0,B,58.0,48.0,1,0,0,0,0,0,1,0,0,0,1,0
PROP207023,6.0,Needs Renovation,3934.0,C,60.0,79.0,0,0,0,1,0,1,0,0,1,0,1,1
PROP207024,24.0,New,2480.0,E,48.0,68.0,0,0,0,0,1,1,0,0,1,0,1,0
PROP207025,33.0,New,810.0,C,,41.0,0,1,0,0,0,0,0,0,0,0,1,0
PROP207026,37.0,New,2761.0,E,75.0,82.0,1,0,0,0,1,1,0,0,0,0,0,1
PROP207027,15.0,Needs Renovation,3067.0,D,95.0,73.0,0,0,1,1,0,1,1,0,0,0,1,0
PROP207028,10.0,Good,2554.0,B,98.0,33.0,0,0,0,0,0,1,0,0,1,1,0,1
PROP207029,13.0,Good,3952.0,E,90.0,84.0,0,1,0,0,0,0,1,0,0,1,1,0
PROP207030,17.0,New,4160.0,C,87.0,,0,1,0,0,0,1,0,0,0,0,1,0
PROP207031,12.0,Old,3118.0,C,,85.0,0,1,1,0,1,0,0,0,0,1,1,0
PROP207032,17.0,New,692.0,C,56.0,60.0,1,0,0,0,1,0,1,0,0,0,0,0
PROP207033,32.0,Old,3487.0,E,88.0,63.0,0,1,0,0,0,0,0,0,0,0,0,1
PROP207034,,Needs Renovation,753.0,B,,92.0,1,0,0,1,0,1,0,0,0,0,0,0
PROP207035,,Old,712.0,D,82.0,55.0,1,1,0,0,1,0,0,0,1,1,0,0
PROP207036,4.0,Good,4866.0,C,82.0,98.0,0,0,0,0,1,0,0,0,0,0,1,1
PROP207037,27.0,Old,0.0,F,44.0,53.0,0,0,0,0,0,0,1,1,0,1,0,0
PROP207038,11.0,New,1396.0,D,63.0,69.0,0,0,0,1,0,1,0,0,1,1,0,0
PROP207039,16.0,New,3014.0,E,,64.0,0,0,0,1,0,0,1,0,0,1,1,0
PROP207040,29.0,Needs Renovation,1654.0,F,88.0,74.0,0,1,0,1,0,0,0,0,1,0,0,0
PROP207041,36.0,Good,1402.0,C,47.0,35.0,0,0,0,0,0,0,0,1,0,0,1,0
PROP207042,16.0,Old,1255.0,D,40.0,95.0,0,1,1,0,0,1,1,1,0,0,0,0
PROP207043,33.0,New,4206.0,C,82.0,69.0,1,0,0,0,1,0,0,0,0,0,0,1
PROP207044,22.0,Needs Renovation,1604.0,F,40.0,,1,1,0,0,0,0,0,0,1,0,1,1
PROP207045,29.0,New,2955.0,A,83.0,36.0,0,0,0,0,1,0,0,0,0,0,1,1
PROP207046,38.0,Old,2195.0,A,89.0,88.0,1,1,0,0,1,0,0,0,1,1,0,0
PROP207047,27.0,New,2077.0,F,49.0,53.0,1,0,0,0,1,0,0,1,0,0,0,0
PROP207048,34.0,New,1526.0,D,44.0,49.0,0,0,1,0,1,1,0,1,0,0,0,0
PROP207049,15.0,Old,3105.0,E,65.0,62.0,0,0,1,1,0,0,0,0,1,0,1,1
PROP207050,31.0,Needs Renovation,1506.0,B,60.0,63.0,1,0,0,1,0,1,0,0,1,0,0,0
PROP207051,30.0,Good,2312.0,A,83.0,54.0,0,0,0,1,0,0,0,1,0,0,0,1
PROP207052,0.0,Good,2185.0,D,51.0,36.0,1,0,0,0,0,0,0,0,0,0,0,1
PROP207053,34.0,Good,2454.0,D,77.0,67.0,0,1,1,0,0,0,1,0,0,0,0,1
PROP207054,11.0,Old,3461.0,D,69.0,70.0,0,0,0,0,0,0,0,0,1,0,1,1
PROP207055,27.0,Needs Renovation,1854.0,E,90.0,73.0,0,0,1,0,0,1,0,0,0,0,0,1
PROP207056,13.0,Old,2480.0,E,93.0,36.0,0,1,0,0,0,1,0,0,0,1,1,1
PROP207057,12.0,New,1570.0,D,43.0,50.0,1,0,1,0,0,0,0,1,1,0,0,1
PROP207058,37.0,Needs Renovation,2767.0,F,68.0,58.0,1,0,0,0,0,0,0,0,0,1,1,0
PROP207059,4.0,Good,2024.0,F,96.0,91.0,0,1,0,0,1,0,0,0,1,0,0,0
PROP207060,13.0,Good,2625.0,B,,75.0,0,1,1,0,0,1,0,0,0,0,0,0
PROP207061,26.0,New,2878.0,C,81.0,82.0,1,1,0,1,0,0,1,0,0,0,0,0
PROP207062,21.0,New,3788.0,E,64.0,83.0,0,0,1,0,0,0,1,1,1,0,0,0
PROP207063,26.0,Old,3820.0,C,79.0,92.0,0,0,0,0,0,0,0,0,1,1,0,0
PROP207064,30.0,Good,6359.0,E,69.0,36.0,1,1,1,0,0,1,0,0,0,0,1,0
PROP207065,19.0,Needs Renovation,82.0,C,68.0,75.0,0,0,0,1,0,1,0,1,1,1,0,0
PROP207066,31.0,Old,3454.0,D,42.0,70.0,0,0,0,0,0,1,1,1,1,0,0,0
PROP207067,15.0,Old,841.0,D,73.0,71.0,0,1,0,0,1,0,0,1,0,0,0,0
PROP207068,32.0,Needs Renovation,2401.0,A,86.0,51.0,1,0,1,0,1,1,0,0,0,0,0,0
PROP207069,36.0,Good,2064.0,F,93.0,59.0,0,1,0,0,0,0,0,1,0,0,0,0
PROP207070,16.0,Old,1736.0,F,52.0,39.0,0,0,0,1,1,0,0,1,1,0,0,0
PROP207071,15.0,Good,1129.0,A,50.0,78.0,1,0,1,0,0,0,0,0,0,1,0,0
PROP207072,29.0,Good,2577.0,C,67.0,58.0,0,1,0,0,0,0,0,1,0,0,0,0
PROP207073,21.0,Needs Renovation,2480.0,F,97.0,35.0,0,1,0,1,0,0,0,1,0,0,1,0
PROP207074,36.0,Needs Renovation,0.0,D,62.0,35.0,0,0,0,0,0,1,0,1,0,0,0,0
PROP207075,29.0,Good,1207.0,B,66.0,40.0,1,1,0,0,0,0,1,0,1,0,0,0
PROP207076,22.0,Needs Renovation,3684.0,F,87.0,44.0,0,0,1,1,1,0,0,0,1,0,0,1
PROP207077,,Needs Renovation,2958.0,D,52.0,92.0,0,1,0,0,0,0,0,1,0,0,1,0
PROP207078,8.0,Good,2206.0,E,40.0,97.0,0,0,0,0,0,0,1,1,1,0,0,0
PROP207079,,Needs Renovation,2576.0,E,58.0,55.0,1,0,1,0,0,0,0,0,1,0,0,0
PROP207080,29.0,New,2224.0,A,80.0,97.0,0,1,0,0,1,0,1,1,0,0,0,1
PROP207081,15.0,Needs Renovation,1369.0,C,,53.0,0,1,0,0,0,1,0,0,0,0,1,0
PROP207082,34.0,Needs Renovation,1952.0,B,63.0,58.0,0,0,1,0,1,0,1,0,0,0,0,0
PROP207083,,Good,806.0,E,,85.0,0,1,0,0,0,1,0,0,0,1,0,0
PROP207084,23.0,Old,4231.0,C,59.0,72.0,0,0,0,0,0,0,0,1,0,1,1,0
PROP207085,7.0,Good,325.0,C,97.0,89.0,0,0,1,0,0,0,0,0,0,0,1,1
PROP207086,36.0,Good,1168.0,B,95.0,92.0,0,0,0,1,0,1,1,1,0,0,0,0
PROP207087,16.0,Good,1723.0,E,92.0,56.0,1,1,0,1,0,0,0,1,1,0,0,0
PROP207088,31.0,Good,2986.0,B,61.0,99.0,1,1,0,1,0,0,1,1,0,0,0,0
PROP207089,20.0,Needs Renovation,1581.0,A,76.0,30.0,1,0,1,0,0,1,0,0,0,1,0,0
PROP207090,8.0,Old,4128.0,C,72.0,91.0,0,0,1,1,0,0,1,0,0,1,0,1
PROP207091,13.0,Good,3258.0,E,85.0,98.0,0,0,0,0,0,1,0,0,0,1,0,0
PROP207092,27.0,Needs Renovation,2869.0,A,91.0,61.0,0,0,1,0,0,0,1,0,0,0,0,0
PROP207093,27.0,New,1607.0,E,86.0,62.0,0,0,0,0,0,1,1,0,0,0,1,0
PROP207094,24.0,Good,2299.0,B,49.0,92.0,0,0,1,0,0,0,1,0,0,1,1,0
PROP207095,26.0,Old,3422.0,C,96.0,84.0,1,0,0,1,1,0,0,0,0,0,0,0
PROP207096,21.0,Needs Renovation,2551.0,D,95.0,88.0,0,0,0,0,0,0,0,0,0,1,1,1
PROP207097,9.0,Old,3271.0,A,,38.0,1,0,1,0,0,0,1,1,0,1,0,0
PROP207098,32.0,Needs Renovation,4577.0,A,,31.0,1,1,0,0,0,0,1,0,0,0,0,0
PROP207099,25.0,Old,3057.0,F,87.0,80.0,0,0,0,0,0,1,0,0,0,0,1,1
PROP207100,5.0,New,2480.0,E,71.0,61.0,1,1,0,1,0,0,0,0,1,0,0,0
PROP207101,16.0,New,1202.0,D,88.0,56.0,0,0,0,0,0,0,0,0,0,0,1,1
PROP207102,35.0,Good,3174.0,B,96.0,60.0,1,0,1,0,1,0,1,1,0,0,0,0
PROP207103,7.0,Needs Renovation,502.0,F,69.0,75.0,1,1,0,0,0,0,0,0,1,0,0,0
PROP207104,22.0,Needs Renovation,3786.0,E,90.0,44.0,1,0,1,0,0,0,0,1,0,1,1,0
PROP207105,36.0,New,3768.0,E,67.0,97.0,0,0,0,0,0,0,0,0,1,0,0,1
PROP207106,28.0,Needs Renovation,3796.0,B,62.0,67.0,1,0,0,0,0,0,1,0,0,0,0,1
PROP207107,7.0,Needs Renovation,3834.0,F,58.0,46.0,1,0,0,0,0,1,0,0,0,0,0,0
PROP207108,29.0,Needs Renovation,1976.0,A,45.0,80.0,0,0,0,1,0,0,0,1,1,0,0,1
PROP207109,38.0,Old,2534.0,D,80.0,91.0,0,0,0,1,0,0,1,1,1,0,1,0
PROP207110,13.0,Good,2518.0,E,84.0,,1,0,0,0,0,1,0,1,0,0,0,0
PROP207111,21.0,Good,2194.0,E,92.0,47.0,0,0,0,0,0,1,0,0,0,0,0,1
PROP207112,16.0,Needs Renovation,2392.0,E,69.0,86.0,0,0,0,0,0,0,0,0,0,1,1,0
PROP207113,0.0,Needs Renovation,3784.0,C,75.0,30.0,1,1,1,0,1,0,0,0,0,1,0,0
PROP207114,11.0,Needs Renovation,2441.0,A,83.0,91.0,0,0,0,0,0,0,1,0,1,1,0,0
PROP207115,24.0,Old,3415.0,C,63.0,94.0,0,0,1,0,0,1,0,1,0,0,0,0
PROP207116,,Good,1558.0,F,70.0,85.0,0,0,0,0,0,0,1,0,1,1,0,0
PROP207117,14.0,Good,3330.0,F,99.0,61.0,0,0,1,0,1,0,1,0,1,0,1,0
PROP207118,,New,2684.0,F,42.0,69.0,1,0,1,0,1,0,0,1,1,0,0,0
PROP207119,0.0,Needs Renovation,4294.0,B,48.0,87.0,0,0,0,1,1,0,0,0,1,1,0,0
PROP207120,17.0,New,2073.0,A,,36.0,1,0,0,0,1,0,1,0,1,0,0,1
PROP207121,24.0,Needs Renovation,2399.0,E,56.0,40.0,0,1,0,0,1,0,0,0,0,0,0,1
PROP207122,2.0,Needs Renovation,2165.0,A,68.0,75.0,1,0,0,0,1,0,0,1,0,1,1,0
PROP207123,18.0,New,1960.0,C,70.0,68.0,0,0,0,0,1,0,1,1,1,1,0,0
PROP207124,35.0,Needs Renovation,2714.0,B,77.0,71.0,0,0,1,1,1,0,0,1,0,1,0,0
PROP207125,25.0,New,775.0,E,52.0,64.0,0,1,1,0,0,1,0,0,1,0,0,0
PROP207126,12.0,Needs Renovation,2373.0,D,74.0,45.0,1,0,0,0,0,1,0,0,0,1,0,1
PROP207127,25.0,Good,3326.0,A,44.0,72.0,0,0,0,0,0,0,0,0,0,1,0,1
PROP207128,16.0,Old,2480.0,E,86.0,95.0,0,0,1,0,0,0,1,0,0,1,0,0
PROP207129,37.0,Old,2041.0,A,71.0,78.0,0,0,1,0,0,0,1,1,0,0,0,0
PROP207130,9.0,Needs Renovation,1234.0,C,57.0,32.0,0,0,0,0,0,0,1,1,0,0,0,0
PROP207131,5.0,Good,3639.0,F,72.0,57.0,0,0,0,0,0,1,0,0,0,0,1,0
PROP207132,,Needs Renovation,3587.0,F,80.0,82.0,0,0,1,0,1,0,1,0,0,1,0,1
PROP207133,0.0,Old,211.0,F,65.0,,0,1,1,0,0,0,1,0,0,0,1,0
PROP207134,34.0,Good,1930.0,E,45.0,66.0,1,0,0,0,0,0,0,0,1,0,0,1
PROP207135,36.0,Good,4475.0,A,75.0,60.0,0,1,0,1,0,0,0,0,1,0,0,1
PROP207136,27.0,Good,1304.0,B,77.0,44.0,0,0,1,0,1,0,0,0,1,1,0,1
PROP207137,1.0,Good,4195.0,B,83.0,77.0,0,0,0,0,0,0,1,1,0,0,0,0
PROP207138,17.0,Needs Renovation,4532.0,F,50.0,80.0,0,0,1,1,1,0,0,0,1,0,0,1
PROP207139,21.0,Needs Renovation,1837.0,D,,40.0,0,0,0,0,1,0,1,1,0,0,1,0
PROP207140,34.0,Good,2633.0,B,77.0,80.0,0,1,0,0,0,0,0,0,1,1,0,0
PROP207141,29.0,Old,3261.0,C,81.0,93.0,0,0,0,0,0,0,1,0,0,1,0,0
PROP207142,20.0,Good,2568.0,C,98.0,86.0,0,0,0,0,0,0,0,0,0,0,1,1
PROP207143,13.0,New,2689.0,D,42.0,37.0,0,1,0,0,0,1,0,0,0,0,0,1
PROP207144,37.0,Old,2480.0,C,56.0,52.0,0,0,1,0,0,1,0,1,0,0,0,1
PROP207145,30.0,Old,3299.0,A,94.0,42.0,1,0,1,1,0,0,0,0,0,0,0,0
PROP207146,24.0,Old,3437.0,B,77.0,78.0,0,0,0,0,0,0,1,0,1,0,0,0
PROP207147,4.0,Needs Renovation,2807.0,F,58.0,,1,0,0,0,0,0,1,0,1,1,0,0
PROP207148,12.0,Good,3021.0,F,43.0,72.0,0,0,0,0,0,1,0,0,0,1,1,1
PROP207149,8.0,Old,4039.0,D,67.0,,0,0,0,1,0,1,0,0,0,0,0,0
PROP207150,,Needs Renovation,1941.0,F,49.0,53.0,0,0,0,0,0,1,0,0,1,1,0,0
PROP207151,0.0,Good,1526.0,E,90.0,36.0,0,0,0,0,0,1,1,1,0,0,0,1
PROP207152,5.0,New,1193.0,A,62.0,51.0,0,0,1,1,0,0,1,0,0,0,1,0
PROP207153,30.0,Good,2247.0,E,46.0,80.0,0,0,1,0,0,1,0,0,0,0,0,0
PROP207154,17.0,Old,2480.0,C,59.0,48.0,0,0,1,0,0,0,1,0,1,0,0,0
PROP207155,1.0,New,2649.0,C,45.0,42.0,0,1,0,0,0,1,0,0,0,0,0,0
PROP207156,0.0,Needs Renovation,2441.0,C,51.0,35.0,0,0,1,0,1,0,0,0,1,0,0,0
PROP207157,8.0,New,2791.0,F,56.0,,0,0,0,0,0,1,0,0,1,0,1,1
PROP207158,33.0,New,3667.0,E,87.0,80.0,0,0,0,1,0,1,0,1,0,0,0,0
PROP207159,12.0,Needs Renovation,4839.0,C,86.0,63.0,0,0,1,1,0,0,1,0,0,0,1,0
PROP207160,11.0,Old,3046.0,B,95.0,72.0,0,0,0,1,0,0,1,0,0,0,0,0
PROP207161,29.0,Old,1326.0,C,96.0,33.0,1,1,1,0,0,0,0,0,1,0,1,0
PROP207162,24.0,Needs Renovation,2719.0,A,97.0,73.0,1,0,0,0,0,0,0,0,0,1,0,0
PROP207163,1.0,New,2074.0,F,50.0,34.0,0,0,0,1,0,0,1,0,1,0,1,1
PROP207164,6.0,New,2050.0,D,97.0,,0,1,0,1,1,1,1,0,0,0,0,0
PROP207165,25.0,Needs Renovation,1142.0,A,75.0,91.0,0,0,0,1,0,0,1,0,0,0,1,0
PROP207166,7.0,New,2480.0,C,71.0,75.0,1,0,0,0,0,0,1,0,0,0,1,1
PROP207167,35.0,Good,4523.0,C,80.0,67.0,0,0,0,0,0,0,1,1,0,0,0,1
PROP207168,12.0,Good,2993.0,E,78.0,97.0,1,1,0,1,0,0,0,0,1,0,0,0
PROP207169,18.0,New,3125.0,B,64.0,69.0,0,1,1,0,0,0,0,0,0,0,0,0
PROP207170,0.0,New,2480.0,B,88.0,85.0,1,0,1,0,0,0,1,0,0,1,0,0
PROP207171,39.0,Old,4411.0,D,45.0,74.0,0,0,0,1,0,1,0,0,0,1,0,0
PROP207172,35.0,Good,1162.0,C,44.0,,0,0,0,0,0,1,0,0,1,0,0,0
PROP207173,24.0,New,1379.0,C,,54.0,0,0,1,0,1,1,1,0,0,0,0,0
PROP207174,5.0,Needs Renovation,3035.0,C,74.0,32.0,0,0,0,1,0,0,1,0,0,0,1,1
PROP207175,34.0,Good,2804.0,C,57.0,76.0,0,1,0,0,0,0,0,1,0,1,0,0
PROP207176,36.0,Needs Renovation,2480.0,D,93.0,37.0,0,0,0,1,0,1,0,0,0,0,1,0
PROP207177,25.0,Old,2674.0,C,,33.0,0,1,0,1,1,0,0,0,0,1,1,0
PROP207178,38.0,Needs Renovation,2922.0,F,86.0,38.0,0,0,0,0,0,1,0,0,1,1,0,0
PROP207179,14.0,New,1497.0,E,82.0,44.0,0,1,1,0,1,1,0,0,0,1,0,0
PROP207180,3.0,Old,3004.0,A,53.0,85.0,1,0,1,0,1,0,1,0,1,0,0,0
PROP207181,13.0,New,3570.0,D,80.0,49.0,0,0,0,1,1,0,0,0,1,0,0,1
PROP207182,36.0,Good,1766.0,C,94.0,58.0,1,0,1,0,0,1,0,0,1,0,0,1
PROP207183,21.0,Needs Renovation,3996.0,A,44.0,92.0,0,0,1,1,1,0,0,1,0,0,0,0
PROP207184,22.0,Good,3408.0,A,65.0,,0,0,1,0,0,1,1,1,1,0,0,0
PROP207185,30.0,Old,2356.0,F,79.0,87.0,0,0,1,1,0,0,1,0,0,0,0,1
PROP207186,,New,2480.0,F,82.0,,1,1,1,1,0,0,0,0,0,0,0,0
PROP207187,15.0,Good,2459.0,C,60.0,72.0,0,0,0,1,0,1,0,0,0,1,0,1
PROP207188,5.0,Needs Renovation,3366.0,A,80.0,33.0,0,0,1,0,0,1,1,0,0,0,0,1
PROP207189,7.0,Needs Renovation,2587.0,A,80.0,94.0,0,0,0,1,1,0,0,0,0,0,1,1
PROP207190,11.0,Old,1218.0,D,71.0,55.0,0,1,1,0,0,1,1,0,0,0,0,1
PROP207191,23.0,Needs Renovation,2994.0,E,48.0,31.0,1,1,0,1,1,0,0,0,1,0,0,0
PROP207192,39.0,Old,450.0,C,79.0,74.0,0,1,0,1,1,0,1,0,1,0,0,0
PROP207193,10.0,Old,2454.0,E,,42.0,0,1,1,0,0,0,0,0,0,1,0,0
PROP207194,30.0,New,3503.0,C,40.0,31.0,0,0,0,0,0,0,0,0,0,1,1,0
PROP207195,31.0,Old,2480.0,E,62.0,99.0,0,1,1,0,1,1,0,1,0,0,0,0
PROP207196,,Needs Renovation,1520.0,A,67.0,62.0,1,1,1,0,0,0,0,0,1,1,0,0
PROP207197,16.0,Needs Renovation,2046.0,E,44.0,80.0,0,1,0,0,0,0,0,1,0,0,1,0
PROP207198,12.0,Old,2528.0,F,90.0,49.0,0,0,0,1,0,0,0,1,0,0,0,0
PROP207199,5.0,Needs Renovation,2105.0,E,69.0,50.0,0,0,0,0,0,0,0,0,1,1,0,0
PROP207200,34.0,Good,2013.0,E,66.0,88.0,0,1,1,1,0,0,0,0,0,0,1,1
PROP207201,37.0,Old,4557.0,F,41.0,64.0,0,0,1,0,0,0,0,0,0,1,1,0
PROP207202,23.0,Needs Renovation,2480.0,F,51.0,70.0,0,0,0,0,0,1,0,0,0,0,0,1
PROP207203,35.0,Good,2705.0,C,68.0,75.0,1,0,0,1,1,0,0,0,0,0,1,1
PROP207204,12.0,Good,5108.0,A,44.0,84.0,0,1,0,0,0,0,0,1,0,1,0,0
PROP207205,0.0,New,4453.0,D,83.0,63.0,0,0,0,1,0,0,0,0,0,0,0,1
PROP207206,23.0,Needs Renovation,4322.0,C,,56.0,0,0,0,0,0,0,0,1,0,0,0,1
PROP207207,10.0,Old,2806.0,A,72.0,83.0,1,1,0,1,0,1,1,0,0,0,0,0
PROP207208,18.0,New,2137.0,A,43.0,70.0,0,0,0,1,1,0,0,1,0,0,0,0
PROP207209,18.0,New,2982.0,E,51.0,88.0,1,0,1,0,0,0,0,0,0,0,0,0
PROP207210,23.0,New,2480.0,A,61.0,,0,1,0,1,0,0,0,0,0,0,0,0
PROP207211,24.0,Needs Renovation,1303.0,C,91.0,67.0,1,0,0,0,0,1,0,1,0,0,0,0
PROP207212,15.0,Needs Renovation,5318.0,F,80.0,50.0,0,1,1,0,0,0,0,0,0,0,1,0
PROP207213,1.0,Good,364.0,D,46.0,97.0,1,1,0,0,0,1,0,1,1,0,0,0
PROP207214,2.0,New,3762.0,C,68.0,82.0,0,0,1,0,1,0,1,0,0,0,0,0
PROP207215,8.0,Old,278.0,A,43.0,42.0,1,0,0,0,0,0,0,1,0,0,1,0
PROP207216,2.0,New,2459.0,B,83.0,31.0,0,1,0,0,1,0,0,0,0,0,0,0
PROP207217,28.0,Good,1689.0,A,54.0,65.0,1,0,0,0,1,0,1,0,0,0,0,1
PROP207218,19.0,Good,1174.0,C,54.0,51.0,0,0,0,0,0,1,0,0,0,0,0,1
PROP207219,20.0,Good,3490.0,F,99.0,57.0,0,1,0,0,0,1,0,0,0,0,0,1
PROP207220,15.0,Needs Renovation,1570.0,D,57.0,68.0,0,0,0,0,1,0,0,1,0,1,0,0
PROP207221,18.0,New,2859.0,C,56.0,31.0,0,0,1,0,0,0,0,0,0,1,0,0
PROP207222,27.0,Good,2104.0,D,81.0,95.0,0,1,0,0,0,0,0,0,1,1,0,0
PROP207223,20.0,Good,4374.0,A,57.0,61.0,1,0,0,0,0,1,1,1,1,0,0,0
PROP207224,2.0,New,3501.0,C,91.0,76.0,0,0,0,0,1,1,1,1,0,0,0,0
PROP207225,26.0,New,3299.0,B,64.0,47.0,0,1,1,1,0,0,0,1,1,0,0,0
PROP207226,27.0,New,3441.0,A,83.0,54.0,0,0,0,0,0,0,1,0,0,1,1,0
PROP207227,,Good,1667.0,D,,69.0,0,1,1,1,0,0,1,0,0,1,0,0
PROP207228,29.0,New,3197.0,E,87.0,53.0,1,0,1,0,1,1,0,0,0,1,0,0
PROP207229,20.0,Old,1338.0,B,90.0,82.0,0,0,0,1,0,0,1,1,0,0,0,0
PROP207230,22.0,Needs Renovation,503.0,A,73.0,,0,1,0,1,0,0,0,0,0,0,1,0
PROP207231,13.0,New,2159.0,F,68.0,50.0,0,0,0,1,0,1,0,0,1,1,0,0
PROP207232,23.0,Good,3242.0,A,60.0,49.0,1,0,1,0,0,0,0,0,0,0,0,1
PROP207233,26.0,Needs Renovation,2095.0,B,75.0,,1,1,0,0,0,1,0,0,0,1,0,0
PROP207234,14.0,Good,3597.0,C,84.0,31.0,1,0,1,0,1,1,0,0,0,0,1,0
PROP207235,33.0,Needs Renovation,3899.0,F,82.0,93.0,0,0,1,0,0,0,1,1,0,0,1,0
PROP207236,31.0,Good,1266.0,F,42.0,61.0,0,0,0,1,0,0,0,1,1,0,0,0
PROP207237,1.0,New,2286.0,C,65.0,57.0,1,0,0,0,0,0,1,1,0,0,0,0
PROP207238,21.0,New,2391.0,E,72.0,53.0,0,0,0,0,0,0,1,0,0,0,0,1
PROP207239,38.0,New,4906.0,A,,55.0,1,0,0,0,1,1,0,0,1,0,1,0
PROP207240,17.0,New,1757.0,D,49.0,70.0,0,0,1,0,0,1,0,0,1,0,0,0
PROP207241,35.0,Good,3467.0,D,46.0,56.0,0,1,0,0,0,0,0,1,0,1,1,1
PROP207242,,Old,2005.0,F,72.0,35.0,0,0,0,0,0,1,0,0,0,1,0,0
PROP207243,28.0,New,1540.0,D,46.0,38.0,0,0,1,0,1,1,1,0,0,1,0,0
PROP207244,22.0,Needs Renovation,3810.0,B,67.0,,0,0,0,0,0,1,0,1,0,0,1,0
PROP207245,22.0,New,1396.0,A,57.0,96.0,0,0,0,1,0,0,0,0,0,1,0,0
PROP207246,7.0,Good,2737.0,F,67.0,89.0,1,0,1,0,0,0,0,0,0,0,1,0
PROP207247,,Good,2806.0,F,57.0,55.0,0,0,0,1,0,0,1,0,0,1,1,1
PROP207248,30.0,Good,3616.0,B,89.0,48.0,0,1,1,0,1,0,0,0,0,0,0,0
PROP207249,11.0,New,4312.0,A,81.0,81.0,0,0,0,0,1,0,1,0,1,0,0,0
PROP207250,19.0,Old,1614.0,E,64.0,64.0,0,0,1,1,0,0,0,1,1,0,1,0
PROP207251,20.0,Needs Renovation,2134.0,E,58.0,,0,1,0,0,0,0,0,0,1,0,0,0
PROP207252,0.0,New,2477.0,B,,70.0,0,0,0,0,0,0,0,1,0,1,0,0
PROP207253,35.0,Needs Renovation,4000.0,A,97.0,,0,0,0,0,0,0,0,1,0,0,1,0
PROP207254,34.0,Good,975.0,E,63.0,39.0,0,0,0,0,0,0,1,1,0,1,0,0
PROP207255,35.0,New,1027.0,E,54.0,48.0,1,0,0,0,0,1,0,0,1,0,1,0
PROP207256,17.0,New,2163.0,E,51.0,83.0,0,0,0,0,0,0,0,1,0,0,0,1
PROP207257,3.0,Old,1248.0,B,,91.0,0,0,0,1,0,0,0,0,1,0,1,0
PROP207258,23.0,Old,0.0,A,59.0,37.0,1,1,1,0,0,1,0,0,0,0,0,0
PROP207259,23.0,Good,2480.0,B,94.0,,0,0,0,0,0,1,0,0,0,1,0,1
PROP207260,8.0,Good,2480.0,C,99.0,85.0,0,0,0,0,0,0,0,0,1,0,1,0
PROP207261,7.0,New,4109.0,C,45.0,60.0,1,1,0,0,0,0,1,0,1,0,1,0
PROP207262,6.0,Needs Renovation,845.0,F,49.0,84.0,0,0,1,1,0,0,1,0,1,1,0,0
PROP207263,33.0,Needs Renovation,819.0,D,73.0,53.0,0,0,0,0,0,0,0,0,1,0,1,0
PROP207264,26.0,Good,3633.0,F,,,0,0,0,1,1,0,0,0,0,0,0,0
PROP207265,36.0,New,2987.0,F,99.0,96.0,0,1,0,1,1,0,1,0,0,1,0,0
PROP207266,36.0,New,3301.0,F,95.0,77.0,0,0,0,0,1,1,0,1,0,0,0,1
PROP207267,7.0,Good,2459.0,A,68.0,41.0,0,0,0,1,0,0,0,1,1,0,1,0
PROP207268,0.0,Good,2222.0,F,52.0,32.0,1,1,0,0,0,0,0,0,0,0,0,1
PROP207269,14.0,Good,2829.0,D,66.0,50.0,0,1,0,0,0,0,0,0,1,0,0,0
PROP207270,24.0,Good,0.0,D,52.0,,0,1,1,0,0,0,1,1,1,0,0,0
PROP207271,32.0,New,3492.0,C,46.0,98.0,1,0,0,0,1,0,0,0,0,0,0,0
PROP207272,18.0,Needs Renovation,1088.0,D,81.0,68.0,0,0,0,0,0,1,1,0,0,0,0,0
PROP207273,32.0,Old,2123.0,D,94.0,46.0,0,0,0,0,0,1,0,0,1,0,0,0
PROP207274,11.0,New,2972.0,C,81.0,83.0,0,0,0,1,1,0,0,0,0,0,0,0
PROP207275,8.0,Old,3385.0,D,,41.0,0,0,0,0,1,0,0,1,0,0,1,0
PROP207276,16.0,Old,546.0,B,61.0,70.0,0,0,1,0,0,1,0,0,0,0,0,1
PROP207277,20.0,Old,1880.0,E,63.0,94.0,0,0,0,0,1,0,0,1,0,0,0,0
PROP207278,15.0,Good,2628.0,E,57.0,92.0,0,1,0,0,0,0,0,0,0,0,1,0
PROP207279,36.0,Needs Renovation,4170.0,E,,45.0,0,0,0,0,0,0,0,1,1,0,1,1
PROP207280,13.0,New,2913.0,C,73.0,83.0,0,0,0,0,1,0,0,1,0,0,0,1
PROP207281,14.0,New,2320.0,B,87.0,97.0,0,0,0,0,0,1,0,0,1,0,1,0
PROP207282,14.0,Good,2222.0,D,47.0,88.0,1,0,0,0,1,1,0,0,1,0,1,0
PROP207283,23.0,New,4628.0,A,75.0,77.0,0,0,1,0,1,0,0,0,0,0,0,0
PROP207284,39.0,Good,2480.0,B,98.0,32.0,0,1,0,1,0,0,0,0,0,0,0,0
PROP207285,7.0,New,3836.0,D,77.0,34.0,0,1,0,0,0,0,0,0,0,0,0,1
PROP207286,11.0,New,2714.0,E,77.0,66.0,0,1,1,0,0,0,0,0,0,0,0,0
PROP207287,22.0,New,2480.0,E,57.0,67.0,1,0,1,0,0,1,0,0,0,1,0,1
PROP207288,36.0,Needs Renovation,4129.0,E,59.0,,0,1,0,1,1,0,1,0,0,1,0,0
PROP207289,36.0,Good,2930.0,D,40.0,33.0,0,0,0,0,0,0,1,1,0,0,0,1
PROP207290,1.0,Old,2661.0,F,95.0,81.0,0,1,0,1,0,1,0,0,0,0,1,0
PROP207291,17.0,Needs Renovation,2330.0,F,81.0,,0,1,0,0,0,1,0,0,0,0,0,0
PROP207292,21.0,Good,1958.0,D,43.0,37.0,0,0,0,0,1,1,0,1,0,1,1,0
PROP207293,6.0,New,3010.0,E,68.0,92.0,0,1,1,1,1,0,0,0,0,1,0,0
PROP207294,16.0,New,2480.0,B,47.0,93.0,0,0,0,0,0,0,1,0,1,0,0,0
PROP207295,19.0,Old,2557.0,F,75.0,,0,0,1,1,0,0,0,0,0,0,0,0
PROP207296,20.0,Old,2281.0,B,52.0,37.0,1,0,1,0,0,0,1,1,0,1,0,0
PROP207297,28.0,Old,3684.0,B,78.0,63.0,1,0,0,1,0,0,1,0,0,0,0,1
PROP207298,8.0,Old,2080.0,C,75.0,54.0,1,0,1,0,0,0,0,0,0,0,0,0
PROP207299,13.0,Good,1845.0,B,73.0,33.0,1,0,0,0,0,0,0,1,0,0,1,0
PROP207300,,Good,4650.0,C,56.0,53.0,1,0,0,0,0,0,1,1,1,0,0,0
PROP207301,2.0,New,4009.0,D,89.0,90.0,0,0,1,1,0,1,1,0,1,0,0,0
PROP207302,23.0,Good,1167.0,A,77.0,31.0,1,0,0,1,0,1,0,0,0,1,0,1
PROP207303,6.0,Good,4179.0,F,56.0,53.0,1,0,1,0,1,0,0,0,0,0,1,0
PROP207304,2.0,Old,1576.0,A,83.0,73.0,1,0,0,0,1,1,1,0,0,1,0,0
PROP207305,16.0,New,4258.0,A,63.0,33.0,0,0,1,0,1,1,1,0,0,1,0,0
PROP207306,39.0,Good,1964.0,B,71.0,53.0,0,0,0,0,1,0,0,1,0,0,0,0
PROP207307,8.0,Needs Renovation,1739.0,E,64.0,48.0,1,0,1,0,0,1,0,1,0,0,1,0
PROP207308,22.0,Old,4002.0,E,54.0,78.0,0,1,0,0,0,1,0,1,1,0,0,0
PROP207309,1.0,Old,978.0,C,50.0,67.0,0,1,1,0,1,0,0,1,0,0,0,1
PROP207310,34.0,Needs Renovation,4581.0,D,54.0,98.0,0,1,0,0,1,0,0,1,0,0,1,0
PROP207311,30.0,Needs Renovation,3466.0,B,62.0,46.0,1,1,0,1,0,1,0,0,1,0,0,0
PROP207312,22.0,New,3075.0,F,75.0,60.0,1,1,1,0,0,0,0,0,0,0,0,0
PROP207313,38.0,Old,2294.0,C,88.0,33.0,1,1,0,0,0,0,0,0,0,0,0,0
PROP207314,27.0,Needs Renovation,2418.0,E,76.0,38.0,0,1,0,1,1,1,0,0,0,0,1,0
PROP207315,4.0,Good,1019.0,E,58.0,66.0,0,1,0,0,1,0,0,0,1,1,0,1
PROP207316,34.0,Old,2409.0,B,68.0,46.0,0,0,1,0,0,0,0,0,1,0,1,1
PROP207317,1.0,New,4579.0,A,44.0,33.0,0,0,0,0,0,0,0,1,1,1,1,1
PROP207318,25.0,New,154.0,C,57.0,55.0,0,0,1,0,0,0,0,1,0,0,0,0
PROP207319,22.0,New,2536.0,B,72.0,97.0,0,0,1,0,0,0,1,0,1,0,0,1
PROP207320,,Needs Renovation,3941.0,E,88.0,44.0,0,1,0,0,1,0,0,0,1,0,0,0
PROP207321,23.0,Old,2871.0,C,66.0,92.0,0,0,1,0,0,0,0,0,0,0,1,0
PROP207322,15.0,Good,4223.0,A,43.0,,1,1,0,1,0,0,0,0,1,0,0,0
PROP207323,13.0,New,1054.0,A,94.0,40.0,0,0,0,0,1,0,1,0,1,0,1,0
PROP207324,5.0,Old,1976.0,C,71.0,98.0,0,1,0,0,0,0,1,0,0,0,1,1
PROP207325,,Needs Renovation,3775.0,F,95.0,74.0,0,1,0,0,1,1,1,0,0,0,0,0
PROP207326,14.0,Old,2969.0,C,52.0,35.0,1,0,1,0,0,1,0,0,1,0,0,0
PROP207327,7.0,Needs Renovation,3287.0,D,69.0,85.0,1,0,0,0,0,0,0,0,0,0,0,1
PROP207328,13.0,New,3864.0,D,46.0,87.0,0,1,0,0,1,0,0,1,0,1,0,1
PROP207329,20.0,Good,1423.0,A,51.0,43.0,0,0,0,1,0,0,1,0,0,1,0,0
PROP207330,38.0,Needs Renovation,2642.0,A,65.0,75.0,0,0,0,1,0,0,0,1,1,1,0,0
PROP207331,29.0,Good,919.0,B,64.0,92.0,1,0,1,1,0,0,0,0,0,0,0,0
PROP207332,2.0,Old,2253.0,F,73.0,75.0,1,0,0,1,0,0,0,0,1,0,0,0
PROP207333,16.0,Old,2836.0,B,81.0,47.0,0,0,1,0,0,0,0,1,1,0,1,0
PROP207334,24.0,New,2305.0,F,75.0,89.0,0,0,1,0,1,0,0,1,0,1,0,0
PROP207335,6.0,New,2174.0,E,61.0,42.0,0,1,0,1,0,0,0,1,0,1,0,1
PROP207336,10.0,Needs Renovation,939.0,D,73.0,,0,1,0,0,1,1,0,0,0,0,0,1
PROP207337,38.0,New,2271.0,A,90.0,57.0,0,1,0,1,0,0,0,0,0,0,1,0
PROP207338,35.0,Good,3030.0,D,48.0,88.0,0,1,0,0,0,0,0,1,0,0,1,0
PROP207339,6.0,Good,3266.0,E,84.0,74.0,0,1,1,0,0,0,0,0,1,0,1,0
PROP207340,16.0,Old,2258.0,B,73.0,88.0,0,0,0,1,1,1,0,1,0,1,0,0
PROP207341,34.0,Good,1849.0,A,94.0,56.0,0,0,0,1,0,0,0,1,0,1,0,1
PROP207342,28.0,New,764.0,A,51.0,47.0,0,1,0,1,1,0,0,0,0,0,1,1
PROP207343,20.0,Good,1576.0,B,46.0,64.0,0,0,0,1,0,1,0,1,0,1,1,0
PROP207344,15.0,Good,2480.0,D,81.0,70.0,0,0,0,1,0,0,0,0,0,1,0,1
PROP207345,1.0,Good,897.0,F,54.0,72.0,1,0,1,0,1,0,0,0,1,0,0,0
PROP207346,39.0,Needs Renovation,2480.0,E,52.0,44.0,0,1,0,0,0,1,1,0,1,0,1,0
PROP207347,32.0,New,2480.0,B,52.0,66.0,1,0,0,0,1,0,0,1,1,0,0,1
PROP207348,2.0,New,1618.0,C,41.0,68.0,1,0,1,1,1,0,0,0,1,0,0,0
PROP207349,11.0,Needs Renovation,3104.0,B,,,0,0,0,0,0,0,0,1,1,1,0,0
PROP207350,37.0,New,1699.0,D,67.0,81.0,0,0,0,1,0,1,0,0,0,0,0,1
PROP207351,5.0,Old,0.0,A,49.0,73.0,0,0,1,0,1,0,1,0,1,0,0,0
PROP207352,12.0,New,1086.0,B,80.0,51.0,0,0,1,1,1,0,0,0,1,1,0,0
PROP207353,13.0,Needs Renovation,42.0,D,91.0,57.0,0,0,1,1,0,0,0,0,0,1,0,0
PROP207354,23.0,Good,3957.0,B,91.0,91.0,0,0,0,0,0,1,0,1,0,0,0,0
PROP207355,28.0,New,2480.0,A,,44.0,1,0,0,0,0,0,0,0,0,1,1,0
PROP207356,10.0,Old,401.0,E,43.0,94.0,0,1,0,0,0,0,0,0,0,0,0,1
PROP207357,16.0,Needs Renovation,1804.0,F,78.0,52.0,0,0,1,0,1,0,1,0,0,1,0,0
PROP207358,28.0,Needs Renovation,3364.0,B,50.0,71.0,1,0,0,1,0,0,0,0,1,1,0,0
PROP207359,35.0,Old,2480.0,A,41.0,,1,0,0,0,0,0,0,0,1,0,0,0
PROP207360,,Old,2480.0,D,83.0,38.0,0,1,0,1,1,0,0,1,0,0,1,0
PROP207361,3.0,Needs Renovation,5464.0,E,93.0,44.0,0,0,1,0,0,0,0,0,0,0,0,1
PROP207362,33.0,Needs Renovation,1697.0,E,72.0,66.0,0,0,1,0,0,1,0,0,0,0,1,0
PROP207363,19.0,Needs Renovation,4100.0,C,71.0,44.0,1,0,0,0,0,1,0,0,1,1,0,0
PROP207364,21.0,Good,1753.0,B,91.0,83.0,1,1,1,0,0,0,0,1,0,1,0,0
PROP207365,18.0,Old,4661.0,F,83.0,32.0,0,1,0,0,0,0,1,1,0,1,1,0
PROP207366,,Needs Renovation,0.0,D,89.0,58.0,0,1,0,0,0,1,0,1,0,1,1,0
PROP207367,15.0,Needs Renovation,1283.0,B,90.0,48.0,0,0,1,0,0,0,0,0,1,1,1,0
PROP207368,28.0,Old,3179.0,D,75.0,47.0,0,0,0,0,0,1,1,0,0,1,0,0
PROP207369,30.0,Old,3435.0,B,55.0,49.0,1,0,0,1,0,0,0,1,0,0,0,1
PROP207370,11.0,Good,1944.0,B,71.0,39.0,0,0,0,0,0,0,0,1,0,0,0,1
PROP207371,39.0,Needs Renovation,2067.0,C,41.0,70.0,0,0,0,1,0,1,0,1,0,1,0,0
PROP207372,22.0,Old,215.0,C,78.0,99.0,0,1,0,1,0,1,0,0,1,0,1,0
PROP207373,20.0,Old,1323.0,B,52.0,82.0,1,1,1,0,0,0,0,0,0,1,0,0
PROP207374,21.0,Old,3171.0,E,88.0,,1,0,0,0,1,0,0,1,1,0,0,1
PROP207375,25.0,New,3394.0,F,97.0,66.0,0,0,0,1,1,0,0,0,0,0,0,0
PROP207376,,Good,2695.0,E,77.0,75.0,1,1,0,0,0,0,0,0,1,0,0,0
PROP207377,16.0,Old,2452.0,F,63.0,80.0,1,0,0,0,0,0,0,0,1,0,0,0
PROP207378,9.0,Needs Renovation,1169.0,A,72.0,34.0,0,0,1,0,0,0,0,0,1,0,0,1
PROP207379,16.0,Good,2813.0,C,73.0,35.0,1,1,0,1,0,1,0,1,0,0,0,0
PROP207380,35.0,Needs Renovation,2334.0,D,96.0,48.0,0,1,1,1,0,0,1,1,0,0,0,0
PROP207381,8.0,Old,2588.0,D,62.0,48.0,0,0,0,0,0,1,0,0,1,0,0,0
PROP207382,24.0,Old,5137.0,F,,63.0,1,0,1,0,1,0,1,0,0,1,0,0
PROP207383,12.0,Needs Renovation,3015.0,B,88.0,58.0,0,0,0,0,0,0,0,0,1,0,0,1
PROP207384,30.0,Needs Renovation,3268.0,D,96.0,31.0,0,0,0,0,1,0,1,0,0,0,0,0
PROP207385,,New,4443.0,F,48.0,45.0,0,0,0,1,0,0,1,0,1,0,1,0
PROP207386,21.0,Needs Renovation,3413.0,B,81.0,78.0,1,1,0,1,0,0,0,0,0,0,0,0
PROP207387,13.0,New,2867.0,E,47.0,94.0,0,0,0,1,0,0,1,0,0,0,0,1
PROP207388,2.0,Good,2547.0,C,57.0,,0,1,1,0,0,0,1,0,0,0,1,1
PROP207389,8.0,Needs Renovation,2572.0,F,83.0,59.0,1,0,0,0,0,0,0,0,0,1,0,0
PROP207390,,Good,2714.0,F,83.0,68.0,0,0,0,1,1,0,0,1,0,1,0,1
PROP207391,23.0,Needs Renovation,2595.0,C,46.0,37.0,1,0,0,0,0,0,1,0,1,0,0,0
PROP207392,35.0,Old,332.0,E,55.0,94.0,0,1,0,0,0,0,0,0,0,1,0,1
PROP207393,6.0,Needs Renovation,2038.0,A,85.0,94.0,0,0,1,0,0,0,1,1,1,0,0,0
PROP207394,35.0,New,3010.0,A,73.0,44.0,1,0,0,0,0,1,0,0,0,1,0,0
PROP207395,26.0,Needs Renovation,822.0,A,77.0,52.0,0,0,0,0,0,0,0,1,0,1,0,0
PROP207396,6.0,Old,2480.0,B,,56.0,1,1,0,0,0,0,0,1,0,0,0,0
PROP207397,8.0,Old,3390.0,B,53.0,54.0,1,0,1,0,0,1,1,0,0,0,0,0
PROP207398,0.0,Old,2480.0,D,89.0,55.0,0,1,1,0,0,0,0,1,0,0,0,1
PROP207399,9.0,Old,4479.0,F,73.0,73.0,0,0,0,0,1,0,0,1,1,0,1,0
PROP207400,32.0,Needs Renovation,1245.0,B,94.0,89.0,1,0,1,1,0,0,0,0,0,0,0,1
PROP207401,29.0,New,1757.0,D,73.0,38.0,1,0,0,1,0,0,1,0,0,1,0,1
PROP207402,,Needs Renovation,3963.0,B,52.0,93.0,0,0,0,1,0,0,0,1,0,0,0,0
PROP207403,25.0,New,2962.0,F,65.0,55.0,0,0,0,0,1,0,1,0,0,0,0,0
PROP207404,33.0,Needs Renovation,0.0,F,54.0,53.0,0,0,1,0,0,0,0,0,1,0,0,0
PROP207405,36.0,Good,3546.0,B,92.0,57.0,0,0,0,1,0,0,0,0,0,1,0,0
PROP207406,10.0,Good,5256.0,B,99.0,39.0,0,1,0,0,1,0,0,0,0,0,1,1
PROP207407,36.0,New,4224.0,D,58.0,66.0,0,0,0,0,0,1,0,1,0,0,0,1
PROP207408,35.0,Old,2693.0,B,96.0,71.0,0,1,0,0,0,0,0,0,0,0,1,0
PROP207409,20.0,Needs Renovation,3768.0,A,85.0,49.0,1,0,1,0,0,0,0,0,0,0,0,0
PROP207410,5.0,Good,2110.0,D,66.0,43.0,0,1,0,0,1,0,1,0,1,0,0,1
PROP207411,8.0,Good,4150.0,D,82.0,76.0,0,0,0,0,1,0,0,1,0,0,1,0
PROP207412,14.0,Needs Renovation,881.0,D,60.0,52.0,0,0,1,0,0,1,0,0,1,1,0,0
PROP207413,27.0,Needs Renovation,3180.0,E,86.0,83.0,1,1,0,1,1,0,0,0,1,0,0,0
PROP207414,23.0,Needs Renovation,2480.0,D,47.0,49.0,0,0,1,1,1,0,0,1,1,0,0,0
PROP207415,18.0,New,3131.0,F,50.0,68.0,1,0,1,0,0,0,0,0,0,0,0,0
PROP207416,11.0,Needs Renovation,2480.0,B,80.0,82.0,0,0,0,0,0,0,1,0,1,0,1,1
PROP207417,24.0,New,2258.0,F,48.0,57.0,1,0,0,0,0,1,0,0,0,1,1,0
PROP207418,24.0,Old,1794.0,D,81.0,48.0,0,1,1,0,0,0,0,0,0,0,0,0
PROP207419,6.0,Needs Renovation,3064.0,B,,,0,0,0,0,1,1,0,0,1,0,0,0
PROP207420,21.0,Needs Renovation,1573.0,C,82.0,37.0,0,0,1,0,0,0,0,0,0,0,0,1
PROP207421,20.0,Old,1216.0,C,65.0,32.0,0,1,0,0,0,0,0,0,0,0,1,0
PROP207422,20.0,New,2480.0,A,57.0,51.0,0,0,0,0,0,0,0,1,1,0,0,0
PROP207423,4.0,Needs Renovation,2151.0,C,47.0,87.0,0,1,0,1,0,1,0,0,0,0,0,1
PROP207424,28.0,Good,326.0,C,70.0,84.0,0,1,0,1,0,0,0,0,0,0,0,0
PROP207425,,Good,181.0,E,88.0,98.0,1,1,0,0,0,0,0,0,0,1,0,0
PROP207426,6.0,New,2743.0,E,45.0,64.0,0,1,0,0,0,1,0,0,0,1,0,0
PROP207427,0.0,New,2109.0,F,71.0,30.0,0,1,0,0,1,0,0,0,0,0,0,0
PROP207428,16.0,Good,519.0,C,91.0,62.0,1,0,0,0,0,0,0,1,1,0,0,0
PROP207429,30.0,Needs Renovation,2133.0,A,87.0,61.0,1,0,1,0,0,0,0,1,1,0,0,1
PROP207430,39.0,Needs Renovation,1904.0,A,62.0,62.0,0,0,0,1,0,0,1,0,1,1,0,0
PROP207431,,Needs Renovation,1904.0,A,76.0,37.0,0,0,1,0,0,1,0,0,0,0,1,1
PROP207432,20.0,Old,2172.0,E,41.0,37.0,0,0,0,0,1,0,1,0,0,0,1,0
PROP207433,2.0,Good,1694.0,E,53.0,55.0,0,0,0,0,1,0,0,1,0,0,0,1
PROP207434,19.0,Old,1819.0,F,,98.0,1,0,1,0,0,0,0,0,1,0,0,1
PROP207435,1.0,Needs Renovation,1591.0,E,78.0,98.0,0,1,0,0,0,0,1,1,0,0,0,0
PROP207436,23.0,Good,1214.0,B,45.0,49.0,1,0,0,1,0,0,0,1,0,0,0,0
PROP207437,19.0,Needs Renovation,1867.0,D,42.0,85.0,1,0,0,0,0,0,0,0,1,1,0,0
PROP207438,8.0,Needs Renovation,3807.0,E,47.0,96.0,1,0,0,0,1,0,0,0,0,0,1,0
PROP207439,17.0,Needs Renovation,576.0,B,58.0,49.0,0,0,1,1,1,0,1,0,0,0,1,0
PROP207440,7.0,Needs Renovation,1341.0,D,61.0,39.0,0,0,0,0,1,0,0,0,0,0,1,0
PROP207441,12.0,New,3937.0,A,53.0,55.0,1,0,1,0,0,1,0,1,1,0,0,0
PROP207442,24.0,Good,2002.0,A,85.0,36.0,1,0,0,0,1,0,0,0,0,1,1,1
PROP207443,7.0,Old,1801.0,C,51.0,,1,1,0,1,0,0,0,0,1,0,0,0
PROP207444,12.0,Old,2480.0,A,99.0,53.0,0,0,1,1,0,1,1,1,0,0,0,0
PROP207445,11.0,Old,1755.0,A,44.0,53.0,0,1,0,0,0,1,0,1,1,0,1,0
PROP207446,37.0,New,2405.0,E,47.0,98.0,0,1,0,1,0,1,0,0,0,0,1,0
PROP207447,,Good,2084.0,C,95.0,76.0,1,0,0,0,1,1,0,1,0,0,1,0
PROP207448,2.0,Needs Renovation,3026.0,C,52.0,31.0,0,0,0,0,1,0,0,0,0,1,0,0
PROP207449,36.0,New,3873.0,A,43.0,59.0,0,0,0,1,0,1,0,0,0,1,0,0
PROP207450,32.0,Good,3336.0,B,98.0,78.0,1,0,0,1,1,0,0,0,0,0,0,1
PROP207451,14.0,Good,1957.0,A,95.0,36.0,0,1,0,0,0,0,1,0,0,0,0,0
PROP207452,35.0,New,2924.0,B,94.0,44.0,0,1,0,0,1,0,0,1,0,0,0,1
PROP207453,2.0,Needs Renovation,4585.0,B,58.0,38.0,0,0,1,0,0,0,0,1,1,0,0,0
PROP207454,31.0,Old,569.0,F,95.0,34.0,0,0,0,0,0,1,0,0,1,0,0,1
PROP207455,30.0,Needs Renovation,807.0,A,61.0,71.0,0,0,0,0,1,0,0,0,0,1,0,0
PROP207456,25.0,Good,2050.0,E,50.0,89.0,1,0,1,0,0,1,0,0,0,0,0,0
PROP207457,35.0,Good,1355.0,B,92.0,52.0,0,1,1,0,1,0,0,0,0,0,0,0
PROP207458,,New,3370.0,A,61.0,61.0,0,0,0,0,0,0,0,1,1,1,1,1
PROP207459,37.0,New,1443.0,C,78.0,91.0,0,0,0,0,0,1,0,0,0,1,0,0
PROP207460,21.0,Good,1097.0,F,54.0,77.0,1,1,0,0,0,0,0,1,0,0,1,0
PROP207461,13.0,Needs Renovation,3371.0,A,95.0,,0,0,1,0,0,0,0,0,0,0,0,1
PROP207462,4.0,Old,3460.0,B,92.0,36.0,0,1,0,0,0,0,1,0,1,1,1,0
PROP207463,22.0,Good,1838.0,D,49.0,62.0,0,1,0,1,0,0,0,0,1,0,0,0
PROP207464,29.0,New,2257.0,D,83.0,87.0,0,0,0,1,0,0,0,0,1,0,1,1
PROP207465,35.0,Old,1805.0,E,59.0,71.0,0,1,1,1,0,0,0,0,0,0,0,0
PROP207466,33.0,Good,2480.0,A,95.0,56.0,1,1,0,0,0,1,0,1,0,0,0,0
PROP207467,32.0,Old,2231.0,B,57.0,50.0,0,1,0,0,0,1,1,1,0,0,0,0
PROP207468,19.0,Good,1678.0,E,52.0,92.0,0,0,0,1,0,0,1,1,1,0,0,1
PROP207469,,New,2501.0,C,,,0,0,0,0,0,1,0,0,1,1,0,1
PROP207470,17.0,Old,2666.0,B,62.0,72.0,0,0,1,0,1,1,0,0,0,1,0,0
PROP207471,3.0,Good,2055.0,C,40.0,94.0,0,0,1,0,0,0,1,1,0,0,0,1
PROP207472,24.0,New,3789.0,B,,38.0,0,0,1,0,0,0,0,0,1,0,0,1
PROP207473,25.0,Needs Renovation,2234.0,B,93.0,43.0,0,0,0,0,0,1,0,0,0,0,0,1
PROP207474,10.0,New,3576.0,D,72.0,,0,0,0,0,0,0,0,0,0,1,1,0
PROP207475,21.0,Needs Renovation,1998.0,D,,74.0,0,0,0,0,1,0,0,0,0,0,1,0
PROP207476,3.0,Good,5556.0,D,74.0,70.0,0,1,0,1,1,1,0,0,0,0,0,0
PROP207477,18.0,Good,3208.0,B,50.0,30.0,1,0,0,0,0,0,1,0,0,1,0,1
PROP207478,6.0,Old,2748.0,C,56.0,56.0,0,1,0,0,1,1,0,0,1,1,0,0
PROP207479,29.0,New,2480.0,C,45.0,33.0,0,0,0,0,1,0,0,1,0,1,1,0
PROP207480,9.0,Old,1830.0,E,97.0,98.0,0,0,0,0,0,0,1,1,0,0,1,0
PROP207481,33.0,New,3081.0,F,70.0,82.0,0,1,0,1,0,0,0,1,1,0,0,0
PROP207482,22.0,New,3269.0,B,71.0,47.0,0,0,0,0,0,1,1,0,1,1,0,1
PROP207483,12.0,Good,2358.0,F,56.0,37.0,0,1,0,1,0,1,0,0,0,0,0,0
PROP207484,,New,3551.0,B,89.0,32.0,0,0,0,0,0,0,1,0,0,0,0,1
PROP207485,32.0,Needs Renovation,2630.0,E,59.0,33.0,0,0,1,1,0,1,0,1,0,0,0,1
PROP207486,20.0,Needs Renovation,2778.0,D,76.0,57.0,0,1,0,0,0,0,0,0,0,0,0,1
PROP207487,31.0,Good,2307.0,C,89.0,71.0,0,0,0,0,0,1,0,1,0,0,1,1
PROP207488,9.0,Old,2658.0,D,92.0,39.0,0,0,1,0,0,0,0,0,0,0,0,1
PROP207489,33.0,Old,1169.0,C,82.0,86.0,1,0,0,0,0,0,0,0,1,0,1,1
PROP207490,34.0,Old,1260.0,D,61.0,76.0,1,0,0,0,1,0,0,0,1,0,1,0
PROP207491,32.0,Old,1225.0,C,94.0,70.0,0,1,0,0,0,1,1,0,0,0,1,0
PROP207492,27.0,New,1039.0,D,54.0,89.0,0,0,0,0,1,0,1,1,0,1,1,0
PROP207493,35.0,Needs Renovation,2286.0,B,,95.0,0,1,0,0,1,0,0,0,1,1,0,0
PROP207494,9.0,New,2264.0,A,60.0,82.0,0,0,0,0,0,0,0,0,0,1,1,0
PROP207495,10.0,New,2480.0,C,65.0,61.0,1,0,1,1,0,0,0,0,0,0,0,1
PROP207496,24.0,Good,1676.0,E,93.0,97.0,0,0,0,1,0,0,0,0,1,0,0,1
PROP207497,37.0,Old,3946.0,F,54.0,45.0,1,0,0,0,1,0,0,0,0,0,1,0
PROP207498,23.0,Old,3068.0,B,63.0,55.0,0,0,0,0,0,0,0,1,0,0,1,0
PROP207499,20.0,Old,2288.0,F,47.0,42.0,1,0,1,0,0,0,0,0,0,0,1,0
PROP207500,24.0,Good,6454.0,E,74.0,48.0,0,0,0,0,0,0,0,1,1,1,0,0
PROP207501,,Old,2094.0,C,78.0,65.0,0,0,0,0,1,0,0,0,0,0,0,1
PROP207502,7.0,Needs Renovation,4748.0,D,77.0,43.0,1,0,0,0,0,1,0,0,0,0,0,1
PROP207503,10.0,Old,3057.0,F,73.0,68.0,0,0,0,0,1,0,0,0,1,0,1,0
PROP207504,10.0,New,1592.0,A,55.0,97.0,0,0,0,1,1,0,1,0,1,1,0,0
PROP207505,20.0,New,1899.0,C,78.0,,0,0,1,0,0,0,1,1,0,0,0,0
PROP207506,2.0,Old,2421.0,F,72.0,65.0,1,0,0,1,0,0,1,1,0,0,0,0
PROP207507,21.0,Needs Renovation,915.0,E,94.0,54.0,1,0,0,0,0,1,1,0,0,0,0,0
PROP207508,15.0,New,1368.0,A,89.0,61.0,0,0,0,0,0,1,0,1,1,1,0,1
PROP207509,4.0,Old,2480.0,F,97.0,,0,0,0,1,0,0,1,1,1,0,0,1
PROP207510,38.0,Needs Renovation,3726.0,C,50.0,46.0,0,0,0,0,0,1,1,0,0,0,0,1
PROP207511,3.0,Old,3275.0,A,63.0,76.0,0,1,0,0,0,0,0,0,0,1,0,1
PROP207512,3.0,Good,4588.0,A,83.0,88.0,0,0,0,0,0,0,0,0,0,1,1,0
PROP207513,23.0,Needs Renovation,4981.0,B,60.0,66.0,0,0,1,1,1,0,0,0,0,0,0,0
PROP207514,34.0,New,2536.0,A,83.0,67.0,0,1,0,0,0,1,0,0,1,1,0,1
PROP207515,9.0,Good,5988.0,F,83.0,35.0,1,0,1,0,0,0,0,1,0,0,0,1
PROP207516,18.0,New,3890.0,E,75.0,48.0,0,0,0,1,1,0,1,0,0,0,0,0
PROP207517,13.0,Good,2017.0,A,63.0,87.0,0,1,0,0,0,0,0,1,1,0,0,1
PROP207518,15.0,Old,2431.0,A,44.0,56.0,0,1,0,0,0,0,0,0,1,1,0,1
PROP207519,14.0,New,1893.0,B,52.0,36.0,0,0,1,0,1,0,0,1,0,0,0,1
PROP207520,26.0,New,1755.0,A,91.0,61.0,0,0,1,0,1,0,1,0,0,0,1,1
PROP207521,15.0,New,990.0,D,64.0,43.0,0,0,1,1,0,0,0,1,0,0,1,1
PROP207522,6.0,Good,4953.0,A,63.0,30.0,1,0,0,0,0,0,1,0,1,1,1,0
PROP207523,29.0,New,3330.0,C,40.0,78.0,0,0,1,0,0,0,0,0,0,0,1,0
PROP207524,35.0,Good,834.0,E,42.0,72.0,0,1,1,0,0,0,0,0,0,0,0,0
PROP207525,26.0,Good,3402.0,F,50.0,66.0,0,0,0,0,1,0,0,0,1,0,1,0
PROP207526,32.0,Old,2480.0,A,60.0,82.0,0,0,0,0,0,0,0,1,1,1,1,1
PROP207527,16.0,Needs Renovation,715.0,F,,77.0,0,1,0,1,0,1,0,0,1,1,0,0
PROP207528,,Old,2934.0,B,62.0,63.0,0,0,0,0,0,0,1,0,0,0,1,0
PROP207529,15.0,Needs Renovation,2283.0,E,43.0,55.0,0,0,0,0,1,0,1,0,0,0,0,0
PROP207530,15.0,Needs Renovation,2012.0,D,91.0,55.0,1,1,0,0,0,0,0,0,0,1,0,0
PROP207531,27.0,Old,1733.0,D,46.0,96.0,0,0,1,0,0,0,0,1,0,0,1,0
PROP207532,2.0,New,4093.0,D,59.0,77.0,0,0,0,0,0,0,1,0,0,1,1,0
PROP207533,17.0,Old,2231.0,D,76.0,73.0,0,0,0,0,0,0,0,0,0,1,0,1
PROP207534,,Good,4776.0,B,94.0,49.0,1,0,1,0,1,0,0,0,0,0,0,1
PROP207535,25.0,Needs Renovation,1206.0,A,71.0,84.0,1,0,0,0,0,0,1,0,0,0,0,0
PROP207536,10.0,Old,3938.0,A,43.0,70.0,1,0,0,0,0,1,0,1,0,0,1,1
PROP207537,13.0,Good,4220.0,C,52.0,58.0,1,0,0,1,1,0,1,0,0,0,1,0
PROP207538,5.0,Good,5683.0,B,99.0,56.0,0,0,1,1,0,0,0,0,1,0,0,0
PROP207539,10.0,Old,1806.0,E,78.0,71.0,0,0,0,0,0,1,1,0,1,0,0,0
PROP207540,23.0,Old,2642.0,E,81.0,75.0,0,0,0,0,0,1,0,0,1,1,0,0
PROP207541,34.0,Needs Renovation,2413.0,E,72.0,,0,1,0,1,1,0,1,0,1,0,0,0
PROP207542,19.0,Old,1366.0,E,89.0,62.0,1,0,0,0,1,0,0,0,0,0,0,0
PROP207543,,Good,4276.0,A,54.0,85.0,0,0,0,0,1,0,0,1,1,1,0,0
PROP207544,24.0,Needs Renovation,3234.0,B,78.0,,0,0,0,1,0,1,0,1,1,0,1,0
PROP207545,36.0,Old,3388.0,B,66.0,36.0,0,1,0,1,0,0,0,1,0,1,1,0
PROP207546,35.0,New,1228.0,E,68.0,90.0,0,0,0,0,0,1,0,0,0,0,0,1
PROP207547,0.0,Old,2053.0,A,97.0,,1,0,1,0,0,1,0,0,0,0,0,0
PROP207548,15.0,Old,1108.0,A,45.0,91.0,0,0,0,1,1,1,1,1,0,0,0,0
PROP207549,12.0,New,3751.0,E,95.0,39.0,1,1,1,0,0,0,1,0,0,1,0,0
PROP207550,4.0,New,2769.0,E,75.0,47.0,0,0,1,1,0,0,0,0,0,0,0,0
PROP207551,12.0,Needs Renovation,2283.0,B,99.0,57.0,0,0,1,1,1,1,0,0,0,0,0,1
PROP207552,16.0,Good,2434.0,A,42.0,33.0,1,0,0,0,0,0,0,0,0,1,1,1
PROP207553,32.0,Old,2853.0,C,85.0,57.0,1,0,0,0,0,0,0,0,1,0,0,1
PROP207554,39.0,Good,2720.0,C,91.0,70.0,0,1,0,1,0,0,1,0,0,0,1,0
PROP207555,28.0,Needs Renovation,2898.0,B,56.0,93.0,0,1,0,1,0,0,0,1,1,0,0,0
PROP207556,17.0,Needs Renovation,2320.0,D,89.0,60.0,1,1,0,0,1,1,0,1,0,0,0,0
PROP207557,2.0,Good,1962.0,C,80.0,45.0,0,1,0,1,0,0,0,0,0,0,0,1
PROP207558,,Good,2455.0,A,88.0,81.0,0,0,0,0,0,1,0,0,1,0,1,1
PROP207559,1.0,Needs Renovation,1452.0,F,,74.0,1,0,0,0,1,1,0,1,0,1,0,0
PROP207560,16.0,Needs Renovation,1780.0,C,76.0,53.0,1,0,0,0,0,1,0,1,0,1,0,0
PROP207561,26.0,Old,2916.0,C,58.0,44.0,0,1,0,0,0,0,1,1,0,0,0,0
PROP207562,7.0,Needs Renovation,3207.0,B,84.0,60.0,0,0,0,1,1,0,0,0,0,0,0,0
PROP207563,2.0,Good,1838.0,E,92.0,35.0,0,0,0,0,0,0,0,0,1,1,0,1
PROP207564,33.0,Good,4437.0,E,56.0,49.0,1,0,0,1,0,0,0,0,0,1,0,0
PROP207565,18.0,New,2418.0,D,67.0,73.0,1,0,0,0,0,0,0,1,0,0,0,0
PROP207566,33.0,New,3408.0,C,48.0,40.0,0,0,0,0,1,1,0,0,1,0,0,0
PROP207567,28.0,Needs Renovation,2742.0,A,47.0,30.0,0,0,0,0,0,0,1,0,0,0,0,1
PROP207568,36.0,Good,2994.0,A,84.0,,0,0,0,1,0,1,0,0,0,0,0,1
PROP207569,35.0,Needs Renovation,2851.0,C,54.0,82.0,0,1,0,0,0,0,0,1,1,0,0,0
PROP207570,10.0,Old,3731.0,E,52.0,39.0,0,0,0,1,0,0,0,0,1,0,1,0
PROP207571,23.0,Good,2671.0,E,84.0,44.0,1,0,0,0,1,1,0,0,0,0,0,0
PROP207572,32.0,Needs Renovation,3244.0,D,71.0,98.0,1,0,0,0,0,0,0,0,0,0,1,0
PROP207573,24.0,New,2134.0,A,,52.0,1,0,0,0,0,0,1,0,1,0,1,0
PROP207574,9.0,Needs Renovation,1725.0,B,81.0,57.0,0,1,1,0,0,1,0,0,0,0,0,0
PROP207575,0.0,Old,1411.0,C,69.0,78.0,0,0,1,1,1,0,0,1,1,0,0,0
PROP207576,27.0,New,0.0,F,76.0,78.0,0,0,1,0,0,1,0,0,1,1,1,0
PROP207577,12.0,Good,4302.0,F,97.0,51.0,0,0,1,0,0,0,0,0,0,1,0,1
PROP207578,39.0,Needs Renovation,3274.0,B,95.0,58.0,0,1,0,1,0,1,0,0,0,1,0,1
PROP207579,4.0,New,1761.0,E,79.0,70.0,0,1,0,1,0,0,0,0,0,0,0,0
PROP207580,34.0,Needs Renovation,2015.0,C,91.0,69.0,0,0,0,1,0,0,0,0,1,0,0,0
PROP207581,25.0,New,680.0,B,94.0,34.0,0,0,0,0,0,1,1,0,0,1,0,0
PROP207582,11.0,Old,1165.0,E,63.0,48.0,0,0,0,0,0,0,1,0,0,0,0,1
PROP207583,24.0,Old,2785.0,B,48.0,54.0,1,0,0,1,0,0,0,0,0,0,0,0
PROP207584,,Old,1948.0,E,44.0,,0,0,0,0,0,1,0,1,0,1,1,0
PROP207585,12.0,Old,928.0,A,64.0,92.0,1,0,0,0,0,1,0,1,0,0,1,1
PROP207586,10.0,New,2456.0,B,,82.0,1,0,0,1,0,0,0,0,0,1,0,0
PROP207587,33.0,New,2237.0,E,49.0,,1,1,0,0,0,0,0,0,0,0,0,0
PROP207588,22.0,Good,2639.0,B,58.0,73.0,1,0,0,0,1,0,0,1,0,0,1,1
PROP207589,24.0,Good,4207.0,A,93.0,57.0,0,0,0,0,0,1,0,0,0,1,0,1
PROP207590,1.0,Needs Renovation,762.0,E,54.0,78.0,0,0,1,1,0,0,0,1,0,1,0,0
PROP207591,38.0,Old,2985.0,A,89.0,92.0,0,1,0,0,0,0,1,0,1,1,0,0
PROP207592,14.0,Good,3692.0,B,80.0,38.0,0,0,0,0,0,1,0,1,0,1,0,0
PROP207593,16.0,Good,2728.0,C,,32.0,0,1,0,0,0,1,1,0,0,0,0,1
PROP207594,,Old,3305.0,C,81.0,75.0,0,0,0,0,1,0,0,1,0,0,0,0
PROP207595,3.0,Needs Renovation,1259.0,D,90.0,62.0,0,0,1,1,0,0,0,1,0,1,0,0
PROP207596,,Old,80.0,D,58.0,67.0,1,0,0,0,0,0,0,1,0,0,0,0
PROP207597,34.0,Good,2336.0,F,95.0,,1,0,0,1,1,0,0,0,0,0,1,1
PROP207598,16.0,Old,2651.0,B,99.0,37.0,0,0,0,0,0,1,0,0,0,0,0,1
PROP207599,2.0,Good,2484.0,B,97.0,52.0,0,0,1,0,0,0,1,1,0,0,0,1
PROP207600,7.0,Old,205.0,C,52.0,43.0,1,0,0,0,0,1,0,1,0,0,1,0
PROP207601,1.0,Old,2591.0,C,87.0,54.0,0,0,0,1,0,0,0,0,1,0,0,1
PROP207602,17.0,New,0.0,A,92.0,53.0,0,0,0,0,1,1,1,0,1,0,0,0
PROP207603,30.0,Old,1261.0,E,65.0,31.0,0,0,1,0,0,0,1,1,0,0,1,1
PROP207604,22.0,New,3523.0,A,61.0,69.0,0,1,0,1,1,0,0,1,0,0,0,0
PROP207605,12.0,Old,2577.0,B,51.0,43.0,0,1,1,0,0,1,0,1,0,0,1,0
PROP207606,26.0,New,1232.0,A,75.0,52.0,0,0,0,0,1,1,1,0,0,1,0,0
PROP207607,31.0,New,4566.0,D,65.0,40.0,1,1,0,0,1,1,0,0,0,1,0,0
PROP207608,39.0,Old,2480.0,F,77.0,54.0,0,0,0,0,0,0,1,0,0,1,0,1
PROP207609,12.0,Good,1374.0,A,40.0,96.0,0,0,0,0,1,1,0,0,1,1,0,0
PROP207610,6.0,Old,3746.0,F,53.0,82.0,0,1,0,1,0,0,1,0,0,0,0,1
PROP207611,38.0,New,3753.0,B,75.0,50.0,1,0,0,0,0,0,0,0,1,1,0,0
PROP207612,23.0,Needs Renovation,1645.0,B,79.0,70.0,0,0,0,0,0,1,0,1,0,0,0,0
PROP207613,37.0,Good,2746.0,C,51.0,64.0,0,0,1,0,0,0,1,0,0,0,1,0
PROP207614,38.0,Old,3344.0,A,97.0,,0,0,0,1,0,0,1,0,0,1,0,1
PROP207615,13.0,Needs Renovation,2480.0,B,82.0,88.0,1,1,0,0,1,0,0,0,0,0,1,0
PROP207616,6.0,Needs Renovation,2532.0,C,89.0,33.0,0,0,1,0,1,1,0,1,0,1,0,0
PROP207617,6.0,Good,2480.0,B,91.0,68.0,0,0,0,0,1,0,0,1,1,1,1,0
PROP207618,33.0,New,2401.0,B,78.0,70.0,1,1,1,0,0,1,0,0,0,0,0,0
PROP207619,22.0,Needs Renovation,363.0,E,92.0,84.0,1,0,0,0,0,0,0,0,1,1,1,0
PROP207620,2.0,Good,425.0,B,69.0,50.0,0,0,0,1,0,0,0,0,1,0,1,1
PROP207621,12.0,Needs Renovation,25.0,A,55.0,34.0,0,0,0,1,0,0,0,1,0,0,1,1
PROP207622,26.0,Old,1355.0,F,61.0,56.0,0,0,0,0,0,0,1,0,0,1,1,1
PROP207623,26.0,Old,1729.0,E,58.0,49.0,0,0,0,0,0,1,0,1,0,0,0,1
PROP207624,,New,1658.0,E,56.0,84.0,0,0,1,0,0,0,0,1,1,1,0,0
PROP207625,9.0,Old,2613.0,D,46.0,91.0,1,0,0,0,0,0,0,1,0,0,1,0
PROP207626,36.0,Good,4003.0,D,83.0,33.0,0,1,0,0,0,0,0,0,0,0,0,1
PROP207627,23.0,Needs Renovation,3869.0,E,95.0,80.0,1,0,0,1,0,0,0,1,1,0,1,0
PROP207628,17.0,Good,4452.0,F,42.0,34.0,0,0,1,0,0,1,0,0,0,0,0,0
PROP207629,35.0,Good,2597.0,B,62.0,57.0,0,1,1,0,0,1,1,0,1,0,0,0
PROP207630,2.0,Needs Renovation,331.0,E,57.0,69.0,0,1,0,1,0,0,1,1,0,0,0,1
PROP207631,18.0,Old,866.0,F,79.0,35.0,0,0,0,0,0,1,0,1,0,0,0,0
PROP207632,17.0,Needs Renovation,2003.0,A,81.0,76.0,0,1,0,0,0,1,1,0,1,1,0,0
PROP207633,28.0,Good,1317.0,F,64.0,42.0,0,0,0,1,0,1,0,0,0,0,1,1
PROP207634,27.0,Old,3757.0,D,60.0,67.0,0,1,0,0,0,0,0,0,1,1,1,0
PROP207635,15.0,Needs Renovation,3165.0,E,,93.0,0,1,0,1,0,0,0,0,0,0,0,0
PROP207636,19.0,New,3840.0,C,87.0,46.0,0,0,1,0,1,0,0,0,0,0,0,0
PROP207637,12.0,New,1611.0,A,45.0,95.0,1,0,0,0,0,0,0,1,0,0,1,0
PROP207638,36.0,Old,5532.0,A,47.0,65.0,1,1,0,0,1,0,1,1,0,0,0,0
PROP207639,14.0,Good,3757.0,C,40.0,84.0,0,0,0,1,1,1,1,0,0,0,1,0
PROP207640,33.0,Good,2754.0,A,60.0,52.0,0,0,0,1,0,0,0,0,0,0,0,1
PROP207641,10.0,New,2805.0,D,81.0,65.0,0,1,0,0,0,0,1,0,1,1,1,0
PROP207642,36.0,Needs Renovation,3387.0,E,53.0,31.0,0,0,1,0,0,0,0,1,1,0,0,1
PROP207643,,New,1691.0,B,80.0,68.0,0,0,1,0,0,0,0,0,0,0,0,1
PROP207644,38.0,Needs Renovation,3575.0,E,90.0,70.0,0,0,1,0,1,1,0,0,0,0,0,0
PROP207645,23.0,Old,2320.0,A,95.0,59.0,1,1,0,0,1,0,0,0,1,1,0,0
PROP207646,7.0,Good,1476.0,B,49.0,83.0,0,0,1,1,1,0,0,0,0,1,0,1
PROP207647,6.0,Old,2663.0,F,43.0,59.0,0,0,1,0,0,0,0,1,1,0,0,1
PROP207648,38.0,Old,2167.0,F,74.0,77.0,0,0,0,0,0,0,1,0,0,1,0,0
PROP207649,18.0,Old,927.0,D,64.0,,1,0,1,1,1,0,0,0,0,0,0,1
PROP207650,32.0,Old,1418.0,C,78.0,92.0,0,0,0,1,0,1,0,0,0,1,0,0
PROP207651,19.0,New,1323.0,F,40.0,,0,0,1,0,0,0,1,0,1,1,0,0
PROP207652,20.0,Needs Renovation,3610.0,C,68.0,96.0,1,1,0,0,1,0,1,0,0,0,0,1
PROP207653,11.0,Good,2480.0,F,91.0,33.0,0,0,0,1,0,0,0,1,1,0,1,1
PROP207654,32.0,Good,4760.0,E,80.0,49.0,0,0,0,0,1,1,0,0,1,0,1,1
PROP207655,4.0,New,2230.0,F,59.0,77.0,0,0,0,0,0,1,0,1,0,0,0,0
PROP207656,14.0,New,4765.0,A,49.0,99.0,0,0,0,1,1,1,0,0,1,1,0,0
PROP207657,3.0,Needs Renovation,2348.0,A,92.0,57.0,0,0,0,0,1,1,0,0,0,1,0,1
PROP207658,10.0,Needs Renovation,2232.0,D,42.0,98.0,0,0,0,0,1,0,0,0,0,1,1,0
PROP207659,4.0,New,2082.0,E,40.0,46.0,0,1,1,1,0,0,1,1,0,0,0,0
PROP207660,18.0,Old,3098.0,D,54.0,37.0,0,1,0,1,0,1,0,0,0,0,1,0
PROP207661,10.0,New,2949.0,A,65.0,67.0,0,1,0,0,0,1,0,0,0,0,0,0
PROP207662,12.0,Good,0.0,A,81.0,98.0,1,0,0,0,0,1,0,0,0,1,0,0
PROP207663,38.0,Needs Renovation,2045.0,D,55.0,91.0,0,1,0,0,1,0,0,0,0,0,0,0
PROP207664,34.0,Good,963.0,D,68.0,94.0,0,1,0,0,1,0,0,0,0,0,0,0
PROP207665,27.0,Old,2480.0,B,78.0,41.0,0,0,1,0,1,0,0,0,0,0,0,0
PROP207666,11.0,Needs Renovation,2314.0,C,76.0,,1,1,0,0,0,0,1,1,1,0,0,0
PROP207667,3.0,Needs Renovation,2480.0,C,72.0,,1,0,0,0,1,0,0,0,0,0,0,1
PROP207668,23.0,Good,1566.0,F,67.0,48.0,0,0,0,1,1,1,0,0,0,0,1,1
PROP207669,12.0,Needs Renovation,2745.0,D,61.0,,0,1,0,1,0,1,0,0,0,0,1,0
PROP207670,8.0,Old,2854.0,A,57.0,35.0,0,0,0,0,0,0,1,0,1,0,1,0
PROP207671,17.0,New,1948.0,E,99.0,91.0,1,1,0,0,0,0,0,1,0,0,0,1
PROP207672,8.0,Needs Renovation,4176.0,F,76.0,41.0,0,0,0,0,0,0,0,0,0,1,1,0
PROP207673,6.0,Old,2112.0,E,68.0,66.0,0,1,0,0,1,0,0,1,1,0,1,0
PROP207674,32.0,Good,2858.0,E,79.0,,1,0,1,0,0,0,0,1,0,0,0,1
PROP207675,6.0,Old,4795.0,F,96.0,54.0,1,1,1,0,1,0,0,0,0,0,0,1
PROP207676,28.0,Old,2669.0,F,58.0,64.0,0,0,1,0,0,1,0,0,0,0,0,0
PROP207677,7.0,New,2480.0,F,75.0,68.0,0,0,0,1,0,1,1,0,0,0,0,1
PROP207678,16.0,Needs Renovation,3932.0,D,69.0,,1,0,1,0,0,0,0,1,0,0,1,0
PROP207679,,Good,1736.0,F,54.0,62.0,1,1,0,0,0,1,0,0,0,1,0,1
PROP207680,9.0,Old,2480.0,F,92.0,77.0,0,0,1,0,0,1,0,0,0,0,0,1
PROP207681,19.0,Old,1340.0,E,85.0,,1,1,0,0,1,0,0,0,0,0,0,0
PROP207682,35.0,Needs Renovation,3328.0,C,52.0,89.0,0,1,1,0,0,0,0,0,0,0,0,0
PROP207683,14.0,Old,3427.0,C,59.0,46.0,1,0,0,0,0,0,0,0,1,0,0,0
PROP207684,15.0,Good,3245.0,D,83.0,77.0,0,0,1,0,0,0,0,0,0,0,1,0
PROP207685,1.0,New,2480.0,B,59.0,,0,1,0,0,0,0,1,0,0,0,0,1
PROP207686,15.0,Needs Renovation,3021.0,F,51.0,67.0,0,1,0,0,0,0,0,1,0,0,0,0
PROP207687,25.0,New,1534.0,D,42.0,51.0,0,0,1,0,0,0,1,0,0,0,0,1
PROP207688,23.0,Old,2319.0,E,61.0,37.0,1,1,0,1,0,1,0,0,0,1,0,0
PROP207689,15.0,Good,583.0,E,75.0,69.0,0,0,0,1,0,0,0,1,1,0,1,1
PROP207690,6.0,Good,4234.0,F,48.0,76.0,0,0,1,1,0,1,0,0,0,1,0,0
PROP207691,15.0,Good,873.0,C,83.0,72.0,1,1,0,0,1,1,1,0,0,0,0,0
PROP207692,26.0,Good,2480.0,C,99.0,54.0,0,0,1,1,1,1,0,0,0,0,0,1
PROP207693,38.0,New,241.0,F,72.0,88.0,0,0,1,0,0,0,0,1,0,1,1,0
PROP207694,4.0,Needs Renovation,2108.0,D,90.0,89.0,1,1,0,0,0,0,1,1,0,0,1,0
PROP207695,1.0,Good,988.0,F,50.0,82.0,1,0,0,0,0,0,1,0,1,1,1,0
PROP207696,,New,2613.0,A,68.0,70.0,1,0,0,0,0,0,0,1,0,0,0,0
PROP207697,30.0,Old,2840.0,B,43.0,95.0,0,1,0,0,0,0,0,0,1,0,1,0
PROP207698,23.0,Good,1668.0,E,68.0,77.0,0,0,0,0,0,1,0,1,0,0,0,0
PROP207699,11.0,Good,2549.0,A,,35.0,0,0,0,0,0,1,1,0,0,0,0,0
PROP207700,38.0,New,2576.0,C,79.0,81.0,0,1,0,0,0,0,0,1,1,0,0,0
PROP207701,36.0,Good,1746.0,F,56.0,78.0,1,0,0,1,1,0,1,0,0,0,1,0
PROP207702,37.0,Good,3386.0,C,47.0,73.0,0,0,1,0,0,0,0,0,1,0,0,0
PROP207703,11.0,Good,2480.0,C,49.0,35.0,0,0,1,1,0,0,1,0,0,0,0,0
PROP207704,6.0,New,1245.0,D,76.0,81.0,0,1,1,0,0,1,1,0,0,1,0,0
PROP207705,30.0,New,3473.0,A,73.0,,1,0,0,1,0,0,0,0,0,0,0,1
PROP207706,29.0,Needs Renovation,3661.0,E,54.0,53.0,1,1,0,0,0,0,0,0,0,0,0,1
PROP207707,13.0,Good,3428.0,F,74.0,56.0,0,1,0,0,1,0,1,0,1,0,0,0
PROP207708,2.0,Old,680.0,B,47.0,38.0,0,0,1,0,1,0,1,0,1,0,1,0
PROP207709,8.0,Good,3038.0,F,81.0,84.0,0,0,1,1,0,0,0,0,0,0,0,0
PROP207710,35.0,Needs Renovation,2704.0,A,67.0,62.0,1,0,1,1,1,0,0,0,0,0,0,1
PROP207711,19.0,Old,543.0,B,85.0,95.0,0,0,0,0,1,0,1,1,0,0,0,0
PROP207712,28.0,Good,2201.0,E,69.0,68.0,1,1,1,0,0,1,0,1,0,0,0,0
PROP207713,16.0,Good,2145.0,C,90.0,56.0,0,0,0,1,1,0,0,0,0,0,0,0
PROP207714,19.0,New,2774.0,C,85.0,52.0,1,0,0,0,1,1,0,0,0,1,0,1
PROP207715,34.0,Old,1272.0,F,81.0,93.0,0,0,0,0,1,0,0,1,0,0,0,1
PROP207716,38.0,Needs Renovation,2717.0,E,60.0,99.0,0,0,1,0,0,1,1,0,1,0,0,0
PROP207717,19.0,Old,3050.0,B,45.0,54.0,1,0,0,0,0,0,0,1,1,1,0,0
PROP207718,25.0,New,2480.0,B,79.0,31.0,0,1,0,1,0,0,1,1,0,0,0,0
PROP207719,13.0,Old,2760.0,E,44.0,36.0,0,0,0,0,0,1,0,0,0,1,1,0
PROP207720,0.0,Old,781.0,A,93.0,81.0,0,0,0,0,0,0,1,1,0,0,0,0
PROP207721,35.0,Needs Renovation,2480.0,B,91.0,62.0,0,0,0,0,0,0,0,1,1,0,0,0
PROP207722,10.0,New,2480.0,F,,48.0,0,0,0,0,1,0,0,0,1,0,0,0
PROP207723,17.0,Good,1157.0,D,50.0,62.0,0,0,0,0,0,0,0,1,0,1,1,0
PROP207724,7.0,Old,2608.0,C,69.0,46.0,0,0,0,1,1,0,0,1,1,0,0,0
PROP207725,,New,2783.0,E,95.0,77.0,1,0,0,1,1,0,0,0,1,1,0,0
PROP207726,25.0,Good,3117.0,A,82.0,39.0,0,0,1,0,0,0,0,0,1,1,0,0
PROP207727,3.0,Needs Renovation,2128.0,C,,81.0,0,1,0,0,0,0,1,1,1,0,0,0
PROP207728,39.0,Needs Renovation,1368.0,F,62.0,47.0,0,0,1,1,0,0,0,1,0,1,0,0
PROP207729,36.0,New,2256.0,D,47.0,87.0,1,1,0,0,0,0,0,1,0,0,0,0
PROP207730,10.0,Needs Renovation,2480.0,B,70.0,32.0,0,0,1,0,0,0,0,1,1,1,0,1
PROP207731,14.0,New,1435.0,F,40.0,53.0,1,0,1,0,0,0,0,0,1,0,0,1
PROP207732,25.0,Good,3216.0,A,82.0,86.0,1,0,0,0,0,0,1,1,0,1,1,0
PROP207733,13.0,New,3236.0,E,80.0,79.0,0,0,0,0,0,0,1,0,0,1,0,1
PROP207734,0.0,New,0.0,A,73.0,36.0,0,0,0,0,1,0,0,1,0,0,0,0
PROP207735,6.0,Needs Renovation,3277.0,F,53.0,58.0,0,0,1,1,0,0,0,0,0,1,0,0
PROP207736,26.0,Old,2111.0,C,52.0,68.0,1,1,0,0,0,1,0,1,0,0,0,0
PROP207737,32.0,Needs Renovation,3784.0,A,56.0,55.0,0,0,0,0,0,1,0,1,0,1,0,0
PROP207738,21.0,New,3099.0,A,64.0,39.0,0,1,1,0,0,0,0,0,1,1,0,0
PROP207739,5.0,Good,2724.0,C,77.0,54.0,1,0,0,0,1,1,1,0,0,1,0,0
PROP207740,14.0,New,2480.0,F,62.0,90.0,1,0,1,0,0,0,1,0,0,1,1,0
PROP207741,10.0,Good,354.0,C,89.0,61.0,1,1,0,0,1,0,0,0,0,0,0,0
PROP207742,36.0,Needs Renovation,1807.0,E,79.0,33.0,0,1,0,0,0,0,1,0,0,0,0,1
PROP207743,15.0,Old,1429.0,E,65.0,,0,0,1,0,0,0,0,0,0,1,0,0
PROP207744,35.0,Old,3511.0,F,72.0,87.0,0,0,0,0,0,0,0,1,0,0,1,0
PROP207745,19.0,New,1462.0,C,97.0,35.0,0,1,0,0,0,1,0,1,0,0,0,0
PROP207746,13.0,Old,2985.0,F,76.0,61.0,1,0,0,0,0,0,0,1,0,1,0,0
PROP207747,21.0,Old,4455.0,B,69.0,45.0,1,0,0,0,0,0,0,0,0,0,0,1
PROP207748,23.0,New,1317.0,B,98.0,74.0,0,0,0,0,1,1,0,1,0,1,1,0
PROP207749,15.0,Needs Renovation,4264.0,E,46.0,81.0,0,0,0,1,0,1,0,0,1,0,0,0
PROP207750,37.0,Needs Renovation,3817.0,D,68.0,70.0,1,1,0,0,0,0,1,0,1,0,1,0
PROP207751,2.0,Good,4530.0,E,57.0,96.0,0,0,1,0,0,0,0,0,1,0,1,1
PROP207752,2.0,Old,2544.0,B,59.0,42.0,0,1,1,0,0,1,0,1,0,0,0,0
PROP207753,5.0,Needs Renovation,3142.0,D,84.0,31.0,1,0,0,0,0,0,0,0,1,1,1,0
PROP207754,28.0,Needs Renovation,274.0,E,81.0,82.0,0,1,0,0,0,1,0,0,0,0,0,0
PROP207755,32.0,Needs Renovation,3142.0,C,73.0,98.0,0,0,0,1,0,0,1,0,0,0,0,0
PROP207756,26.0,Old,1881.0,E,74.0,40.0,0,0,0,0,1,1,0,0,0,0,0,1
PROP207757,37.0,Old,2903.0,A,85.0,70.0,0,0,1,1,0,0,1,0,0,0,0,0
PROP207758,17.0,Needs Renovation,2127.0,D,54.0,51.0,0,1,0,0,0,0,0,0,1,1,0,1
PROP207759,4.0,Needs Renovation,2980.0,A,56.0,48.0,1,0,0,0,0,0,1,1,0,1,0,0
PROP207760,0.0,New,2850.0,E,47.0,77.0,1,0,0,0,1,1,0,0,0,0,1,1
PROP207761,16.0,Good,1425.0,C,56.0,90.0,0,0,0,0,1,0,1,1,0,0,0,0
PROP207762,34.0,Needs Renovation,1451.0,F,63.0,39.0,1,0,0,0,0,0,1,1,0,0,0,0
PROP207763,25.0,New,4419.0,A,89.0,47.0,0,1,0,0,0,0,0,0,0,1,1,0
PROP207764,29.0,New,4770.0,F,82.0,65.0,0,0,1,0,0,1,0,1,0,0,0,1
PROP207765,14.0,New,4330.0,D,77.0,95.0,1,1,0,1,0,0,0,0,1,0,1,0
PROP207766,12.0,New,2054.0,B,78.0,70.0,1,0,1,0,0,0,0,0,0,0,0,0
PROP207767,19.0,Good,1265.0,D,52.0,91.0,1,0,1,0,0,0,0,1,0,1,0,0
PROP207768,11.0,Good,5074.0,F,51.0,36.0,1,0,0,0,0,1,1,1,0,0,0,0
PROP207769,15.0,Old,2973.0,F,67.0,49.0,0,1,0,1,0,1,1,0,1,0,0,0
PROP207770,16.0,Needs Renovation,2553.0,F,82.0,53.0,1,1,0,0,0,0,0,0,0,0,1,0
PROP207771,33.0,New,4867.0,E,53.0,36.0,0,1,1,0,0,0,0,0,1,0,1,1
PROP207772,7.0,Old,2031.0,F,93.0,50.0,0,1,0,1,0,0,0,0,0,1,0,1
PROP207773,2.0,Old,3299.0,C,66.0,90.0,1,1,0,0,0,0,0,0,0,0,0,0
PROP207774,22.0,New,3417.0,F,75.0,70.0,0,0,0,1,0,0,0,0,0,0,1,0
PROP207775,16.0,Old,3032.0,D,72.0,39.0,0,0,0,0,1,0,0,1,1,0,0,0
PROP207776,10.0,Needs Renovation,4247.0,B,70.0,67.0,1,1,0,0,0,1,0,0,1,0,0,0
PROP207777,25.0,New,2598.0,D,49.0,78.0,0,1,1,0,0,0,1,0,0,1,0,0
PROP207778,32.0,Old,2729.0,A,51.0,76.0,0,1,1,0,0,0,0,1,0,0,0,0
PROP207779,7.0,New,2504.0,D,91.0,95.0,0,0,0,0,0,0,0,1,1,1,0,0
PROP207780,36.0,New,1931.0,D,44.0,63.0,0,0,1,0,0,0,0,0,0,0,0,1
PROP207781,16.0,Needs Renovation,3419.0,D,,,1,0,0,1,0,0,0,1,0,0,1,0
PROP207782,22.0,Good,2480.0,B,58.0,61.0,0,0,1,0,0,0,0,1,0,0,1,0
PROP207783,28.0,Old,1391.0,B,53.0,84.0,0,0,0,0,0,0,1,1,0,0,0,0
PROP207784,36.0,Good,4816.0,F,87.0,50.0,1,0,1,0,0,0,0,0,0,1,0,0
PROP207785,9.0,Old,319.0,F,84.0,34.0,1,0,1,0,1,1,0,0,0,1,0,0
PROP207786,1.0,New,2981.0,C,73.0,59.0,0,0,0,0,0,0,1,0,0,1,1,0
PROP207787,17.0,Good,2581.0,C,40.0,99.0,0,1,0,0,0,1,0,0,1,0,0,0
PROP207788,1.0,New,3117.0,C,94.0,30.0,1,1,0,0,1,0,1,0,0,0,0,1
PROP207789,27.0,Good,1221.0,C,60.0,68.0,0,1,1,0,0,0,0,1,1,0,0,1
PROP207790,30.0,Needs Renovation,3475.0,C,59.0,80.0,0,0,0,1,1,1,0,0,0,1,0,1
PROP207791,13.0,Needs Renovation,2281.0,D,79.0,78.0,1,0,0,0,0,1,0,0,0,0,0,0
PROP207792,4.0,Old,2212.0,B,77.0,61.0,0,1,1,0,0,0,0,0,0,1,0,0
PROP207793,0.0,Needs Renovation,2480.0,D,73.0,58.0,0,0,1,0,0,0,0,0,0,1,0,0
PROP207794,6.0,New,2192.0,C,67.0,37.0,0,0,0,0,1,0,0,0,0,0,1,0
PROP207795,32.0,New,3999.0,A,79.0,70.0,1,0,0,0,0,0,0,1,1,0,0,0
PROP207796,25.0,Good,1379.0,A,,67.0,0,0,1,0,1,0,0,1,0,0,1,1
PROP207797,31.0,New,66.0,A,61.0,44.0,0,0,0,0,0,0,0,1,1,1,0,1
PROP207798,39.0,New,3942.0,D,61.0,50.0,0,0,0,0,1,0,0,0,0,0,1,0
PROP207799,35.0,Old,3147.0,F,96.0,52.0,0,1,0,0,0,1,0,1,0,0,0,0
PROP207800,4.0,New,2842.0,D,57.0,97.0,0,0,0,1,0,0,1,0,0,1,1,1
PROP207801,6.0,Needs Renovation,2171.0,D,75.0,94.0,1,0,0,1,0,0,1,0,0,0,0,0
PROP207802,15.0,New,2264.0,B,41.0,71.0,0,0,0,0,0,1,1,0,0,0,1,0
PROP207803,22.0,Good,1460.0,D,74.0,63.0,0,0,0,1,0,0,0,1,0,0,0,0
PROP207804,11.0,Needs Renovation,1346.0,A,99.0,70.0,1,0,0,1,0,1,1,0,0,0,0,0
PROP207805,10.0,Good,3359.0,C,76.0,35.0,0,0,0,0,0,0,1,0,1,1,0,0
PROP207806,35.0,New,3562.0,D,82.0,34.0,0,0,1,0,0,0,0,1,0,0,0,0
PROP207807,21.0,Needs Renovation,1655.0,E,61.0,,0,0,1,0,0,0,0,1,1,1,0,0
PROP207808,5.0,New,3384.0,B,85.0,36.0,0,0,0,0,0,1,1,1,0,0,1,1
PROP207809,28.0,Old,304.0,D,,94.0,1,0,1,0,0,0,0,0,1,0,0,0
PROP207810,15.0,New,3144.0,A,74.0,67.0,0,0,1,0,1,0,1,0,1,1,0,0
PROP207811,33.0,Old,1569.0,C,75.0,31.0,0,0,0,1,0,0,0,1,0,1,0,0
PROP207812,16.0,New,430.0,B,58.0,54.0,0,0,0,0,0,0,0,0,0,0,1,1
PROP207813,6.0,Needs Renovation,827.0,C,44.0,34.0,1,0,0,0,1,1,0,0,0,0,0,1
PROP207814,16.0,New,1745.0,E,42.0,51.0,0,1,0,1,1,1,0,0,0,0,1,0
PROP207815,18.0,New,2536.0,B,67.0,96.0,0,0,1,0,0,0,1,0,0,0,0,0
PROP207816,28.0,Good,3023.0,D,61.0,49.0,0,1,0,0,0,1,1,1,1,0,0,0
PROP207817,22.0,Old,1341.0,F,40.0,53.0,0,0,1,1,0,0,0,0,0,0,0,0
PROP207818,4.0,Good,4795.0,F,95.0,92.0,1,0,0,1,0,1,0,0,0,0,1,0
PROP207819,20.0,New,2928.0,E,60.0,70.0,0,0,1,0,1,1,0,0,0,0,0,1
PROP207820,13.0,New,3160.0,F,90.0,73.0,0,0,0,0,1,0,0,0,0,0,0,1
PROP207821,23.0,Old,1610.0,A,51.0,31.0,1,0,0,0,0,1,0,0,0,1,0,0
PROP207822,16.0,Good,3919.0,F,77.0,69.0,0,0,0,0,1,1,0,0,0,1,0,0
PROP207823,13.0,Old,1243.0,C,54.0,47.0,0,0,0,1,0,0,0,1,1,0,0,1
PROP207824,,Good,3255.0,B,,35.0,0,1,0,1,1,0,0,1,0,1,0,0
PROP207825,15.0,Needs Renovation,4830.0,C,52.0,54.0,0,1,0,1,0,0,0,1,1,1,0,0
PROP207826,16.0,Old,2092.0,E,,71.0,0,0,0,0,0,0,0,0,0,0,1,1
PROP207827,5.0,New,2854.0,A,41.0,89.0,1,1,0,0,0,0,0,0,0,1,0,1
PROP207828,30.0,Good,5556.0,E,50.0,65.0,1,0,0,1,0,1,0,0,0,0,0,1
PROP207829,39.0,New,4180.0,C,73.0,48.0,0,0,1,0,0,0,0,0,0,0,0,1
PROP207830,8.0,New,1915.0,D,45.0,83.0,1,0,1,0,0,1,1,0,0,1,0,0
PROP207831,,Good,2500.0,C,43.0,43.0,0,0,0,0,0,1,0,0,1,0,0,0
PROP207832,37.0,New,4113.0,E,70.0,75.0,0,1,1,1,0,0,0,0,0,0,1,0
PROP207833,14.0,Old,3406.0,D,42.0,90.0,0,0,1,0,1,0,0,1,1,0,0,0
PROP207834,9.0,Old,2636.0,A,73.0,77.0,0,0,1,1,1,0,0,1,0,0,0,1
PROP207835,38.0,Old,1382.0,B,84.0,99.0,0,1,0,1,0,1,1,0,0,0,0,0
PROP207836,3.0,Old,2569.0,B,67.0,78.0,0,0,0,1,1,0,1,1,0,1,0,0
PROP207837,6.0,Good,3111.0,F,65.0,92.0,1,1,0,0,0,0,0,0,0,1,0,1
PROP207838,35.0,New,2279.0,D,97.0,50.0,0,0,0,0,0,1,0,1,0,0,0,0
PROP207839,10.0,Good,2480.0,E,45.0,93.0,0,0,0,1,1,0,0,1,0,0,0,0
PROP207840,25.0,New,1443.0,E,44.0,62.0,1,0,0,1,0,0,1,0,0,0,0,1
PROP207841,3.0,Old,4459.0,C,76.0,58.0,1,1,0,0,1,1,0,0,1,0,0,0
PROP207842,36.0,New,2135.0,C,57.0,98.0,0,0,1,1,0,1,0,0,0,1,1,0
PROP207843,7.0,Needs Renovation,2312.0,D,94.0,56.0,0,0,0,0,0,0,1,1,0,0,0,0
PROP207844,7.0,New,2480.0,D,73.0,92.0,0,0,0,0,1,0,0,0,1,1,0,0
PROP207845,25.0,Good,3516.0,E,,63.0,0,1,0,0,0,0,0,1,0,0,0,0
PROP207846,16.0,New,3734.0,B,56.0,62.0,1,1,0,0,1,0,1,0,0,0,0,0
PROP207847,26.0,New,2910.0,C,,33.0,0,1,0,0,0,0,0,0,0,0,1,0
PROP207848,15.0,Old,4369.0,B,65.0,60.0,0,0,0,0,0,0,1,1,0,1,0,1
PROP207849,24.0,Good,2232.0,C,57.0,40.0,1,0,0,0,0,0,0,1,0,0,0,1
PROP207850,1.0,Good,1890.0,D,81.0,55.0,0,0,0,0,1,1,0,0,1,0,1,0
PROP207851,23.0,Old,1836.0,C,71.0,58.0,1,0,1,1,0,0,0,0,0,1,1,0
PROP207852,37.0,Old,1589.0,C,75.0,54.0,0,0,1,0,0,0,1,0,0,1,0,0
PROP207853,24.0,New,4055.0,E,96.0,77.0,1,1,0,1,0,0,1,0,0,0,0,1
PROP207854,33.0,Old,1807.0,B,83.0,53.0,0,1,1,1,0,0,0,0,0,0,0,0
PROP207855,10.0,Good,1121.0,F,83.0,61.0,0,1,0,0,0,0,1,0,0,0,0,0
PROP207856,30.0,Good,3178.0,C,91.0,63.0,1,0,1,0,0,0,1,1,0,1,0,0
PROP207857,25.0,Old,2311.0,C,85.0,39.0,0,1,1,0,0,0,0,0,1,0,1,0
PROP207858,18.0,New,2704.0,B,77.0,35.0,0,0,0,0,0,0,1,0,1,1,0,0
PROP207859,21.0,Good,309.0,A,60.0,93.0,0,1,1,0,1,0,0,0,0,0,1,0
PROP207860,28.0,Good,2116.0,F,81.0,69.0,1,0,1,0,0,0,0,1,0,0,1,0
PROP207861,4.0,Old,1798.0,A,54.0,33.0,1,0,0,0,1,1,1,0,0,1,0,0
PROP207862,4.0,New,3772.0,F,72.0,36.0,1,0,0,0,0,0,0,1,0,0,0,1
PROP207863,21.0,New,1547.0,F,75.0,36.0,1,0,1,1,1,0,0,0,0,0,0,0
PROP207864,27.0,Needs Renovation,1915.0,F,43.0,57.0,0,0,1,1,0,1,0,0,0,0,0,0
PROP207865,25.0,Needs Renovation,3722.0,B,80.0,66.0,0,1,0,1,0,0,0,1,0,0,1,1
PROP207866,5.0,Good,1815.0,C,55.0,61.0,0,1,1,1,1,0,0,0,0,0,0,1
PROP207867,19.0,Needs Renovation,1407.0,D,66.0,76.0,0,0,0,0,0,1,0,0,0,1,0,0
PROP207868,31.0,Old,3676.0,C,90.0,94.0,1,0,0,1,0,0,1,0,1,0,0,0
PROP207869,,Old,2034.0,B,,39.0,0,0,0,1,1,0,0,1,0,1,0,0
PROP207870,3.0,Good,1867.0,A,95.0,89.0,1,1,1,0,0,0,0,0,0,1,1,0
PROP207871,11.0,Good,598.0,F,41.0,34.0,0,0,0,0,0,0,0,1,1,0,1,0
PROP207872,33.0,Good,1795.0,A,48.0,67.0,1,0,0,0,1,0,0,0,0,1,0,0
PROP207873,20.0,New,0.0,D,56.0,39.0,0,1,0,1,0,1,0,0,0,0,0,1
PROP207874,32.0,Old,2363.0,C,46.0,46.0,0,1,0,0,0,0,0,0,0,0,0,1
PROP207875,37.0,New,3513.0,B,69.0,46.0,0,0,1,0,1,1,0,1,1,0,0,0
PROP207876,26.0,Good,4192.0,D,55.0,67.0,0,0,0,0,0,0,0,1,1,0,1,0
PROP207877,10.0,Good,3279.0,D,88.0,94.0,0,0,0,1,0,1,1,0,0,1,0,1
PROP207878,24.0,New,3469.0,E,96.0,91.0,0,1,0,1,0,0,0,1,1,0,0,0
PROP207879,17.0,Good,2123.0,C,73.0,46.0,0,0,0,1,0,0,0,0,0,1,0,0
PROP207880,35.0,Old,2469.0,B,,72.0,1,1,0,0,0,0,0,0,0,0,0,0
PROP207881,6.0,Good,2401.0,D,41.0,58.0,0,1,0,0,0,0,0,0,0,0,1,0
PROP207882,1.0,Old,2335.0,A,56.0,86.0,1,0,0,0,0,1,1,0,1,0,0,0
PROP207883,35.0,New,1919.0,A,67.0,52.0,0,0,1,0,0,0,0,0,0,1,0,0
PROP207884,1.0,Needs Renovation,1678.0,B,42.0,44.0,0,0,0,0,0,0,0,1,0,1,1,0
PROP207885,14.0,Needs Renovation,4328.0,F,97.0,50.0,0,1,0,0,0,0,0,0,1,1,1,1
PROP207886,33.0,New,1488.0,A,40.0,90.0,0,0,0,1,0,0,1,0,0,0,0,0
PROP207887,10.0,Good,2480.0,F,,91.0,0,0,0,0,0,1,0,0,0,0,1,1
PROP207888,37.0,New,2554.0,C,60.0,68.0,1,0,1,0,0,0,0,1,0,0,0,0
PROP207889,8.0,Old,2480.0,B,41.0,58.0,1,0,0,0,0,0,0,1,0,1,0,1
PROP207890,37.0,New,2414.0,E,,99.0,0,0,0,0,1,0,0,1,0,1,1,1
PROP207891,20.0,New,2749.0,D,65.0,55.0,0,0,1,1,1,1,1,0,0,0,0,0
PROP207892,7.0,Old,2480.0,D,89.0,55.0,0,0,0,0,0,0,1,0,1,0,0,0
PROP207893,10.0,New,2503.0,F,63.0,81.0,1,1,0,0,0,0,0,0,0,0,1,0
PROP207894,30.0,Needs Renovation,3828.0,F,66.0,74.0,0,0,0,1,0,0,0,0,1,0,0,0
PROP207895,,Needs Renovation,1547.0,F,74.0,60.0,0,0,0,0,0,0,0,0,0,1,0,1
PROP207896,0.0,Old,2349.0,B,59.0,78.0,0,0,1,0,0,0,0,1,0,1,0,0
PROP207897,2.0,New,2480.0,C,,62.0,0,1,1,0,0,0,0,0,1,1,0,0
PROP207898,26.0,Needs Renovation,2648.0,E,63.0,73.0,0,0,0,0,0,0,0,0,0,1,0,1
PROP207899,14.0,Needs Renovation,1647.0,B,,48.0,0,0,1,1,0,0,0,0,0,0,0,0
PROP207900,39.0,New,3544.0,B,99.0,40.0,1,1,0,0,0,0,0,1,1,0,0,0
PROP207901,22.0,Old,2214.0,F,47.0,64.0,0,0,0,1,0,0,0,1,0,0,0,0
PROP207902,20.0,Needs Renovation,5016.0,A,51.0,,0,0,0,0,1,0,0,0,0,1,1,1
PROP207903,30.0,Needs Renovation,1181.0,E,96.0,32.0,0,1,0,0,1,0,0,0,0,0,1,0
PROP207904,22.0,Good,393.0,A,48.0,56.0,0,0,1,1,0,0,1,0,1,0,0,0
PROP207905,26.0,Old,2534.0,B,85.0,77.0,0,1,0,0,0,0,0,1,0,1,0,0
PROP207906,39.0,Good,2171.0,F,90.0,34.0,0,0,1,0,0,0,0,1,0,0,0,0
PROP207907,,New,4553.0,C,90.0,72.0,0,1,0,0,0,1,0,0,0,0,0,1
PROP207908,21.0,Good,779.0,E,46.0,33.0,1,0,0,0,1,0,0,0,0,0,0,0
PROP207909,35.0,Old,2177.0,B,92.0,57.0,0,0,0,0,0,0,1,0,1,0,0,0
PROP207910,20.0,New,3093.0,F,58.0,44.0,0,0,0,0,0,0,0,0,0,0,1,1
PROP207911,24.0,New,2477.0,D,85.0,68.0,0,1,1,0,0,1,1,0,0,0,0,1
PROP207912,,New,4010.0,B,,85.0,0,0,1,0,0,0,0,0,0,1,0,0
PROP207913,37.0,New,2817.0,A,89.0,30.0,1,0,0,1,1,0,0,1,0,0,0,0
PROP207914,25.0,Old,2480.0,C,48.0,61.0,1,1,1,0,0,0,1,0,0,0,0,0
PROP207915,23.0,Needs Renovation,3429.0,F,90.0,34.0,0,1,0,0,0,0,1,1,1,0,0,0
PROP207916,,Good,2480.0,A,88.0,61.0,0,0,0,0,0,1,1,0,1,1,0,1
PROP207917,5.0,New,2990.0,B,61.0,89.0,1,0,1,0,1,1,0,0,0,0,1,0
PROP207918,23.0,New,2595.0,B,,44.0,1,0,0,0,0,1,1,0,0,0,0,1
PROP207919,,Old,1086.0,E,95.0,,0,0,0,0,1,1,0,1,0,1,0,1
PROP207920,34.0,Good,3892.0,D,54.0,,0,0,1,1,0,1,1,0,0,0,0,0
PROP207921,29.0,Needs Renovation,2480.0,D,45.0,89.0,0,1,0,1,0,1,0,0,0,1,0,0
PROP207922,27.0,New,4173.0,C,,,0,0,1,1,0,0,0,0,1,0,0,1
PROP207923,37.0,Good,3255.0,C,87.0,54.0,1,1,0,0,0,0,0,0,0,0,1,0
PROP207924,21.0,New,1570.0,A,77.0,48.0,0,1,0,0,0,0,0,0,1,1,1,1
PROP207925,30.0,Good,1563.0,E,69.0,47.0,0,1,0,0,0,0,0,0,0,0,0,1
PROP207926,21.0,Old,2644.0,B,77.0,80.0,0,0,0,1,0,0,0,0,1,1,0,0
PROP207927,34.0,Old,3671.0,A,64.0,32.0,0,1,0,1,0,1,0,1,0,0,0,1
PROP207928,10.0,Needs Renovation,1778.0,E,48.0,37.0,0,1,0,0,0,1,0,0,0,0,0,0
PROP207929,9.0,New,1900.0,B,84.0,94.0,0,1,0,0,0,0,0,0,1,0,0,0
PROP207930,34.0,New,4009.0,C,82.0,46.0,0,0,1,1,0,0,0,0,1,0,0,1
PROP207931,9.0,Old,1266.0,D,59.0,88.0,0,1,0,0,0,0,0,1,0,0,1,0
PROP207932,39.0,Old,2691.0,A,57.0,97.0,1,1,0,0,0,1,0,0,0,1,1,0
PROP207933,14.0,Old,1302.0,E,54.0,98.0,0,1,0,1,0,0,0,0,0,0,0,1
PROP207934,20.0,New,2768.0,F,75.0,45.0,0,0,0,0,0,0,1,0,0,0,1,0
PROP207935,22.0,New,3498.0,E,86.0,83.0,1,0,0,0,0,0,0,0,0,0,0,1
PROP207936,12.0,Old,1727.0,D,42.0,95.0,0,1,0,0,0,1,1,0,0,1,0,0
PROP207937,0.0,Good,3512.0,F,71.0,64.0,1,1,0,0,1,0,0,1,0,0,0,1
PROP207938,22.0,Old,3150.0,E,95.0,56.0,0,0,0,1,0,0,0,0,1,0,1,0
PROP207939,16.0,Good,1705.0,B,91.0,78.0,0,0,0,1,0,0,0,0,0,0,0,1
PROP207940,37.0,Old,2271.0,D,77.0,59.0,1,0,0,1,0,0,0,0,0,0,0,0
PROP207941,3.0,New,2013.0,E,45.0,96.0,0,0,0,0,0,1,0,1,0,1,0,0
PROP207942,29.0,Old,2972.0,E,91.0,95.0,0,0,1,0,1,0,0,0,1,0,1,1
PROP207943,,Good,4706.0,F,61.0,57.0,0,0,0,0,1,1,1,0,0,0,0,1
PROP207944,19.0,Old,1553.0,C,99.0,,0,0,0,0,1,0,0,1,0,0,1,0
PROP207945,,Old,2101.0,B,,56.0,0,0,0,0,1,0,0,0,0,0,0,1
PROP207946,37.0,Needs Renovation,1872.0,B,69.0,,1,0,1,0,0,0,0,0,1,1,0,0
PROP207947,36.0,Needs Renovation,1067.0,C,99.0,57.0,1,0,0,0,0,0,1,0,0,0,1,1
PROP207948,10.0,Good,3926.0,E,45.0,38.0,0,0,1,0,1,0,0,0,1,0,1,0
PROP207949,18.0,Needs Renovation,1531.0,B,53.0,45.0,0,1,0,0,1,0,1,1,0,0,0,0
PROP207950,22.0,New,2406.0,F,46.0,61.0,1,0,0,1,0,0,0,1,0,0,1,0
PROP207951,4.0,Old,2895.0,A,67.0,30.0,0,0,0,0,0,1,0,1,0,0,0,1
PROP207952,10.0,Good,2534.0,E,60.0,62.0,0,0,0,0,1,1,0,1,0,1,1,0
PROP207953,34.0,Needs Renovation,2609.0,B,42.0,43.0,0,0,0,0,0,1,0,0,0,1,0,0
PROP207954,39.0,Old,2449.0,F,90.0,43.0,1,0,0,0,0,0,1,0,0,1,0,0
PROP207955,7.0,Needs Renovation,5011.0,B,65.0,80.0,0,0,0,1,0,0,1,0,0,0,0,0
PROP207956,35.0,Old,2769.0,A,50.0,79.0,0,0,0,0,1,1,0,0,0,0,0,0
PROP207957,9.0,New,2186.0,D,41.0,82.0,0,1,0,1,0,0,0,0,1,0,0,0
PROP207958,9.0,New,2347.0,A,77.0,41.0,1,0,0,0,0,0,0,0,0,0,0,1
PROP207959,15.0,New,1510.0,A,57.0,,0,0,1,0,0,0,0,0,0,1,0,0
PROP207960,31.0,Needs Renovation,0.0,C,64.0,39.0,0,0,0,0,1,1,0,1,0,0,0,0
PROP207961,0.0,New,3694.0,F,70.0,85.0,1,0,0,0,0,0,0,0,1,0,0,0
PROP207962,14.0,Old,3974.0,A,69.0,62.0,0,0,0,1,0,0,1,0,0,1,0,0
PROP207963,12.0,Needs Renovation,4895.0,A,84.0,,1,0,0,0,0,0,0,1,0,0,1,0
PROP207964,38.0,Old,2300.0,A,76.0,55.0,0,0,0,1,0,1,0,0,1,0,1,1
PROP207965,27.0,Needs Renovation,1957.0,E,54.0,44.0,1,0,0,1,0,0,0,0,0,1,0,1
PROP207966,1.0,Needs Renovation,1025.0,A,80.0,75.0,0,0,0,0,0,1,0,0,1,0,1,1
PROP207967,38.0,Needs Renovation,1863.0,B,80.0,91.0,0,0,0,1,0,0,0,0,1,1,0,0
PROP207968,11.0,New,2108.0,C,99.0,41.0,0,0,0,1,1,0,1,0,1,1,0,0
PROP207969,18.0,New,3648.0,F,92.0,97.0,0,1,0,0,0,0,0,0,1,0,0,0
PROP207970,32.0,Good,4538.0,D,54.0,37.0,1,0,0,0,0,0,0,0,1,0,0,0
PROP207971,26.0,Needs Renovation,2480.0,C,76.0,90.0,1,0,0,0,0,0,1,0,0,0,0,0
PROP207972,21.0,Good,1412.0,B,76.0,67.0,0,0,1,1,0,1,0,1,0,0,0,1
PROP207973,21.0,New,3118.0,F,79.0,38.0,0,1,0,0,0,0,1,0,1,0,0,0
PROP207974,13.0,Needs Renovation,2480.0,A,51.0,81.0,0,0,0,0,0,0,0,0,1,0,1,0
PROP207975,8.0,New,1614.0,B,58.0,63.0,0,0,0,0,0,1,0,0,0,0,0,1
PROP207976,14.0,New,2386.0,B,99.0,52.0,1,0,0,1,1,1,0,0,0,1,0,0
PROP207977,34.0,Old,2338.0,A,76.0,35.0,1,0,0,0,1,1,0,0,1,0,1,0
PROP207978,37.0,New,4021.0,E,90.0,98.0,1,0,0,0,1,0,0,0,1,1,0,0
PROP207979,29.0,Good,3821.0,E,50.0,95.0,0,0,0,0,1,0,0,0,0,0,0,1
PROP207980,10.0,Old,3483.0,C,86.0,85.0,0,0,0,1,0,0,1,0,0,0,1,0
PROP207981,8.0,Old,2137.0,B,50.0,92.0,0,1,1,1,0,0,0,0,0,0,0,0
PROP207982,20.0,Needs Renovation,2480.0,C,55.0,75.0,0,0,0,1,0,1,0,0,0,0,0,0
PROP207983,27.0,New,3175.0,A,62.0,68.0,1,0,1,0,0,1,0,0,1,1,0,0
PROP207984,22.0,Old,3302.0,B,85.0,97.0,0,1,1,0,0,0,0,1,0,1,1,0
PROP207985,9.0,Good,989.0,C,43.0,67.0,1,0,1,0,0,0,0,0,0,0,0,0
PROP207986,33.0,Needs Renovation,1739.0,C,74.0,82.0,1,0,0,1,0,1,0,0,0,0,1,1
PROP207987,12.0,Good,2480.0,E,52.0,40.0,0,0,1,0,0,0,0,1,1,1,0,0
PROP207988,6.0,Good,3837.0,A,73.0,73.0,0,0,0,0,1,0,1,0,1,1,0,0
PROP207989,24.0,Good,2480.0,A,80.0,96.0,0,0,0,1,0,0,0,1,1,0,0,0
PROP207990,32.0,Needs Renovation,2369.0,E,44.0,57.0,0,0,1,1,0,0,1,0,0,0,1,0
PROP207991,27.0,Needs Renovation,1818.0,C,82.0,56.0,0,1,1,0,0,0,0,0,0,0,0,0
PROP207992,25.0,Needs Renovation,2398.0,D,77.0,99.0,0,1,0,1,1,0,0,0,0,0,0,0
PROP207993,22.0,New,1497.0,F,99.0,85.0,1,0,0,0,0,1,0,0,0,0,0,0
PROP207994,34.0,Good,2146.0,D,97.0,85.0,0,1,0,0,0,0,0,1,0,0,0,0
PROP207995,23.0,Old,3877.0,C,63.0,46.0,0,0,1,0,0,0,0,1,0,0,1,0
PROP207996,39.0,Needs Renovation,2956.0,C,,31.0,1,0,0,0,0,1,0,1,0,0,1,1
PROP207997,21.0,New,3108.0,C,65.0,,0,0,1,1,0,0,0,1,1,0,0,0
PROP207998,28.0,Good,964.0,B,45.0,32.0,1,0,1,0,1,0,0,0,0,0,0,0
PROP207999,37.0,New,459.0,B,56.0,79.0,0,0,1,0,1,0,0,1,1,1,0,0
